Date,Open,High,Low,Close,Adj Close,Volume,Dividends,Stock Splits
2016-10-03 00:00:00-04:00,1.7130000591278076,1.7377500534057617,1.7082500457763672,1.7112499475479126,1.679273009300232,242596000,0.0,0.0
2016-10-04 00:00:00-04:00,1.7137500047683716,1.7424999475479126,1.6947499513626099,1.7074999809265137,1.6755932569503784,281624000,0.0,0.0
2016-10-05 00:00:00-04:00,1.722000002861023,1.7395000457763672,1.7005000114440918,1.7057499885559082,1.6738758087158203,305440000,0.0,0.0
2016-10-06 00:00:00-04:00,1.6852500438690186,1.6957499980926514,1.656499981880188,1.683500051498413,1.6520419120788574,360212000,0.0,0.0
2016-10-07 00:00:00-04:00,1.6947499513626099,1.6992499828338623,1.6664999723434448,1.6712499856948853,1.6400208473205566,286260000,0.0,0.0
2016-10-10 00:00:00-04:00,1.6799999475479126,1.6890000104904175,1.6617499589920044,1.6775000095367432,1.6461538076400757,287876000,0.0,0.0
2016-10-11 00:00:00-04:00,1.6720000505447388,1.6744999885559082,1.6404999494552612,1.653249979019165,1.6223572492599487,388540000,0.0,0.0
2016-10-12 00:00:00-04:00,1.6464999914169312,1.6694999933242798,1.6327500343322754,1.6607500314712524,1.6297169923782349,419920000,0.0,0.0
2016-10-13 00:00:00-04:00,1.6412500143051147,1.6449999809265137,1.5924999713897705,1.6337499618530273,1.60322105884552,390116000,0.0,0.0
2016-10-14 00:00:00-04:00,1.653749942779541,1.6649999618530273,1.6399999856948853,1.649749994277954,1.6189223527908325,330636000,0.0,0.0
2016-10-17 00:00:00-04:00,1.6495000123977661,1.6649999618530273,1.6380000114440918,1.6402499675750732,1.6095998287200928,195328000,0.0,0.0
2016-10-18 00:00:00-04:00,1.6629999876022339,1.6747499704360962,1.65625,1.6652499437332153,1.6341325044631958,269372000,0.0,0.0
2016-10-19 00:00:00-04:00,1.6540000438690186,1.6694999933242798,1.6454999446868896,1.6617499589920044,1.630698323249817,199060000,0.0,0.0
2016-10-20 00:00:00-04:00,1.681249976158142,1.6987500190734863,1.6575000286102295,1.6932499408721924,1.661609172821045,312084000,0.0,0.0
2016-10-21 00:00:00-04:00,1.687250018119812,1.691499948501587,1.6725000143051147,1.6885000467300415,1.6569483280181885,279508000,0.0,0.0
2016-10-24 00:00:00-04:00,1.7000000476837158,1.7697499990463257,1.6997499465942383,1.7677500247955322,1.7347177267074585,339836000,0.0,0.0
2016-10-25 00:00:00-04:00,1.7647500038146973,1.8075000047683716,1.756250023841858,1.7967499494552612,1.7631754875183105,397460000,0.0,0.0
2016-10-26 00:00:00-04:00,1.781749963760376,1.8237500190734863,1.7799999713897705,1.8040000200271606,1.7702898979187012,333792000,0.0,0.0
2016-10-27 00:00:00-04:00,1.8177499771118164,1.8212499618530273,1.7597500085830688,1.7669999599456787,1.7339816093444824,388664000,0.0,0.0
2016-10-28 00:00:00-04:00,1.7755000591278076,1.8025000095367432,1.7607500553131104,1.7640000581741333,1.7310374975204468,290856000,0.0,0.0
2016-10-31 00:00:00-04:00,1.7697499990463257,1.7907500267028809,1.7687499523162842,1.7790000438690186,1.7457573413848877,252388000,0.0,0.0
2016-11-01 00:00:00-04:00,1.7855000495910645,1.7952500581741333,1.7072499990463257,1.7262500524520874,1.6939928531646729,473224000,0.0,0.0
2016-11-02 00:00:00-04:00,1.7395000457763672,1.7630000114440918,1.715999960899353,1.718999981880188,1.6868783235549927,295848000,0.0,0.0
2016-11-03 00:00:00-04:00,1.7269999980926514,1.7285000085830688,1.6660000085830688,1.6990000009536743,1.6672523021697998,309664000,0.0,0.0
2016-11-04 00:00:00-04:00,1.687749981880188,1.718250036239624,1.6644999980926514,1.6892499923706055,1.6576846837997437,328780000,0.0,0.0
2016-11-07 00:00:00-05:00,1.7387499809265137,1.7929999828338623,1.7374999523162842,1.781749963760376,1.7484560012817383,487580000,0.0,0.0
2016-11-08 00:00:00-05:00,1.7884999513626099,1.7942500114440918,1.7625000476837158,1.7790000438690186,1.7457573413848877,429884000,0.0,0.0
2016-11-09 00:00:00-05:00,1.7307499647140503,1.7725000381469727,1.718000054359436,1.7489999532699585,1.716318130493164,456532000,0.0,0.0
2016-11-10 00:00:00-05:00,1.78725004196167,1.787500023841858,1.6690000295639038,1.6942499876022339,1.6625909805297852,869280000,0.0,0.0
2016-11-11 00:00:00-05:00,1.9877500534057617,2.219249963760376,1.962499976158142,2.1992499828338623,2.158154010772705,2175344000,0.0,0.0
2016-11-14 00:00:00-05:00,2.2022500038146973,2.2047500610351562,2.0905001163482666,2.0910000801086426,2.051926612854004,1348796000,0.0,0.0
2016-11-15 00:00:00-05:00,2.1072499752044678,2.1862499713897705,2.098249912261963,2.154750108718872,2.1144859790802,626092000,0.0,0.0
2016-11-16 00:00:00-05:00,2.183500051498413,2.313999891281128,2.158750057220459,2.290750026702881,2.247943878173828,987984000,0.0,0.0
2016-11-17 00:00:00-05:00,2.3077499866485596,2.3697500228881836,2.266249895095825,2.3097500801086426,2.2665886878967285,832988000,0.0,0.0
2016-11-18 00:00:00-05:00,2.3097500801086426,2.3582499027252197,2.2950000762939453,2.3340001106262207,2.290386199951172,576060000,0.0,0.0
2016-11-21 00:00:00-05:00,2.352250099182129,2.358750104904175,2.309999942779541,2.32450008392334,2.2810633182525635,436436000,0.0,0.0
2016-11-22 00:00:00-05:00,2.3324999809265137,2.3434998989105225,2.309499979019165,2.341249942779541,2.2975010871887207,330368000,0.0,0.0
2016-11-23 00:00:00-05:00,2.3429999351501465,2.3812499046325684,2.3192501068115234,2.349250078201294,2.308803081512451,443236000,0.0035,0.0
2016-11-25 00:00:00-05:00,2.3605000972747803,2.377500057220459,2.335249900817871,2.3540000915527344,2.313471794128418,195564000,0.0,0.0
2016-11-28 00:00:00-05:00,2.346750020980835,2.368499994277954,2.3399999141693115,2.352750062942505,2.3122425079345703,278736000,0.0,0.0
2016-11-29 00:00:00-05:00,2.3499999046325684,2.3610000610351562,2.3132500648498535,2.331249952316284,2.2911126613616943,444568000,0.0,0.0
2016-11-30 00:00:00-05:00,2.3399999141693115,2.3540000915527344,2.302500009536743,2.305000066757202,2.2653145790100098,440500000,0.0,0.0
2016-12-01 00:00:00-05:00,2.302500009536743,2.3042500019073486,2.1192500591278076,2.190999984741211,2.1532773971557617,1035524000,0.0,0.0
2016-12-02 00:00:00-05:00,2.15625,2.2200000286102295,2.128000020980835,2.211250066757202,2.1731786727905273,478292000,0.0,0.0
2016-12-05 00:00:00-05:00,2.2497498989105225,2.3152499198913574,2.2249999046325684,2.296999931335449,2.2574522495269775,602284000,0.0,0.0
2016-12-06 00:00:00-05:00,2.3052499294281006,2.343250036239624,2.289249897003174,2.334749937057495,2.294552803039551,498796000,0.0,0.0
2016-12-07 00:00:00-05:00,2.321000099182129,2.382499933242798,2.302500009536743,2.3767499923706055,2.335829973220825,480804000,0.0,0.0
2016-12-08 00:00:00-05:00,2.3797500133514404,2.4154999256134033,2.3262500762939453,2.3369998931884766,2.2967641353607178,381544000,0.0,0.0
2016-12-09 00:00:00-05:00,2.3550000190734863,2.356750011444092,2.2677500247955322,2.2955000400543213,2.2559783458709717,382312000,0.0,0.0
2016-12-12 00:00:00-05:00,2.2462499141693115,2.2487499713897705,2.188499927520752,2.2397499084472656,2.201188802719116,601332000,0.0,0.0
2016-12-13 00:00:00-05:00,2.2522499561309814,2.3072500228881836,2.2512500286102295,2.279249906539917,2.2400083541870117,387796000,0.0,0.0
2016-12-14 00:00:00-05:00,2.313499927520752,2.4277501106262207,2.289249897003174,2.411250114440918,2.3697357177734375,983980000,0.0,0.0
2016-12-15 00:00:00-05:00,2.422499895095825,2.498500108718872,2.4149999618530273,2.467750072479248,2.4252638816833496,746548000,0.0,0.0
2016-12-16 00:00:00-05:00,2.4957499504089355,2.5174999237060547,2.4432499408721924,2.5102500915527344,2.467031717300415,1089528000,0.0,0.0
2016-12-19 00:00:00-05:00,2.492500066757202,2.5612499713897705,2.4749999046325684,2.540750026702881,2.4970059394836426,744656000,0.0,0.0
2016-12-20 00:00:00-05:00,2.614500045776367,2.653249979019165,2.6029999256134033,2.6292500495910645,2.5839827060699463,848056000,0.0,0.0
2016-12-21 00:00:00-05:00,2.6410000324249268,2.648750066757202,2.592750072479248,2.645750045776367,2.6001975536346436,576136000,0.0,0.0
2016-12-22 00:00:00-05:00,2.6705000400543213,2.721750020980835,2.663249969482422,2.6777501106262207,2.6316471099853516,718612000,0.0,0.0
2016-12-23 00:00:00-05:00,2.6594998836517334,2.746000051498413,2.656749963760376,2.744499921798706,2.6972482204437256,647692000,0.0,0.0
2016-12-27 00:00:00-05:00,2.801500082015991,2.934000015258789,2.7804999351501465,2.933000087738037,2.882502317428589,1194272000,0.0,0.0
2016-12-28 00:00:00-05:00,2.990000009536743,2.9982500076293945,2.717250108718872,2.731250047683716,2.68422532081604,2295764000,0.0,0.0
2016-12-29 00:00:00-05:00,2.622499942779541,2.78725004196167,2.569999933242798,2.785749912261963,2.7377877235412598,2175368000,0.0,0.0
2016-12-30 00:00:00-05:00,2.783750057220459,2.7980000972747803,2.6575000286102295,2.6684999465942383,2.622556686401367,1212932000,0.0,0.0
2017-01-03 00:00:00-05:00,2.609999895095825,2.659250020980835,2.484499931335449,2.5502500534057617,2.5063421726226807,1501996000,0.0,0.0
2017-01-04 00:00:00-05:00,2.5850000381469727,2.637500047683716,2.538249969482422,2.6097500324249268,2.564816951751709,1199220000,0.0,0.0
2017-01-05 00:00:00-05:00,2.6132500171661377,2.6454999446868896,2.526249885559082,2.5434999465942383,2.499708414077759,984296000,0.0,0.0
2017-01-06 00:00:00-05:00,2.5712499618530273,2.606250047683716,2.5299999713897705,2.577500104904175,2.53312349319458,822856000,0.0,0.0
2017-01-09 00:00:00-05:00,2.5875000953674316,2.700000047683716,2.5875000953674316,2.681999921798706,2.635823965072632,916248000,0.0,0.0
2017-01-10 00:00:00-05:00,2.6952500343322754,2.729749917984009,2.640749931335449,2.661750078201294,2.615922689437866,880920000,0.0,0.0
2017-01-11 00:00:00-05:00,2.6500000953674316,2.6549999713897705,2.603749990463257,2.628999948501587,2.5837364196777344,525664000,0.0,0.0
2017-01-12 00:00:00-05:00,2.60575008392334,2.617500066757202,2.5404999256134033,2.5859999656677246,2.5414769649505615,625616000,0.0,0.0
2017-01-13 00:00:00-05:00,2.5899999141693115,2.625,2.5764999389648438,2.585750102996826,2.541231632232666,457820000,0.0,0.0
2017-01-17 00:00:00-05:00,2.575000047683716,2.5799999237060547,2.5142500400543213,2.527750015258789,2.484229803085327,580612000,0.0,0.0
2017-01-18 00:00:00-05:00,2.50600004196167,2.580749988555908,2.477750062942505,2.5737500190734863,2.52943754196167,654424000,0.0,0.0
2017-01-19 00:00:00-05:00,2.5767500400543213,2.6614999771118164,2.57450008392334,2.628999948501587,2.5837364196777344,644872000,0.0,0.0
2017-01-20 00:00:00-05:00,2.6519999504089355,2.6700000762939453,2.578000068664551,2.600250005722046,2.5554819107055664,492024000,0.0,0.0
2017-01-23 00:00:00-05:00,2.5950000286102295,2.6475000381469727,2.5924999713897705,2.6272499561309814,2.582016944885254,369904000,0.0,0.0
2017-01-24 00:00:00-05:00,2.637500047683716,2.689500093460083,2.622499942779541,2.6832499504089355,2.637052297592163,428052000,0.0,0.0
2017-01-25 00:00:00-05:00,2.726249933242798,2.7325000762939453,2.658250093460083,2.6947500705718994,2.6483547687530518,522760000,0.0,0.0
2017-01-26 00:00:00-05:00,2.697499990463257,2.7487499713897705,2.6675000190734863,2.7412500381469727,2.694054365158081,458800000,0.0,0.0
2017-01-27 00:00:00-05:00,2.7482500076293945,2.7972500324249268,2.721250057220459,2.794250011444092,2.7461416721343994,471996000,0.0,0.0
2017-01-30 00:00:00-05:00,2.7730000019073486,2.77524995803833,2.6977500915527344,2.750499963760376,2.7031447887420654,496004000,0.0,0.0
2017-01-31 00:00:00-05:00,2.723750114440918,2.7512500286102295,2.7049999237060547,2.7295000553131104,2.682506561279297,362756000,0.0,0.0
2017-02-01 00:00:00-05:00,2.7644999027252197,2.8529999256134033,2.746500015258789,2.848750114440918,2.799703598022461,590004000,0.0,0.0
2017-02-02 00:00:00-05:00,2.8324999809265137,2.8935000896453857,2.801500082015991,2.8847498893737793,2.835082769393921,483240000,0.0,0.0
2017-02-03 00:00:00-05:00,2.8862500190734863,2.8975000381469727,2.8475000858306885,2.859499931335449,2.810267686843872,372744000,0.0,0.0
2017-02-06 00:00:00-05:00,2.8499999046325684,2.9332499504089355,2.8499999046325684,2.9327499866485596,2.8822567462921143,506768000,0.0,0.0
2017-02-07 00:00:00-05:00,2.9674999713897705,3.0230000019073486,2.947499990463257,2.978250026702881,2.926974296569824,746224000,0.0,0.0
2017-02-08 00:00:00-05:00,2.9600000381469727,2.9827499389648438,2.9094998836517334,2.965250015258789,2.9141976833343506,449580000,0.0,0.0
2017-02-09 00:00:00-05:00,2.9714999198913574,2.9765000343322754,2.890000104904175,2.9094998836517334,2.859407901763916,842568000,0.0,0.0
2017-02-10 00:00:00-05:00,2.9982500076293945,3.0174999237060547,2.815000057220459,2.8405001163482666,2.791595458984375,1651092000,0.0,0.0
2017-02-13 00:00:00-05:00,2.834749937057495,2.8494999408721924,2.7049999237060547,2.7095000743865967,2.6628506183624268,1180724000,0.0,0.0
2017-02-14 00:00:00-05:00,2.6997499465942383,2.7537500858306885,2.657249927520752,2.7195000648498535,2.672678232192993,850632000,0.0,0.0
2017-02-15 00:00:00-05:00,2.7225000858306885,2.744999885559082,2.694000005722046,2.7249999046325684,2.678084135055542,373020000,0.0,0.0
2017-02-16 00:00:00-05:00,2.7347500324249268,2.7360000610351562,2.6414999961853027,2.6812500953674316,2.635087013244629,647176000,0.0,0.0
2017-02-17 00:00:00-05:00,2.6675000190734863,2.6852500438690186,2.6197500228881836,2.6807498931884766,2.6345956325531006,563740000,0.0,0.0
2017-02-21 00:00:00-05:00,2.705749988555908,2.780750036239624,2.7054998874664307,2.776750087738037,2.7289421558380127,551952000,0.0,0.0
2017-02-22 00:00:00-05:00,2.7855000495910645,2.7950000762939453,2.7497498989105225,2.7690000534057617,2.7247602939605713,433772000,0.0035,0.0
2017-02-23 00:00:00-05:00,2.637500047683716,2.659749984741211,2.492000102996826,2.5122499465942383,2.4721128940582275,1592888000,0.0,0.0
2017-02-24 00:00:00-05:00,2.4267499446868896,2.549999952316284,2.3924999237060547,2.5364999771118164,2.4959757328033447,1029904000,0.0,0.0
2017-02-27 00:00:00-05:00,2.555000066757202,2.625499963760376,2.5390000343322754,2.6102499961853027,2.568547487258911,715400000,0.0,0.0
2017-02-28 00:00:00-05:00,2.619999885559082,2.630000114440918,2.5195000171661377,2.5369999408721924,2.4964661598205566,625360000,0.0,0.0
2017-03-01 00:00:00-05:00,2.594749927520752,2.609250068664551,2.527750015258789,2.5697500705718994,2.5286941528320312,504804000,0.0,0.0
2017-03-02 00:00:00-05:00,2.5567500591278076,2.571000099182129,2.472249984741211,2.4749999046325684,2.435457706451416,754332000,0.0,0.0
2017-03-03 00:00:00-05:00,2.464250087738037,2.469249963760376,2.4054999351501465,2.460750102996826,2.421435594558716,864692000,0.0,0.0
2017-03-06 00:00:00-05:00,2.4240000247955322,2.452500104904175,2.3792500495910645,2.4417500495910645,2.4027392864227295,883568000,0.0,0.0
2017-03-07 00:00:00-05:00,2.4417500495910645,2.4882500171661377,2.4287500381469727,2.4684998989105225,2.4290614128112793,603400000,0.0,0.0
2017-03-08 00:00:00-05:00,2.5174999237060547,2.5325000286102295,2.461750030517578,2.4639999866485596,2.424633502960205,638712000,0.0,0.0
2017-03-09 00:00:00-05:00,2.4477500915527344,2.4862499237060547,2.434999942779541,2.4635000228881836,2.424142360687256,478060000,0.0,0.0
2017-03-10 00:00:00-05:00,2.4902501106262207,2.5022499561309814,2.4595000743865967,2.4779999256134033,2.4384095668792725,499740000,0.0,0.0
2017-03-13 00:00:00-04:00,2.4885001182556152,2.5562500953674316,2.4877500534057617,2.546250104904175,2.5055694580078125,774136000,0.0,0.0
2017-03-14 00:00:00-04:00,2.5592501163482666,2.5687499046325684,2.5117499828338623,2.5445001125335693,2.503847360610962,522016000,0.0,0.0
2017-03-15 00:00:00-04:00,2.5562500953674316,2.5747499465942383,2.507999897003174,2.5637500286102295,2.5227904319763184,615036000,0.0,0.0
2017-03-16 00:00:00-04:00,2.57450008392334,2.595750093460083,2.5602500438690186,2.595249891281128,2.553785800933838,523100000,0.0,0.0
2017-03-17 00:00:00-04:00,2.61299991607666,2.6530001163482666,2.595249891281128,2.651750087738037,2.6093833446502686,1119688000,0.0,0.0
2017-03-20 00:00:00-04:00,2.6695001125335693,2.7402501106262207,2.653249979019165,2.7362499237060547,2.692533254623413,748568000,0.0,0.0
2017-03-21 00:00:00-04:00,2.71875,2.749000072479248,2.6397500038146973,2.647749900817871,2.6054470539093018,913484000,0.0,0.0
2017-03-22 00:00:00-04:00,2.6364998817443848,2.7065000534057617,2.632499933242798,2.7017500400543213,2.658585786819458,616764000,0.0,0.0
2017-03-23 00:00:00-04:00,2.6937499046325684,2.7139999866485596,2.6675000190734863,2.6772499084472656,2.6344759464263916,533940000,0.0,0.0
2017-03-24 00:00:00-04:00,2.724250078201294,2.7322499752044678,2.6605000495910645,2.6867499351501465,2.643824577331543,439500000,0.0,0.0
2017-03-27 00:00:00-04:00,2.6394999027252197,2.710249900817871,2.5894999504089355,2.706249952316284,2.6630125045776367,506644000,0.0,0.0
2017-03-28 00:00:00-04:00,2.7074999809265137,2.722249984741211,2.6817500591278076,2.6922500133514404,2.6492366790771484,432444000,0.0,0.0
2017-03-29 00:00:00-04:00,2.6997499465942383,2.712249994277954,2.6812500953674316,2.683500051498413,2.6406264305114746,349992000,0.0,0.0
2017-03-30 00:00:00-04:00,2.6907498836517334,2.75,2.684999942779541,2.734999895095825,2.6913039684295654,525532000,0.0,0.0
2017-03-31 00:00:00-04:00,2.725250005722046,2.7472500801086426,2.7100000381469727,2.723249912261963,2.679741859436035,440808000,0.0,0.0
2017-04-03 00:00:00-04:00,2.723750114440918,2.7412500381469727,2.685499906539917,2.7095000743865967,2.6662111282348633,445232000,0.0,0.0
2017-04-04 00:00:00-04:00,2.5850000381469727,2.6105000972747803,2.508500099182129,2.5195000171661377,2.4792468547821045,1271280000,0.0,0.0
2017-04-05 00:00:00-04:00,2.500499963760376,2.5592501163482666,2.487499952316284,2.5007500648498535,2.4607958793640137,747048000,0.0,0.0
2017-04-06 00:00:00-04:00,2.50600004196167,2.53125,2.460249900817871,2.5190000534057617,2.478754997253418,635120000,0.0,0.0
2017-04-07 00:00:00-04:00,2.5255000591278076,2.54325008392334,2.493000030517578,2.5082499980926514,2.4681766033172607,429068000,0.0,0.0
2017-04-10 00:00:00-04:00,2.509000062942505,2.515749931335449,2.440000057220459,2.4442501068115234,2.405198812484741,756332000,0.0,0.0
2017-04-11 00:00:00-04:00,2.413749933242798,2.4725000858306885,2.408750057220459,2.453000068664551,2.413808822631836,618148000,0.0,0.0
2017-04-12 00:00:00-04:00,2.453000068664551,2.4674999713897705,2.427500009536743,2.4327499866485596,2.3938822746276855,414092000,0.0,0.0
2017-04-13 00:00:00-04:00,2.408250093460083,2.4302499294281006,2.3872499465942383,2.3872499465942383,2.3491106033325195,506892000,0.0,0.0
2017-04-17 00:00:00-04:00,2.40024995803833,2.4809999465942383,2.3949999809265137,2.48075008392334,2.4411160945892334,497292000,0.0,0.0
2017-04-18 00:00:00-04:00,2.466249942779541,2.4885001182556152,2.440000057220459,2.4822499752044678,2.442592144012451,370116000,0.0,0.0
2017-04-19 00:00:00-04:00,2.5,2.5244998931884766,2.4852499961853027,2.492000102996826,2.45218563079834,380828000,0.0,0.0
2017-04-20 00:00:00-04:00,2.5067501068115234,2.536250114440918,2.4852499961853027,2.5315001010894775,2.491055488586426,404016000,0.0,0.0
2017-04-21 00:00:00-04:00,2.5209999084472656,2.5447499752044678,2.509000062942505,2.5420000553131104,2.501387119293213,341896000,0.0,0.0
2017-04-24 00:00:00-04:00,2.5739998817443848,2.5869998931884766,2.5527501106262207,2.5737500190734863,2.5326294898986816,371820000,0.0,0.0
2017-04-25 00:00:00-04:00,2.5885000228881836,2.6332499980926514,2.5667500495910645,2.618499994277954,2.576665163040161,388440000,0.0,0.0
2017-04-26 00:00:00-04:00,2.6322500705718994,2.6347498893737793,2.5985000133514404,2.6005001068115234,2.558953046798706,327004000,0.0,0.0
2017-04-27 00:00:00-04:00,2.6080000400543213,2.6494998931884766,2.589750051498413,2.6410000324249268,2.5988054275512695,319700000,0.0,0.0
2017-04-28 00:00:00-04:00,2.634000062942505,2.6410000324249268,2.601749897003174,2.6075000762939453,2.56584095954895,348248000,0.0,0.0
2017-05-01 00:00:00-04:00,2.618499994277954,2.671250104904175,2.6112499237060547,2.6659998893737793,2.623405933380127,307732000,0.0,0.0
2017-05-02 00:00:00-04:00,2.6387500762939453,2.640000104904175,2.563999891281128,2.5869998931884766,2.545667886734009,629972000,0.0,0.0
2017-05-03 00:00:00-04:00,2.5799999237060547,2.615999937057495,2.565000057220459,2.606250047683716,2.5646109580993652,336904000,0.0,0.0
2017-05-04 00:00:00-04:00,2.612499952316284,2.6237499713897705,2.588249921798706,2.596250057220459,2.5547711849212646,209788000,0.0,0.0
2017-05-05 00:00:00-04:00,2.5845000743865967,2.603749990463257,2.5687499046325684,2.5964999198913574,2.5550167560577393,228428000,0.0,0.0
2017-05-08 00:00:00-04:00,2.6085000038146973,2.609999895095825,2.5577499866485596,2.5692501068115234,2.5282015800476074,365240000,0.0,0.0
2017-05-09 00:00:00-04:00,2.575000047683716,2.6232500076293945,2.566499948501587,2.573499917984009,2.532384157180786,847672000,0.0,0.0
2017-05-10 00:00:00-04:00,2.8572499752044678,3.0455000400543213,2.8505001068115234,3.032249927520752,2.983804941177368,2129096000,0.0,0.0
2017-05-11 00:00:00-04:00,3.0012500286102295,3.2607500553131104,2.9977500438690186,3.1624999046325684,3.111973285675049,1939792000,0.0,0.0
2017-05-12 00:00:00-04:00,3.165750026702881,3.240000009536743,3.1445000171661377,3.1972498893737793,3.1461687088012695,962620000,0.0,0.0
2017-05-15 00:00:00-04:00,3.239000082015991,3.3602499961853027,3.234499931335449,3.3577499389648438,3.3041043281555176,1087540000,0.0,0.0
2017-05-16 00:00:00-04:00,3.4094998836517334,3.436000108718872,3.3340001106262207,3.4202499389648438,3.3656058311462402,1120700000,0.0,0.0
2017-05-17 00:00:00-04:00,3.3524999618530273,3.371500015258789,3.1887500286102295,3.193000078201294,3.14198637008667,1271368000,0.0,0.0
2017-05-18 00:00:00-04:00,3.237499952316284,3.335750102996826,3.1762499809265137,3.3267500400543213,3.27359938621521,1156032000,0.0,0.0
2017-05-19 00:00:00-04:00,3.4257500171661377,3.4554998874664307,3.380500078201294,3.4000000953674316,3.3492021560668945,1018372000,0.0035,0.0
2017-05-22 00:00:00-04:00,3.4442501068115234,3.486999988555908,3.4332499504089355,3.4725000858306885,3.4206199645996094,836608000,0.0,0.0
2017-05-23 00:00:00-04:00,3.492500066757202,3.4947500228881836,3.3927500247955322,3.4257500171661377,3.374568462371826,681248000,0.0,0.0
2017-05-24 00:00:00-04:00,3.5239999294281006,3.526750087738037,3.4519999027252197,3.464250087738037,3.4124927520751953,815996000,0.0,0.0
2017-05-25 00:00:00-04:00,3.5,3.5007500648498535,3.4110000133514404,3.4565000534057617,3.4048585891723633,608228000,0.0,0.0
2017-05-26 00:00:00-04:00,3.4482500553131104,3.631999969482422,3.4277501106262207,3.5460000038146973,3.49302077293396,779140000,0.0,0.0
2017-05-30 00:00:00-04:00,3.5924999713897705,3.657249927520752,3.5762500762939453,3.6217501163482666,3.5676400661468506,989652000,0.0,0.0
2017-05-31 00:00:00-04:00,3.667249917984009,3.674999952316284,3.5512499809265137,3.608750104904175,3.5548346042633057,887316000,0.0,0.0
2017-06-01 00:00:00-04:00,3.6247498989105225,3.6257500648498535,3.562999963760376,3.6089999675750732,3.5550804138183594,503340000,0.0,0.0
2017-06-02 00:00:00-04:00,3.6059999465942383,3.632499933242798,3.5850000381469727,3.5910000801086426,3.537349224090576,487456000,0.0,0.0
2017-06-05 00:00:00-04:00,3.57450008392334,3.713249921798706,3.5627501010894775,3.7002499103546143,3.6449670791625977,817376000,0.0,0.0
2017-06-06 00:00:00-04:00,3.695499897003174,3.7422499656677246,3.6700000762939453,3.683500051498413,3.628467321395874,758728000,0.0,0.0
2017-06-07 00:00:00-04:00,3.708250045776367,3.746999979019165,3.692500114440918,3.7279999256134033,3.672302722930908,612612000,0.0,0.0
2017-06-08 00:00:00-04:00,3.8364999294281006,4.0,3.7947499752044678,3.998500108718872,3.9387614727020264,1161744000,0.0,0.0
2017-06-09 00:00:00-04:00,4.118500232696533,4.212500095367432,3.5687499046325684,3.740000009536743,3.684123992919922,3692928000,0.0,0.0
2017-06-12 00:00:00-04:00,3.6470000743865967,3.7925000190734863,3.5527501106262207,3.7492499351501465,3.693235397338867,1697532000,0.0,0.0
2017-06-13 00:00:00-04:00,3.859999895095825,3.8692500591278076,3.641249895095825,3.7850000858306885,3.7284505367279053,1672504000,0.0,0.0
2017-06-14 00:00:00-04:00,3.7880001068115234,3.8515000343322754,3.7125000953674316,3.7929999828338623,3.7363317012786865,1184640000,0.0,0.0
2017-06-15 00:00:00-04:00,3.6740000247955322,3.8399999141693115,3.6624999046325684,3.8092501163482666,3.7523388862609863,963824000,0.0,0.0
2017-06-16 00:00:00-04:00,3.819000005722046,3.867500066757202,3.75600004196167,3.7904999256134033,3.7338690757751465,924960000,0.0,0.0
2017-06-19 00:00:00-04:00,3.835249900817871,3.9382500648498535,3.8315000534057617,3.933000087738037,3.8742401599884033,778176000,0.0,0.0
2017-06-20 00:00:00-04:00,3.975749969482422,4.043499946594238,3.9230000972747803,3.9272499084472656,3.8685758113861084,1095444000,0.0,0.0
2017-06-21 00:00:00-04:00,3.9552500247955322,3.990499973297119,3.8924999237060547,3.9867498874664307,3.9271862506866455,682652000,0.0,0.0
2017-06-22 00:00:00-04:00,3.994999885559082,4.008500099182129,3.934999942779541,3.959249973297119,3.900097370147705,469132000,0.0,0.0
2017-06-23 00:00:00-04:00,3.9670000076293945,3.9830000400543213,3.8304998874664307,3.845750093460083,3.7882931232452393,1088588000,0.0,0.0
2017-06-26 00:00:00-04:00,3.878999948501587,3.9149999618530273,3.708250045776367,3.8037500381469727,3.7469213008880615,1063960000,0.0,0.0
2017-06-27 00:00:00-04:00,3.7860000133514404,3.7947499752044678,3.658750057220459,3.6644999980926514,3.609750986099243,999492000,0.0,0.0
2017-06-28 00:00:00-04:00,3.7330000400543213,3.7985000610351562,3.643749952316284,3.793750047683716,3.7370691299438477,994948000,0.0,0.0
2017-06-29 00:00:00-04:00,3.765000104904175,3.7679998874664307,3.6019999980926514,3.6670000553131104,3.6122143268585205,1064424000,0.0,0.0
2017-06-30 00:00:00-04:00,3.684499979019165,3.6982500553131104,3.5875000953674316,3.614000082015991,3.5600061416625977,731060000,0.0,0.0
2017-07-03 00:00:00-04:00,3.6262500286102295,3.641249895095825,3.4644999504089355,3.4832499027252197,3.431208848953247,709072000,0.0,0.0
2017-07-05 00:00:00-04:00,3.547499895095825,3.6054999828338623,3.528249979019165,3.5762500762939453,3.5228195190429688,820188000,0.0,0.0
2017-07-06 00:00:00-04:00,3.546750068664551,3.634500026702881,3.49399995803833,3.5869998931884766,3.533409357070923,746284000,0.0,0.0
2017-07-07 00:00:00-04:00,3.6445000171661377,3.6875,3.6212499141693115,3.6689999103546143,3.6141841411590576,654972000,0.0,0.0
2017-07-10 00:00:00-04:00,3.743499994277954,3.8499999046325684,3.7170000076293945,3.8424999713897705,3.7850918769836426,958492000,0.0,0.0
2017-07-11 00:00:00-04:00,3.846250057220459,3.904750108718872,3.8037500381469727,3.8970000743865967,3.8387770652770996,757956000,0.0,0.0
2017-07-12 00:00:00-04:00,3.9574999809265137,4.074999809265137,3.9140000343322754,4.062749862670898,4.002049446105957,1145208000,0.0,0.0
2017-07-13 00:00:00-04:00,4.074999809265137,4.15749979019165,3.96875,4.015749931335449,3.9557535648345947,1369132000,0.0,0.0
2017-07-14 00:00:00-04:00,4.032249927520752,4.125249862670898,4.02524995803833,4.12375020980835,4.062139987945557,941948000,0.0,0.0
2017-07-17 00:00:00-04:00,4.158249855041504,4.1875,4.043749809265137,4.106249809265137,4.044901371002197,930792000,0.0,0.0
2017-07-18 00:00:00-04:00,4.04449987411499,4.163750171661377,4.03249979019165,4.14900016784668,4.08701229095459,776640000,0.0,0.0
2017-07-19 00:00:00-04:00,4.158249855041504,4.184999942779541,4.115250110626221,4.127500057220459,4.065834045410156,687044000,0.0,0.0
2017-07-20 00:00:00-04:00,4.148250102996826,4.187749862670898,4.097750186920166,4.1875,4.124938011169434,699596000,0.0,0.0
2017-07-21 00:00:00-04:00,4.166749954223633,4.232500076293945,4.152249813079834,4.202499866485596,4.139712333679199,648332000,0.0,0.0
2017-07-24 00:00:00-04:00,4.209750175476074,4.2195000648498535,4.14300012588501,4.153749942779541,4.091691493988037,652524000,0.0,0.0
2017-07-25 00:00:00-04:00,4.130499839782715,4.148250102996826,4.0894999504089355,4.133749961853027,4.071989059448242,496556000,0.0,0.0
2017-07-26 00:00:00-04:00,4.191999912261963,4.2482500076293945,4.146249771118164,4.18149995803833,4.119027137756348,640404000,0.0,0.0
2017-07-27 00:00:00-04:00,4.20674991607666,4.218500137329102,3.938999891281128,4.043499946594238,3.983088493347168,782856000,0.0,0.0
2017-07-28 00:00:00-04:00,4.00724983215332,4.134500026702881,3.9820001125335693,4.109749794006348,4.048349380493164,513348000,0.0,0.0
2017-07-31 00:00:00-04:00,4.123499870300293,4.159999847412109,4.015500068664551,4.062749862670898,4.002049446105957,559672000,0.0,0.0
2017-08-01 00:00:00-04:00,4.053249835968018,4.113999843597412,4.025000095367432,4.112249851226807,4.050812244415283,431384000,0.0,0.0
2017-08-02 00:00:00-04:00,4.143750190734863,4.147749900817871,4.031750202178955,4.109749794006348,4.048349380493164,478444000,0.0,0.0
2017-08-03 00:00:00-04:00,4.109250068664551,4.165750026702881,4.0920000076293945,4.1620001792907715,4.099818706512451,442420000,0.0,0.0
2017-08-04 00:00:00-04:00,4.184999942779541,4.2517499923706055,4.1620001792907715,4.18025016784668,4.117796421051025,589096000,0.0,0.0
2017-08-07 00:00:00-04:00,4.209750175476074,4.3092498779296875,4.199999809265137,4.308750152587891,4.244377136230469,717412000,0.0,0.0
2017-08-08 00:00:00-04:00,4.347249984741211,4.363999843597412,4.217750072479248,4.257500171661377,4.193891525268555,755336000,0.0,0.0
2017-08-09 00:00:00-04:00,4.210750102996826,4.30525016784668,4.1917500495910645,4.302750110626221,4.238464832305908,530784000,0.0,0.0
2017-08-10 00:00:00-04:00,4.303999900817871,4.316500186920166,4.108250141143799,4.118500232696533,4.0569682121276855,1328088000,0.0,0.0
2017-08-11 00:00:00-04:00,3.928499937057495,3.9749999046325684,3.8227500915527344,3.8989999294281006,3.840747356414795,1497196000,0.0,0.0
2017-08-14 00:00:00-04:00,3.9917500019073486,4.213749885559082,3.9800000190734863,4.210000038146973,4.147102355957031,1279020000,0.0,0.0
2017-08-15 00:00:00-04:00,4.215250015258789,4.2417497634887695,4.139750003814697,4.174499988555908,4.112130641937256,764532000,0.0,0.0
2017-08-16 00:00:00-04:00,4.1897501945495605,4.213500022888184,4.0960001945495605,4.128749847412109,4.067065715789795,596632000,0.0,0.0
2017-08-17 00:00:00-04:00,4.120250225067139,4.137499809265137,4.0345001220703125,4.036749839782715,3.976440191268921,525444000,0.0,0.0
2017-08-18 00:00:00-04:00,4.091750144958496,4.109000205993652,3.990999937057495,4.037499904632568,3.977180004119873,601204000,0.0,0.0
2017-08-21 00:00:00-04:00,4.062250137329102,4.073750019073486,3.9342501163482666,3.978749990463257,3.9193060398101807,623672000,0.0,0.0
2017-08-22 00:00:00-04:00,4.012249946594238,4.06974983215332,3.9927499294281006,4.06374979019165,4.006560802459717,450456000,0.0035,0.0
2017-08-23 00:00:00-04:00,4.03000020980835,4.15625,4.021249771118164,4.144999980926514,4.086667060852051,579520000,0.0,0.0
2017-08-24 00:00:00-04:00,4.177499771118164,4.182000160217285,4.103000164031982,4.129749774932861,4.071632385253906,469700000,0.0,0.0
2017-08-25 00:00:00-04:00,4.154250144958496,4.1645002365112305,4.088749885559082,4.095250129699707,4.037616729736328,357200000,0.0,0.0
2017-08-28 00:00:00-04:00,4.114500045776367,4.127500057220459,4.0582499504089355,4.1242499351501465,4.06620979309082,389496000,0.0,0.0
2017-08-29 00:00:00-04:00,4.0647501945495605,4.139500141143799,4.05649995803833,4.117499828338623,4.059555530548096,324096000,0.0,0.0
2017-08-30 00:00:00-04:00,4.137499809265137,4.153250217437744,4.106750011444092,4.142000198364258,4.083710193634033,384400000,0.0,0.0
2017-08-31 00:00:00-04:00,4.162499904632568,4.239999771118164,4.15500020980835,4.236000061035156,4.176385879516602,612684000,0.0,0.0
2017-09-01 00:00:00-04:00,4.24875020980835,4.297500133514404,4.239999771118164,4.261499881744385,4.201528549194336,445432000,0.0,0.0
2017-09-05 00:00:00-04:00,4.209499835968018,4.2144999504089355,4.089000225067139,4.147749900817871,4.08937931060791,695364000,0.0,0.0
2017-09-06 00:00:00-04:00,4.181000232696533,4.195000171661377,4.110000133514404,4.145249843597412,4.086913585662842,397672000,0.0,0.0
2017-09-07 00:00:00-04:00,4.16225004196167,4.197249889373779,4.12375020980835,4.1645002365112305,4.105892658233643,352868000,0.0,0.0
2017-09-08 00:00:00-04:00,4.152750015258789,4.167749881744385,4.067749977111816,4.092249870300293,4.034658908843994,498856000,0.0,0.0
2017-09-11 00:00:00-04:00,4.138500213623047,4.235750198364258,4.132999897003174,4.224999904632568,4.16554069519043,567444000,0.0,0.0
2017-09-12 00:00:00-04:00,4.25,4.25,4.17425012588501,4.240250110626221,4.180575847625732,411488000,0.0,0.0
2017-09-13 00:00:00-04:00,4.214749813079834,4.28849983215332,4.182000160217285,4.259250164031982,4.199309825897217,580960000,0.0,0.0
2017-09-14 00:00:00-04:00,4.219749927520752,4.314000129699707,4.195000171661377,4.235000133514404,4.175399303436279,513712000,0.0,0.0
2017-09-15 00:00:00-04:00,4.321499824523926,4.502749919891357,4.316249847412109,4.502749919891357,4.439381122589111,1364792000,0.0,0.0
2017-09-18 00:00:00-04:00,4.628499984741211,4.78000020980835,4.621500015258789,4.68874979019165,4.622765064239502,1684460000,0.0,0.0
2017-09-19 00:00:00-04:00,4.637750148773193,4.746250152587891,4.615499973297119,4.683750152587891,4.61783504486084,874280000,0.0,0.0
2017-09-20 00:00:00-04:00,4.6875,4.735499858856201,4.605249881744385,4.645999908447266,4.580617427825928,724920000,0.0,0.0
2017-09-21 00:00:00-04:00,4.540999889373779,4.567500114440918,4.440249919891357,4.519000053405762,4.455403804779053,1075600000,0.0,0.0
2017-09-22 00:00:00-04:00,4.507500171661377,4.557750225067139,4.465000152587891,4.474999904632568,4.412022590637207,491232000,0.0,0.0
2017-09-25 00:00:00-04:00,4.443749904632568,4.445000171661377,4.254000186920166,4.275000095367432,4.214837551116943,874580000,0.0,0.0
2017-09-26 00:00:00-04:00,4.411250114440918,4.4670000076293945,4.258749961853027,4.298999786376953,4.238498210906982,1125620000,0.0,0.0
2017-09-27 00:00:00-04:00,4.390500068664551,4.406750202178955,4.318749904632568,4.393249988555908,4.331422805786133,713720000,0.0,0.0
2017-09-28 00:00:00-04:00,4.4004998207092285,4.4045000076293945,4.343999862670898,4.392000198364258,4.330189228057861,435244000,0.0,0.0
2017-09-29 00:00:00-04:00,4.4770002365112305,4.493249893188477,4.431250095367432,4.469250202178955,4.406355381011963,619092000,0.0,0.0
2017-10-02 00:00:00-04:00,4.519999980926514,4.549499988555908,4.425000190734863,4.474999904632568,4.412022590637207,503480000,0.0,0.0
2017-10-03 00:00:00-04:00,4.481249809265137,4.514500141143799,4.439499855041504,4.484250068664551,4.421143054962158,390332000,0.0,0.0
2017-10-04 00:00:00-04:00,4.490499973297119,4.544250011444092,4.453499794006348,4.521749973297119,4.458114147186279,427848000,0.0,0.0
2017-10-05 00:00:00-04:00,4.546500205993652,4.550000190734863,4.488999843597412,4.51924991607666,4.455649375915527,437364000,0.0,0.0
2017-10-06 00:00:00-04:00,4.491250038146973,4.546000003814697,4.474999904632568,4.53249979019165,4.46871280670166,318800000,0.0,0.0
2017-10-09 00:00:00-04:00,4.56974983215332,4.66825008392334,4.550749778747559,4.634749889373779,4.56952428817749,563492000,0.0,0.0
2017-10-10 00:00:00-04:00,4.785749912261963,4.823750019073486,4.68149995803833,4.723249912261963,4.656780242919922,974876000,0.0,0.0
2017-10-11 00:00:00-04:00,4.739999771118164,4.775000095367432,4.69350004196167,4.773499965667725,4.706321716308594,529508000,0.0,0.0
2017-10-12 00:00:00-04:00,4.7769999504089355,4.827250003814697,4.7482500076293945,4.775750160217285,4.708540916442871,528292000,0.0,0.0
2017-10-13 00:00:00-04:00,4.838749885559082,4.875,4.791250228881836,4.864749908447266,4.796287536621094,628728000,0.0,0.0
2017-10-16 00:00:00-04:00,4.894999980926514,4.951250076293945,4.830999851226807,4.948249816894531,4.878612995147705,576640000,0.0,0.0
2017-10-17 00:00:00-04:00,4.927249908447266,4.972499847412109,4.908750057220459,4.943749904632568,4.874176025390625,478596000,0.0,0.0
2017-10-18 00:00:00-04:00,4.952750205993652,4.953499794006348,4.833000183105469,4.939499855041504,4.869987487792969,567316000,0.0,0.0
2017-10-19 00:00:00-04:00,4.861000061035156,4.949999809265137,4.81125020980835,4.945000171661377,4.875410079956055,570772000,0.0,0.0
2017-10-20 00:00:00-04:00,4.962250232696533,4.989749908447266,4.91349983215332,4.922500133514404,4.853225231170654,451620000,0.0,0.0
2017-10-23 00:00:00-04:00,4.944499969482422,4.971250057220459,4.894999980926514,4.915500164031982,4.8463239669799805,428696000,0.0,0.0
2017-10-24 00:00:00-04:00,4.924749851226807,4.96875,4.898499965667725,4.9670000076293945,4.897099018096924,407244000,0.0,0.0
2017-10-25 00:00:00-04:00,4.927000045776367,4.980500221252441,4.779250144958496,4.8414998054504395,4.7733659744262695,828160000,0.0,0.0
2017-10-26 00:00:00-04:00,4.869500160217285,4.9039998054504395,4.845250129699707,4.892250061035156,4.823400020599365,322744000,0.0,0.0
2017-10-27 00:00:00-04:00,4.945000171661377,5.046750068664551,4.918749809265137,5.046500205993652,4.9754791259765625,572192000,0.0,0.0
2017-10-30 00:00:00-04:00,5.046500205993652,5.152249813079834,5.0304999351501465,5.0960001945495605,5.024282932281494,504056000,0.0,0.0
2017-10-31 00:00:00-04:00,5.1282501220703125,5.197249889373779,5.122499942779541,5.170249938964844,5.097490310668945,411908000,0.0,0.0
2017-11-01 00:00:00-04:00,5.233749866485596,5.2492499351501465,5.114999771118164,5.179999828338623,5.107100486755371,502576000,0.0,0.0
2017-11-02 00:00:00-04:00,5.150000095367432,5.195250034332275,5.091249942779541,5.148499965667725,5.076045036315918,342308000,0.0,0.0
2017-11-03 00:00:00-04:00,5.179999828338623,5.217249870300293,5.133500099182129,5.217249870300293,5.14382791519165,353640000,0.0,0.0
2017-11-06 00:00:00-05:00,5.179999828338623,5.249499797821045,5.167500019073486,5.240749835968018,5.166995525360107,389944000,0.0,0.0
2017-11-07 00:00:00-05:00,5.263750076293945,5.322500228881836,5.251500129699707,5.300749778747559,5.226152420043945,427700000,0.0,0.0
2017-11-08 00:00:00-05:00,5.296249866485596,5.300000190734863,5.181000232696533,5.229000091552734,5.155412197113037,522988000,0.0,0.0
2017-11-09 00:00:00-05:00,5.131750106811523,5.158249855041504,5.009250164031982,5.132999897003174,5.060762882232666,978564000,0.0,0.0
2017-11-10 00:00:00-05:00,5.327000141143799,5.466750144958496,5.290750026702881,5.403500080108643,5.327455997467041,1253256000,0.0,0.0
2017-11-13 00:00:00-05:00,5.403500080108643,5.4292497634887695,5.300250053405762,5.3157501220703125,5.240941524505615,582376000,0.0,0.0
2017-11-14 00:00:00-05:00,5.324999809265137,5.369999885559082,5.280749797821045,5.354499816894531,5.279145240783691,529292000,0.0,0.0
2017-11-15 00:00:00-05:00,5.298749923706055,5.300000190734863,5.195000171661377,5.249499797821045,5.175622940063477,501948000,0.0,0.0
2017-11-16 00:00:00-05:00,5.32450008392334,5.355000019073486,5.28125,5.290249824523926,5.215799331665039,441768000,0.0,0.0
2017-11-17 00:00:00-05:00,5.3480000495910645,5.383749961853027,5.268750190734863,5.283999919891357,5.20963716506958,515664000,0.0,0.0
2017-11-20 00:00:00-05:00,5.299749851226807,5.364250183105469,5.262499809265137,5.3520002365112305,5.276681900024414,396100000,0.0,0.0
2017-11-21 00:00:00-05:00,5.392250061035156,5.413000106811523,5.360000133514404,5.401249885559082,5.3252387046813965,399176000,0.0,0.0
2017-11-22 00:00:00-05:00,5.425000190734863,5.425000190734863,5.340250015258789,5.3732500076293945,5.301314353942871,356640000,0.00375,0.0
2017-11-24 00:00:00-05:00,5.389750003814697,5.425000190734863,5.364999771118164,5.423999786376953,5.351382732391357,180752000,0.0,0.0
2017-11-27 00:00:00-05:00,5.432750225067139,5.434000015258789,5.350249767303467,5.353499889373779,5.281826019287109,422896000,0.0,0.0
2017-11-28 00:00:00-05:00,5.358749866485596,5.368249893188477,5.205999851226807,5.267749786376953,5.197225093841553,512752000,0.0,0.0
2017-11-29 00:00:00-05:00,5.250249862670898,5.252999782562256,4.780749797821045,4.9105000495910645,4.8447585105896,1396788000,0.0,0.0
2017-11-30 00:00:00-05:00,4.980000019073486,5.066999912261963,4.916250228881836,5.017749786376953,4.950572967529297,823768000,0.0,0.0
2017-12-01 00:00:00-05:00,4.982749938964844,5.0032501220703125,4.8117499351501465,4.941999912261963,4.87583589553833,811548000,0.0,0.0
2017-12-04 00:00:00-05:00,5.00124979019165,5.007500171661377,4.612500190734863,4.666500091552734,4.6040239334106445,1240844000,0.0,0.0
2017-12-05 00:00:00-05:00,4.559999942779541,4.817500114440918,4.514500141143799,4.69350004196167,4.6306610107421875,981488000,0.0,0.0
2017-12-06 00:00:00-05:00,4.642499923706055,4.753499984741211,4.620999813079834,4.731500148773193,4.668155193328857,467032000,0.0,0.0
2017-12-07 00:00:00-05:00,4.798999786376953,4.840000152587891,4.752999782562256,4.799749851226807,4.735489845275879,542600000,0.0,0.0
2017-12-08 00:00:00-05:00,4.850249767303467,4.869500160217285,4.778749942779541,4.78725004196167,4.723160266876221,466876000,0.0,0.0
2017-12-11 00:00:00-05:00,4.801499843597412,4.869500160217285,4.7855000495910645,4.866499900817871,4.801346302032471,372748000,0.0,0.0
2017-12-12 00:00:00-05:00,4.822500228881836,4.8460001945495605,4.747250080108643,4.770999908447266,4.707126617431641,455016000,0.0,0.0
2017-12-13 00:00:00-05:00,4.8125,4.81374979019165,4.646999835968018,4.6545000076293945,4.592184066772461,554280000,0.0,0.0
2017-12-14 00:00:00-05:00,4.6479997634887695,4.733500003814697,4.614999771118164,4.661749839782715,4.599338531494141,438164000,0.0,0.0
2017-12-15 00:00:00-05:00,4.706250190734863,4.809500217437744,4.640500068664551,4.789000034332275,4.724884510040283,670036000,0.0,0.0
2017-12-18 00:00:00-05:00,4.829999923706055,4.950500011444092,4.800000190734863,4.947500228881836,4.881263732910156,477704000,0.0,0.0
2017-12-19 00:00:00-05:00,4.938000202178955,4.9432501792907715,4.874000072479248,4.902750015258789,4.8371124267578125,373100000,0.0,0.0
2017-12-20 00:00:00-05:00,4.942500114440918,4.951749801635742,4.863749980926514,4.920000076293945,4.854130744934082,288820000,0.0,0.0
2017-12-21 00:00:00-05:00,4.923500061035156,4.948750019073486,4.888750076293945,4.897250175476074,4.831686973571777,300904000,0.0,0.0
2017-12-22 00:00:00-05:00,4.860000133514404,4.891250133514404,4.78125,4.881750106811523,4.8163933753967285,466276000,0.0,0.0
2017-12-26 00:00:00-05:00,4.82574987411499,4.943749904632568,4.795499801635742,4.935999870300293,4.86991548538208,355080000,0.0,0.0
2017-12-27 00:00:00-05:00,4.922500133514404,4.9992499351501465,4.907750129699707,4.9292497634887695,4.863256931304932,329488000,0.0,0.0
2017-12-28 00:00:00-05:00,4.953249931335449,4.984499931335449,4.928750038146973,4.934999942779541,4.868928909301758,240248000,0.0,0.0
2017-12-29 00:00:00-05:00,4.96150016784668,4.96150016784668,4.837500095367432,4.837500095367432,4.772735595703125,279964000,0.0,0.0
2018-01-02 00:00:00-05:00,4.894499778747559,4.987500190734863,4.862500190734863,4.983749866485596,4.917026996612549,355616000,0.0,0.0
2018-01-03 00:00:00-05:00,5.102499961853027,5.34250020980835,5.09375,5.3117499351501465,5.240635395050049,914704000,0.0,0.0
2018-01-04 00:00:00-05:00,5.394000053405762,5.451250076293945,5.317249774932861,5.339749813079834,5.268260478973389,583268000,0.0,0.0
2018-01-05 00:00:00-05:00,5.354750156402588,5.422749996185303,5.2769999504089355,5.385000228881836,5.312905788421631,580124000,0.0,0.0
2018-01-08 00:00:00-05:00,5.510000228881836,5.625,5.4644999504089355,5.550000190734863,5.475696563720703,881216000,0.0,0.0
2018-01-09 00:00:00-05:00,5.555500030517578,5.5954999923706055,5.466000080108643,5.548500061035156,5.474217891693115,497000000,0.0,0.0
2018-01-10 00:00:00-05:00,5.454999923706055,5.5954999923706055,5.400000095367432,5.5920000076293945,5.517134189605713,582664000,0.0,0.0
2018-01-11 00:00:00-05:00,5.625,5.656750202178955,5.580249786376953,5.6020002365112305,5.52700138092041,406032000,0.0,0.0
2018-01-12 00:00:00-05:00,5.590000152587891,5.624750137329102,5.5335001945495605,5.57450008392334,5.499866962432861,359916000,0.0,0.0
2018-01-16 00:00:00-05:00,5.601250171661377,5.687749862670898,5.417250156402588,5.502749919891357,5.429079055786133,702348000,0.0,0.0
2018-01-17 00:00:00-05:00,5.517499923706055,5.627999782562256,5.422500133514404,5.618000030517578,5.542786121368408,538408000,0.0,0.0
2018-01-18 00:00:00-05:00,5.598499774932861,5.665999889373779,5.566999912261963,5.611000061035156,5.535878658294678,408632000,0.0,0.0
2018-01-19 00:00:00-05:00,5.702250003814697,5.777249813079834,5.675000190734863,5.752749919891357,5.675731658935547,609380000,0.0,0.0
2018-01-22 00:00:00-05:00,5.760749816894531,5.843999862670898,5.702499866485596,5.842249870300293,5.764031887054443,550944000,0.0,0.0
2018-01-23 00:00:00-05:00,5.896249771118164,5.9957499504089355,5.877500057220459,5.972750186920166,5.892785549163818,475228000,0.0,0.0
2018-01-24 00:00:00-05:00,5.97599983215332,6.012249946594238,5.838749885559082,5.894999980926514,5.816077709197998,579972000,0.0,0.0
2018-01-25 00:00:00-05:00,5.949999809265137,5.993750095367432,5.893750190734863,5.908750057220459,5.829642295837402,409884000,0.0,0.0
2018-01-26 00:00:00-05:00,5.953000068664551,6.083499908447266,5.940000057220459,6.083250045776367,6.001808166503906,516356000,0.0,0.0
2018-01-29 00:00:00-05:00,6.06850004196167,6.202750205993652,6.015250205993652,6.171249866485596,6.088630199432373,455116000,0.0,0.0
2018-01-30 00:00:00-05:00,6.027750015258789,6.1605000495910645,5.960249900817871,6.067999839782715,5.986761093139648,570832000,0.0,0.0
2018-01-31 00:00:00-05:00,6.14424991607666,6.231750011444092,6.111249923706055,6.144999980926514,6.062730312347412,478576000,0.0,0.0
2018-02-01 00:00:00-05:00,5.9629998207092285,6.172500133514404,5.951499938964844,6.012499809265137,5.932004928588867,519224000,0.0,0.0
2018-02-02 00:00:00-05:00,5.925000190734863,5.949250221252441,5.779250144958496,5.8379998207092285,5.759841442108154,718464000,0.0,0.0
2018-02-05 00:00:00-05:00,5.675000190734863,5.830749988555908,5.125,5.34250020980835,5.270975112915039,1165204000,0.0,0.0
2018-02-06 00:00:00-05:00,5.110000133514404,5.642499923706055,5.099999904632568,5.639500141143799,5.563998222351074,1114800000,0.0,0.0
2018-02-07 00:00:00-05:00,5.739500045776367,5.8742499351501465,5.667500019073486,5.71999979019165,5.643421173095703,802932000,0.0,0.0
2018-02-08 00:00:00-05:00,5.8470001220703125,5.880499839782715,5.437749862670898,5.438000202178955,5.365196228027344,1144000000,0.0,0.0
2018-02-09 00:00:00-05:00,5.956250190734863,5.972249984741211,5.438000202178955,5.802000045776367,5.724320888519287,1674604000,0.0,0.0
2018-02-12 00:00:00-05:00,5.883999824523926,5.88700008392334,5.6257500648498535,5.70074987411499,5.6244282722473145,1093172000,0.0,0.0
2018-02-13 00:00:00-05:00,5.664000034332275,5.862500190734863,5.631249904632568,5.8157501220703125,5.737887859344482,625524000,0.0,0.0
2018-02-14 00:00:00-05:00,5.775000095367432,6.0647501945495605,5.763750076293945,6.0355000495910645,5.954698085784912,744988000,0.0,0.0
2018-02-15 00:00:00-05:00,6.119750022888184,6.209249973297119,6.038000106811523,6.162499904632568,6.079995632171631,698900000,0.0,0.0
2018-02-16 00:00:00-05:00,6.135000228881836,6.25,6.086750030517578,6.0960001945495605,6.014387130737305,637656000,0.0,0.0
2018-02-20 00:00:00-05:00,6.118750095367432,6.296750068664551,6.114999771118164,6.2270002365112305,6.1436309814453125,686240000,0.0,0.0
2018-02-21 00:00:00-05:00,6.292250156402588,6.29925012588501,6.033999919891357,6.037749767303467,5.956915378570557,892292000,0.0,0.0
2018-02-22 00:00:00-05:00,6.0682501792907715,6.140749931335449,5.987500190734863,6.053750038146973,5.976414203643799,534364000,0.00375,0.0
2018-02-23 00:00:00-05:00,6.114250183105469,6.148250102996826,6.063000202178955,6.148250102996826,6.06970739364624,415300000,0.0,0.0
2018-02-26 00:00:00-05:00,6.195000171661377,6.19950008392334,6.101500034332275,6.1645002365112305,6.085749626159668,469312000,0.0,0.0
2018-02-27 00:00:00-05:00,6.137499809265137,6.222750186920166,6.1282501220703125,6.151500225067139,6.072915077209473,455436000,0.0,0.0
2018-02-28 00:00:00-05:00,6.162499904632568,6.202499866485596,6.038249969482422,6.050000190734863,5.972713470458984,523116000,0.0,0.0
2018-03-01 00:00:00-05:00,6.047749996185303,6.102250099182129,5.703000068664551,5.80525016784668,5.731089115142822,1040120000,0.0,0.0
2018-03-02 00:00:00-05:00,5.696499824523926,5.920000076293945,5.546249866485596,5.91349983215332,5.837955951690674,913428000,0.0,0.0
2018-03-05 00:00:00-05:00,5.862750053405762,5.931250095367432,5.73799991607666,5.891250133514404,5.815990924835205,620776000,0.0,0.0
2018-03-06 00:00:00-05:00,5.977499961853027,6.073500156402588,5.934000015258789,6.053999900817871,5.976659297943115,636808000,0.0,0.0
2018-03-07 00:00:00-05:00,5.949999809265137,6.098750114440918,5.948750019073486,6.046000003814697,5.96876335144043,581208000,0.0,0.0
2018-03-08 00:00:00-05:00,6.073750019073486,6.073750019073486,5.984749794006348,6.0295000076293945,5.952473163604736,411912000,0.0,0.0
2018-03-09 00:00:00-05:00,6.077499866485596,6.146249771118164,6.06125020980835,6.1332502365112305,6.0548996925354,505524000,0.0,0.0
2018-03-12 00:00:00-04:00,6.175000190734863,6.324999809265137,6.166749954223633,6.24399995803833,6.164233207702637,605060000,0.0,0.0
2018-03-13 00:00:00-04:00,6.28725004196167,6.362500190734863,6.151000022888184,6.192749977111816,6.113637447357178,619772000,0.0,0.0
2018-03-14 00:00:00-04:00,6.236249923706055,6.263750076293945,6.1554999351501465,6.218500137329102,6.139059066772461,505496000,0.0,0.0
2018-03-15 00:00:00-04:00,6.232250213623047,6.315499782562256,6.190999984741211,6.233500003814697,6.153867244720459,401952000,0.0,0.0
2018-03-16 00:00:00-04:00,6.25,6.28125,6.211999893188477,6.26200008392334,6.182003021240234,399456000,0.0,0.0
2018-03-19 00:00:00-04:00,6.204500198364258,6.233749866485596,5.925000190734863,6.025000095367432,5.948030948638916,713772000,0.0,0.0
2018-03-20 00:00:00-04:00,6.0279998779296875,6.278749942779541,6.0279998779296875,6.239500045776367,6.159790515899658,554696000,0.0,0.0
2018-03-21 00:00:00-04:00,6.232999801635742,6.300000190734863,6.1832499504089355,6.214000225067139,6.134617805480957,438688000,0.0,0.0
2018-03-22 00:00:00-04:00,6.150000095367432,6.197000026702881,6.008500099182129,6.046249866485596,5.9690093994140625,551196000,0.0,0.0
2018-03-23 00:00:00-04:00,6.059999942779541,6.0625,5.813000202178955,5.824250221252441,5.7498459815979,735620000,0.0,0.0
2018-03-26 00:00:00-04:00,5.949999809265137,6.113249778747559,5.897500038146973,6.111999988555908,6.0339202880859375,611424000,0.0,0.0
2018-03-27 00:00:00-04:00,6.193749904632568,6.25,5.496250152587891,5.638000011444092,5.56597375869751,1409000000,0.0,0.0
2018-03-28 00:00:00-04:00,5.603250026702881,5.734749794006348,5.425000190734863,5.533750057220459,5.463056564331055,945904000,0.0,0.0
2018-03-29 00:00:00-04:00,5.602749824523926,5.887499809265137,5.517499923706055,5.789750099182129,5.715786457061768,916628000,0.0,0.0
2018-04-02 00:00:00-04:00,5.718500137329102,5.866250038146973,5.4375,5.526249885559082,5.455653190612793,922092000,0.0,0.0
2018-04-03 00:00:00-04:00,5.695000171661377,5.758749961853027,5.533750057220459,5.633749961853027,5.561779022216797,667432000,0.0,0.0
2018-04-04 00:00:00-04:00,5.375249862670898,5.666500091552734,5.349999904632568,5.656000137329102,5.583743572235107,789168000,0.0,0.0
2018-04-05 00:00:00-04:00,5.715000152587891,5.728250026702881,5.462250232696533,5.5345001220703125,5.463798522949219,701240000,0.0,0.0
2018-04-06 00:00:00-04:00,5.430749893188477,5.539999961853027,5.326749801635742,5.356249809265137,5.287825584411621,662988000,0.0,0.0
2018-04-09 00:00:00-04:00,5.420000076293945,5.54925012588501,5.364999771118164,5.385250091552734,5.31645393371582,499524000,0.0,0.0
2018-04-10 00:00:00-04:00,5.618000030517578,5.724999904632568,5.5602498054504395,5.697750091552734,5.62496280670166,761676000,0.0,0.0
2018-04-11 00:00:00-04:00,5.682750225067139,5.7245001792907715,5.623000144958496,5.656000137329102,5.583743572235107,460244000,0.0,0.0
2018-04-12 00:00:00-04:00,5.75,5.882999897003174,5.705249786376953,5.864999771118164,5.790075302124023,593920000,0.0,0.0
2018-04-13 00:00:00-04:00,5.9292497634887695,5.937749862670898,5.738749980926514,5.787499904632568,5.713565349578857,503036000,0.0,0.0
2018-04-16 00:00:00-04:00,5.794250011444092,5.821000099182129,5.691999912261963,5.78725004196167,5.713318347930908,350792000,0.0,0.0
2018-04-17 00:00:00-04:00,5.840000152587891,5.960000038146973,5.783750057220459,5.938499927520752,5.862635135650635,447224000,0.0,0.0
2018-04-18 00:00:00-04:00,5.887499809265137,5.981249809265137,5.819250106811523,5.909249782562256,5.83375883102417,391364000,0.0,0.0
2018-04-19 00:00:00-04:00,5.793749809265137,5.827499866485596,5.670000076293945,5.72599983215332,5.652851104736328,471996000,0.0,0.0
2018-04-20 00:00:00-04:00,5.717249870300293,5.802499771118164,5.68625020980835,5.717750072479248,5.644704818725586,386200000,0.0,0.0
2018-04-23 00:00:00-04:00,5.735750198364258,5.787499904632568,5.5707502365112305,5.5970001220703125,5.525498867034912,427508000,0.0,0.0
2018-04-24 00:00:00-04:00,5.623000144958496,5.71999979019165,5.464000225067139,5.53000020980835,5.459354877471924,414596000,0.0,0.0
2018-04-25 00:00:00-04:00,5.5,5.5395002365112305,5.257500171661377,5.416500091552734,5.347304821014404,588492000,0.0,0.0
2018-04-26 00:00:00-04:00,5.579999923706055,5.638750076293945,5.51324987411499,5.630499839782715,5.558570861816406,375824000,0.0,0.0
2018-04-27 00:00:00-04:00,5.737500190734863,5.757500171661377,5.615499973297119,5.658249855041504,5.585965633392334,400848000,0.0,0.0
2018-04-30 00:00:00-04:00,5.674749851226807,5.724999904632568,5.603000164031982,5.622499942779541,5.550673007965088,327844000,0.0,0.0
2018-05-01 00:00:00-04:00,5.614250183105469,5.681250095367432,5.554999828338623,5.678500175476074,5.605957508087158,253788000,0.0,0.0
2018-05-02 00:00:00-04:00,5.675000190734863,5.71999979019165,5.631249904632568,5.657750129699707,5.58547306060791,268248000,0.0,0.0
2018-05-03 00:00:00-04:00,5.690000057220459,5.851250171661377,5.64424991607666,5.824749946594238,5.750339031219482,443144000,0.0,0.0
2018-05-04 00:00:00-04:00,5.795750141143799,5.979750156402588,5.778250217437744,5.976500034332275,5.90015172958374,400660000,0.0,0.0
2018-05-07 00:00:00-04:00,6.082250118255615,6.274750232696533,6.072249889373779,6.2170000076293945,6.137578964233398,687616000,0.0,0.0
2018-05-08 00:00:00-04:00,6.217249870300293,6.262750148773193,6.167749881744385,6.260000228881836,6.180030345916748,506616000,0.0,0.0
2018-05-09 00:00:00-04:00,6.280250072479248,6.396749973297119,6.252749919891357,6.394499778747559,6.31281042098999,596760000,0.0,0.0
2018-05-10 00:00:00-04:00,6.447999954223633,6.512499809265137,6.429999828338623,6.5032501220703125,6.42017126083374,994080000,0.0,0.0
2018-05-11 00:00:00-04:00,6.319499969482422,6.494750022888184,6.263500213623047,6.363249778747559,6.281959056854248,1214456000,0.0,0.0
2018-05-14 00:00:00-04:00,6.401750087738037,6.462250232696533,6.360000133514404,6.383999824523926,6.3024444580078125,523140000,0.0,0.0
2018-05-15 00:00:00-04:00,6.31974983215332,6.322500228881836,6.037499904632568,6.138999938964844,6.06057596206665,963528000,0.0,0.0
2018-05-16 00:00:00-04:00,6.099999904632568,6.2129998207092285,6.062749862670898,6.15024995803833,6.071681022644043,553828000,0.0,0.0
2018-05-17 00:00:00-04:00,6.1519999504089355,6.287499904632568,6.135749816894531,6.192749977111816,6.113637447357178,519784000,0.0,0.0
2018-05-18 00:00:00-04:00,6.245250225067139,6.3092498779296875,6.143499851226807,6.148499965667725,6.069953441619873,483716000,0.0,0.0
2018-05-21 00:00:00-04:00,6.247000217437744,6.2507500648498535,6.012249946594238,6.105999946594238,6.02799654006958,640624000,0.0,0.0
2018-05-22 00:00:00-04:00,6.119500160217285,6.144999980926514,6.006249904632568,6.067500114440918,5.989988327026367,518264000,0.0,0.0
2018-05-23 00:00:00-04:00,6.006999969482422,6.1897501945495605,6.006249904632568,6.188499927520752,6.113219261169434,442956000,0.00375,0.0
2018-05-24 00:00:00-04:00,6.184750080108643,6.235000133514404,6.13100004196167,6.192249774932861,6.116926193237305,437372000,0.0,0.0
2018-05-25 00:00:00-04:00,6.204999923706055,6.248499870300293,6.169000148773193,6.23199987411499,6.156191825866699,292112000,0.0,0.0
2018-05-29 00:00:00-04:00,6.213749885559082,6.2835001945495605,6.167500019073486,6.214749813079834,6.1391520500183105,352684000,0.0,0.0
2018-05-30 00:00:00-04:00,6.24875020980835,6.333499908447266,6.223750114440918,6.324749946594238,6.2478108406066895,390996000,0.0,0.0
2018-05-31 00:00:00-04:00,6.292500019073486,6.380000114440918,6.281750202178955,6.304749965667725,6.228057384490967,493868000,0.0,0.0
2018-06-01 00:00:00-04:00,6.349999904632568,6.446750164031982,6.341249942779541,6.440499782562256,6.362154483795166,421968000,0.0,0.0
2018-06-04 00:00:00-04:00,6.474999904632568,6.643499851226807,6.442500114440918,6.621250152587891,6.540707111358643,642024000,0.0,0.0
2018-06-05 00:00:00-04:00,6.624499797821045,6.664750099182129,6.579249858856201,6.6267499923706055,6.546141147613525,391712000,0.0,0.0
2018-06-06 00:00:00-04:00,6.535749912261963,6.631999969482422,6.51924991607666,6.628749847412109,6.54811429977417,371356000,0.0,0.0
2018-06-07 00:00:00-04:00,6.625,6.63700008392334,6.481249809265137,6.572500228881836,6.492550373077393,369448000,0.0,0.0
2018-06-08 00:00:00-04:00,6.499000072479248,6.599999904632568,6.480000019073486,6.557000160217285,6.477237701416016,360456000,0.0,0.0
2018-06-11 00:00:00-04:00,6.544250011444092,6.586249828338623,6.502500057220459,6.515500068664551,6.436242580413818,265372000,0.0,0.0
2018-06-12 00:00:00-04:00,6.542250156402588,6.576749801635742,6.491499900817871,6.564499855041504,6.484647274017334,319160000,0.0,0.0
2018-06-13 00:00:00-04:00,6.565999984741211,6.641749858856201,6.550749778747559,6.559999942779541,6.4802021980285645,338208000,0.0,0.0
2018-06-14 00:00:00-04:00,6.605500221252441,6.730000019073486,6.5904998779296875,6.672749996185303,6.591579914093018,430016000,0.0,0.0
2018-06-15 00:00:00-04:00,6.614999771118164,6.686999797821045,6.583749771118164,6.631499767303467,6.550830841064453,432260000,0.0,0.0
2018-06-18 00:00:00-04:00,6.586999893188477,6.644999980926514,6.559500217437744,6.6272501945495605,6.546633720397949,356268000,0.0,0.0
2018-06-19 00:00:00-04:00,6.5229997634887695,6.591000080108643,6.375500202178955,6.5042500495910645,6.425130367279053,594932000,0.0,0.0
2018-06-20 00:00:00-04:00,6.545750141143799,6.611249923706055,6.506999969482422,6.557750225067139,6.477977752685547,369780000,0.0,0.0
2018-06-21 00:00:00-04:00,6.590000152587891,6.608500003814697,6.420000076293945,6.427750110626221,6.349559783935547,359516000,0.0,0.0
2018-06-22 00:00:00-04:00,6.448750019073486,6.462250232696533,6.2582502365112305,6.273749828338623,6.197433948516846,434160000,0.0,0.0
2018-06-25 00:00:00-04:00,6.166250228881836,6.170000076293945,5.888500213623047,5.978000164031982,5.905280113220215,665816000,0.0,0.0
2018-06-26 00:00:00-04:00,6.09250020980835,6.141250133514404,5.9977498054504395,6.049749851226807,5.97615909576416,478884000,0.0,0.0
2018-06-27 00:00:00-04:00,6.09375,6.160749912261963,5.887499809265137,5.89300012588501,5.821315288543701,453892000,0.0,0.0
2018-06-28 00:00:00-04:00,5.882999897003174,6.0335001945495605,5.875249862670898,6.021500110626221,5.948253154754639,338012000,0.0,0.0
2018-06-29 00:00:00-04:00,6.087250232696533,6.099999904632568,5.921249866485596,5.922500133514404,5.8504557609558105,392300000,0.0,0.0
2018-07-02 00:00:00-04:00,5.852250099182129,6.059750080108643,5.831500053405762,6.056000232696533,5.982332706451416,357572000,0.0,0.0
2018-07-03 00:00:00-04:00,6.091000080108643,6.0970001220703125,5.912499904632568,5.921000003814697,5.848973751068115,222732000,0.0,0.0
2018-07-05 00:00:00-04:00,5.976749897003174,6.073249816894531,5.9375,6.0682501792907715,5.994433879852295,306216000,0.0,0.0
2018-07-06 00:00:00-04:00,6.043499946594238,6.1917500495910645,6.021999835968018,6.1832499504089355,6.108034133911133,296352000,0.0,0.0
2018-07-09 00:00:00-04:00,6.2582502365112305,6.26800012588501,6.151750087738037,6.231249809265137,6.15545129776001,303880000,0.0,0.0
2018-07-10 00:00:00-04:00,6.243750095367432,6.353499889373779,6.203000068664551,6.331250190734863,6.254232883453369,360016000,0.0,0.0
2018-07-11 00:00:00-04:00,6.237500190734863,6.272500038146973,6.177499771118164,6.1882500648498535,6.112972736358643,367508000,0.0,0.0
2018-07-12 00:00:00-04:00,6.234000205993652,6.329249858856201,6.223999977111816,6.280749797821045,6.204349040985107,345508000,0.0,0.0
2018-07-13 00:00:00-04:00,6.299499988555908,6.299499988555908,6.190499782562256,6.232999801635742,6.15717887878418,246988000,0.0,0.0
2018-07-16 00:00:00-04:00,6.204999923706055,6.258500099182129,6.192500114440918,6.204999923706055,6.129518508911133,197036000,0.0,0.0
2018-07-17 00:00:00-04:00,6.155250072479248,6.357500076293945,6.129499912261963,6.342249870300293,6.265100955963135,362136000,0.0,0.0
2018-07-18 00:00:00-04:00,6.334750175476074,6.348750114440918,6.241000175476074,6.292500019073486,6.215953826904297,277640000,0.0,0.0
2018-07-19 00:00:00-04:00,6.273499965667725,6.334750175476074,6.2582502365112305,6.300749778747559,6.224105358123779,235752000,0.0,0.0
2018-07-20 00:00:00-04:00,6.298250198364258,6.337500095367432,6.261250019073486,6.272250175476074,6.195952892303467,222352000,0.0,0.0
2018-07-23 00:00:00-04:00,6.245500087738037,6.247250080108643,6.081999778747559,6.235249996185303,6.159401893615723,301584000,0.0,0.0
2018-07-24 00:00:00-04:00,6.283750057220459,6.371250152587891,6.199999809265137,6.217750072479248,6.142114162445068,354620000,0.0,0.0
2018-07-25 00:00:00-04:00,6.227250099182129,6.309500217437744,6.168749809265137,6.296750068664551,6.220153331756592,319112000,0.0,0.0
2018-07-26 00:00:00-04:00,6.276500225067139,6.408249855041504,6.259500026702881,6.370999813079834,6.293501853942871,325124000,0.0,0.0
2018-07-27 00:00:00-04:00,6.4079999923706055,6.414999961853027,6.245999813079834,6.30049991607666,6.223857879638672,295420000,0.0,0.0
2018-07-30 00:00:00-04:00,6.3147501945495605,6.3207502365112305,6.067999839782715,6.103250026702881,6.029007911682129,340340000,0.0,0.0
2018-07-31 00:00:00-04:00,6.092750072479248,6.197000026702881,6.053500175476074,6.121500015258789,6.047036170959473,283988000,0.0,0.0
2018-08-01 00:00:00-04:00,6.153250217437744,6.209000110626221,6.097249984741211,6.161749839782715,6.086796283721924,283556000,0.0,0.0
2018-08-02 00:00:00-04:00,6.089749813079834,6.269499778747559,6.030250072479248,6.265500068664551,6.189283847808838,269668000,0.0,0.0
2018-08-03 00:00:00-04:00,6.290249824523926,6.326499938964844,6.273250102996826,6.302499771118164,6.225833415985107,214288000,0.0,0.0
2018-08-06 00:00:00-04:00,6.289750099182129,6.354249954223633,6.24275016784668,6.350749969482422,6.273495674133301,207508000,0.0,0.0
2018-08-07 00:00:00-04:00,6.400000095367432,6.442500114440918,6.373000144958496,6.423749923706055,6.345608711242676,258132000,0.0,0.0
2018-08-08 00:00:00-04:00,6.425000190734863,6.50600004196167,6.389750003814697,6.4604997634887695,6.381910800933838,262100000,0.0,0.0
2018-08-09 00:00:00-04:00,6.478499889373779,6.481249809265137,6.403749942779541,6.411499977111816,6.333508014678955,204280000,0.0,0.0
2018-08-10 00:00:00-04:00,6.328750133514404,6.402500152587891,6.317500114440918,6.369750022888184,6.292265892028809,256396000,0.0,0.0
2018-08-13 00:00:00-04:00,6.378499984741211,6.525000095367432,6.3767499923706055,6.4029998779296875,6.32511043548584,375208000,0.0,0.0
2018-08-14 00:00:00-04:00,6.509500026702881,6.550000190734863,6.42549991607666,6.535749912261963,6.456246852874756,466220000,0.0,0.0
2018-08-15 00:00:00-04:00,6.5567498207092285,6.591000080108643,6.397500038146973,6.4770002365112305,6.398211479187012,591136000,0.0,0.0
2018-08-16 00:00:00-04:00,6.547500133514404,6.550000190734863,6.375249862670898,6.435999870300293,6.357708930969238,801260000,0.0,0.0
2018-08-17 00:00:00-04:00,6.323500156402588,6.324250221252441,6.093249797821045,6.120500087738037,6.046049118041992,1143188000,0.0,0.0
2018-08-20 00:00:00-04:00,6.079500198364258,6.329999923706055,5.9679999351501465,6.196000099182129,6.120629787445068,854388000,0.0,0.0
2018-08-21 00:00:00-04:00,6.212500095367432,6.337500095367432,6.192500114440918,6.333000183105469,6.255963325500488,673988000,0.0,0.0
2018-08-22 00:00:00-04:00,6.300000190734863,6.575500011444092,6.296500205993652,6.570499897003174,6.490574359893799,749856000,0.0,0.0
2018-08-23 00:00:00-04:00,6.531499862670898,6.736999988555908,6.517499923706055,6.671000003814697,6.589852333068848,720684000,0.0,0.0
2018-08-24 00:00:00-04:00,6.679500102996826,6.820250034332275,6.675000190734863,6.805500030517578,6.722716808319092,531512000,0.0,0.0
2018-08-27 00:00:00-04:00,6.8354997634887695,6.972499847412109,6.803750038146973,6.897500038146973,6.813596725463867,505776000,0.0,0.0
2018-08-28 00:00:00-04:00,6.891499996185303,6.9145002365112305,6.738249778747559,6.859499931335449,6.776056289672852,475384000,0.0,0.0
2018-08-29 00:00:00-04:00,6.8480000495910645,6.987500190734863,6.827000141143799,6.962250232696533,6.881320476531982,420108000,0.00375,0.0
2018-08-30 00:00:00-04:00,6.930749893188477,7.043000221252441,6.9079999923706055,6.945250034332275,6.864517688751221,346608000,0.0,0.0
2018-08-31 00:00:00-04:00,6.925000190734863,7.03000020980835,6.914999961853027,7.017000198364258,6.935433864593506,306592000,0.0,0.0
2018-09-04 00:00:00-04:00,7.003749847412109,7.130499839782715,6.974999904632568,7.09250020980835,7.010056018829346,391720000,0.0,0.0
2018-09-05 00:00:00-04:00,7.074749946594238,7.110499858856201,6.878749847412109,6.9604997634887695,6.879589557647705,393156000,0.0,0.0
2018-09-06 00:00:00-04:00,6.943999767303467,6.946499824523926,6.784749984741211,6.817999839782715,6.738746643066406,322796000,0.0,0.0
2018-09-07 00:00:00-04:00,6.724999904632568,6.923250198364258,6.679749965667725,6.796500205993652,6.717497825622559,295420000,0.0,0.0
2018-09-10 00:00:00-04:00,6.819250106811523,6.898250102996826,6.775000095367432,6.868249893188477,6.788414001464844,220140000,0.0,0.0
2018-09-11 00:00:00-04:00,6.821499824523926,6.909999847412109,6.80049991607666,6.820000171661377,6.740724086761475,243112000,0.0,0.0
2018-09-12 00:00:00-04:00,6.779749870300293,6.799499988555908,6.547999858856201,6.704999923706055,6.627060413360596,419092000,0.0,0.0
2018-09-13 00:00:00-04:00,6.771500110626221,6.875,6.754000186920166,6.7835001945495605,6.704648494720459,305536000,0.0,0.0
2018-09-14 00:00:00-04:00,6.874750137329102,6.977499961853027,6.837500095367432,6.910749912261963,6.830418109893799,386936000,0.0,0.0
2018-09-17 00:00:00-04:00,6.885000228881836,6.934500217437744,6.828750133514404,6.848249912261963,6.768646240234375,205528000,0.0,0.0
2018-09-18 00:00:00-04:00,6.852250099182129,6.955999851226807,6.768750190734863,6.7754998207092285,6.69674015045166,299520000,0.0,0.0
2018-09-19 00:00:00-04:00,6.756750106811523,6.817500114440918,6.706250190734863,6.799499988555908,6.720462322235107,224860000,0.0,0.0
2018-09-20 00:00:00-04:00,6.676249980926514,6.718999862670898,6.602499961853027,6.6570000648498535,6.579617977142334,430584000,0.0,0.0
2018-09-21 00:00:00-04:00,6.669000148773193,6.715000152587891,6.552750110626221,6.586249828338623,6.509690284729004,435128000,0.0,0.0
2018-09-24 00:00:00-04:00,6.554999828338623,6.645999908447266,6.4670000076293945,6.642499923706055,6.565287113189697,293912000,0.0,0.0
2018-09-25 00:00:00-04:00,6.709249973297119,6.735499858856201,6.6227498054504395,6.710249900817871,6.63224983215332,280388000,0.0,0.0
2018-09-26 00:00:00-04:00,6.715250015258789,6.75600004196167,6.6570000648498535,6.672999858856201,6.595430850982666,268548000,0.0,0.0
2018-09-27 00:00:00-04:00,6.708499908447266,6.730000019073486,6.653250217437744,6.684999942779541,6.607293128967285,214428000,0.0,0.0
2018-09-28 00:00:00-04:00,6.8182501792907715,7.047999858856201,6.789999961853027,7.0254998207092285,6.94383430480957,709396000,0.0,0.0
2018-10-01 00:00:00-04:00,7.104000091552734,7.301499843597412,7.065000057220459,7.234000205993652,7.149909973144531,622060000,0.0,0.0
2018-10-02 00:00:00-04:00,7.206250190734863,7.318999767303467,7.139500141143799,7.1620001792907715,7.078749656677246,383964000,0.0,0.0
2018-10-03 00:00:00-04:00,7.232999801635742,7.240499973297119,7.0632500648498535,7.16825008392334,7.084926605224609,320552000,0.0,0.0
2018-10-04 00:00:00-04:00,7.131750106811523,7.15625,6.9045000076293945,6.982250213623047,6.901087760925293,391220000,0.0,0.0
2018-10-05 00:00:00-04:00,6.957250118255615,7.019999980926514,6.688499927520752,6.746500015258789,6.668078422546387,426636000,0.0,0.0
2018-10-08 00:00:00-04:00,6.662499904632568,6.7789998054504395,6.501999855041504,6.64424991607666,6.567018508911133,408612000,0.0,0.0
2018-10-09 00:00:00-04:00,6.623499870300293,6.718999862670898,6.570000171661377,6.638500213623047,6.561334609985352,273500000,0.0,0.0
2018-10-10 00:00:00-04:00,6.531499862670898,6.577750205993652,6.139999866485596,6.142250061035156,6.070851802825928,684940000,0.0,0.0
2018-10-11 00:00:00-04:00,6.0542497634887695,6.189000129699707,5.856500148773193,5.8782501220703125,5.809920310974121,725436000,0.0,0.0
2018-10-12 00:00:00-04:00,6.137750148773193,6.238500118255615,5.991250038146973,6.16349983215332,6.091855049133301,608236000,0.0,0.0
2018-10-15 00:00:00-04:00,6.150000095367432,6.150000095367432,5.883500099182129,5.884500026702881,5.816098213195801,449760000,0.0,0.0
2018-10-16 00:00:00-04:00,5.9982500076293945,6.1570000648498535,5.948500156402588,6.145750045776367,6.074312210083008,408712000,0.0,0.0
2018-10-17 00:00:00-04:00,6.208499908447266,6.247000217437744,6.0269999504089355,6.076499938964844,6.005866050720215,329668000,0.0,0.0
2018-10-18 00:00:00-04:00,6.146500110626221,6.1852498054504395,5.927249908447266,5.988249778747559,5.918642520904541,524020000,0.0,0.0
2018-10-19 00:00:00-04:00,6.044000148773193,6.06374979019165,5.692500114440918,5.729249954223633,5.662651538848877,613608000,0.0,0.0
2018-10-22 00:00:00-04:00,5.7820000648498535,5.882999897003174,5.676750183105469,5.7804999351501465,5.713308334350586,368844000,0.0,0.0
2018-10-23 00:00:00-04:00,5.510749816894531,5.604750156402588,5.417749881744385,5.526500225067139,5.462258815765381,626436000,0.0,0.0
2018-10-24 00:00:00-04:00,5.487750053405762,5.534749984741211,4.971250057220459,4.985249996185303,4.927300930023193,884288000,0.0,0.0
2018-10-25 00:00:00-04:00,4.886750221252441,5.243750095367432,4.8420000076293945,5.196000099182129,5.1356024742126465,951720000,0.0,0.0
2018-10-26 00:00:00-04:00,4.957749843597412,5.120999813079834,4.828000068664551,4.957250118255615,4.899627685546875,664784000,0.0,0.0
2018-10-29 00:00:00-04:00,5.09975004196167,5.103250026702881,4.40024995803833,4.640500068664551,4.586559772491455,758016000,0.0,0.0
2018-10-30 00:00:00-04:00,4.663750171661377,5.085000038146973,4.640500068664551,5.074999809265137,5.016008377075195,807192000,0.0,0.0
2018-10-31 00:00:00-04:00,5.241250038146973,5.3147501945495605,5.100249767303467,5.270750045776367,5.2094831466674805,745772000,0.0,0.0
2018-11-01 00:00:00-04:00,5.307499885559082,5.462250232696533,5.179749965667725,5.452750205993652,5.389366626739502,566528000,0.0,0.0
2018-11-02 00:00:00-04:00,5.4432501792907715,5.550000190734863,5.255249977111816,5.373000144958496,5.310544013977051,452960000,0.0,0.0
2018-11-05 00:00:00-05:00,5.359749794006348,5.3832502365112305,5.131999969482422,5.294250011444092,5.2327094078063965,379332000,0.0,0.0
2018-11-06 00:00:00-05:00,5.286250114440918,5.371250152587891,5.238999843597412,5.276500225067139,5.215165615081787,299012000,0.0,0.0
2018-11-07 00:00:00-05:00,5.34375,5.4352498054504395,5.2795000076293945,5.344749927520752,5.28262186050415,483812000,0.0,0.0
2018-11-08 00:00:00-05:00,5.284999847412109,5.285749912261963,5.095749855041504,5.149750232696533,5.089888572692871,511352000,0.0,0.0
2018-11-09 00:00:00-05:00,5.059999942779541,5.232999801635742,5.026000022888184,5.141749858856201,5.081981182098389,413240000,0.0,0.0
2018-11-12 00:00:00-05:00,5.049499988555908,5.071750164031982,4.7164998054504395,4.738500118255615,4.6834187507629395,617116000,0.0,0.0
2018-11-13 00:00:00-05:00,4.837250232696533,5.105249881744385,4.830999851226807,4.982749938964844,4.924830436706543,644712000,0.0,0.0
2018-11-14 00:00:00-05:00,5.15749979019165,5.171999931335449,4.8207502365112305,4.929749965667725,4.8724470138549805,526580000,0.0,0.0
2018-11-15 00:00:00-05:00,4.923749923706055,5.132500171661377,4.887499809265137,5.059750080108643,5.0009355545043945,840708000,0.0,0.0
2018-11-16 00:00:00-05:00,4.083000183105469,4.266499996185303,4.040249824523926,4.110750198364258,4.062966346740723,1963520000,0.0,0.0
2018-11-19 00:00:00-05:00,4.044750213623047,4.045499801635742,3.6157500743865967,3.617500066757202,3.5754501819610596,1697820000,0.0,0.0
2018-11-20 00:00:00-05:00,3.3515000343322754,3.8564999103546143,3.332750082015991,3.7269999980926514,3.6836769580841064,1692032000,0.0,0.0
2018-11-21 00:00:00-05:00,3.865499973297119,3.882499933242798,3.590250015258789,3.6177499294281006,3.575697660446167,1025496000,0.0,0.0
2018-11-23 00:00:00-05:00,3.582750082015991,3.7397499084472656,3.5697500705718994,3.625,3.5828630924224854,411968000,0.0,0.0
2018-11-26 00:00:00-05:00,3.7472500801086426,3.836750030517578,3.6640000343322754,3.8262500762939453,3.781773805618286,814832000,0.0,0.0
2018-11-27 00:00:00-05:00,3.799999952316284,3.9252500534057617,3.7637500762939453,3.843250036239624,3.7985763549804688,738060000,0.0,0.0
2018-11-28 00:00:00-05:00,3.9619998931884766,4.006999969482422,3.828249931335449,4.0017499923706055,3.9552340507507324,804524000,0.0,0.0
2018-11-29 00:00:00-05:00,4.0,4.037499904632568,3.9035000801086426,3.934000015258789,3.8921616077423096,549172000,0.004,0.0
2018-11-30 00:00:00-05:00,3.9437499046325684,4.096499919891357,3.8929998874664307,4.085750102996826,4.042296886444092,729564000,0.0,0.0
2018-12-03 00:00:00-05:00,4.315000057220459,4.367000102996826,4.183499813079834,4.250999927520752,4.2057905197143555,890804000,0.0,0.0
2018-12-04 00:00:00-05:00,4.205999851226807,4.210999965667725,3.9124999046325684,3.9277501106262207,3.8859782218933105,812112000,0.0,0.0
2018-12-06 00:00:00-05:00,3.7860000133514404,3.962249994277954,3.770250082015991,3.9572501182556152,3.915163278579712,692308000,0.0,0.0
2018-12-07 00:00:00-05:00,3.9614999294281006,3.971750020980835,3.640500068664551,3.6902499198913574,3.65100359916687,681676000,0.0,0.0
2018-12-10 00:00:00-05:00,3.6449999809265137,3.821500062942505,3.641249895095825,3.7964999675750732,3.7561235427856445,629472000,0.0,0.0
2018-12-11 00:00:00-05:00,3.8889999389648438,3.897249937057495,3.625,3.7047500610351562,3.6653497219085693,671912000,0.0,0.0
2018-12-12 00:00:00-05:00,3.7105000019073486,3.819499969482422,3.620500087738037,3.7225000858306885,3.682910203933716,654136000,0.0,0.0
2018-12-13 00:00:00-05:00,3.7697501182556152,3.8345000743865967,3.686000108718872,3.722249984741211,3.682663917541504,471384000,0.0,0.0
2018-12-14 00:00:00-05:00,3.6802499294281006,3.7647500038146973,3.637500047683716,3.661250114440918,3.622312307357788,471820000,0.0,0.0
2018-12-17 00:00:00-05:00,3.63100004196167,3.703749895095825,3.5309998989105225,3.5894999504089355,3.5513250827789307,662868000,0.0,0.0
2018-12-18 00:00:00-05:00,3.6337499618530273,3.7582499980926514,3.606250047683716,3.6735000610351562,3.634431838989258,564372000,0.0,0.0
2018-12-19 00:00:00-05:00,3.6394999027252197,3.69350004196167,3.410749912261963,3.46274995803833,3.4259235858917236,745364000,0.0,0.0
2018-12-20 00:00:00-05:00,3.4542500972747803,3.5450000762939453,3.3172500133514404,3.377500057220459,3.341580390930176,749588000,0.0,0.0
2018-12-21 00:00:00-05:00,3.404249906539917,3.4375,3.2114999294281006,3.2392499446868896,3.204800605773926,863740000,0.0,0.0
2018-12-24 00:00:00-05:00,3.16225004196167,3.249500036239624,3.112499952316284,3.177000045776367,3.14321231842041,463840000,0.0,0.0
2018-12-26 00:00:00-05:00,3.2235000133514404,3.3285000324249268,3.1115000247955322,3.327500104904175,3.292111873626709,695100000,0.0,0.0
2018-12-27 00:00:00-05:00,3.274749994277954,3.309499979019165,3.129499912261963,3.279249906539917,3.2443737983703613,637044000,0.0,0.0
2018-12-28 00:00:00-05:00,3.299999952316284,3.4347500801086426,3.2577500343322754,3.341249942779541,3.305715322494507,628728000,0.0,0.0
2018-12-31 00:00:00-05:00,3.384999990463257,3.4177498817443848,3.30649995803833,3.3375000953674316,3.3020052909851074,465140000,0.0,0.0
2019-01-02 00:00:00-05:00,3.2660000324249268,3.4619998931884766,3.2512500286102295,3.4054999351501465,3.3692824840545654,508752000,0.0,0.0
2019-01-03 00:00:00-05:00,3.344749927520752,3.378999948501587,3.1922500133514404,3.1997499465942383,3.1657204627990723,705552000,0.0,0.0
2019-01-04 00:00:00-05:00,3.2734999656677246,3.4432499408721924,3.242500066757202,3.404750108718872,3.3685407638549805,585620000,0.0,0.0
2019-01-07 00:00:00-05:00,3.4625000953674316,3.6222500801086426,3.410749912261963,3.5850000381469727,3.546873092651367,709160000,0.0,0.0
2019-01-08 00:00:00-05:00,3.667249917984009,3.6695001125335693,3.422499895095825,3.4957499504089355,3.4585719108581543,786016000,0.0,0.0
2019-01-09 00:00:00-05:00,3.547499895095825,3.6122500896453857,3.496500015258789,3.564500093460083,3.526592254638672,617260000,0.0,0.0
2019-01-10 00:00:00-05:00,3.5450000762939453,3.6394999027252197,3.4839999675750732,3.6307499408721924,3.5921361446380615,523156000,0.0,0.0
2019-01-11 00:00:00-05:00,3.6082499027252197,3.7437500953674316,3.5802500247955322,3.720750093460083,3.6811795234680176,874764000,0.0,0.0
2019-01-14 00:00:00-05:00,3.6679999828338623,3.7864999771118164,3.64424991607666,3.760999917984009,3.721001148223877,730168000,0.0,0.0
2019-01-15 00:00:00-05:00,3.7939999103546143,3.833750009536743,3.728250026702881,3.7467501163482666,3.7069027423858643,617012000,0.0,0.0
2019-01-16 00:00:00-05:00,3.774250030517578,3.807499885559082,3.7155001163482666,3.7209999561309814,3.681427478790283,470104000,0.0,0.0
2019-01-17 00:00:00-05:00,3.6877501010894775,3.833250045776367,3.660249948501587,3.7929999828338623,3.7526614665985107,493436000,0.0,0.0
2019-01-18 00:00:00-05:00,3.843250036239624,3.94950008392334,3.791249990463257,3.9232499599456787,3.881525754928589,651336000,0.0,0.0
2019-01-22 00:00:00-05:00,3.8927500247955322,3.9045000076293945,3.6887500286102295,3.719249963760376,3.679694890975952,661552000,0.0,0.0
2019-01-23 00:00:00-05:00,3.7750000953674316,3.864500045776367,3.7007501125335693,3.7322499752044678,3.6925575733184814,591020000,0.0,0.0
2019-01-24 00:00:00-05:00,3.817500114440918,3.963749885559082,3.8127501010894775,3.946000099182129,3.904033899307251,708972000,0.0,0.0
2019-01-25 00:00:00-05:00,3.885999917984009,4.021999835968018,3.7825000286102295,4.003749847412109,3.9611690044403076,1154572000,0.0,0.0
2019-01-28 00:00:00-05:00,3.413749933242798,3.5409998893737793,3.2750000953674316,3.4502499103546143,3.41355562210083,2511528000,0.0,0.0
2019-01-29 00:00:00-05:00,3.403749942779541,3.452500104904175,3.27524995803833,3.2899999618530273,3.2550106048583984,1153932000,0.0,0.0
2019-01-30 00:00:00-05:00,3.3667500019073486,3.4492499828338623,3.2864999771118164,3.4347500801086426,3.398221254348755,974228000,0.0,0.0
2019-01-31 00:00:00-05:00,3.43149995803833,3.6297500133514404,3.4094998836517334,3.59375,3.555530071258545,842852000,0.0,0.0
2019-02-01 00:00:00-05:00,3.612499952316284,3.6697499752044678,3.564500093460083,3.6182498931884766,3.5797691345214844,625048000,0.0,0.0
2019-02-04 00:00:00-05:00,3.6342499256134033,3.7669999599456787,3.611999988555908,3.7295000553131104,3.6898372173309326,528592000,0.0,0.0
2019-02-05 00:00:00-05:00,3.741499900817871,3.785749912261963,3.7074999809265137,3.7487499713897705,3.708881139755249,542424000,0.0,0.0
2019-02-06 00:00:00-05:00,3.782249927520752,3.890000104904175,3.776750087738037,3.825000047683716,3.78432035446167,702464000,0.0,0.0
2019-02-07 00:00:00-05:00,3.778249979019165,3.7804999351501465,3.6422500610351562,3.685499906539917,3.646304130554199,637120000,0.0,0.0
2019-02-08 00:00:00-05:00,3.6177499294281006,3.7149999141693115,3.603250026702881,3.7042500972747803,3.6648550033569336,461604000,0.0,0.0
2019-02-11 00:00:00-05:00,3.659749984741211,3.7144999504089355,3.612499952316284,3.661250114440918,3.622312307357788,495180000,0.0,0.0
2019-02-12 00:00:00-05:00,3.700000047683716,3.7950000762939453,3.685499906539917,3.779249906539917,3.7390575408935547,591060000,0.0,0.0
2019-02-13 00:00:00-05:00,3.809000015258789,3.895750045776367,3.7952499389648438,3.822000026702881,3.7813525199890137,605372000,0.0,0.0
2019-02-14 00:00:00-05:00,3.821000099182129,3.8917500972747803,3.7774999141693115,3.8632500171661377,3.8221633434295654,827264000,0.0,0.0
2019-02-15 00:00:00-05:00,4.073750019073486,4.096749782562256,3.9105000495910645,3.933500051498413,3.891667127609253,1516748000,0.0,0.0
2019-02-19 00:00:00-05:00,3.9227499961853027,3.9972500801086426,3.9035000801086426,3.9159998893737793,3.8743529319763184,551892000,0.0,0.0
2019-02-20 00:00:00-05:00,3.945499897003174,4.031499862670898,3.9342501163482666,3.963749885559082,3.9215948581695557,540988000,0.0,0.0
2019-02-21 00:00:00-05:00,3.9765000343322754,4.00124979019165,3.879499912261963,3.89424991607666,3.852834701538086,448548000,0.0,0.0
2019-02-22 00:00:00-05:00,3.946500062942505,3.9987499713897705,3.9327499866485596,3.979749917984009,3.937425374984741,401740000,0.0,0.0
2019-02-25 00:00:00-05:00,4.064000129699707,4.131999969482422,3.9584999084472656,3.967250108718872,3.925058126449585,656020000,0.0,0.0
2019-02-26 00:00:00-05:00,3.9625000953674316,4.019000053405762,3.893749952316284,3.927500009536743,3.885730504989624,488464000,0.0,0.0
2019-02-27 00:00:00-05:00,3.9130001068115234,3.9397499561309814,3.8277499675750732,3.8852500915527344,3.843930244445801,500256000,0.0,0.0
2019-02-28 00:00:00-05:00,3.875,3.8975000381469727,3.8340001106262207,3.8564999103546143,3.819418430328369,324944000,0.004,0.0
2019-03-01 00:00:00-05:00,3.906749963760376,3.953749895095825,3.8480000495910645,3.911250114440918,3.8736414909362793,357188000,0.0,0.0
2019-03-04 00:00:00-05:00,3.950000047683716,3.9730000495910645,3.862499952316284,3.9195001125335693,3.8818116188049316,409992000,0.0,0.0
2019-03-05 00:00:00-05:00,3.903749942779541,3.9514999389648438,3.8489999771118164,3.9130001068115234,3.875375270843506,362924000,0.0,0.0
2019-03-06 00:00:00-05:00,3.9040000438690186,3.9124999046325684,3.7985000610351562,3.8012499809265137,3.764699697494507,403524000,0.0,0.0
2019-03-07 00:00:00-05:00,3.7774999141693115,3.78725004196167,3.684999942779541,3.7314999103546143,3.6956193447113037,450104000,0.0,0.0
2019-03-08 00:00:00-05:00,3.6414999961853027,3.776750087738037,3.619999885559082,3.7660000324249268,3.729788064956665,422416000,0.0,0.0
2019-03-11 00:00:00-04:00,3.789750099182129,4.051499843597412,3.7422499656677246,4.028500080108643,3.98976469039917,859728000,0.0,0.0
2019-03-12 00:00:00-04:00,4.05649995803833,4.109749794006348,3.979749917984009,4.063000202178955,4.023932933807373,579576000,0.0,0.0
2019-03-13 00:00:00-04:00,4.100749969482422,4.244999885559082,4.093249797821045,4.2154998779296875,4.174966335296631,768900000,0.0,0.0
2019-03-14 00:00:00-04:00,4.22475004196167,4.23675012588501,4.131249904632568,4.138999938964844,4.0992021560668945,519384000,0.0,0.0
2019-03-15 00:00:00-04:00,4.182499885559082,4.288249969482422,4.178999900817871,4.245250225067139,4.20443058013916,661484000,0.0,0.0
2019-03-18 00:00:00-04:00,4.2769999504089355,4.331250190734863,4.196499824523926,4.223750114440918,4.183136463165283,486992000,0.0,0.0
2019-03-19 00:00:00-04:00,4.318999767303467,4.4375,4.302000045776367,4.392749786376953,4.350510597229004,854972000,0.0,0.0
2019-03-20 00:00:00-04:00,4.421999931335449,4.475749969482422,4.324999809265137,4.360000133514404,4.318077087402344,719148000,0.0,0.0
2019-03-21 00:00:00-04:00,4.3832502365112305,4.625,4.3782501220703125,4.598499774932861,4.5542826652526855,824312000,0.0,0.0
2019-03-22 00:00:00-04:00,4.571000099182129,4.619999885559082,4.423500061035156,4.4375,4.39483118057251,747644000,0.0,0.0
2019-03-25 00:00:00-04:00,4.396500110626221,4.461249828338623,4.277750015258789,4.3445000648498535,4.302726745605469,525212000,0.0,0.0
2019-03-26 00:00:00-04:00,4.487249851226807,4.543749809265137,4.364999771118164,4.421750068664551,4.379232883453369,703508000,0.0,0.0
2019-03-27 00:00:00-04:00,4.447500228881836,4.4942498207092285,4.34250020980835,4.412499904632568,4.370071887969971,474372000,0.0,0.0
2019-03-28 00:00:00-04:00,4.43874979019165,4.497499942779541,4.377749919891357,4.431250095367432,4.388641357421875,480264000,0.0,0.0
2019-03-29 00:00:00-04:00,4.498499870300293,4.513500213623047,4.447750091552734,4.488999843597412,4.445836067199707,456896000,0.0,0.0
2019-04-01 00:00:00-04:00,4.581500053405762,4.587500095367432,4.509250164031982,4.557000160217285,4.513182163238525,483824000,0.0,0.0
2019-04-02 00:00:00-04:00,4.581250190734863,4.619750022888184,4.538000106811523,4.574999809265137,4.531009197235107,440920000,0.0,0.0
2019-04-03 00:00:00-04:00,4.625,4.775000095367432,4.619999885559082,4.7154998779296875,4.670158386230469,783504000,0.0,0.0
2019-04-04 00:00:00-04:00,4.699999809265137,4.7492499351501465,4.643249988555908,4.706500053405762,4.661245346069336,457376000,0.0,0.0
2019-04-05 00:00:00-04:00,4.75,4.791250228881836,4.713250160217285,4.773749828338623,4.727848529815674,481744000,0.0,0.0
2019-04-08 00:00:00-04:00,4.743000030517578,4.820000171661377,4.71875,4.794750213623047,4.748648166656494,424192000,0.0,0.0
2019-04-09 00:00:00-04:00,4.761000156402588,4.772250175476074,4.689000129699707,4.731500148773193,4.686005592346191,439972000,0.0,0.0
2019-04-10 00:00:00-04:00,4.73075008392334,4.828499794006348,4.726250171661377,4.802499771118164,4.756322383880615,444772000,0.0,0.0
2019-04-11 00:00:00-04:00,4.804999828338623,4.836750030517578,4.738749980926514,4.78849983215332,4.742457389831543,374600000,0.0,0.0
2019-04-12 00:00:00-04:00,4.827499866485596,4.831500053405762,4.741499900817871,4.750249862670898,4.7045745849609375,471708000,0.0,0.0
2019-04-15 00:00:00-04:00,4.742499828338623,4.747499942779541,4.577499866485596,4.617499828338623,4.573099136352539,440092000,0.0,0.0
2019-04-16 00:00:00-04:00,4.6570000648498535,4.724249839782715,4.624000072479248,4.705249786376953,4.660006999969482,394964000,0.0,0.0
2019-04-17 00:00:00-04:00,4.740499973297119,4.761499881744385,4.659749984741211,4.682250022888184,4.637228488922119,351004000,0.0,0.0
2019-04-18 00:00:00-04:00,4.689000129699707,4.723249912261963,4.629499912261963,4.65749979019165,4.6127142906188965,380988000,0.0,0.0
2019-04-22 00:00:00-04:00,4.633749961853027,4.727499961853027,4.6020002365112305,4.711750030517578,4.666444301605225,279936000,0.0,0.0
2019-04-23 00:00:00-04:00,4.724999904632568,4.798250198364258,4.715250015258789,4.766749858856201,4.720915794372559,346856000,0.0,0.0
2019-04-24 00:00:00-04:00,4.777249813079834,4.820250034332275,4.716000080108643,4.779250144958496,4.73329496383667,318204000,0.0,0.0
2019-04-25 00:00:00-04:00,4.738749980926514,4.761250019073486,4.59250020980835,4.672749996185303,4.627820014953613,499296000,0.0,0.0
2019-04-26 00:00:00-04:00,4.517749786376953,4.522250175476074,4.332499980926514,4.452250003814697,4.409438610076904,868988000,0.0,0.0
2019-04-29 00:00:00-04:00,4.460249900817871,4.511250019073486,4.387499809265137,4.483250141143799,4.44014310836792,391920000,0.0,0.0
2019-04-30 00:00:00-04:00,4.45074987411499,4.550749778747559,4.43149995803833,4.525000095367432,4.481490135192871,362920000,0.0,0.0
2019-05-01 00:00:00-04:00,4.577750205993652,4.620250225067139,4.511499881744385,4.511750221252441,4.468367576599121,354280000,0.0,0.0
2019-05-02 00:00:00-04:00,4.521500110626221,4.6217498779296875,4.478000164031982,4.579750061035156,4.535714149475098,394684000,0.0,0.0
2019-05-03 00:00:00-04:00,4.588250160217285,4.598249912261963,4.51324987411499,4.575250148773193,4.531256675720215,336824000,0.0,0.0
2019-05-06 00:00:00-04:00,4.387499809265137,4.508500099182129,4.349999904632568,4.496250152587891,4.453016757965088,422176000,0.0,0.0
2019-05-07 00:00:00-04:00,4.447500228881836,4.447500228881836,4.279250144958496,4.327750205993652,4.286135673522949,555220000,0.0,0.0
2019-05-08 00:00:00-04:00,4.300000190734863,4.428750038146973,4.288000106811523,4.3480000495910645,4.306191921234131,419168000,0.0,0.0
2019-05-09 00:00:00-04:00,4.278500080108643,4.288249969482422,4.135000228881836,4.254749774932861,4.213840484619141,660248000,0.0,0.0
2019-05-10 00:00:00-04:00,4.223750114440918,4.289750099182129,4.099999904632568,4.2204999923706055,4.179917812347412,569500000,0.0,0.0
2019-05-13 00:00:00-04:00,4.087500095367432,4.110750198364258,3.9452500343322754,3.961250066757202,3.9231605529785156,656912000,0.0,0.0
2019-05-14 00:00:00-04:00,4.00124979019165,4.08650016784668,3.962249994277954,4.051000118255615,4.012047290802002,524880000,0.0,0.0
2019-05-15 00:00:00-04:00,3.994999885559082,4.026249885559082,3.9352500438690186,3.989500045776367,3.951139450073242,502320000,0.0,0.0
2019-05-16 00:00:00-04:00,3.9839999675750732,4.047749996185303,3.9412500858306885,4.004749774932861,3.966242790222168,781088000,0.0,0.0
2019-05-17 00:00:00-04:00,3.9625000953674316,4.092750072479248,3.873500108718872,3.913249969482422,3.8756234645843506,1022068000,0.0,0.0
2019-05-20 00:00:00-04:00,3.8137500286102295,3.8692500591278076,3.768749952316284,3.793750047683716,3.7572710514068604,572064000,0.0,0.0
2019-05-21 00:00:00-04:00,3.8550000190734863,3.8924999237060547,3.815999984741211,3.876499891281128,3.8392252922058105,361848000,0.0,0.0
2019-05-22 00:00:00-04:00,3.8375000953674316,3.8637499809265137,3.7939999103546143,3.805000066757202,3.7684133052825928,325868000,0.0,0.0
2019-05-23 00:00:00-04:00,3.7422499656677246,3.7422499656677246,3.6227500438690186,3.683000087738037,3.6475863456726074,591844000,0.0,0.0
2019-05-24 00:00:00-04:00,3.7019999027252197,3.737499952316284,3.621999979019165,3.6287500858306885,3.593858480453491,357584000,0.0,0.0
2019-05-28 00:00:00-04:00,3.6465001106262207,3.679500102996826,3.581249952316284,3.583250045776367,3.548795223236084,428356000,0.0,0.0
2019-05-29 00:00:00-04:00,3.535249948501587,3.570499897003174,3.4735000133514404,3.508500099182129,3.474764108657837,559800000,0.0,0.0
2019-05-30 00:00:00-04:00,3.5077500343322754,3.543750047683716,3.4392499923706055,3.477750062942505,3.4482412338256836,394300000,0.004,0.0
2019-05-31 00:00:00-04:00,3.428499937057495,3.4962499141693115,3.3847498893737793,3.3864998817443848,3.3577654361724854,389720000,0.0,0.0
2019-06-03 00:00:00-04:00,3.397749900817871,3.4367499351501465,3.315000057220459,3.3445000648498535,3.3161227703094482,478644000,0.0,0.0
2019-06-04 00:00:00-04:00,3.4089999198913574,3.5802500247955322,3.3867499828338623,3.575000047683716,3.544666051864624,641836000,0.0,0.0
2019-06-05 00:00:00-04:00,3.649250030517578,3.654750108718872,3.495500087738037,3.5320000648498535,3.502030372619629,511616000,0.0,0.0
2019-06-06 00:00:00-04:00,3.536250114440918,3.6192500591278076,3.533750057220459,3.5945000648498535,3.5640006065368652,408140000,0.0,0.0
2019-06-07 00:00:00-04:00,3.6005001068115234,3.671999931335449,3.581249952316284,3.637500047683716,3.606635570526123,348856000,0.0,0.0
2019-06-10 00:00:00-04:00,3.694000005722046,3.779750108718872,3.694000005722046,3.710750102996826,3.6792640686035156,402780000,0.0,0.0
2019-06-11 00:00:00-04:00,3.7709999084472656,3.809000015258789,3.7290000915527344,3.768749952316284,3.7367725372314453,383872000,0.0,0.0
2019-06-12 00:00:00-04:00,3.7249999046325684,3.731250047683716,3.6397500038146973,3.6549999713897705,3.62398624420166,358892000,0.0,0.0
2019-06-13 00:00:00-04:00,3.6772499084472656,3.7249999046325684,3.6594998836517334,3.7065000534057617,3.6750502586364746,308080000,0.0,0.0
2019-06-14 00:00:00-04:00,3.6127500534057617,3.6372499465942383,3.571000099182129,3.615999937057495,3.585317611694336,394428000,0.0,0.0
2019-06-17 00:00:00-04:00,3.6142499446868896,3.6630001068115234,3.591249942779541,3.6257500648498535,3.594985246658325,276040000,0.0,0.0
2019-06-18 00:00:00-04:00,3.6875,3.8777499198913574,3.676500082015991,3.822000026702881,3.7895700931549072,581920000,0.0,0.0
2019-06-19 00:00:00-04:00,3.8575000762939453,3.86899995803833,3.8017499446868896,3.828000068664551,3.7955195903778076,331644000,0.0,0.0
2019-06-20 00:00:00-04:00,3.919250011444092,3.9332499504089355,3.8380000591278076,3.8524999618530273,3.8198115825653076,350168000,0.0,0.0
2019-06-21 00:00:00-04:00,3.8375000953674316,3.88700008392334,3.7874999046325684,3.7939999103546143,3.761807441711426,434428000,0.0,0.0
2019-06-24 00:00:00-04:00,3.815500020980835,3.846250057220459,3.7679998874664307,3.816499948501587,3.784116506576538,282948000,0.0,0.0
2019-06-25 00:00:00-04:00,3.821500062942505,3.8970000743865967,3.784250020980835,3.7869999408721924,3.7548668384552,311868000,0.0,0.0
2019-06-26 00:00:00-04:00,3.915250062942505,4.043000221252441,3.902250051498413,3.9814999103546143,3.94771671295166,584072000,0.0,0.0
2019-06-27 00:00:00-04:00,4.067749977111816,4.099999904632568,4.031499862670898,4.080749988555908,4.0461249351501465,445440000,0.0,0.0
2019-06-28 00:00:00-04:00,4.125,4.134250164031982,4.058750152587891,4.10575008392334,4.070913791656494,397668000,0.0,0.0
2019-07-01 00:00:00-04:00,4.3142499923706055,4.348750114440918,4.116499900817871,4.154250144958496,4.119001388549805,709756000,0.0,0.0
2019-07-02 00:00:00-04:00,4.137499809265137,4.158750057220459,4.042500019073486,4.055749893188477,4.021337032318115,400228000,0.0,0.0
2019-07-03 00:00:00-04:00,4.079249858856201,4.085000038146973,4.008500099182129,4.068749904632568,4.0342254638671875,246636000,0.0,0.0
2019-07-05 00:00:00-04:00,4.010000228881836,4.014500141143799,3.941999912261963,4.0057501792907715,3.971761703491211,396552000,0.0,0.0
2019-07-08 00:00:00-04:00,3.9457499980926514,3.964750051498413,3.9000000953674316,3.9302499294281006,3.896901845932007,329788000,0.0,0.0
2019-07-09 00:00:00-04:00,3.8877499103546143,3.9609999656677246,3.875,3.9327499866485596,3.8993802070617676,342860000,0.0,0.0
2019-07-10 00:00:00-04:00,3.9765000343322754,4.0592498779296875,3.9625000953674316,4.001500129699707,3.9675471782684326,452076000,0.0,0.0
2019-07-11 00:00:00-04:00,4.074999809265137,4.197999954223633,4.037499904632568,4.1570000648498535,4.121728420257568,682560000,0.0,0.0
2019-07-12 00:00:00-04:00,4.184999942779541,4.261750221252441,4.184999942779541,4.190249919891357,4.154694080352783,506392000,0.0,0.0
2019-07-15 00:00:00-04:00,4.21150016784668,4.227749824523926,4.153250217437744,4.1817498207092285,4.146268367767334,289840000,0.0,0.0
2019-07-16 00:00:00-04:00,4.166749954223633,4.204249858856201,4.120999813079834,4.177000045776367,4.141558647155762,341444000,0.0,0.0
2019-07-17 00:00:00-04:00,4.178750038146973,4.249750137329102,4.149250030517578,4.24275016784668,4.206750392913818,348204000,0.0,0.0
2019-07-18 00:00:00-04:00,4.2532501220703125,4.317749977111816,4.196249961853027,4.254499912261963,4.218400001525879,442192000,0.0,0.0
2019-07-19 00:00:00-04:00,4.293000221252441,4.299499988555908,4.204999923706055,4.210999965667725,4.175270080566406,344896000,0.0,0.0
2019-07-22 00:00:00-04:00,4.232500076293945,4.296000003814697,4.224999904632568,4.2829999923706055,4.246659278869629,315940000,0.0,0.0
2019-07-23 00:00:00-04:00,4.322500228881836,4.393499851226807,4.3067498207092285,4.391499996185303,4.354238986968994,428176000,0.0,0.0
2019-07-24 00:00:00-04:00,4.434999942779541,4.472249984741211,4.358500003814697,4.4664998054504395,4.428601264953613,366236000,0.0,0.0
2019-07-25 00:00:00-04:00,4.424749851226807,4.4375,4.310999870300293,4.334499835968018,4.2977213859558105,392700000,0.0,0.0
2019-07-26 00:00:00-04:00,4.36175012588501,4.423749923706055,4.36175012588501,4.3767499923706055,4.33961296081543,274160000,0.0,0.0
2019-07-29 00:00:00-04:00,4.369500160217285,4.386750221252441,4.281750202178955,4.370500087738037,4.333415508270264,248160000,0.0,0.0
2019-07-30 00:00:00-04:00,4.323750019073486,4.398499965667725,4.3092498779296875,4.386250019073486,4.349033832550049,197772000,0.0,0.0
2019-07-31 00:00:00-04:00,4.354499816894531,4.355500221252441,4.17549991607666,4.2179999351501465,4.182210445404053,359416000,0.0,0.0
2019-08-01 00:00:00-04:00,4.228499889373779,4.319499969482422,4.070499897003174,4.123000144958496,4.088016510009766,421212000,0.0,0.0
2019-08-02 00:00:00-04:00,4.029749870300293,4.0995001792907715,3.9820001125335693,4.029749870300293,3.9955577850341797,428348000,0.0,0.0
2019-08-05 00:00:00-04:00,3.8450000286102295,3.846250057220459,3.7225000858306885,3.7697501182556152,3.7377638816833496,589156000,0.0,0.0
2019-08-06 00:00:00-04:00,3.8450000286102295,3.890749931335449,3.7607500553131104,3.8087499141693115,3.7764320373535156,361272000,0.0,0.0
2019-08-07 00:00:00-04:00,3.747499942779541,3.859250068664551,3.7300000190734863,3.847249984741211,3.8146064281463623,372560000,0.0,0.0
2019-08-08 00:00:00-04:00,3.905250072479248,3.957750082015991,3.8475000858306885,3.9565000534057617,3.92292857170105,309300000,0.0,0.0
2019-08-09 00:00:00-04:00,3.915250062942505,3.918750047683716,3.8037500381469727,3.8545000553131104,3.8217945098876953,341816000,0.0,0.0
2019-08-12 00:00:00-04:00,3.802000045776367,3.8545000553131104,3.7642500400543213,3.786250114440918,3.7541232109069824,279200000,0.0,0.0
2019-08-13 00:00:00-04:00,3.784749984741211,3.947499990463257,3.745500087738037,3.901249885559082,3.868147611618042,351956000,0.0,0.0
2019-08-14 00:00:00-04:00,3.8125,3.8237500190734863,3.707750082015991,3.7517499923706055,3.719916582107544,419880000,0.0,0.0
2019-08-15 00:00:00-04:00,3.770750045776367,3.790750026702881,3.6847500801086426,3.719249963760376,3.6876919269561768,477200000,0.0,0.0
2019-08-16 00:00:00-04:00,3.983750104904175,4.03849983215332,3.921999931335449,3.989000082015991,3.955152988433838,1007960000,0.0,0.0
2019-08-19 00:00:00-04:00,4.103000164031982,4.2855000495910645,4.086750030517578,4.269499778747559,4.233273029327393,815112000,0.0,0.0
2019-08-20 00:00:00-04:00,4.263999938964844,4.264500141143799,4.17549991607666,4.196750164031982,4.161139965057373,463188000,0.0,0.0
2019-08-21 00:00:00-04:00,4.26324987411499,4.336249828338623,4.241499900817871,4.280749797821045,4.244427680969238,427244000,0.0,0.0
2019-08-22 00:00:00-04:00,4.290500164031982,4.333250045776367,4.247499942779541,4.2870001792907715,4.250624656677246,303488000,0.0,0.0
2019-08-23 00:00:00-04:00,4.210000038146973,4.264750003814697,4.040999889373779,4.060999870300293,4.026542663574219,568056000,0.0,0.0
2019-08-26 00:00:00-04:00,4.140250205993652,4.1645002365112305,4.097750186920166,4.136250019073486,4.10115385055542,318208000,0.0,0.0
2019-08-27 00:00:00-04:00,4.174749851226807,4.177499771118164,4.015500068664551,4.045000076293945,4.010679244995117,290968000,0.0,0.0
2019-08-28 00:00:00-04:00,4.014500141143799,4.083499908447266,3.9749999046325684,4.0304999351501465,4.000257968902588,255612000,0.004,0.0
2019-08-29 00:00:00-04:00,4.122499942779541,4.207499980926514,4.11899995803833,4.175000190734863,4.143672466278076,357976000,0.0,0.0
2019-08-30 00:00:00-04:00,4.221499919891357,4.271500110626221,4.16949987411499,4.187749862670898,4.156326770782471,290616000,0.0,0.0
2019-09-03 00:00:00-04:00,4.114500045776367,4.147749900817871,4.081250190734863,4.104249954223633,4.073453903198242,296140000,0.0,0.0
2019-09-04 00:00:00-04:00,4.165249824523926,4.226500034332275,4.165249824523926,4.218999862670898,4.187342643737793,227728000,0.0,0.0
2019-09-05 00:00:00-04:00,4.321750164031982,4.499750137329102,4.320000171661377,4.493500232696533,4.459782123565674,695676000,0.0,0.0
2019-09-06 00:00:00-04:00,4.46999979019165,4.527249813079834,4.427999973297119,4.466249942779541,4.432736873626709,376976000,0.0,0.0
2019-09-09 00:00:00-04:00,4.497499942779541,4.5995001792907715,4.495999813079834,4.512499809265137,4.478639602661133,417524000,0.0,0.0
2019-09-10 00:00:00-04:00,4.479499816894531,4.606249809265137,4.469749927520752,4.579500198364258,4.545137882232666,352812000,0.0,0.0
2019-09-11 00:00:00-04:00,4.594250202178955,4.656750202178955,4.565000057220459,4.608250141143799,4.573671817779541,361512000,0.0,0.0
2019-09-12 00:00:00-04:00,4.65500020980835,4.710000038146973,4.598750114440918,4.606750011444092,4.5721821784973145,327840000,0.0,0.0
2019-09-13 00:00:00-04:00,4.539750099182129,4.577000141143799,4.504499912261963,4.548500061035156,4.514369964599609,324592000,0.0,0.0
2019-09-16 00:00:00-04:00,4.4730000495910645,4.539999961853027,4.462500095367432,4.505249977111816,4.471444129943848,231832000,0.0,0.0
2019-09-17 00:00:00-04:00,4.51200008392334,4.531000137329102,4.465250015258789,4.526750087738037,4.49278450012207,223048000,0.0,0.0
2019-09-18 00:00:00-04:00,4.519750118255615,4.5355000495910645,4.412499904632568,4.499499797821045,4.465738773345947,258152000,0.0,0.0
2019-09-19 00:00:00-04:00,4.505499839782715,4.52400016784668,4.412749767303467,4.423500061035156,4.390308380126953,245476000,0.0,0.0
2019-09-20 00:00:00-04:00,4.422500133514404,4.446249961853027,4.307000160217285,4.317249774932861,4.284855842590332,350244000,0.0,0.0
2019-09-23 00:00:00-04:00,4.317500114440918,4.416749954223633,4.31374979019165,4.370999813079834,4.33820104598999,249712000,0.0,0.0
2019-09-24 00:00:00-04:00,4.402500152587891,4.432250022888184,4.277500152587891,4.3132500648498535,4.280885696411133,317268000,0.0,0.0
2019-09-25 00:00:00-04:00,4.312749862670898,4.475500106811523,4.267749786376953,4.455749988555908,4.422316551208496,308432000,0.0,0.0
2019-09-26 00:00:00-04:00,4.446000099182129,4.454750061035156,4.38224983215332,4.433499813079834,4.400232791900635,234564000,0.0,0.0
2019-09-27 00:00:00-04:00,4.391499996185303,4.442500114440918,4.232999801635742,4.294000148773193,4.261780738830566,362056000,0.0,0.0
2019-09-30 00:00:00-04:00,4.320000171661377,4.361999988555908,4.28849983215332,4.351749897003174,4.319095611572266,186184000,0.0,0.0
2019-10-01 00:00:00-04:00,4.375,4.525000095367432,4.345250129699707,4.349999904632568,4.31735897064209,366008000,0.0,0.0
2019-10-02 00:00:00-04:00,4.328000068664551,4.340000152587891,4.2532501220703125,4.326000213623047,4.293539524078369,293372000,0.0,0.0
2019-10-03 00:00:00-04:00,4.33050012588501,4.539000034332275,4.300000190734863,4.532750129699707,4.498737812042236,450588000,0.0,0.0
2019-10-04 00:00:00-04:00,4.534999847412109,4.578750133514404,4.4695000648498535,4.54925012588501,4.515113830566406,265524000,0.0,0.0
2019-10-07 00:00:00-04:00,4.614500045776367,4.708499908447266,4.60575008392334,4.608250141143799,4.573671817779541,480984000,0.0,0.0
2019-10-08 00:00:00-04:00,4.515999794006348,4.515999794006348,4.412499904632568,4.430749893188477,4.39750337600708,444436000,0.0,0.0
2019-10-09 00:00:00-04:00,4.507999897003174,4.567500114440918,4.479000091552734,4.517749786376953,4.483850002288818,292412000,0.0,0.0
2019-10-10 00:00:00-04:00,4.515500068664551,4.626999855041504,4.510250091552734,4.57574987411499,4.541416168212891,309124000,0.0,0.0
2019-10-11 00:00:00-04:00,4.660250186920166,4.733500003814697,4.641250133514404,4.649750232696533,4.6148600578308105,446404000,0.0,0.0
2019-10-14 00:00:00-04:00,4.640999794006348,4.6842498779296875,4.609749794006348,4.663249969482422,4.628259181976318,200040000,0.0,0.0
2019-10-15 00:00:00-04:00,4.754000186920166,4.982250213623047,4.739999771118164,4.909249782562256,4.87241268157959,664124000,0.0,0.0
2019-10-16 00:00:00-04:00,4.875,4.980500221252441,4.84375,4.855249881744385,4.818817615509033,428944000,0.0,0.0
2019-10-17 00:00:00-04:00,4.900000095367432,4.945250034332275,4.802499771118164,4.857250213623047,4.820802688598633,263436000,0.0,0.0
2019-10-18 00:00:00-04:00,4.857749938964844,4.890500068664551,4.6875,4.762249946594238,4.726515769958496,307440000,0.0,0.0
2019-10-21 00:00:00-04:00,4.823999881744385,4.913750171661377,4.804999828338623,4.90024995803833,4.863481521606445,261868000,0.0,0.0
2019-10-22 00:00:00-04:00,4.957499980926514,5.0632500648498535,4.882500171661377,4.890250205993652,4.853554725646973,328720000,0.0,0.0
2019-10-23 00:00:00-04:00,4.807750225067139,4.891499996185303,4.775750160217285,4.8772501945495605,4.840652942657471,279916000,0.0,0.0
2019-10-24 00:00:00-04:00,4.918749809265137,4.955249786376953,4.884500026702881,4.921500205993652,4.8845720291137695,232020000,0.0,0.0
2019-10-25 00:00:00-04:00,5.002500057220459,5.134500026702881,4.994750022888184,5.113500118255615,5.075130462646484,423092000,0.0,0.0
2019-10-28 00:00:00-04:00,5.15749979019165,5.222499847412109,5.127999782562256,5.169750213623047,5.1309590339660645,330792000,0.0,0.0
2019-10-29 00:00:00-04:00,5.155749797821045,5.16225004196167,5.053500175476074,5.072999954223633,5.0349345207214355,211236000,0.0,0.0
2019-10-30 00:00:00-04:00,5.099999904632568,5.10575008392334,5.006499767303467,5.074999809265137,5.036919116973877,205960000,0.0,0.0
2019-10-31 00:00:00-04:00,5.053999900817871,5.074999809265137,4.945250034332275,5.0254998207092285,4.987791538238525,209732000,0.0,0.0
2019-11-01 00:00:00-04:00,4.989999771118164,5.097249984741211,4.964749813079834,5.0647501945495605,5.026747226715088,283640000,0.0,0.0
2019-11-04 00:00:00-05:00,5.146249771118164,5.275000095367432,5.123000144958496,5.262499809265137,5.223011493682861,376716000,0.0,0.0
2019-11-05 00:00:00-05:00,5.262249946594238,5.28849983215332,5.191999912261963,5.240250110626221,5.200930118560791,300868000,0.0,0.0
2019-11-06 00:00:00-05:00,5.216000080108643,5.2417497634887695,5.102749824523926,5.1907501220703125,5.151799201965332,269012000,0.0,0.0
2019-11-07 00:00:00-05:00,5.277750015258789,5.292500019073486,5.16349983215332,5.208499908447266,5.169417381286621,280340000,0.0,0.0
2019-11-08 00:00:00-05:00,5.191500186920166,5.226250171661377,5.153749942779541,5.194499969482422,5.155521869659424,189100000,0.0,0.0
2019-11-11 00:00:00-05:00,5.193749904632568,5.227749824523926,5.10699987411499,5.204500198364258,5.165448188781738,243436000,0.0,0.0
2019-11-12 00:00:00-05:00,5.243000030517578,5.296500205993652,5.207749843597412,5.240250110626221,5.200930118560791,283504000,0.0,0.0
2019-11-13 00:00:00-05:00,5.208749771118164,5.236499786376953,5.147500038146973,5.214250087738037,5.175124645233154,300188000,0.0,0.0
2019-11-14 00:00:00-05:00,5.223249912261963,5.247000217437744,5.163000106811523,5.244750022888184,5.205395698547363,518080000,0.0,0.0
2019-11-15 00:00:00-05:00,5.242499828338623,5.29449987411499,5.015999794006348,5.104750156402588,5.066445827484131,1053628000,0.0,0.0
2019-11-18 00:00:00-05:00,5.097249984741211,5.333749771118164,5.094250202178955,5.307000160217285,5.267178535461426,574588000,0.0,0.0
2019-11-19 00:00:00-05:00,5.275750160217285,5.299499988555908,5.141250133514404,5.199749946594238,5.160734176635742,414564000,0.0,0.0
2019-11-20 00:00:00-05:00,5.176750183105469,5.363749980926514,5.164000034332275,5.2795000076293945,5.239883899688721,472588000,0.0,0.0
2019-11-21 00:00:00-05:00,5.275000095367432,5.330999851226807,5.232749938964844,5.254499912261963,5.215073108673096,288388000,0.0,0.0
2019-11-22 00:00:00-05:00,5.277249813079834,5.323999881744385,5.248499870300293,5.272250175476074,5.232688903808594,224100000,0.0,0.0
2019-11-25 00:00:00-05:00,5.401000022888184,5.535250186920166,5.388000011444092,5.530250072479248,5.488753795623779,506476000,0.0,0.0
2019-11-26 00:00:00-05:00,5.512499809265137,5.517250061035156,5.418499946594238,5.425000190734863,5.384294033050537,385244000,0.0,0.0
2019-11-27 00:00:00-05:00,5.466750144958496,5.50124979019165,5.429500102996826,5.455999851226807,5.419057369232178,215784000,0.004,0.0
2019-11-29 00:00:00-05:00,5.425000190734863,5.453499794006348,5.394499778747559,5.418499946594238,5.381809234619141,141556000,0.0,0.0
2019-12-02 00:00:00-05:00,5.411499977111816,5.425000190734863,5.216000080108643,5.231249809265137,5.195827960968018,372036000,0.0,0.0
2019-12-03 00:00:00-05:00,5.046750068664551,5.195499897003174,5.009250164031982,5.191500186920166,5.156347274780273,465232000,0.0,0.0
2019-12-04 00:00:00-05:00,5.2754998207092285,5.297999858856201,5.20674991607666,5.235499858856201,5.200048923492432,273424000,0.0,0.0
2019-12-05 00:00:00-05:00,5.257500171661377,5.273250102996826,5.187749862670898,5.218500137329102,5.183164119720459,184884000,0.0,0.0
2019-12-06 00:00:00-05:00,5.288000106811523,5.337250232696533,5.2779998779296875,5.3042497634887695,5.268333911895752,232236000,0.0,0.0
2019-12-09 00:00:00-05:00,5.28125,5.359250068664551,5.272500038146973,5.3042497634887695,5.268333911895752,211880000,0.0,0.0
2019-12-10 00:00:00-05:00,5.334499835968018,5.401500225067139,5.281499862670898,5.3495001792907715,5.313277244567871,256388000,0.0,0.0
2019-12-11 00:00:00-05:00,5.360000133514404,5.439000129699707,5.357500076293945,5.433499813079834,5.396708965301514,233796000,0.0,0.0
2019-12-12 00:00:00-05:00,5.4045000076293945,5.619999885559082,5.395500183105469,5.601749897003174,5.563819408416748,404348000,0.0,0.0
2019-12-13 00:00:00-05:00,5.604750156402588,5.7245001792907715,5.545499801635742,5.59975004196167,5.561832904815674,454704000,0.0,0.0
2019-12-16 00:00:00-05:00,5.647500038146973,5.701499938964844,5.6192498207092285,5.628749847412109,5.590636253356934,320976000,0.0,0.0
2019-12-17 00:00:00-05:00,5.647500038146973,5.730000019073486,5.638000011444092,5.707250118255615,5.668605327606201,321196000,0.0,0.0
2019-12-18 00:00:00-05:00,5.742249965667725,5.798500061035156,5.733749866485596,5.737750053405762,5.698898792266846,343548000,0.0,0.0
2019-12-19 00:00:00-05:00,5.772500038146973,5.900000095367432,5.767499923706055,5.886499881744385,5.8466410636901855,445360000,0.0,0.0
2019-12-20 00:00:00-05:00,5.953249931335449,6.009749889373779,5.934000015258789,5.984250068664551,5.943729400634766,603044000,0.0,0.0
2019-12-23 00:00:00-05:00,6.013000011444092,6.045249938964844,5.959750175476074,5.9704999923706055,5.93007230758667,355060000,0.0,0.0
2019-12-24 00:00:00-05:00,5.954999923706055,5.982749938964844,5.920499801635742,5.9654998779296875,5.925107002258301,138864000,0.0,0.0
2019-12-26 00:00:00-05:00,5.968999862670898,6.007999897003174,5.949999809265137,5.979750156402588,5.939260005950928,182852000,0.0,0.0
2019-12-27 00:00:00-05:00,5.994999885559082,6.008500099182129,5.895249843597412,5.921750068664551,5.881653785705566,254644000,0.0,0.0
2019-12-30 00:00:00-05:00,5.899750232696533,5.90500020980835,5.776500225067139,5.808000087738037,5.768673896789551,258056000,0.0,0.0
2019-12-31 00:00:00-05:00,5.772500038146973,5.892000198364258,5.7532501220703125,5.882500171661377,5.842669486999512,231004000,0.0,0.0
2020-01-02 00:00:00-05:00,5.96875,5.9977498054504395,5.918000221252441,5.9977498054504395,5.957138538360596,237536000,0.0,0.0
2020-01-03 00:00:00-05:00,5.877500057220459,5.9457502365112305,5.852499961853027,5.901750087738037,5.861788749694824,205384000,0.0,0.0
2020-01-06 00:00:00-05:00,5.808000087738037,5.9317498207092285,5.781750202178955,5.926499843597412,5.886369705200195,262636000,0.0,0.0
2020-01-07 00:00:00-05:00,5.954999923706055,6.044250011444092,5.909749984741211,5.9982500076293945,5.957635402679443,314856000,0.0,0.0
2020-01-08 00:00:00-05:00,5.99399995803833,6.051000118255615,5.953750133514404,6.009500026702881,5.968808174133301,277108000,0.0,0.0
2020-01-09 00:00:00-05:00,6.096250057220459,6.148250102996826,6.021500110626221,6.075500011444092,6.034361839294434,255112000,0.0,0.0
2020-01-10 00:00:00-05:00,6.1832499504089355,6.213749885559082,6.09375,6.107999801635742,6.066640853881836,316296000,0.0,0.0
2020-01-13 00:00:00-05:00,6.191500186920166,6.324749946594238,6.168749809265137,6.299499988555908,6.256844997406006,319840000,0.0,0.0
2020-01-14 00:00:00-05:00,6.256499767303467,6.2820000648498535,6.168749809265137,6.182000160217285,6.140141487121582,359088000,0.0,0.0
2020-01-15 00:00:00-05:00,6.19474983215332,6.217249870300293,6.113249778747559,6.139249801635742,6.097679138183594,263104000,0.0,0.0
2020-01-16 00:00:00-05:00,6.192999839782715,6.229249954223633,6.16949987411499,6.223249912261963,6.181110858917236,284192000,0.0,0.0
2020-01-17 00:00:00-05:00,6.242499828338623,6.25,6.1842498779296875,6.23199987411499,6.189803600311279,253792000,0.0,0.0
2020-01-21 00:00:00-05:00,6.195250034332275,6.232250213623047,6.164249897003174,6.198500156402588,6.156528949737549,217916000,0.0,0.0
2020-01-22 00:00:00-05:00,6.24399995803833,6.339749813079834,6.224999904632568,6.252749919891357,6.210412502288818,239240000,0.0,0.0
2020-01-23 00:00:00-05:00,6.293000221252441,6.329999923706055,6.203750133514404,6.321499824523926,6.278695583343506,244516000,0.0,0.0
2020-01-24 00:00:00-05:00,6.4375,6.487500190734863,6.207499980926514,6.26200008392334,6.219598770141602,373512000,0.0,0.0
2020-01-27 00:00:00-05:00,5.955999851226807,6.056250095367432,5.805749893188477,6.005000114440918,5.964337348937988,470536000,0.0,0.0
2020-01-28 00:00:00-05:00,6.071249961853027,6.231750011444092,6.017749786376953,6.199250221252441,6.157273769378662,310976000,0.0,0.0
2020-01-29 00:00:00-05:00,6.184750080108643,6.2210001945495605,6.098499774932861,6.138500213623047,6.096934795379639,258848000,0.0,0.0
2020-01-30 00:00:00-05:00,6.040249824523926,6.158750057220459,5.985000133514404,6.145249843597412,6.1036376953125,290504000,0.0,0.0
2020-01-31 00:00:00-05:00,6.099249839782715,6.111249923706055,5.868750095367432,5.910749912261963,5.870726108551025,370420000,0.0,0.0
2020-02-03 00:00:00-05:00,5.892499923706055,6.027750015258789,5.886250019073486,6.0082502365112305,5.967567443847656,255564000,0.0,0.0
2020-02-04 00:00:00-05:00,6.150750160217285,6.197500228881836,6.100500106811523,6.178249835968018,6.136415958404541,271544000,0.0,0.0
2020-02-05 00:00:00-05:00,6.299749851226807,6.309999942779541,6.1852498054504395,6.269000053405762,6.2265520095825195,208220000,0.0,0.0
2020-02-06 00:00:00-05:00,6.303500175476074,6.356249809265137,6.2220001220703125,6.356249809265137,6.3132100105285645,218284000,0.0,0.0
2020-02-07 00:00:00-05:00,6.315999984741211,6.338250160217285,6.264249801635742,6.289750099182129,6.247160911560059,189752000,0.0,0.0
2020-02-10 00:00:00-05:00,6.3125,6.574999809265137,6.307499885559082,6.574250221252441,6.5297346115112305,529608000,0.0,0.0
2020-02-11 00:00:00-05:00,6.683000087738037,6.8125,6.6207499504089355,6.697249889373779,6.6519012451171875,638556000,0.0,0.0
2020-02-12 00:00:00-05:00,6.750249862670898,6.820000171661377,6.711249828338623,6.813499927520752,6.767364501953125,374644000,0.0,0.0
2020-02-13 00:00:00-05:00,6.755249977111816,6.836999893188477,6.727749824523926,6.769499778747559,6.723661422729492,528016000,0.0,0.0
2020-02-14 00:00:00-05:00,7.18149995803833,7.3742499351501465,7.150000095367432,7.244750022888184,7.195694446563721,1041924000,0.0,0.0
2020-02-18 00:00:00-05:00,7.140999794006348,7.432750225067139,7.121500015258789,7.414249897003174,7.364046096801758,620164000,0.0,0.0
2020-02-19 00:00:00-05:00,7.53725004196167,7.885250091552734,7.53725004196167,7.867499828338623,7.814227104187012,694332000,0.0,0.0
2020-02-20 00:00:00-05:00,7.819250106811523,7.9079999923706055,7.408750057220459,7.71750020980835,7.6652421951293945,810052000,0.0,0.0
2020-02-21 00:00:00-05:00,7.604750156402588,7.630000114440918,7.266499996185303,7.351749897003174,7.301968574523926,768180000,0.0,0.0
2020-02-24 00:00:00-05:00,6.754749774932861,7.046750068664551,6.699999809265137,6.831999778747559,6.785738945007324,856916000,0.0,0.0
2020-02-25 00:00:00-05:00,6.90749979019165,6.969749927520752,6.448999881744385,6.551249980926514,6.506889820098877,1055496000,0.0,0.0
2020-02-26 00:00:00-05:00,6.551499843597412,6.886250019073486,6.550000190734863,6.691249847412109,6.645941734313965,747732000,0.0,0.0
2020-02-27 00:00:00-05:00,6.372499942779541,6.675000190734863,6.222249984741211,6.315000057220459,6.275991916656494,906416000,0.004,0.0
2020-02-28 00:00:00-05:00,6.061500072479248,6.811500072479248,6.044750213623047,6.7517499923706055,6.710043907165527,1133252000,0.0,0.0
2020-03-02 00:00:00-05:00,6.922500133514404,6.9397501945495605,6.525000095367432,6.910749912261963,6.86806058883667,890744000,0.0,0.0
2020-03-03 00:00:00-05:00,6.966750144958496,7.026750087738037,6.561500072479248,6.647250175476074,6.606189250946045,652792000,0.0,0.0
2020-03-04 00:00:00-05:00,6.755000114440918,7.122250080108643,6.679999828338623,7.112750053405762,7.068812847137451,597408000,0.0,0.0
2020-03-05 00:00:00-05:00,6.912499904632568,7.079999923706055,6.787499904632568,6.832250118255615,6.790046691894531,540328000,0.0,0.0
2020-03-06 00:00:00-05:00,6.6519999504089355,6.709750175476074,6.449999809265137,6.651000022888184,6.609914302825928,515412000,0.0,0.0
2020-03-09 00:00:00-04:00,5.997499942779541,6.485000133514404,5.954500198364258,6.136000156402588,6.09809684753418,614160000,0.0,0.0
2020-03-10 00:00:00-04:00,6.41349983215332,6.5269999504089355,6.149750232696533,6.5269999504089355,6.4866814613342285,580648000,0.0,0.0
2020-03-11 00:00:00-04:00,6.386499881744385,6.414999961853027,6.0642499923706055,6.161749839782715,6.123686790466309,499964000,0.0,0.0
2020-03-12 00:00:00-04:00,5.636499881744385,5.9029998779296875,5.394999980926514,5.407750129699707,5.374345779418945,816540000,0.0,0.0
2020-03-13 00:00:00-04:00,5.762499809265137,6.0254998207092285,5.490250110626221,6.020999908447266,5.983806133270264,634836000,0.0,0.0
2020-03-16 00:00:00-04:00,5.3102498054504395,5.652500152587891,4.849999904632568,4.909999847412109,4.879670143127441,726972000,0.0,0.0
2020-03-17 00:00:00-04:00,5.022749900817871,5.521500110626221,4.775000095367432,5.4317498207092285,5.398198127746582,833632000,0.0,0.0
2020-03-18 00:00:00-04:00,5.002500057220459,5.248499870300293,4.517000198364258,5.070499897003174,5.039178371429443,874268000,0.0,0.0
2020-03-19 00:00:00-04:00,5.048999786376953,5.41825008392334,4.834750175476074,5.324250221252441,5.2913618087768555,765512000,0.0,0.0
2020-03-20 00:00:00-04:00,5.474999904632568,5.757999897003174,5.1282501220703125,5.143750190734863,5.111976623535156,804636000,0.0,0.0
2020-03-23 00:00:00-04:00,5.142749786376953,5.4120001792907715,4.9629998207092285,5.317249774932861,5.28440523147583,643876000,0.0,0.0
2020-03-24 00:00:00-04:00,5.724999904632568,6.316500186920166,5.701250076293945,6.229499816894531,6.191019535064697,1101644000,0.0,0.0
2020-03-25 00:00:00-04:00,6.34499979019165,6.545499801635742,6.0914998054504395,6.140500068664551,6.10256814956665,793432000,0.0,0.0
2020-03-26 00:00:00-04:00,6.348499774932861,6.555500030517578,6.25,6.431000232696533,6.391275405883789,696108000,0.0,0.0
2020-03-27 00:00:00-04:00,6.25,6.578000068664551,6.2170000076293945,6.3182501792907715,6.27922248840332,638828000,0.0,0.0
2020-03-30 00:00:00-04:00,6.383999824523926,6.64900016784668,6.339749813079834,6.639750003814697,6.598735332489014,602252000,0.0,0.0
2020-03-31 00:00:00-04:00,6.679999828338623,6.885000228881836,6.443749904632568,6.590000152587891,6.549293518066406,949960000,0.0,0.0
2020-04-01 00:00:00-04:00,6.391250133514404,6.538249969482422,6.0320000648498535,6.076749801635742,6.039212703704834,656912000,0.0,0.0
2020-04-02 00:00:00-04:00,6.105999946594238,6.400000095367432,6.057750225067139,6.386750221252441,6.347298622131348,675764000,0.0,0.0
2020-04-03 00:00:00-04:00,6.348999977111816,6.390749931335449,5.959750175476074,6.097750186920166,6.060083389282227,663212000,0.0,0.0
2020-04-06 00:00:00-04:00,6.38100004196167,6.747000217437744,6.323249816894531,6.710000038146973,6.668550968170166,727884000,0.0,0.0
2020-04-07 00:00:00-04:00,6.932499885559082,6.956250190734863,6.432499885559082,6.475749969482422,6.435746669769287,784520000,0.0,0.0
2020-04-08 00:00:00-04:00,6.585249900817871,6.698750019073486,6.514999866485596,6.673749923706055,6.6325249671936035,542444000,0.0,0.0
2020-04-09 00:00:00-04:00,6.800000190734863,6.822999954223633,6.510499954223633,6.573750019073486,6.533143520355225,525564000,0.0,0.0
2020-04-13 00:00:00-04:00,6.513750076293945,6.755000114440918,6.425000190734863,6.746250152587891,6.704577922821045,398408000,0.0,0.0
2020-04-14 00:00:00-04:00,6.875,7.132999897003174,6.847249984741211,7.098750114440918,7.054900169372559,530948000,0.0,0.0
2020-04-15 00:00:00-04:00,6.929999828338623,7.104249954223633,6.884500026702881,7.020999908447266,6.977630138397217,366148000,0.0,0.0
2020-04-16 00:00:00-04:00,7.177000045776367,7.474999904632568,7.163750171661377,7.367499828338623,7.321989059448242,745620000,0.0,0.0
2020-04-17 00:00:00-04:00,7.449999809265137,7.471499919891357,7.173500061035156,7.308000087738037,7.262857437133789,539120000,0.0,0.0
2020-04-20 00:00:00-04:00,7.181000232696533,7.337500095367432,7.131750106811523,7.176249980926514,7.1319193840026855,449388000,0.0,0.0
2020-04-21 00:00:00-04:00,7.057750225067139,7.1192498207092285,6.677750110626221,6.737750053405762,6.696130275726318,735160000,0.0,0.0
2020-04-22 00:00:00-04:00,6.930749893188477,7.196750164031982,6.885000228881836,7.153749942779541,7.109559535980225,483356000,0.0,0.0
2020-04-23 00:00:00-04:00,7.196000099182129,7.328499794006348,7.074999809265137,7.100249767303467,7.056390762329102,424160000,0.0,0.0
2020-04-24 00:00:00-04:00,7.090000152587891,7.2417497634887695,7.014999866485596,7.239749908447266,7.195028305053711,352328000,0.0,0.0
2020-04-27 00:00:00-04:00,7.374750137329102,7.587500095367432,7.349999904632568,7.427000045776367,7.38112211227417,479388000,0.0,0.0
2020-04-28 00:00:00-04:00,7.574999809265137,7.605000019073486,7.278500080108643,7.283999919891357,7.239005088806152,442904000,0.0,0.0
2020-04-29 00:00:00-04:00,7.419250011444092,7.514500141143799,7.34375,7.46150016784668,7.415408611297607,379160000,0.0,0.0
2020-04-30 00:00:00-04:00,7.407249927520752,7.46150016784668,7.293000221252441,7.307000160217285,7.2618632316589355,375916000,0.0,0.0
2020-05-01 00:00:00-04:00,7.108749866485596,7.222499847412109,7.020999908447266,7.069499969482422,7.0258307456970215,342096000,0.0,0.0
2020-05-04 00:00:00-04:00,7.021999835968018,7.296000003814697,7.021999835968018,7.282249927520752,7.237265586853027,317556000,0.0,0.0
2020-05-05 00:00:00-04:00,7.386750221252441,7.506750106811523,7.282249927520752,7.343500137329102,7.298137664794922,368896000,0.0,0.0
2020-05-06 00:00:00-04:00,7.423250198364258,7.550000190734863,7.385250091552734,7.44474983215332,7.398763179779053,323464000,0.0,0.0
2020-05-07 00:00:00-04:00,7.584499835968018,7.6852498054504395,7.5329999923706055,7.6217498779296875,7.574668884277344,373732000,0.0,0.0
2020-05-08 00:00:00-04:00,7.693749904632568,7.818749904632568,7.659749984741211,7.8125,7.764240264892578,339216000,0.0,0.0
2020-05-11 00:00:00-04:00,7.807499885559082,8.112500190734863,7.778749942779541,8.065500259399414,8.015678405761719,469060000,0.0,0.0
2020-05-12 00:00:00-04:00,8.123499870300293,8.172499656677246,7.792749881744385,7.802499771118164,7.754302024841309,493060000,0.0,0.0
2020-05-13 00:00:00-04:00,7.917500019073486,8.078499794006348,7.594749927520752,7.78000020980835,7.731942176818848,625852000,0.0,0.0
2020-05-14 00:00:00-04:00,7.841750144958496,8.03600025177002,7.6875,8.030500411987305,7.980895042419434,602312000,0.0,0.0
2020-05-15 00:00:00-04:00,7.889750003814697,8.500499725341797,7.874000072479248,8.490750312805176,8.43830394744873,987660000,0.0,0.0
2020-05-18 00:00:00-04:00,8.760499954223633,8.916500091552734,8.680500030517578,8.750249862670898,8.696198463439941,774460000,0.0,0.0
2020-05-19 00:00:00-04:00,8.790249824523926,9.087499618530273,8.762749671936035,8.805500030517578,8.751107215881348,717320000,0.0,0.0
2020-05-20 00:00:00-04:00,8.991000175476074,9.043000221252441,8.888750076293945,8.970000267028809,8.914590835571289,587536000,0.0,0.0
2020-05-21 00:00:00-04:00,9.05150032043457,9.052499771118164,8.737500190734863,8.775250434875488,8.72104549407959,761068000,0.0,0.0
2020-05-22 00:00:00-04:00,8.825249671936035,9.093000411987305,8.713250160217285,9.026249885559082,8.970494270324707,1038764000,0.0,0.0
2020-05-26 00:00:00-04:00,9.156749725341797,9.181750297546387,8.67199993133545,8.71774959564209,8.663899421691895,770780000,0.0,0.0
2020-05-27 00:00:00-04:00,8.625,8.632749557495117,7.9967498779296875,8.525250434875488,8.472588539123535,1175892000,0.0,0.0
2020-05-28 00:00:00-04:00,8.412249565124512,8.760499954223633,8.379249572753906,8.487000465393066,8.434575080871582,734896000,0.0,0.0
2020-05-29 00:00:00-04:00,8.554499626159668,8.875499725341797,8.484999656677246,8.875499725341797,8.820676803588867,745256000,0.0,0.0
2020-06-01 00:00:00-04:00,8.833250045776367,8.840749740600586,8.689499855041504,8.806249618530273,8.751850128173828,389876000,0.0,0.0
2020-06-02 00:00:00-04:00,8.796250343322754,8.837249755859375,8.657999992370605,8.825249671936035,8.770735740661621,391320000,0.0,0.0
2020-06-03 00:00:00-04:00,8.822250366210938,8.866250038146973,8.699999809265137,8.769499778747559,8.715327262878418,365440000,0.0,0.0
2020-06-04 00:00:00-04:00,8.727999687194824,8.943249702453613,8.677499771118164,8.766500473022461,8.716324806213379,424280000,0.004,0.0
2020-06-05 00:00:00-04:00,8.794500350952148,8.996999740600586,8.708000183105469,8.920000076293945,8.868947982788086,481748000,0.0,0.0
2020-06-08 00:00:00-04:00,8.877249717712402,8.889749526977539,8.685750007629395,8.805000305175781,8.754605293273926,387736000,0.0,0.0
2020-06-09 00:00:00-04:00,8.800000190734863,9.109749794006348,8.751250267028809,9.045999526977539,8.994224548339844,468488000,0.0,0.0
2020-06-10 00:00:00-04:00,9.167750358581543,9.5,9.153499603271484,9.36674976348877,9.313139915466309,632180000,0.0,0.0
2020-06-11 00:00:00-04:00,9.149999618530273,9.261249542236328,8.78600025177002,8.796250343322754,8.745903968811035,583652000,0.0,0.0
2020-06-12 00:00:00-04:00,9.162500381469727,9.187250137329102,8.70324993133545,8.932499885559082,8.88137435913086,570908000,0.0,0.0
2020-06-15 00:00:00-04:00,8.815250396728516,9.182250022888184,8.743749618530273,9.173749923706055,9.121241569519043,400004000,0.0,0.0
2020-06-16 00:00:00-04:00,9.225000381469727,9.26675033569336,8.838749885559082,9.068499565124512,9.016594886779785,535716000,0.0,0.0
2020-06-17 00:00:00-04:00,9.113750457763672,9.298999786376953,9.070249557495117,9.236000061035156,9.183137893676758,408304000,0.0,0.0
2020-06-18 00:00:00-04:00,9.22700023651123,9.282500267028809,9.114500045776367,9.218000411987305,9.165241241455078,254408000,0.0,0.0
2020-06-19 00:00:00-04:00,9.242500305175781,9.444999694824219,9.227250099182129,9.261249542236328,9.20824146270752,524160000,0.0,0.0
2020-06-22 00:00:00-04:00,9.300000190734863,9.53125,9.273249626159668,9.526749610900879,9.472222328186035,398468000,0.0,0.0
2020-06-23 00:00:00-04:00,9.550999641418457,9.642499923706055,9.407500267028809,9.449999809265137,9.395912170410156,375108000,0.0,0.0
2020-06-24 00:00:00-04:00,9.476249694824219,9.556500434875488,9.144499778747559,9.23550033569336,9.18264102935791,449372000,0.0,0.0
2020-06-25 00:00:00-04:00,9.35575008392334,9.505000114440918,9.182250022888184,9.489999771118164,9.435681343078613,376072000,0.0,0.0
2020-06-26 00:00:00-04:00,9.5,9.5,9.125,9.154999732971191,9.10260009765625,592084000,0.0,0.0
2020-06-29 00:00:00-04:00,9.169750213623047,9.204500198364258,8.899999618530273,9.199999809265137,9.147342681884766,342248000,0.0,0.0
2020-06-30 00:00:00-04:00,9.314000129699707,9.526249885559082,9.266500473022461,9.497750282287598,9.443387031555176,367892000,0.0,0.0
2020-07-01 00:00:00-04:00,9.520750045776367,9.575750350952148,9.413000106811523,9.529999732971191,9.475455284118652,326648000,0.0,0.0
2020-07-02 00:00:00-04:00,9.638999938964844,9.737500190734863,9.57824993133545,9.612250328063965,9.557231903076172,364056000,0.0,0.0
2020-07-06 00:00:00-04:00,9.74174976348877,9.9087495803833,9.712499618530273,9.839249610900879,9.782933235168457,315892000,0.0,0.0
2020-07-07 00:00:00-04:00,9.946249961853027,10.069999694824219,9.850749969482422,9.871749877929688,9.815248489379883,357800000,0.0,0.0
2020-07-08 00:00:00-04:00,9.993749618530273,10.225000381469727,9.965499877929688,10.215999603271484,10.1575288772583,365480000,0.0,0.0
2020-07-09 00:00:00-04:00,10.380249977111816,10.569999694824219,10.233499526977539,10.508999824523926,10.448851585388184,494548000,0.0,0.0
2020-07-10 00:00:00-04:00,10.588749885559082,10.65524959564209,10.37874984741211,10.479249954223633,10.419270515441895,497676000,0.0,0.0
2020-07-13 00:00:00-04:00,10.595000267028809,10.79224967956543,10.024999618530273,10.052249908447266,9.99471664428711,457076000,0.0,0.0
2020-07-14 00:00:00-04:00,10.074999809265137,10.402750015258789,9.785499572753906,10.376999855041504,10.317605972290039,542676000,0.0,0.0
2020-07-15 00:00:00-04:00,10.414250373840332,10.432999610900879,10.055749893188477,10.227250099182129,10.168713569641113,403984000,0.0,0.0
2020-07-16 00:00:00-04:00,10.015000343322754,10.20674991607666,9.895500183105469,10.134750366210938,10.076742172241211,344964000,0.0,0.0
2020-07-17 00:00:00-04:00,10.225500106811523,10.248499870300293,10.087750434875488,10.201499938964844,10.143109321594238,266284000,0.0,0.0
2020-07-20 00:00:00-04:00,10.274250030517578,10.53125,10.156749725341797,10.510749816894531,10.450591087341309,284852000,0.0,0.0
2020-07-21 00:00:00-04:00,10.512999534606934,10.5600004196167,10.286749839782715,10.328499794006348,10.269383430480957,277036000,0.0,0.0
2020-07-22 00:00:00-04:00,10.367500305175781,10.602499961853027,10.291500091552734,10.438750267028809,10.379003524780273,367292000,0.0,0.0
2020-07-23 00:00:00-04:00,10.449999809265137,10.54699993133545,10.03125,10.12975025177002,10.071773529052734,411660000,0.0,0.0
2020-07-24 00:00:00-04:00,9.875,10.364749908447266,9.777000427246094,10.194499969482422,10.136150360107422,473292000,0.0,0.0
2020-07-27 00:00:00-04:00,10.232250213623047,10.441749572753906,10.21774959564209,10.421500205993652,10.361852645874023,292132000,0.0,0.0
2020-07-28 00:00:00-04:00,10.374250411987305,10.381999969482422,10.209250450134277,10.215499877929688,10.157032012939453,271636000,0.0,0.0
2020-07-29 00:00:00-04:00,10.39074993133545,10.516249656677246,10.347000122070312,10.465499877929688,10.405600547790527,284508000,0.0,0.0
2020-07-30 00:00:00-04:00,10.375,10.623000144958496,10.295249938964844,10.61400032043457,10.553250312805176,308880000,0.0,0.0
2020-07-31 00:00:00-04:00,10.563249588012695,10.766500473022461,10.432999610900879,10.614749908447266,10.553994178771973,386080000,0.0,0.0
2020-08-03 00:00:00-04:00,10.732500076293945,11.098750114440918,10.715250015258789,11.010250091552734,10.94723129272461,412720000,0.0,0.0
2020-08-04 00:00:00-04:00,11.050000190734863,11.227749824523926,10.906000137329102,11.227749824523926,11.16348648071289,310336000,0.0,0.0
2020-08-05 00:00:00-04:00,11.244000434875488,11.371749877929688,11.166250228881836,11.286749839782715,11.222150802612305,249924000,0.0,0.0
2020-08-06 00:00:00-04:00,11.349749565124512,11.357999801635742,11.178750038146973,11.33549976348877,11.270618438720703,244316000,0.0,0.0
2020-08-07 00:00:00-04:00,11.3125,11.50475025177002,11.037500381469727,11.19950008392334,11.135396957397461,342516000,0.0,0.0
2020-08-10 00:00:00-04:00,11.334250450134277,11.408249855041504,10.856499671936035,11.164999961853027,11.101097106933594,427796000,0.0,0.0
2020-08-11 00:00:00-04:00,11.073749542236328,11.136750221252441,10.79574966430664,10.850000381469727,10.787899017333984,354512000,0.0,0.0
2020-08-12 00:00:00-04:00,10.990750312805176,11.467000007629395,10.958250045776367,11.440250396728516,11.374772071838379,464412000,0.0,0.0
2020-08-13 00:00:00-04:00,11.545999526977539,11.721750259399414,11.35575008392334,11.442999839782715,11.37750244140625,374460000,0.0,0.0
2020-08-14 00:00:00-04:00,11.529999732971191,11.704750061035156,11.440500259399414,11.564000129699707,11.497812271118164,366436000,0.0,0.0
2020-08-17 00:00:00-04:00,11.851249694824219,12.409749984741211,11.81725025177002,12.336999893188477,12.266387939453125,621300000,0.0,0.0
2020-08-18 00:00:00-04:00,12.449999809265137,12.496000289916992,12.086250305175781,12.260749816894531,12.190574645996094,503448000,0.0,0.0
2020-08-19 00:00:00-04:00,12.296500205993652,12.3149995803833,12.097999572753906,12.138500213623047,12.069025993347168,622624000,0.0,0.0
2020-08-20 00:00:00-04:00,11.975000381469727,12.375,11.87874984741211,12.140999794006348,12.071510314941406,921388000,0.0,0.0
2020-08-21 00:00:00-04:00,12.201749801635742,12.80875015258789,12.195249557495117,12.683500289916992,12.610907554626465,999868000,0.0,0.0
2020-08-24 00:00:00-04:00,12.883749961853027,12.912500381469727,12.507499694824219,12.720250129699707,12.647446632385254,490564000,0.0,0.0
2020-08-25 00:00:00-04:00,12.630749702453613,12.761249542236328,12.573749542236328,12.75,12.677023887634277,289076000,0.0,0.0
2020-08-26 00:00:00-04:00,12.799249649047852,12.868499755859375,12.677749633789062,12.77299976348877,12.6998929977417,321244000,0.0,0.0
2020-08-27 00:00:00-04:00,12.781499862670898,12.850000381469727,12.566499710083008,12.628250122070312,12.555971145629883,317604000,0.0,0.0
2020-08-28 00:00:00-04:00,12.675000190734863,13.14799976348877,12.642499923706055,13.147749900817871,13.07249927520752,537160000,0.0,0.0
2020-08-31 00:00:00-04:00,13.18274974822998,13.574999809265137,13.037750244140625,13.374500274658203,13.297950744628906,500840000,0.0,0.0
2020-09-01 00:00:00-04:00,13.479999542236328,13.993749618530273,13.43649959564209,13.821000099182129,13.746004104614258,511316000,0.004,0.0
2020-09-02 00:00:00-04:00,14.703749656677246,14.726750373840332,13.899999618530273,14.346500396728516,14.268654823303223,874012000,0.0,0.0
2020-09-03 00:00:00-04:00,13.828749656677246,13.884499549865723,12.87874984741211,13.01550006866455,12.944876670837402,945128000,0.0,0.0
2020-09-04 00:00:00-04:00,12.7837495803833,13.175000190734863,11.704750061035156,12.6225004196167,12.554009437561035,1463684000,0.0,0.0
2020-09-08 00:00:00-04:00,11.73449993133545,12.550000190734863,11.70425033569336,11.913000106811523,11.848358154296875,795728000,0.0,0.0
2020-09-09 00:00:00-04:00,12.399999618530273,12.809249877929688,12.231749534606934,12.71500015258789,12.646007537841797,736200000,0.0,0.0
2020-09-10 00:00:00-04:00,12.989250183105469,13.065250396728516,12.166999816894531,12.311750411987305,12.24494743347168,698684000,0.0,0.0
2020-09-11 00:00:00-04:00,12.48550033569336,12.65250015258789,11.895750045776367,12.16450023651123,12.098493576049805,636928000,0.0,0.0
2020-09-14 00:00:00-04:00,13.081000328063965,13.3149995803833,12.631250381469727,12.872249603271484,12.802404403686523,1201744000,0.0,0.0
2020-09-15 00:00:00-04:00,13.279999732971191,13.298749923706055,12.827750205993652,12.991000175476074,12.920509338378906,727556000,0.0,0.0
2020-09-16 00:00:00-04:00,12.957249641418457,13.09274959564209,12.513750076293945,12.51449966430664,12.44659423828125,556384000,0.0,0.0
2020-09-17 00:00:00-04:00,12.13224983215332,12.589750289916992,12.034749984741211,12.463500022888184,12.395873069763184,792512000,0.0,0.0
2020-09-18 00:00:00-04:00,12.59375,12.632499694824219,11.988750457763672,12.189249992370605,12.12310791015625,698460000,0.0,0.0
2020-09-21 00:00:00-04:00,11.925000190734863,12.522500038146973,11.904500007629395,12.517250061035156,12.449331283569336,721044000,0.0,0.0
2020-09-22 00:00:00-04:00,12.574999809265137,12.64799976348877,12.155500411987305,12.637749671936035,12.56917667388916,646452000,0.0,0.0
2020-09-23 00:00:00-04:00,12.575499534606934,12.72700023651123,12.07925033569336,12.123749732971191,12.057965278625488,647012000,0.0,0.0
2020-09-24 00:00:00-04:00,12.072250366210938,12.569499969482422,12.013999938964844,12.347999572753906,12.281000137329102,731240000,0.0,0.0
2020-09-25 00:00:00-04:00,12.447500228881836,12.883500099182129,12.245750427246094,12.873749732971191,12.803895950317383,588016000,0.0,0.0
2020-09-28 00:00:00-04:00,13.040249824523926,13.051750183105469,12.75,13.03499984741211,12.964269638061523,573808000,0.0,0.0
2020-09-29 00:00:00-04:00,12.9375,13.442749977111816,12.933250427246094,13.225749969482422,13.153985023498535,621460000,0.0,0.0
2020-09-30 00:00:00-04:00,13.157500267028809,13.6225004196167,13.150250434875488,13.530500411987305,13.457082748413086,689184000,0.0,0.0
2020-10-01 00:00:00-04:00,13.758000373840332,13.762749671936035,13.460749626159668,13.614500045776367,13.540627479553223,525004000,0.0,0.0
2020-10-02 00:00:00-04:00,13.225000381469727,13.519499778747559,13.050999641418457,13.062250137329102,12.991372108459473,552496000,0.0,0.0
2020-10-05 00:00:00-04:00,13.236000061035156,13.64424991607666,13.222749710083008,13.642499923706055,13.568473815917969,479820000,0.0,0.0
2020-10-06 00:00:00-04:00,13.829999923706055,14.142000198364258,13.664999961853027,13.736499786376953,13.661964416503906,784420000,0.0,0.0
2020-10-07 00:00:00-04:00,13.999750137329102,14.119250297546387,13.863499641418457,13.96399974822998,13.888226509094238,418084000,0.0,0.0
2020-10-08 00:00:00-04:00,14.074999809265137,14.084500312805176,13.758000373840332,13.838749885559082,13.763659477233887,378900000,0.0,0.0
2020-10-09 00:00:00-04:00,13.767000198364258,13.824250221252441,13.660750389099121,13.762749671936035,13.688071250915527,346892000,0.0,0.0
2020-10-12 00:00:00-04:00,13.989500045776367,14.347000122070312,13.912500381469727,14.22599983215332,14.148807525634766,434744000,0.0,0.0
2020-10-13 00:00:00-04:00,14.296500205993652,14.34850025177002,14.018750190734863,14.248250007629395,14.170936584472656,344604000,0.0,0.0
2020-10-14 00:00:00-04:00,14.290499687194824,14.34274959564209,13.960000038146973,14.095250129699707,14.018771171569824,276100000,0.0,0.0
2020-10-15 00:00:00-04:00,13.810750007629395,14.005749702453613,13.767749786376953,13.970000267028809,13.894198417663574,267224000,0.0,0.0
2020-10-16 00:00:00-04:00,14.036749839782715,14.121500015258789,13.792499542236328,13.81149959564209,13.736555099487305,242392000,0.0,0.0
2020-10-19 00:00:00-04:00,13.902999877929688,13.983499526977539,13.406749725341797,13.497750282287598,13.424509048461914,298068000,0.0,0.0
2020-10-20 00:00:00-04:00,13.583499908447266,13.799750328063965,13.506999969482422,13.645500183105469,13.571456909179688,229212000,0.0,0.0
2020-10-21 00:00:00-04:00,13.625,13.791500091552734,13.477499961853027,13.524749755859375,13.451363563537598,219596000,0.0,0.0
2020-10-22 00:00:00-04:00,13.522500038146973,13.611749649047852,13.231749534606934,13.361000061035156,13.288500785827637,290480000,0.0,0.0
2020-10-23 00:00:00-04:00,13.449999809265137,13.593250274658203,13.291250228881836,13.590250015258789,13.51650619506836,233484000,0.0,0.0
2020-10-26 00:00:00-04:00,13.427000045776367,13.692749977111816,13.03849983215332,13.141249656677246,13.06994342803955,336896000,0.0,0.0
2020-10-27 00:00:00-04:00,13.305999755859375,13.442000389099121,13.191499710083008,13.396750450134277,13.324057579040527,250520000,0.0,0.0
2020-10-28 00:00:00-04:00,13.197999954223633,13.260000228881836,12.609000205993652,12.626999855041504,12.558483123779297,376520000,0.0,0.0
2020-10-29 00:00:00-04:00,12.838500022888184,13.192749977111816,12.75,13.02400016784668,12.953330039978027,320080000,0.0,0.0
2020-10-30 00:00:00-04:00,12.850000381469727,12.93649959564209,12.300000190734863,12.534000396728516,12.465989112854004,416820000,0.0,0.0
2020-11-02 00:00:00-05:00,12.657750129699707,12.836750030517578,12.395000457763672,12.580750465393066,12.512486457824707,299652000,0.0,0.0
2020-11-03 00:00:00-05:00,12.708499908447266,13.104999542236328,12.602749824523926,13.019499778747559,12.948857307434082,272900000,0.0,0.0
2020-11-04 00:00:00-05:00,13.389249801635742,13.827500343322754,13.336999893188477,13.794249534606934,13.719401359558105,410228000,0.0,0.0
2020-11-05 00:00:00-05:00,14.162500381469727,14.33899974822998,13.991000175476074,14.15999984741211,14.08316707611084,319028000,0.0,0.0
2020-11-06 00:00:00-05:00,14.109749794006348,14.588749885559082,13.895000457763672,14.562000274658203,14.482983589172363,383348000,0.0,0.0
2020-11-09 00:00:00-05:00,14.552499771118164,14.691499710083008,13.610750198364258,13.630749702453613,13.556788444519043,582976000,0.0,0.0
2020-11-10 00:00:00-05:00,13.606499671936035,13.606499671936035,12.628250122070312,12.770000457763672,12.700709342956543,644068000,0.0,0.0
2020-11-11 00:00:00-05:00,13.053750038146973,13.4350004196167,12.948249816894531,13.418000221252441,13.345192909240723,404744000,0.0,0.0
2020-11-12 00:00:00-05:00,13.479000091552734,13.765999794006348,13.315999984741211,13.45674991607666,13.383731842041016,365812000,0.0,0.0
2020-11-13 00:00:00-05:00,13.627249717712402,13.668749809265137,13.059249877929688,13.29699993133545,13.224848747253418,346312000,0.0,0.0
2020-11-16 00:00:00-05:00,13.172499656677246,13.649499893188477,13.156000137329102,13.515250205993652,13.441914558410645,413776000,0.0,0.0
2020-11-17 00:00:00-05:00,13.552499771118164,13.5962495803833,13.303750038146973,13.422249794006348,13.349417686462402,312028000,0.0,0.0
2020-11-18 00:00:00-05:00,13.465250015258789,13.60575008392334,13.1850004196167,13.428750038146973,13.355883598327637,510924000,0.0,0.0
2020-11-19 00:00:00-05:00,13.212750434875488,13.487500190734863,13.100000381469727,13.440250396728516,13.36732292175293,565936000,0.0,0.0
2020-11-20 00:00:00-05:00,13.454000473022461,13.494500160217285,13.0649995803833,13.087750434875488,13.016737937927246,341088000,0.0,0.0
2020-11-23 00:00:00-05:00,13.171250343322754,13.382499694824219,13.01550006866455,13.140000343322754,13.06869888305664,361356000,0.0,0.0
2020-11-24 00:00:00-05:00,13.142499923706055,13.161999702453613,12.885000228881836,12.95775032043457,12.887441635131836,346500000,0.0,0.0
2020-11-25 00:00:00-05:00,13.032500267028809,13.269499778747559,13.020000457763672,13.234749794006348,13.162932395935059,259916000,0.0,0.0
2020-11-27 00:00:00-05:00,13.375,13.407500267028809,13.170499801635742,13.261249542236328,13.189291954040527,167276000,0.0,0.0
2020-11-30 00:00:00-05:00,13.265000343322754,13.412500381469727,12.972249984741211,13.40149974822998,13.328783988952637,286952000,0.0,0.0
2020-12-01 00:00:00-05:00,13.492250442504883,13.5287504196167,13.228249549865723,13.390000343322754,13.317344665527344,296948000,0.0,0.0
2020-12-02 00:00:00-05:00,13.350500106811523,13.673500061035156,13.23425006866455,13.544500350952148,13.471007347106934,283360000,0.0,0.0
2020-12-03 00:00:00-05:00,13.587499618530273,13.65999984741211,13.329000473022461,13.395999908447266,13.327245712280273,199520000,0.004,0.0
2020-12-04 00:00:00-05:00,13.44849967956543,13.5600004196167,13.388750076293945,13.558250427246094,13.488665580749512,202244000,0.0,0.0
2020-12-07 00:00:00-05:00,13.601249694824219,13.731249809265137,13.5,13.606749534606934,13.53691291809082,223244000,0.0,0.0
2020-12-08 00:00:00-05:00,13.585000038146973,13.598750114440918,13.281499862670898,13.350000381469727,13.281484603881836,271920000,0.0,0.0
2020-12-09 00:00:00-05:00,13.30049991607666,13.413999557495117,12.868249893188477,12.930749893188477,12.864385604858398,401300000,0.0,0.0
2020-12-10 00:00:00-05:00,12.869000434875488,13.068750381469727,12.849499702453613,12.972249984741211,12.905672073364258,207764000,0.0,0.0
2020-12-11 00:00:00-05:00,12.967249870300293,13.020000457763672,12.822999954223633,13.013250350952148,12.946463584899902,209264000,0.0,0.0
2020-12-14 00:00:00-05:00,13.088000297546387,13.388750076293945,13.077500343322754,13.30875015258789,13.240447044372559,270156000,0.0,0.0
2020-12-15 00:00:00-05:00,13.439749717712402,13.46399974822998,13.186750411987305,13.36050033569336,13.291930198669434,193016000,0.0,0.0
2020-12-16 00:00:00-05:00,13.422499656677246,13.437250137329102,13.212499618530273,13.242500305175781,13.174535751342773,223116000,0.0,0.0
2020-12-17 00:00:00-05:00,13.36674976348877,13.379500389099121,13.178500175476074,13.3412504196167,13.27277946472168,231384000,0.0,0.0
2020-12-18 00:00:00-05:00,13.378999710083008,13.404999732971191,13.070500373840332,13.272000312805176,13.203883171081543,342064000,0.0,0.0
2020-12-21 00:00:00-05:00,13.074749946594238,13.369999885559082,12.967499732971191,13.332249641418457,13.263825416564941,302332000,0.0,0.0
2020-12-22 00:00:00-05:00,13.319250106811523,13.337249755859375,13.053999900817871,13.278249740600586,13.210103034973145,185580000,0.0,0.0
2020-12-23 00:00:00-05:00,13.255999565124512,13.274999618530273,13.005000114440918,13.009249687194824,12.942482948303223,179144000,0.0,0.0
2020-12-24 00:00:00-05:00,13.037249565124512,13.132499694824219,12.938750267028809,12.993749618530273,12.92706298828125,97884000,0.0,0.0
2020-12-28 00:00:00-05:00,13.0625,13.0625,12.763250350952148,12.899999618530273,12.833791732788086,212564000,0.0,0.0
2020-12-29 00:00:00-05:00,12.925000190734863,13.072500228881836,12.842249870300293,12.943249702453613,12.876821517944336,170372000,0.0,0.0
2020-12-30 00:00:00-05:00,12.990249633789062,13.213749885559082,12.896750450134277,13.145750045776367,13.078280448913574,225396000,0.0,0.0
2020-12-31 00:00:00-05:00,13.136500358581543,13.151000022888184,12.914999961853027,13.055000305175781,12.987997055053711,192424000,0.0,0.0
2021-01-04 00:00:00-05:00,13.104249954223633,13.65250015258789,12.962499618530273,13.113499641418457,13.046196937561035,560640000,0.0,0.0
2021-01-05 00:00:00-05:00,13.099749565124512,13.443499565124512,13.086999893188477,13.404749870300293,13.335952758789062,322760000,0.0,0.0
2021-01-06 00:00:00-05:00,13.22249984741211,13.244999885559082,12.586000442504883,12.614500045776367,12.549759864807129,580424000,0.0,0.0
2021-01-07 00:00:00-05:00,12.967499732971191,13.377750396728516,12.886500358581543,13.343999862670898,13.275513648986816,461480000,0.0,0.0
2021-01-08 00:00:00-05:00,13.362500190734863,13.420999526977539,13.041999816894531,13.276749610900879,13.20860767364502,292528000,0.0,0.0
2021-01-11 00:00:00-05:00,13.418749809265137,13.961000442504883,13.362500190734863,13.621500015258789,13.551591873168945,518344000,0.0,0.0
2021-01-12 00:00:00-05:00,13.7524995803833,13.754500389099121,13.345000267028809,13.484749794006348,13.415542602539062,291476000,0.0,0.0
2021-01-13 00:00:00-05:00,13.489999771118164,13.625,13.385000228881836,13.531749725341797,13.462303161621094,210028000,0.0,0.0
2021-01-14 00:00:00-05:00,13.574999809265137,13.599749565124512,13.180500030517578,13.200249671936035,13.132501602172852,283120000,0.0,0.0
2021-01-15 00:00:00-05:00,13.227999687194824,13.325249671936035,12.84850025177002,12.85949993133545,12.793500900268555,277780000,0.0,0.0
2021-01-19 00:00:00-05:00,13.016249656677246,13.093999862670898,12.843999862670898,13.025250434875488,12.95840072631836,226188000,0.0,0.0
2021-01-20 00:00:00-05:00,13.111749649047852,13.430500030517578,13.056750297546387,13.365750312805176,13.297155380249023,258572000,0.0,0.0
2021-01-21 00:00:00-05:00,13.418499946594238,13.999250411987305,13.253000259399414,13.867500305175781,13.796329498291016,337780000,0.0,0.0
2021-01-22 00:00:00-05:00,13.739999771118164,13.841750144958496,13.627249717712402,13.712499618530273,13.64212417602539,246820000,0.0,0.0
2021-01-25 00:00:00-05:00,13.781749725341797,13.828499794006348,13.236499786376953,13.653249740600586,13.583176612854004,251112000,0.0,0.0
2021-01-26 00:00:00-05:00,13.580499649047852,13.644749641418457,13.387499809265137,13.435250282287598,13.366297721862793,163980000,0.0,0.0
2021-01-27 00:00:00-05:00,13.229999542236328,13.232749938964844,12.793749809265137,12.917750358581543,12.85145092010498,371272000,0.0,0.0
2021-01-28 00:00:00-05:00,12.99625015258789,13.339750289916992,12.96049976348877,13.050999641418457,12.98401927947998,228316000,0.0,0.0
2021-01-29 00:00:00-05:00,13.074999809265137,13.334750175476074,12.911499977111816,12.989749908447266,12.923079490661621,271552000,0.0,0.0
2021-02-01 00:00:00-05:00,13.053250312805176,13.270750045776367,12.902750015258789,13.237000465393066,13.169065475463867,217204000,0.0,0.0
2021-02-02 00:00:00-05:00,13.398750305175781,13.571999549865723,13.285499572753906,13.556750297546387,13.487171173095703,220440000,0.0,0.0
2021-02-03 00:00:00-05:00,13.63599967956543,13.931750297546387,13.516500473022461,13.530500411987305,13.461058616638184,245408000,0.0,0.0
2021-02-04 00:00:00-05:00,13.531000137329102,13.673500061035156,13.337750434875488,13.664250373840332,13.594120979309082,201340000,0.0,0.0
2021-02-05 00:00:00-05:00,13.725000381469727,13.737250328063965,13.54574966430664,13.590999603271484,13.521245956420898,169152000,0.0,0.0
2021-02-08 00:00:00-05:00,13.727250099182129,14.473750114440918,13.727250099182129,14.438750267028809,14.364645957946777,434624000,0.0,0.0
2021-02-09 00:00:00-05:00,14.340749740600586,14.583250045776367,14.22249984741211,14.263250350952148,14.190049171447754,287560000,0.0,0.0
2021-02-10 00:00:00-05:00,14.463250160217285,14.904999732971191,14.341500282287598,14.764249801635742,14.688475608825684,485352000,0.0,0.0
2021-02-11 00:00:00-05:00,14.980250358581543,15.272250175476074,14.925000190734863,15.250749588012695,15.172476768493652,450828000,0.0,0.0
2021-02-12 00:00:00-05:00,15.050000190734863,15.291250228881836,14.774999618530273,14.961250305175781,14.8844633102417,374756000,0.0,0.0
2021-02-16 00:00:00-05:00,15.064249992370605,15.3725004196167,14.949999809265137,15.330249786376953,15.251569747924805,321960000,0.0,0.0
2021-02-17 00:00:00-05:00,15.170999526977539,15.22350025177002,14.779999732971191,14.906000137329102,14.829497337341309,274756000,0.0,0.0
2021-02-18 00:00:00-05:00,14.729000091552734,14.873250007629395,14.574999809265137,14.829000473022461,14.752893447875977,233868000,0.0,0.0
2021-02-19 00:00:00-05:00,15.024499893188477,15.177000045776367,14.846750259399414,14.92650032043457,14.849894523620605,271724000,0.0,0.0
2021-02-22 00:00:00-05:00,14.774749755859375,15.13325023651123,14.324999809265137,14.35575008392334,14.28207015991211,325884000,0.0,0.0
2021-02-23 00:00:00-05:00,14.075249671936035,14.238750457763672,13.38949966430664,14.142000198364258,14.069421768188477,391780000,0.0,0.0
2021-02-24 00:00:00-05:00,14.122750282287598,14.506750106811523,13.755999565124512,14.49899959564209,14.424586296081543,448320000,0.0,0.0
2021-02-25 00:00:00-05:00,14.045499801635742,14.374750137329102,13.2162504196167,13.307499885559082,13.239203453063965,824436000,0.0,0.0
2021-02-26 00:00:00-05:00,13.7524995803833,13.854499816894531,13.361000061035156,13.714500427246094,13.644113540649414,500932000,0.0,0.0
2021-03-01 00:00:00-05:00,13.875,13.925000190734863,13.553250312805176,13.841750144958496,13.770711898803711,353184000,0.0,0.0
2021-03-02 00:00:00-05:00,13.899999618530273,13.920499801635742,13.395999908447266,13.40625,13.337445259094238,264116000,0.0,0.0
2021-03-03 00:00:00-05:00,13.426250457763672,13.451499938964844,12.798749923706055,12.804750442504883,12.739033699035645,377592000,0.0,0.0
2021-03-04 00:00:00-05:00,12.800749778747559,12.975000381469727,12.083749771118164,12.37024974822998,12.306760787963867,573344000,0.0,0.0
2021-03-05 00:00:00-05:00,12.550000190734863,12.550000190734863,11.67924976348877,12.46150016784668,12.397543907165527,542840000,0.0,0.0
2021-03-08 00:00:00-05:00,12.449999809265137,12.4712495803833,11.566499710083008,11.593250274658203,11.533751487731934,543112000,0.0,0.0
2021-03-09 00:00:00-05:00,12.130249977111816,12.61674976348877,12.059249877929688,12.52025032043457,12.46029281616211,521824000,0.004,0.0
2021-03-10 00:00:00-05:00,12.840499877929688,12.979999542236328,12.457500457763672,12.468250274658203,12.408539772033691,384376000,0.0,0.0
2021-03-11 00:00:00-05:00,12.949999809265137,13.046250343322754,12.73449993133545,12.993499755859375,12.93127727508545,299916000,0.0,0.0
2021-03-12 00:00:00-05:00,12.648249626159668,12.888750076293945,12.59000015258789,12.855999946594238,12.794434547424316,243964000,0.0,0.0
2021-03-15 00:00:00-04:00,12.864749908447266,13.20674991607666,12.767250061035156,13.19124984741211,13.128077507019043,221988000,0.0,0.0
2021-03-16 00:00:00-04:00,13.356499671936035,13.512499809265137,13.11674976348877,13.291250228881836,13.22760009765625,272128000,0.0,0.0
2021-03-17 00:00:00-04:00,13.039750099182129,13.45324993133545,12.989500045776367,13.3412504196167,13.277361869812012,243864000,0.0,0.0
2021-03-18 00:00:00-04:00,13.136500358581543,13.184000015258789,12.717000007629395,12.72249984741211,12.661572456359863,293896000,0.0,0.0
2021-03-19 00:00:00-04:00,12.75,12.921500205993652,12.612500190734863,12.845749855041504,12.784233093261719,299208000,0.0,0.0
2021-03-22 00:00:00-04:00,12.912750244140625,13.394499778747559,12.906749725341797,13.186249732971191,13.123102188110352,297804000,0.0,0.0
2021-03-23 00:00:00-04:00,13.254249572753906,13.344499588012695,13.021249771118164,13.07075023651123,13.008155822753906,222048000,0.0,0.0
2021-03-24 00:00:00-04:00,13.151249885559082,13.159250259399414,12.636750221252441,12.642999649047852,12.582451820373535,245840000,0.0,0.0
2021-03-25 00:00:00-04:00,12.499500274658203,12.714750289916992,12.272000312805176,12.535249710083008,12.4752197265625,295144000,0.0,0.0
2021-03-26 00:00:00-04:00,12.554499626159668,12.856249809265137,12.373499870300293,12.839249610900879,12.777764320373535,363968000,0.0,0.0
2021-03-29 00:00:00-04:00,12.820249557495117,13.0625,12.699999809265137,12.948249816894531,12.88624382019043,273520000,0.0,0.0
2021-03-30 00:00:00-04:00,12.842000007629395,12.975250244140625,12.704999923706055,12.871749877929688,12.810108184814453,200204000,0.0,0.0
2021-03-31 00:00:00-04:00,13.01550006866455,13.470499992370605,12.982500076293945,13.348250389099121,13.28432559967041,314776000,0.0,0.0
2021-04-01 00:00:00-04:00,13.572250366210938,13.869999885559082,13.511249542236328,13.811750411987305,13.74560832977295,308276000,0.0,0.0
2021-04-05 00:00:00-04:00,13.867500305175781,14.013999938964844,13.732999801635742,13.987500190734863,13.920516014099121,255672000,0.0,0.0
2021-04-06 00:00:00-04:00,13.999750137329102,14.05424976348877,13.773500442504883,13.861499786376953,13.795117378234863,191744000,0.0,0.0
2021-04-07 00:00:00-04:00,13.880749702453613,14.243499755859375,13.71150016784668,14.143500328063965,14.07576847076416,251284000,0.0,0.0
2021-04-08 00:00:00-04:00,14.252750396728516,14.471500396728516,14.24899959564209,14.317000389099121,14.248437881469727,244416000,0.0,0.0
2021-04-09 00:00:00-04:00,14.21399974822998,14.407999992370605,14.175000190734863,14.399999618530273,14.331038475036621,195172000,0.0,0.0
2021-04-12 00:00:00-04:00,14.289750099182129,15.352499961853027,14.139249801635742,15.208999633789062,15.136164665222168,869324000,0.0,0.0
2021-04-13 00:00:00-04:00,15.231499671936035,15.699999809265137,15.125749588012695,15.679499626159668,15.604410171508789,676212000,0.0,0.0
2021-04-14 00:00:00-04:00,15.625,15.720499992370605,15.227499961853027,15.277000427246094,15.203840255737305,385500000,0.0,0.0
2021-04-15 00:00:00-04:00,15.662500381469727,16.214250564575195,15.631500244140625,16.137250900268555,16.05997085571289,598480000,0.0,0.0
2021-04-16 00:00:00-04:00,16.05299949645996,16.16575050354004,15.865249633789062,15.912500381469727,15.836296081542969,335208000,0.0,0.0
2021-04-19 00:00:00-04:00,15.536499977111816,15.807499885559082,15.232999801635742,15.361749649047852,15.28818416595459,404420000,0.0,0.0
2021-04-20 00:00:00-04:00,15.323249816894531,15.496999740600586,14.963000297546387,15.171250343322754,15.098594665527344,334132000,0.0,0.0
2021-04-21 00:00:00-04:00,15.118749618530273,15.362500190734863,15.102250099182129,15.36050033569336,15.286941528320312,216776000,0.0,0.0
2021-04-22 00:00:00-04:00,15.375,15.43850040435791,14.783499717712402,14.850250244140625,14.779135704040527,277788000,0.0,0.0
2021-04-23 00:00:00-04:00,14.934249877929688,15.335000038146973,14.900250434875488,15.265250205993652,15.19214153289795,227500000,0.0,0.0
2021-04-26 00:00:00-04:00,15.1850004196167,15.479000091552734,15.125,15.477999687194824,15.403876304626465,197796000,0.0,0.0
2021-04-27 00:00:00-04:00,15.578499794006348,15.670499801635742,15.354499816894531,15.381750106811523,15.308091163635254,164572000,0.0,0.0
2021-04-28 00:00:00-04:00,15.364500045776367,15.53225040435791,15.215499877929688,15.276749610900879,15.203590393066406,209416000,0.0,0.0
2021-04-29 00:00:00-04:00,15.399999618530273,15.43649959564209,15.071499824523926,15.324749946594238,15.251359939575195,173196000,0.0,0.0
2021-04-30 00:00:00-04:00,15.174500465393066,15.364999771118164,14.996999740600586,15.009499549865723,14.937621116638184,201912000,0.0,0.0
2021-05-03 00:00:00-04:00,15.125,15.246749877929688,14.787500381469727,14.836750030517578,14.76569938659668,203912000,0.0,0.0
2021-05-04 00:00:00-04:00,14.637249946594238,14.637499809265137,14.010250091552734,14.351249694824219,14.282522201538086,405324000,0.0,0.0
2021-05-05 00:00:00-04:00,14.708999633789062,14.81350040435791,14.387499809265137,14.458499908447266,14.389259338378906,292024000,0.0,0.0
2021-05-06 00:00:00-04:00,14.49524974822998,14.571249961853027,14.218000411987305,14.52299976348877,14.453451156616211,193380000,0.0,0.0
2021-05-07 00:00:00-04:00,14.808250427246094,14.970749855041504,14.67175006866455,14.812250137329102,14.741315841674805,229328000,0.0,0.0
2021-05-10 00:00:00-04:00,14.787249565124512,14.805999755859375,14.25,14.26574993133545,14.197431564331055,268904000,0.0,0.0
2021-05-11 00:00:00-04:00,13.824999809265137,14.35474967956543,13.75,14.306249618530273,14.237735748291016,285584000,0.0,0.0
2021-05-12 00:00:00-04:00,14.009499549865723,14.260250091552734,13.709250450134277,13.758500099182129,13.69261360168457,303408000,0.0,0.0
2021-05-13 00:00:00-04:00,14.0337495803833,14.080750465393066,13.458999633789062,13.665249824523926,13.599810600280762,285404000,0.0,0.0
2021-05-14 00:00:00-04:00,13.890000343322754,14.32800006866455,13.748499870300293,14.243000030517578,14.17479133605957,258616000,0.0,0.0
2021-05-17 00:00:00-04:00,14.156999588012695,14.169249534606934,13.853500366210938,14.165499687194824,14.097662925720215,216980000,0.0,0.0
2021-05-18 00:00:00-04:00,14.267000198364258,14.404250144958496,14.003999710083008,14.01574993133545,13.948631286621094,186256000,0.0,0.0
2021-05-19 00:00:00-04:00,13.566499710083008,14.079500198364258,13.54325008392334,14.065750122070312,13.998390197753906,344000000,0.0,0.0
2021-05-20 00:00:00-04:00,14.302499771118164,14.68375015258789,14.270500183105469,14.612500190734863,14.542521476745605,321592000,0.0,0.0
2021-05-21 00:00:00-04:00,15.163749694824219,15.222000122070312,14.869500160217285,14.99174976348877,14.919955253601074,672992000,0.0,0.0
2021-05-24 00:00:00-04:00,15.212499618530273,15.744999885559082,15.175999641418457,15.612000465393066,15.537236213684082,554816000,0.0,0.0
2021-05-25 00:00:00-04:00,15.765999794006348,15.818499565124512,15.482500076293945,15.647749900817871,15.57281494140625,435408000,0.0,0.0
2021-05-26 00:00:00-04:00,15.73425006866455,15.793749809265137,15.586250305175781,15.699999809265137,15.624813079833984,370440000,0.0,0.0
2021-05-27 00:00:00-04:00,15.699749946594238,15.75,15.460000038146973,15.48799991607666,15.413827896118164,581476000,0.0,0.0
2021-05-28 00:00:00-04:00,15.50100040435791,16.27750015258789,15.50100040435791,16.24449920654297,16.166711807250977,644536000,0.0,0.0
2021-06-01 00:00:00-04:00,16.270000457763672,16.38825035095215,15.903249740600586,16.26449966430664,16.18661117553711,472804000,0.0,0.0
2021-06-02 00:00:00-04:00,16.25225067138672,16.918750762939453,16.23550033569336,16.778249740600586,16.697900772094727,594168000,0.0,0.0
2021-06-03 00:00:00-04:00,16.70075035095215,17.259000778198242,16.58300018310547,16.969749450683594,16.88848304748535,580008000,0.0,0.0
2021-06-04 00:00:00-04:00,17.112499237060547,17.660999298095703,17.095500946044922,17.578250885009766,17.494070053100586,617120000,0.0,0.0
2021-06-07 00:00:00-04:00,17.571250915527344,17.8125,17.192750930786133,17.618999481201172,17.534626007080078,575756000,0.0,0.0
2021-06-08 00:00:00-04:00,17.527250289916992,17.62150001525879,17.250999450683594,17.457000732421875,17.373397827148438,323848000,0.0,0.0
2021-06-09 00:00:00-04:00,17.515750885009766,17.575000762939453,17.25575065612793,17.35824966430664,17.279081344604492,381656000,0.004,0.0
2021-06-10 00:00:00-04:00,17.350000381469727,17.492000579833984,17.176000595092773,17.424999237060547,17.34553337097168,287772000,0.0,0.0
2021-06-11 00:00:00-04:00,17.47949981689453,17.939250946044922,17.443750381469727,17.82525062561035,17.743953704833984,416308000,0.0,0.0
2021-06-14 00:00:00-04:00,17.9060001373291,18.039499282836914,17.662750244140625,18.018749237060547,17.936567306518555,321376000,0.0,0.0
2021-06-15 00:00:00-04:00,17.915000915527344,18.016250610351562,17.72800064086914,17.78849983215332,17.707366943359375,243032000,0.0,0.0
2021-06-16 00:00:00-04:00,17.79075050354004,17.954750061035156,17.58449935913086,17.81024932861328,17.72901725769043,307124000,0.0,0.0
2021-06-17 00:00:00-04:00,17.774499893188477,18.834999084472656,17.756250381469727,18.657249450683594,18.57215690612793,809656000,0.0,0.0
2021-06-18 00:00:00-04:00,18.784000396728516,19.375,18.583999633789062,18.638750076293945,18.553739547729492,968856000,0.0,0.0
2021-06-21 00:00:00-04:00,18.43524932861328,18.536500930786133,17.822750091552734,18.427249908447266,18.34320831298828,672384000,0.0,0.0
2021-06-22 00:00:00-04:00,18.471500396728516,18.9637508392334,18.38599967956543,18.886749267578125,18.800613403320312,580144000,0.0,0.0
2021-06-23 00:00:00-04:00,19.007749557495117,19.15275001525879,18.90774917602539,19.057249069213867,18.970335006713867,332356000,0.0,0.0
2021-06-24 00:00:00-04:00,19.227750778198242,19.420000076293945,19.08824920654297,19.20549964904785,19.117904663085938,320924000,0.0,0.0
2021-06-25 00:00:00-04:00,19.280500411987305,19.345500946044922,18.894500732421875,19.0310001373291,18.944204330444336,278364000,0.0,0.0
2021-06-28 00:00:00-04:00,19.361249923706055,20.078750610351562,19.319000244140625,19.985000610351562,19.893856048583984,495436000,0.0,0.0
2021-06-29 00:00:00-04:00,19.88249969482422,20.0987491607666,19.656999588012695,20.026750564575195,19.93541145324707,367632000,0.0,0.0
2021-06-30 00:00:00-04:00,19.999250411987305,20.162500381469727,19.863750457763672,20.002500534057617,19.91126823425293,326568000,0.0,0.0
2021-07-01 00:00:00-04:00,20.125,20.45599937438965,20.018999099731445,20.211999893188477,20.11981201171875,480136000,0.0,0.0
2021-07-02 00:00:00-04:00,20.440250396728516,20.505250930786133,20.287750244140625,20.48699951171875,20.3935604095459,342764000,0.0,0.0
2021-07-06 00:00:00-04:00,20.737499237060547,20.841999053955078,20.350250244140625,20.69849967956543,20.604097366333008,446708000,0.0,0.0
2021-07-07 00:00:00-04:00,20.853500366210938,20.875,20.332000732421875,20.371749877929688,20.27883529663086,418428000,0.0,0.0
2021-07-08 00:00:00-04:00,19.85650062561035,20.132999420166016,19.70075035095215,19.90275001525879,19.811973571777344,503300000,0.0,0.0
2021-07-09 00:00:00-04:00,19.962499618530273,20.080249786376953,19.754249572753906,20.050249099731445,19.95880126953125,296624000,0.0,0.0
2021-07-12 00:00:00-04:00,20.239999771118164,20.53274917602539,20.1877498626709,20.512500762939453,20.4189453125,321984000,0.0,0.0
2021-07-13 00:00:00-04:00,20.40049934387207,20.46125030517578,20.11400032043457,20.25,20.157642364501953,290708000,0.0,0.0
2021-07-14 00:00:00-04:00,20.357749938964844,20.417749404907227,19.752750396728516,19.84149932861328,19.751007080078125,380100000,0.0,0.0
2021-07-15 00:00:00-04:00,19.811750411987305,19.847000122070312,18.85849952697754,18.966249465942383,18.87975311279297,550564000,0.0,0.0
2021-07-16 00:00:00-04:00,19.030500411987305,19.156999588012695,18.072999954223633,18.160999298095703,18.078166961669922,688224000,0.0,0.0
2021-07-19 00:00:00-04:00,17.915250778198242,19.04199981689453,17.86549949645996,18.77975082397461,18.6940975189209,749060000,0.0,0.0
2021-07-20 00:00:00-04:00,18.729999542236328,18.83799934387207,18.163999557495117,18.61199951171875,18.52711296081543,434687000,0.0,4.0
2021-07-21 00:00:00-04:00,18.881999969482422,19.527000427246094,18.742000579833984,19.40999984741211,19.321475982666016,371017000,0.0,0.0
2021-07-22 00:00:00-04:00,19.642000198364258,19.886999130249023,19.275999069213867,19.5939998626709,19.504636764526367,323826000,0.0,0.0
2021-07-23 00:00:00-04:00,19.6560001373291,19.700000762939453,19.25,19.558000564575195,19.46879768371582,195672000,0.0,0.0
2021-07-26 00:00:00-04:00,19.31100082397461,19.441999435424805,18.913999557495117,19.29400062561035,19.206003189086914,203943000,0.0,0.0
2021-07-27 00:00:00-04:00,19.264999389648438,19.621999740600586,18.740999221801758,19.20800018310547,19.120397567749023,248863000,0.0,0.0
2021-07-28 00:00:00-04:00,19.319000244140625,19.645999908447266,18.9950008392334,19.503000259399414,19.414052963256836,202191000,0.0,0.0
2021-07-29 00:00:00-04:00,19.518999099731445,19.85300064086914,19.327999114990234,19.66200065612793,19.572328567504883,190781000,0.0,0.0
2021-07-30 00:00:00-04:00,19.417999267578125,19.6299991607666,19.26300048828125,19.499000549316406,19.41006851196289,183497000,0.0,0.0
2021-08-02 00:00:00-04:00,19.700000762939453,19.961000442504883,19.361000061035156,19.75,19.659923553466797,217444000,0.0,0.0
2021-08-03 00:00:00-04:00,19.739999771118164,20.222000122070312,19.219999313354492,19.815000534057617,19.724628448486328,301811000,0.0,0.0
2021-08-04 00:00:00-04:00,19.989999771118164,20.31800079345703,19.827999114990234,20.27400016784668,20.181535720825195,231309000,0.0,0.0
2021-08-05 00:00:00-04:00,20.5,20.732999801635742,20.341999053955078,20.636999130249023,20.542879104614258,211435000,0.0,0.0
2021-08-06 00:00:00-04:00,20.52400016784668,20.56999969482422,20.209999084472656,20.365999221801758,20.273117065429688,178497000,0.0,0.0
2021-08-09 00:00:00-04:00,20.445999145507812,20.507999420166016,20.14299964904785,20.295000076293945,20.202434539794922,146443000,0.0,0.0
2021-08-10 00:00:00-04:00,20.32200050354004,20.43000030517578,19.834999084472656,19.93600082397461,19.845073699951172,179238000,0.0,0.0
2021-08-11 00:00:00-04:00,20.042999267578125,20.048999786376953,19.43000030517578,19.698999404907227,19.609153747558594,185925000,0.0,0.0
2021-08-12 00:00:00-04:00,19.8700008392334,20.02899932861328,19.6200008392334,19.905000686645508,19.8142147064209,151652000,0.0,0.0
2021-08-13 00:00:00-04:00,19.905000686645508,20.214000701904297,19.85099983215332,20.187999725341797,20.095924377441406,183063000,0.0,0.0
2021-08-16 00:00:00-04:00,20.135000228881836,20.28700065612793,19.452999114990234,19.950000762939453,19.85901641845703,210876000,0.0,0.0
2021-08-17 00:00:00-04:00,19.684999465942383,19.770000457763672,19.267000198364258,19.45800018310547,19.369258880615234,204585000,0.0,0.0
2021-08-18 00:00:00-04:00,19.5,19.634000778198242,19.0,19.040000915527344,18.95316505432129,285913000,0.0,0.0
2021-08-19 00:00:00-04:00,19.493999481201172,20.4950008392334,18.761999130249023,19.79800033569336,19.707700729370117,766555000,0.0,0.0
2021-08-20 00:00:00-04:00,19.990999221801758,20.864999771118164,19.933000564575195,20.81599998474121,20.7210636138916,675741000,0.0,0.0
2021-08-23 00:00:00-04:00,20.97100067138672,21.996999740600586,20.950000762939453,21.95800018310547,21.85785484313965,575807000,0.0,0.0
2021-08-24 00:00:00-04:00,21.753000259399414,21.958999633789062,21.53499984741211,21.792999267578125,21.693601608276367,297299000,0.0,0.0
2021-08-25 00:00:00-04:00,21.73699951171875,22.469999313354492,21.722000122070312,22.21299934387207,22.1116943359375,347701000,0.0,0.0
2021-08-26 00:00:00-04:00,22.200000762939453,22.34000015258789,21.790000915527344,22.06800079345703,21.967355728149414,237940000,0.0,0.0
2021-08-27 00:00:00-04:00,22.18400001525879,22.722000122070312,22.16699981689453,22.63599967956543,22.532760620117188,304722000,0.0,0.0
2021-08-30 00:00:00-04:00,22.829999923706055,23.042999267578125,22.551000595092773,22.687999725341797,22.58452796936035,262580000,0.0,0.0
2021-08-31 00:00:00-04:00,22.69499969482422,22.69499969482422,22.1200008392334,22.385000228881836,22.286836624145508,259850000,0.004,0.0
2021-09-01 00:00:00-04:00,22.485000610351562,22.69700050354004,22.35700035095215,22.44099998474121,22.342592239379883,201767000,0.0,0.0
2021-09-02 00:00:00-04:00,22.51799964904785,22.593000411987305,22.295000076293945,22.395999908447266,22.297786712646484,187834000,0.0,0.0
2021-09-03 00:00:00-04:00,22.325000762939453,22.986000061035156,22.200000762939453,22.843000411987305,22.742828369140625,280532000,0.0,0.0
2021-09-07 00:00:00-04:00,22.83300018310547,22.89900016784668,22.52199935913086,22.66200065612793,22.5626220703125,198107000,0.0,0.0
2021-09-08 00:00:00-04:00,22.51300048828125,22.610000610351562,21.976999282836914,22.339000701904297,22.241037368774414,254434000,0.0,0.0
2021-09-09 00:00:00-04:00,22.312000274658203,22.538000106811523,22.131000518798828,22.177000045776367,22.079750061035156,196856000,0.0,0.0
2021-09-10 00:00:00-04:00,22.347999572753906,22.625999450683594,22.270000457763672,22.47800064086914,22.37942886352539,248376000,0.0,0.0
2021-09-13 00:00:00-04:00,22.68400001525879,22.964000701904297,21.857999801635742,22.152000427246094,22.054859161376953,297500000,0.0,0.0
2021-09-14 00:00:00-04:00,22.274999618530273,22.40999984741211,22.086000442504883,22.242000579833984,22.14446449279785,199755000,0.0,0.0
2021-09-15 00:00:00-04:00,22.30900001525879,22.367000579833984,21.965999603271484,22.340999603271484,22.243024826049805,166538000,0.0,0.0
2021-09-16 00:00:00-04:00,22.183000564575195,22.277000427246094,21.927000045776367,22.242000579833984,22.14446449279785,156033000,0.0,0.0
2021-09-17 00:00:00-04:00,22.299999237060547,22.320999145507812,21.829999923706055,21.899999618530273,21.803958892822266,294503000,0.0,0.0
2021-09-20 00:00:00-04:00,21.145999908447266,21.433000564575195,20.66200065612793,21.113000869750977,21.02041244506836,349440000,0.0,0.0
2021-09-21 00:00:00-04:00,21.41699981689453,21.424999237060547,20.950000762939453,21.246000289916992,21.15283203125,204688000,0.0,0.0
2021-09-22 00:00:00-04:00,21.365999221801758,21.959999084472656,21.195999145507812,21.94099998474121,21.844785690307617,268726000,0.0,0.0
2021-09-23 00:00:00-04:00,22.139999389648438,22.53499984741211,21.889999389648438,22.48200035095215,22.383413314819336,248555000,0.0,0.0
2021-09-24 00:00:00-04:00,22.06999969482422,22.14900016784668,21.861000061035156,22.08099937438965,21.984167098999023,217655000,0.0,0.0
2021-09-27 00:00:00-04:00,21.709999084472656,21.798999786376953,21.325000762939453,21.65999984741211,21.56501579284668,245215000,0.0,0.0
2021-09-28 00:00:00-04:00,21.214000701904297,21.41900062561035,20.650999069213867,20.698999404907227,20.60822296142578,343069000,0.0,0.0
2021-09-29 00:00:00-04:00,20.940000534057617,21.017000198364258,20.466999053955078,20.517000198364258,20.42702865600586,218394000,0.0,0.0
2021-09-30 00:00:00-04:00,20.76799964904785,21.06599998474121,20.687999725341797,20.715999603271484,20.625152587890625,221009000,0.0,0.0
2021-10-01 00:00:00-04:00,20.75,20.858999252319336,20.202999114990234,20.742000579833984,20.651039123535156,240978000,0.0,0.0
2021-10-04 00:00:00-04:00,20.503999710083008,20.54199981689453,19.55500030517578,19.73200035095215,19.645469665527344,345635000,0.0,0.0
2021-10-05 00:00:00-04:00,19.950000762939453,20.648000717163086,19.854000091552734,20.451000213623047,20.361316680908203,279282000,0.0,0.0
2021-10-06 00:00:00-04:00,20.1200008392334,20.719999313354492,20.079999923706055,20.700000762939453,20.609222412109375,297202000,0.0,0.0
2021-10-07 00:00:00-04:00,21.091999053955078,21.32200050354004,20.972000122070312,21.075000762939453,20.982582092285156,256919000,0.0,0.0
2021-10-08 00:00:00-04:00,21.10099983215332,21.20599937438965,20.774999618530273,20.83099937438965,20.739646911621094,151258000,0.0,0.0
2021-10-11 00:00:00-04:00,20.575000762939453,21.062999725341797,20.51099967956543,20.69499969482422,20.604246139526367,163388000,0.0,0.0
2021-10-12 00:00:00-04:00,20.827999114990234,21.05699920654297,20.527999877929688,20.67099952697754,20.580350875854492,162134000,0.0,0.0
2021-10-13 00:00:00-04:00,20.917999267578125,20.989999771118164,20.71299934387207,20.93899917602539,20.847177505493164,180652000,0.0,0.0
2021-10-14 00:00:00-04:00,21.288000106811523,21.7549991607666,21.121999740600586,21.746000289916992,21.6506404876709,243589000,0.0,0.0
2021-10-15 00:00:00-04:00,21.809999465942383,21.930999755859375,21.66200065612793,21.86199951171875,21.766132354736328,226994000,0.0,0.0
2021-10-18 00:00:00-04:00,21.749000549316406,22.291000366210938,21.643999099731445,22.222000122070312,22.124553680419922,189494000,0.0,0.0
2021-10-19 00:00:00-04:00,22.275999069213867,22.378999710083008,22.03700065612793,22.290000915527344,22.1922550201416,161473000,0.0,0.0
2021-10-20 00:00:00-04:00,22.30500030517578,22.433000564575195,21.98200035095215,22.10300064086914,22.006072998046875,146276000,0.0,0.0
2021-10-21 00:00:00-04:00,22.097000122070312,22.711000442504883,22.08300018310547,22.691999435424805,22.592487335205078,187590000,0.0,0.0
2021-10-22 00:00:00-04:00,22.822999954223633,23.1299991607666,22.56100082397461,22.72599983215332,22.626338958740234,249384000,0.0,0.0
2021-10-25 00:00:00-04:00,22.972999572753906,23.354999542236328,22.770000457763672,23.166000366210938,23.064411163330078,230235000,0.0,0.0
2021-10-26 00:00:00-04:00,23.98900032043457,25.259000778198242,23.923999786376953,24.716999053955078,24.608612060546875,485898000,0.0,0.0
2021-10-27 00:00:00-04:00,24.474000930786133,25.09000015258789,24.281999588012695,24.451000213623047,24.343774795532227,245990000,0.0,0.0
2021-10-28 00:00:00-04:00,24.878000259399414,24.950000762939453,24.523000717163086,24.94099998474121,24.831626892089844,234204000,0.0,0.0
2021-10-29 00:00:00-04:00,25.000999450683594,25.708999633789062,25.0,25.566999435424805,25.45488166809082,292503000,0.0,0.0
2021-11-01 00:00:00-04:00,25.64900016784668,25.893999099731445,25.226999282836914,25.82699966430664,25.7137393951416,265740000,0.0,0.0
2021-11-02 00:00:00-04:00,25.82200050354004,26.67799949645996,25.799999237060547,26.400999069213867,26.285221099853516,294112000,0.0,0.0
2021-11-03 00:00:00-04:00,26.670000076293945,26.784000396728516,26.235000610351562,26.597999572753906,26.48135757446289,239910000,0.0,0.0
2021-11-04 00:00:00-04:00,27.229000091552734,31.364999771118164,27.118000030517578,29.801000595092773,29.670310974121094,1153631000,0.0,0.0
2021-11-05 00:00:00-04:00,30.187000274658203,31.399999618530273,29.40999984741211,29.75200080871582,29.62152862548828,851260000,0.0,0.0
2021-11-08 00:00:00-05:00,30.14900016784668,31.100000381469727,29.906999588012695,30.804000854492188,30.66891860961914,503101000,0.0,0.0
2021-11-09 00:00:00-05:00,32.28200149536133,32.310001373291016,29.964000701904297,30.656999588012695,30.52256202697754,646746000,0.0,0.0
2021-11-10 00:00:00-05:00,29.356000900268555,30.850000381469727,28.777999877929688,29.458999633789062,29.32981300354004,636206000,0.0,0.0
2021-11-11 00:00:00-05:00,30.468000411987305,30.59000015258789,29.777000427246094,30.389999389648438,30.256729125976562,332172000,0.0,0.0
2021-11-12 00:00:00-05:00,30.010000228881836,30.68000030517578,29.6299991607666,30.389999389648438,30.256729125976562,413054000,0.0,0.0
2021-11-15 00:00:00-05:00,30.552000045776367,30.643999099731445,29.246999740600586,30.024999618530273,29.893327713012695,384909000,0.0,0.0
2021-11-16 00:00:00-05:00,29.759000778198242,30.389999389648438,29.70599937438965,30.202999114990234,30.070547103881836,264484000,0.0,0.0
2021-11-17 00:00:00-05:00,30.417999267578125,30.509000778198242,28.799999237060547,29.26099967956543,29.132678985595703,428508000,0.0,0.0
2021-11-18 00:00:00-05:00,32.367000579833984,32.7599983215332,31.320999145507812,31.674999237060547,31.536096572875977,781711000,0.0,0.0
2021-11-19 00:00:00-05:00,32.24300003051758,33.0880012512207,31.905000686645508,32.98500061035156,32.840354919433594,533867000,0.0,0.0
2021-11-22 00:00:00-05:00,33.516998291015625,34.64699935913086,31.899999618530273,31.95599937438965,31.81586456298828,754335000,0.0,0.0
2021-11-23 00:00:00-05:00,31.53499984741211,32.36000061035156,30.8799991607666,31.746000289916992,31.606788635253906,532163000,0.0,0.0
2021-11-24 00:00:00-05:00,31.461000442504883,32.85499954223633,30.92799949645996,32.67399978637695,32.53071212768555,435162000,0.0,0.0
2021-11-26 00:00:00-05:00,32.599998474121094,32.709999084472656,31.350000381469727,31.503000259399414,31.364852905273438,283069000,0.0,0.0
2021-11-29 00:00:00-05:00,32.36600112915039,33.4119987487793,32.0359992980957,33.375999450683594,33.22962951660156,454964000,0.0,0.0
2021-11-30 00:00:00-05:00,33.16899871826172,33.35300064086914,31.86400032043457,32.67599868774414,32.53269577026367,622066000,0.0,0.0
2021-12-01 00:00:00-05:00,33.21900177001953,33.28900146484375,31.3799991607666,31.434999465942383,31.300979614257812,484368000,0.004,0.0
2021-12-02 00:00:00-05:00,31.214000701904297,32.47800064086914,31.024999618530273,32.125999450683594,31.989030838012695,472890000,0.0,0.0
2021-12-03 00:00:00-05:00,32.0,32.12900161743164,30.1299991607666,30.69300079345703,30.56214714050293,544325000,0.0,0.0
2021-12-06 00:00:00-05:00,29.8799991607666,30.240999221801758,28.038000106811523,30.03700065612793,29.9089412689209,658938000,0.0,0.0
2021-12-07 00:00:00-05:00,30.957000732421875,32.44900131225586,30.650999069213867,32.426998138427734,32.288753509521484,593053000,0.0,0.0
2021-12-08 00:00:00-05:00,31.999000549316406,32.290000915527344,31.42099952697754,31.826000213623047,31.69031524658203,475551000,0.0,0.0
2021-12-09 00:00:00-05:00,31.733999252319336,32.20500183105469,30.42799949645996,30.489999771118164,30.360010147094727,488507000,0.0,0.0
2021-12-10 00:00:00-05:00,31.149999618530273,31.30500030517578,29.861000061035156,30.197999954223633,30.06925392150879,488825000,0.0,0.0
2021-12-13 00:00:00-05:00,30.249000549316406,30.29400062561035,28.115999221801758,28.160999298095703,28.040935516357422,598344000,0.0,0.0
2021-12-14 00:00:00-05:00,27.698999404907227,28.67799949645996,27.25,28.336999893188477,28.216190338134766,667035000,0.0,0.0
2021-12-15 00:00:00-05:00,28.399999618530273,30.5,27.83799934387207,30.458999633789062,30.329139709472656,698297000,0.0,0.0
2021-12-16 00:00:00-05:00,31.152000427246094,31.15999984741211,28.093000411987305,28.386999130249023,28.265975952148438,707366000,0.0,0.0
2021-12-17 00:00:00-05:00,27.985000610351562,28.922000885009766,27.760000228881836,27.801000595092773,27.68247413635254,713758000,0.0,0.0
2021-12-20 00:00:00-05:00,27.30500030517578,28.143999099731445,27.145000457763672,27.7189998626709,27.6008243560791,461847000,0.0,0.0
2021-12-21 00:00:00-05:00,28.374000549316406,29.1200008392334,27.400999069213867,29.075000762939453,28.9510440826416,524385000,0.0,0.0
2021-12-22 00:00:00-05:00,28.891000747680664,29.55500030517578,28.448999404907227,29.399999618530273,29.274656295776367,395184000,0.0,0.0
2021-12-23 00:00:00-05:00,29.7549991607666,30.05900001525879,29.430999755859375,29.639999389648438,29.513633728027344,343022000,0.0,0.0
2021-12-27 00:00:00-05:00,29.65999984741211,31.086999893188477,29.639999389648438,30.94499969482422,30.81307029724121,403686000,0.0,0.0
2021-12-28 00:00:00-05:00,31.312000274658203,31.329999923706055,30.011999130249023,30.32200050354004,30.19272804260254,420591000,0.0,0.0
2021-12-29 00:00:00-05:00,30.273000717163086,30.54800033569336,29.365999221801758,30.000999450683594,29.87309455871582,343139000,0.0,0.0
2021-12-30 00:00:00-05:00,29.82699966430664,30.457000732421875,29.540000915527344,29.586000442504883,29.459861755371094,308864000,0.0,0.0
2021-12-31 00:00:00-05:00,29.673999786376953,30.030000686645508,29.33099937438965,29.410999298095703,29.28561019897461,266530000,0.0,0.0
2022-01-03 00:00:00-05:00,29.815000534057617,30.711000442504883,29.78499984741211,30.121000289916992,29.99258041381836,391547000,0.0,0.0
2022-01-04 00:00:00-05:00,30.277000427246094,30.468000411987305,28.349000930786133,29.290000915527344,29.165122985839844,527154000,0.0,0.0
2022-01-05 00:00:00-05:00,28.948999404907227,29.416000366210938,27.533000946044922,27.604000091552734,27.486312866210938,498064000,0.0,0.0
2022-01-06 00:00:00-05:00,27.639999389648438,28.437999725341797,27.065000534057617,28.17799949645996,28.057861328125,454186000,0.0,0.0
2022-01-07 00:00:00-05:00,28.141000747680664,28.422000885009766,27.05699920654297,27.246999740600586,27.130830764770508,409939000,0.0,0.0
2022-01-10 00:00:00-05:00,26.58099937438965,27.4689998626709,25.643999099731445,27.399999618530273,27.28318214416504,594681000,0.0,0.0
2022-01-11 00:00:00-05:00,27.322999954223633,28.065000534057617,26.839000701904297,27.816999435424805,27.69840431213379,404089000,0.0,0.0
2022-01-12 00:00:00-05:00,28.066999435424805,28.594999313354492,27.607999801635742,27.999000549316406,27.879629135131836,383413000,0.0,0.0
2022-01-13 00:00:00-05:00,28.378999710083008,28.479999542236328,26.49799919128418,26.575000762939453,26.461700439453125,540171000,0.0,0.0
2022-01-14 00:00:00-05:00,26.299999237060547,27.19700050354004,26.209999084472656,26.941999435424805,26.827133178710938,395832000,0.0,0.0
2022-01-18 00:00:00-05:00,26.260000228881836,26.63800048828125,25.770000457763672,25.902999877929688,25.79256248474121,424270000,0.0,0.0
2022-01-19 00:00:00-05:00,26.07900047302246,26.542999267578125,25.052000045776367,25.066999435424805,24.960128784179688,488315000,0.0,0.0
2022-01-20 00:00:00-05:00,25.304000854492188,25.57900047302246,24.077999114990234,24.149999618530273,24.04703712463379,435181000,0.0,0.0
2022-01-21 00:00:00-05:00,23.506999969482422,24.822999954223633,23.26300048828125,23.374000549316406,23.27435302734375,718958000,0.0,0.0
2022-01-24 00:00:00-05:00,22.329999923706055,23.3799991607666,20.88800048828125,23.371999740600586,23.272356033325195,913982000,0.0,0.0
2022-01-25 00:00:00-05:00,22.54599952697754,22.94300079345703,22.0,22.323999404907227,22.228822708129883,664616000,0.0,0.0
2022-01-26 00:00:00-05:00,23.239999771118164,24.05699920654297,22.299999237060547,22.77199935913086,22.674915313720703,755959000,0.0,0.0
2022-01-27 00:00:00-05:00,23.56800079345703,23.9950008392334,21.674999237060547,21.944000244140625,21.85044288635254,573353000,0.0,0.0
2022-01-28 00:00:00-05:00,22.011999130249023,22.857999801635742,21.29599952697754,22.84000015258789,22.742626190185547,543774000,0.0,0.0
2022-01-31 00:00:00-05:00,23.18199920654297,24.509000778198242,23.052000045776367,24.486000061035156,24.38160514831543,564680000,0.0,0.0
2022-02-01 00:00:00-05:00,25.104000091552734,25.145000457763672,23.889999389648438,24.63800048828125,24.532958984375,518925000,0.0,0.0
2022-02-02 00:00:00-05:00,25.79400062561035,25.816999435424805,24.55299949645996,25.242000579833984,25.13438606262207,543419000,0.0,0.0
2022-02-03 00:00:00-05:00,24.45800018310547,25.07699966430664,23.780000686645508,23.947999954223633,23.84589385986328,410178000,0.0,0.0
2022-02-04 00:00:00-05:00,23.972000122070312,24.635000228881836,23.631999969482422,24.319000244140625,24.21531867980957,354829000,0.0,0.0
2022-02-07 00:00:00-05:00,24.371999740600586,25.18199920654297,24.20199966430664,24.72800064086914,24.622575759887695,376868000,0.0,0.0
2022-02-08 00:00:00-05:00,24.358999252319336,25.229999542236328,23.979999542236328,25.107999801635742,25.000953674316406,410359000,0.0,0.0
2022-02-09 00:00:00-05:00,25.621999740600586,26.725000381469727,25.35300064086914,26.704999923706055,26.591148376464844,524282000,0.0,0.0
2022-02-10 00:00:00-05:00,25.9950008392334,26.924999237060547,25.600000381469727,25.823999404907227,25.713899612426758,513200000,0.0,0.0
2022-02-11 00:00:00-05:00,25.916000366210938,26.152000427246094,23.773000717163086,23.948999404907227,23.846893310546875,605472000,0.0,0.0
2022-02-14 00:00:00-05:00,23.93400001525879,24.875,23.7549991607666,24.267000198364258,24.163541793823242,440424000,0.0,0.0
2022-02-15 00:00:00-05:00,24.948999404907227,26.545000076293945,24.784000396728516,26.4950008392334,26.382043838500977,699869000,0.0,0.0
2022-02-16 00:00:00-05:00,26.259000778198242,26.582000732421875,25.552000045776367,26.51099967956543,26.397974014282227,732676000,0.0,0.0
2022-02-17 00:00:00-05:00,25.6299991607666,25.78499984741211,24.165000915527344,24.506999969482422,24.40251922607422,810595000,0.0,0.0
2022-02-18 00:00:00-05:00,24.667999267578125,24.986000061035156,23.100000381469727,23.642000198364258,23.541202545166016,761255000,0.0,0.0
2022-02-22 00:00:00-05:00,23.03499984741211,24.06399917602539,23.0,23.389999389648438,23.290273666381836,633422000,0.0,0.0
2022-02-23 00:00:00-05:00,23.802000045776367,24.155000686645508,22.301000595092773,22.386999130249023,22.291555404663086,566511000,0.0,0.0
2022-02-24 00:00:00-05:00,21.014999389648438,23.799999237060547,20.889999389648438,23.74799919128418,23.64674949645996,735801000,0.0,0.0
2022-02-25 00:00:00-05:00,23.72100067138672,24.216999053955078,23.381000518798828,24.156999588012695,24.05400848388672,528866000,0.0,0.0
2022-02-28 00:00:00-05:00,23.992000579833984,24.665000915527344,23.707000732421875,24.385000228881836,24.281034469604492,477319000,0.0,0.0
2022-03-01 00:00:00-05:00,24.291000366210938,24.37700080871582,23.131999969482422,23.476999282836914,23.376907348632812,412056000,0.0,0.0
2022-03-02 00:00:00-05:00,23.756000518798828,24.409000396728516,23.415000915527344,24.219999313354492,24.120847702026367,389642000,0.004,0.0
2022-03-03 00:00:00-05:00,24.261999130249023,24.326000213623047,23.4689998626709,23.714000701904297,23.616926193237305,365095000,0.0,0.0
2022-03-04 00:00:00-05:00,23.384000778198242,23.68000030517578,22.48200035095215,22.93600082397461,22.84210968017578,431415000,0.0,0.0
2022-03-07 00:00:00-05:00,22.816999435424805,23.033000946044922,21.329999923706055,21.351999282836914,21.26459312438965,450821000,0.0,0.0
2022-03-08 00:00:00-05:00,21.30900001525879,22.37299919128418,20.649999618530273,21.513999938964844,21.42593002319336,557467000,0.0,0.0
2022-03-09 00:00:00-05:00,22.386999130249023,23.219999313354492,22.246999740600586,23.013999938964844,22.91978645324707,492742000,0.0,0.0
2022-03-10 00:00:00-05:00,22.5310001373291,22.788000106811523,21.881999969482422,22.658000946044922,22.56524658203125,428066000,0.0,0.0
2022-03-11 00:00:00-05:00,23.02199935913086,23.145000457763672,22.04599952697754,22.100000381469727,22.009531021118164,367209000,0.0,0.0
2022-03-14 00:00:00-04:00,21.868999481201172,22.261999130249023,21.159000396728516,21.329999923706055,21.242685317993164,385354000,0.0,0.0
2022-03-15 00:00:00-04:00,21.51799964904785,23.038000106811523,21.32200050354004,22.972999572753906,22.87895393371582,491996000,0.0,0.0
2022-03-16 00:00:00-04:00,23.5,24.597000122070312,23.172000885009766,24.496000289916992,24.39571762084961,671422000,0.0,0.0
2022-03-17 00:00:00-04:00,24.1200008392334,24.841999053955078,23.9060001373291,24.766000747680664,24.664613723754883,471941000,0.0,0.0
2022-03-18 00:00:00-04:00,24.798999786376953,26.569000244140625,24.624000549316406,26.452999114990234,26.344709396362305,730719000,0.0,0.0
2022-03-21 00:00:00-04:00,26.506999969482422,27.152000427246094,25.966999053955078,26.733999252319336,26.624557495117188,591727000,0.0,0.0
2022-03-22 00:00:00-04:00,26.726999282836914,27.238000869750977,26.07200050354004,26.52400016784668,26.415416717529297,547007000,0.0,0.0
2022-03-23 00:00:00-04:00,26.125999450683594,26.61199951171875,25.575000762939453,25.634000778198242,25.52906608581543,502120000,0.0,0.0
2022-03-24 00:00:00-04:00,26.166000366210938,28.31999969482422,25.906999588012695,28.149999618530273,28.03476333618164,877379000,0.0,0.0
2022-03-25 00:00:00-04:00,27.88599967956543,28.357999801635742,27.270999908447266,27.691999435424805,27.57863426208496,579016000,0.0,0.0
2022-03-28 00:00:00-04:00,27.756000518798828,28.25,27.20599937438965,28.2189998626709,28.103479385375977,425494000,0.0,0.0
2022-03-29 00:00:00-04:00,28.69499969482422,28.945999145507812,27.979999542236328,28.6560001373291,28.5386905670166,488984000,0.0,0.0
2022-03-30 00:00:00-04:00,28.304000854492188,28.496000289916992,27.503000259399414,27.690000534057617,27.57664680480957,463487000,0.0,0.0
2022-03-31 00:00:00-04:00,27.781999588012695,28.24799919128418,27.270000457763672,27.285999298095703,27.174299240112305,523440000,0.0,0.0
2022-04-01 00:00:00-04:00,27.375,27.496000289916992,26.267000198364258,26.711999893188477,26.602649688720703,517235000,0.0,0.0
2022-04-04 00:00:00-04:00,26.72800064086914,27.558000564575195,26.613000869750977,27.360000610351562,27.247995376586914,397120000,0.0,0.0
2022-04-05 00:00:00-04:00,27.253999710083008,27.319000244140625,25.81999969482422,25.930999755859375,25.824846267700195,436615000,0.0,0.0
2022-04-06 00:00:00-04:00,24.93400001525879,25.299999237060547,24.003000259399414,24.406999588012695,24.307083129882812,703833000,0.0,0.0
2022-04-07 00:00:00-04:00,24.44099998474121,24.722000122070312,23.47800064086914,24.20800018310547,24.108905792236328,557992000,0.0,0.0
2022-04-08 00:00:00-04:00,23.91699981689453,23.92300033569336,23.062000274658203,23.118999481201172,23.02436065673828,524781000,0.0,0.0
2022-04-11 00:00:00-04:00,22.214000701904297,22.31999969482422,21.65999984741211,21.91699981689453,21.82727813720703,575207000,0.0,0.0
2022-04-12 00:00:00-04:00,22.53700065612793,22.725000381469727,21.281999588012695,21.503999710083008,21.41596221923828,662258000,0.0,0.0
2022-04-13 00:00:00-04:00,21.72800064086914,22.5,21.454999923706055,22.202999114990234,22.112104415893555,516943000,0.0,0.0
2022-04-14 00:00:00-04:00,22.5049991607666,22.777000427246094,21.163000106811523,21.257999420166016,21.170974731445312,569097000,0.0,0.0
2022-04-18 00:00:00-04:00,21.200000762939453,22.08799934387207,21.07900047302246,21.783000946044922,21.693822860717773,525701000,0.0,0.0
2022-04-19 00:00:00-04:00,21.719999313354492,22.37299919128418,21.31399917602539,22.197999954223633,22.107126235961914,512781000,0.0,0.0
2022-04-20 00:00:00-04:00,22.517000198364258,22.670000076293945,21.200000762939453,21.48200035095215,21.39405632019043,468974000,0.0,0.0
2022-04-21 00:00:00-04:00,21.708999633789062,22.392000198364258,20.0,20.183000564575195,20.10037612915039,656209000,0.0,0.0
2022-04-22 00:00:00-04:00,20.30299949645996,20.486000061035156,19.5,19.514999389648438,19.435110092163086,624713000,0.0,0.0
2022-04-25 00:00:00-04:00,19.20199966430664,19.94499969482422,19.09600067138672,19.902000427246094,19.820528030395508,641566000,0.0,0.0
2022-04-26 00:00:00-04:00,19.718000411987305,19.788000106811523,18.670000076293945,18.788000106811523,18.711091995239258,653143000,0.0,0.0
2022-04-27 00:00:00-04:00,18.597999572753906,19.16699981689453,18.290000915527344,18.415000915527344,18.339616775512695,499460000,0.0,0.0
2022-04-28 00:00:00-04:00,18.966999053955078,20.03700065612793,18.489999771118164,19.781999588012695,19.701019287109375,570327000,0.0,0.0
2022-04-29 00:00:00-04:00,19.402000427246094,20.128000259399414,18.517000198364258,18.547000885009766,18.4710693359375,500435000,0.0,0.0
2022-05-02 00:00:00-04:00,18.541000366210938,19.573999404907227,18.391000747680664,19.533000946044922,19.45303726196289,572049000,0.0,0.0
2022-05-03 00:00:00-04:00,19.399999618530273,19.825000762939453,19.132999420166016,19.601999282836914,19.521757125854492,475751000,0.0,0.0
2022-05-04 00:00:00-04:00,19.92300033569336,20.399999618530273,18.750999450683594,20.333999633789062,20.250757217407227,648855000,0.0,0.0
2022-05-05 00:00:00-04:00,19.867000579833984,19.924999237060547,18.5,18.8439998626709,18.76685905456543,626331000,0.0,0.0
2022-05-06 00:00:00-04:00,18.736000061035156,19.511999130249023,17.989999771118164,18.674999237060547,18.598548889160156,633297000,0.0,0.0
2022-05-09 00:00:00-04:00,18.034000396728516,18.2549991607666,16.82699966430664,16.950000762939453,16.880613327026367,644455000,0.0,0.0
2022-05-10 00:00:00-04:00,17.68899917602539,18.197999954223633,17.024999618530273,17.594999313354492,17.52297019958496,761474000,0.0,0.0
2022-05-11 00:00:00-04:00,17.347000122070312,17.753000259399414,16.56800079345703,16.6299991607666,16.56192398071289,670167000,0.0,0.0
2022-05-12 00:00:00-04:00,16.2189998626709,16.788000106811523,15.567000389099121,16.174999237060547,16.108783721923828,708728000,0.0,0.0
2022-05-13 00:00:00-04:00,16.788000106811523,17.92799949645996,16.593000411987305,17.70599937438965,17.633514404296875,670437000,0.0,0.0
2022-05-16 00:00:00-04:00,17.509000778198242,17.788000106811523,17.106000900268555,17.263999938964844,17.193323135375977,521446000,0.0,0.0
2022-05-17 00:00:00-04:00,18.073999404907227,18.371000289916992,17.634000778198242,18.177000045776367,18.10259246826172,585830000,0.0,0.0
2022-05-18 00:00:00-04:00,17.704999923706055,18.118000030517578,16.86400032043457,16.937999725341797,16.868656158447266,545161000,0.0,0.0
2022-05-19 00:00:00-04:00,16.937000274658203,17.687000274658203,16.733999252319336,17.124000549316406,17.053897857666016,621310000,0.0,0.0
2022-05-20 00:00:00-04:00,17.332000732421875,17.40999984741211,15.755000114440918,16.694000244140625,16.625661849975586,739105000,0.0,0.0
2022-05-23 00:00:00-04:00,16.27400016784668,16.915000915527344,16.179000854492188,16.898000717163086,16.828821182250977,639889000,0.0,0.0
2022-05-24 00:00:00-04:00,16.510000228881836,16.597000122070312,15.779999732971191,16.15399932861328,16.08786964416504,588550000,0.0,0.0
2022-05-25 00:00:00-04:00,16.020000457763672,17.111000061035156,16.0,16.975000381469727,16.90550994873047,781132000,0.0,0.0
2022-05-26 00:00:00-04:00,16.035999298095703,18.091999053955078,16.02199935913086,17.85099983215332,17.77791976928711,996575000,0.0,0.0
2022-05-27 00:00:00-04:00,18.18600082397461,18.881000518798828,18.100000381469727,18.81100082397461,18.73399543762207,738379000,0.0,0.0
2022-05-31 00:00:00-04:00,18.979999542236328,19.200000762939453,18.350000381469727,18.672000885009766,18.595563888549805,664100000,0.0,0.0
2022-06-01 00:00:00-04:00,18.724000930786133,19.05299949645996,18.121999740600586,18.31999969482422,18.245004653930664,544514000,0.0,0.0
2022-06-02 00:00:00-04:00,18.29199981689453,19.618999481201172,18.197999954223633,19.591999053955078,19.511789321899414,648656000,0.0,0.0
2022-06-03 00:00:00-04:00,19.082000732421875,19.332000732421875,18.52199935913086,18.719999313354492,18.64336395263672,598779000,0.0,0.0
2022-06-06 00:00:00-04:00,19.138999938964844,19.336999893188477,18.56399917602539,18.785999298095703,18.709095001220703,422406000,0.0,0.0
2022-06-07 00:00:00-04:00,18.472000122070312,19.0,18.187999725341797,18.926000595092773,18.84852409362793,388914000,0.0,0.0
2022-06-08 00:00:00-04:00,18.798999786376953,19.18000030517578,18.53499984741211,18.648000717163086,18.57558822631836,363252000,0.004,0.0
2022-06-09 00:00:00-04:00,18.481000900268555,18.933000564575195,18.041000366210938,18.04800033569336,17.977916717529297,395574000,0.0,0.0
2022-06-10 00:00:00-04:00,17.600000381469727,17.69700050354004,16.868999481201172,16.974000930786133,16.9080867767334,465248000,0.0,0.0
2022-06-13 00:00:00-04:00,16.0,16.312000274658203,15.605999946594238,15.647000312805176,15.5862398147583,604153000,0.0,0.0
2022-06-14 00:00:00-04:00,15.730999946594238,16.06599998474121,15.411999702453613,15.836000442504883,15.774504661560059,469680000,0.0,0.0
2022-06-15 00:00:00-04:00,16.094999313354492,16.868000030517578,15.925999641418457,16.527000427246094,16.462820053100586,563936000,0.0,0.0
2022-06-16 00:00:00-04:00,15.859999656677246,15.942000389099121,15.401000022888184,15.60099983215332,15.54041862487793,545749000,0.0,0.0
2022-06-17 00:00:00-04:00,15.64799976348877,15.994999885559082,15.32800006866455,15.880000114440918,15.818336486816406,630334000,0.0,0.0
2022-06-21 00:00:00-04:00,16.475000381469727,17.007999420166016,16.406999588012695,16.56599998474121,16.501672744750977,483089000,0.0,0.0
2022-06-22 00:00:00-04:00,16.22599983215332,16.66200065612793,16.18000030517578,16.360000610351562,16.296470642089844,437135000,0.0,0.0
2022-06-23 00:00:00-04:00,16.518999099731445,16.584999084472656,15.852999687194824,16.225000381469727,16.16199493408203,463680000,0.0,0.0
2022-06-24 00:00:00-04:00,16.5,17.139999389648438,16.309999465942383,17.125999450683594,17.059497833251953,472153000,0.0,0.0
2022-06-27 00:00:00-04:00,17.312000274658203,17.329999923706055,16.625999450683594,16.868999481201172,16.80349349975586,427968000,0.0,0.0
2022-06-28 00:00:00-04:00,16.899999618530273,17.20199966430664,15.944999694824219,15.982000350952148,15.919937133789062,461149000,0.0,0.0
2022-06-29 00:00:00-04:00,15.814000129699707,15.819999694824219,15.170000076293945,15.541999816894531,15.481648445129395,482352000,0.0,0.0
2022-06-30 00:00:00-04:00,15.361000061035156,15.567000389099121,14.862000465393066,15.159000396728516,15.10013484954834,686070000,0.0,0.0
2022-07-01 00:00:00-04:00,14.89900016784668,15.062999725341797,14.392000198364258,14.52299976348877,14.466605186462402,577610000,0.0,0.0
2022-07-05 00:00:00-04:00,14.175000190734863,14.970999717712402,14.055000305175781,14.96399974822998,14.905892372131348,651397000,0.0,0.0
2022-07-06 00:00:00-04:00,15.010000228881836,15.319000244140625,14.788999557495117,15.130000114440918,15.071246147155762,529066000,0.0,0.0
2022-07-07 00:00:00-04:00,15.456000328063965,15.944999694824219,15.388999938964844,15.857999801635742,15.796422004699707,492903000,0.0,0.0
2022-07-08 00:00:00-04:00,15.430000305175781,16.03700065612793,15.388999938964844,15.838000297546387,15.776498794555664,467972000,0.0,0.0
2022-07-11 00:00:00-04:00,15.526000022888184,15.527000427246094,15.038000106811523,15.152000427246094,15.093160629272461,437321000,0.0,0.0
2022-07-12 00:00:00-04:00,15.267999649047852,15.430999755859375,14.876999855041504,15.081999778747559,15.02343463897705,458483000,0.0,0.0
2022-07-13 00:00:00-04:00,14.59000015258789,15.375,14.46500015258789,15.163999557495117,15.105113983154297,521918000,0.0,0.0
2022-07-14 00:00:00-04:00,15.107999801635742,15.472999572753906,14.727999687194824,15.371999740600586,15.312307357788086,456235000,0.0,0.0
2022-07-15 00:00:00-04:00,15.659000396728516,15.781999588012695,15.444999694824219,15.76200008392334,15.700791358947754,385935000,0.0,0.0
2022-07-18 00:00:00-04:00,16.302000045776367,16.89699935913086,16.00200080871582,16.10099983215332,16.038475036621094,670517000,0.0,0.0
2022-07-19 00:00:00-04:00,16.486000061035156,17.110000610351562,16.172000885009766,16.992000579833984,16.92601776123047,702366000,0.0,0.0
2022-07-20 00:00:00-04:00,16.94700050354004,17.933000564575195,16.801000595092773,17.80699920654297,17.737850189208984,760538000,0.0,0.0
2022-07-21 00:00:00-04:00,17.885000228881836,18.143999099731445,17.545000076293945,18.049999237060547,17.979909896850586,557049000,0.0,0.0
2022-07-22 00:00:00-04:00,17.89299964904785,17.966999053955078,17.136999130249023,17.319000244140625,17.251747131347656,536671000,0.0,0.0
2022-07-25 00:00:00-04:00,17.018999099731445,17.124000549316406,16.64900016784668,17.02400016784668,16.95789337158203,480748000,0.0,0.0
2022-07-26 00:00:00-04:00,16.888999938964844,16.91900062561035,16.47800064086914,16.533000946044922,16.468801498413086,397865000,0.0,0.0
2022-07-27 00:00:00-04:00,17.031999588012695,17.93600082397461,16.913000106811523,17.790000915527344,17.720918655395508,569776000,0.0,0.0
2022-07-28 00:00:00-04:00,17.975000381469727,18.139999389648438,17.440000534057617,17.983999252319336,17.914165496826172,474646000,0.0,0.0
2022-07-29 00:00:00-04:00,17.812999725341797,18.243999481201172,17.691999435424805,18.163000106811523,18.092470169067383,435460000,0.0,0.0
2022-08-01 00:00:00-04:00,18.18199920654297,18.84600067138672,17.989999771118164,18.44099998474121,18.369388580322266,476469000,0.0,0.0
2022-08-02 00:00:00-04:00,18.121999740600586,18.937999725341797,18.091999053955078,18.525999069213867,18.454055786132812,489527000,0.0,0.0
2022-08-03 00:00:00-04:00,18.18400001525879,18.968000411987305,18.136999130249023,18.89299964904785,18.81963539123535,418146000,0.0,0.0
2022-08-04 00:00:00-04:00,18.849000930786133,19.27400016784668,18.760000228881836,19.21500015258789,19.140378952026367,409652000,0.0,0.0
2022-08-05 00:00:00-04:00,18.809999465942383,19.229000091552734,18.666000366210938,18.98900032043457,18.91526222229004,386068000,0.0,0.0
2022-08-08 00:00:00-04:00,17.50200080871582,18.23900032043457,17.242000579833984,17.792999267578125,17.723909378051758,981859000,0.0,0.0
2022-08-09 00:00:00-04:00,17.25200080871582,17.44700050354004,16.724000930786133,17.086000442504883,17.0196533203125,668263000,0.0,0.0
2022-08-10 00:00:00-04:00,17.697999954223633,18.118000030517578,17.316999435424805,18.097000122070312,18.0267276763916,597422000,0.0,0.0
2022-08-11 00:00:00-04:00,18.131000518798828,18.707000732421875,17.875999450683594,17.941999435424805,17.872323989868164,509327000,0.0,0.0
2022-08-12 00:00:00-04:00,18.15999984741211,18.718000411987305,17.952999114990234,18.708999633789062,18.636350631713867,478094000,0.0,0.0
2022-08-15 00:00:00-04:00,18.701000213623047,19.163999557495117,18.613000869750977,19.031999588012695,18.958091735839844,457666000,0.0,0.0
2022-08-16 00:00:00-04:00,18.920000076293945,19.142000198364258,18.500999450683594,18.878999710083008,18.805688858032227,451240000,0.0,0.0
2022-08-17 00:00:00-04:00,18.523000717163086,18.687999725341797,18.145000457763672,18.334999084472656,18.263797760009766,446799000,0.0,0.0
2022-08-18 00:00:00-04:00,18.301000595092773,18.864999771118164,18.183000564575195,18.773000717163086,18.700098037719727,415447000,0.0,0.0
2022-08-19 00:00:00-04:00,18.4060001373291,18.520000457763672,17.770000457763672,17.849000930786133,17.77968978881836,441588000,0.0,0.0
2022-08-22 00:00:00-04:00,17.489999771118164,17.558000564575195,16.965999603271484,17.034000396728516,16.967851638793945,409593000,0.0,0.0
2022-08-23 00:00:00-04:00,16.98900032043457,17.46500015258789,16.969999313354492,17.180999755859375,17.11428451538086,369986000,0.0,0.0
2022-08-24 00:00:00-04:00,17.011999130249023,17.4060001373291,16.895000457763672,17.222000122070312,17.155120849609375,522661000,0.0,0.0
2022-08-25 00:00:00-04:00,16.8439998626709,17.94700050354004,16.83300018310547,17.913000106811523,17.843435287475586,770691000,0.0,0.0
2022-08-26 00:00:00-04:00,17.85700035095215,17.923999786376953,16.23699951171875,16.260000228881836,16.196863174438477,769127000,0.0,0.0
2022-08-29 00:00:00-04:00,16.020000457763672,16.33799934387207,15.767000198364258,15.800999641418457,15.739643096923828,496132000,0.0,0.0
2022-08-30 00:00:00-04:00,15.960000038146973,16.038999557495117,15.182000160217285,15.468000411987305,15.40793514251709,530181000,0.0,0.0
2022-08-31 00:00:00-04:00,15.383999824523926,15.539999961853027,14.958999633789062,15.093999862670898,15.035386085510254,573710000,0.0,0.0
2022-09-01 00:00:00-04:00,14.208999633789062,14.380000114440918,13.270000457763672,13.937000274658203,13.882879257202148,1178865000,0.0,0.0
2022-09-02 00:00:00-04:00,14.100000381469727,14.170999526977539,13.590999603271484,13.647000312805176,13.59400463104248,743157000,0.0,0.0
2022-09-06 00:00:00-04:00,13.730999946594238,13.779000282287598,13.35099983215332,13.46500015258789,13.412712097167969,535751000,0.0,0.0
2022-09-07 00:00:00-04:00,13.562999725341797,13.838000297546387,13.345999717712402,13.71399974822998,13.664803504943848,512657000,0.004,0.0
2022-09-08 00:00:00-04:00,13.458999633789062,14.008000373840332,13.369000434875488,13.989999771118164,13.939815521240234,624873000,0.0,0.0
2022-09-09 00:00:00-04:00,14.156999588012695,14.473999977111816,14.12600040435791,14.38700008392334,14.335391998291016,486612000,0.0,0.0
2022-09-12 00:00:00-04:00,14.369000434875488,14.54699993133545,14.197999954223633,14.505000114440918,14.452967643737793,484159000,0.0,0.0
2022-09-13 00:00:00-04:00,13.802000045776367,13.92199993133545,13.098999977111816,13.130999565124512,13.08389949798584,714956000,0.0,0.0
2022-09-14 00:00:00-04:00,13.253999710083008,13.289999961853027,12.913000106811523,13.128000259399414,13.08090877532959,588507000,0.0,0.0
2022-09-15 00:00:00-04:00,13.015000343322754,13.232999801635742,12.789999961853027,12.928999900817871,12.882620811462402,523625000,0.0,0.0
2022-09-16 00:00:00-04:00,12.741999626159668,13.211999893188477,12.616999626159668,13.197999954223633,13.150656700134277,670751000,0.0,0.0
2022-09-19 00:00:00-04:00,13.01200008392334,13.463000297546387,13.010000228881836,13.381999969482422,13.33399486541748,569685000,0.0,0.0
2022-09-20 00:00:00-04:00,13.21500015258789,13.482999801635742,13.057000160217285,13.175999641418457,13.128735542297363,524818000,0.0,0.0
2022-09-21 00:00:00-04:00,13.213000297546387,14.031000137329102,13.109999656677246,13.26099967956543,13.213430404663086,807679000,0.0,0.0
2022-09-22 00:00:00-04:00,13.069999694824219,13.14900016784668,12.428000450134277,12.560999870300293,12.515941619873047,759162000,0.0,0.0
2022-09-23 00:00:00-04:00,12.420000076293945,12.611000061035156,12.256999969482422,12.515999794006348,12.471102714538574,663309000,0.0,0.0
2022-09-26 00:00:00-04:00,12.491000175476074,12.659000396728516,12.21399974822998,12.227999687194824,12.184135437011719,547343000,0.0,0.0
2022-09-27 00:00:00-04:00,12.506999969482422,12.736000061035156,12.258000373840332,12.413000106811523,12.3684720993042,553854000,0.0,0.0
2022-09-28 00:00:00-04:00,12.40999984741211,12.822999954223633,12.354000091552734,12.736000061035156,12.690314292907715,542414000,0.0,0.0
2022-09-29 00:00:00-04:00,12.447999954223633,12.5,11.946000099182129,12.220000267028809,12.176163673400879,532763000,0.0,0.0
2022-09-30 00:00:00-04:00,12.086999893188477,12.633000373840332,12.074999809265137,12.138999938964844,12.095454216003418,565638000,0.0,0.0
2022-10-03 00:00:00-04:00,12.347000122070312,12.678000450134277,12.104999542236328,12.51200008392334,12.467117309570312,547478000,0.0,0.0
2022-10-04 00:00:00-04:00,12.878999710083008,13.220000267028809,12.878999710083008,13.166999816894531,13.119767189025879,584182000,0.0,0.0
2022-10-05 00:00:00-04:00,12.91100025177002,13.321000099182129,12.621000289916992,13.208999633789062,13.161615371704102,507131000,0.0,0.0
2022-10-06 00:00:00-04:00,13.220000267028809,13.656000137329102,13.102999687194824,13.130000114440918,13.082902908325195,644157000,0.0,0.0
2022-10-07 00:00:00-04:00,12.505000114440918,12.670000076293945,12.022000312805176,12.076000213623047,12.03268051147461,672478000,0.0,0.0
2022-10-10 00:00:00-04:00,12.036999702453613,12.12399959564209,11.407999992370605,11.670000076293945,11.628135681152344,698699000,0.0,0.0
2022-10-11 00:00:00-04:00,11.560999870300293,11.845999717712402,11.282999992370605,11.586000442504883,11.544437408447266,667482000,0.0,0.0
2022-10-12 00:00:00-04:00,11.579000473022461,11.734999656677246,11.345000267028809,11.5,11.458747863769531,492590000,0.0,0.0
2022-10-13 00:00:00-04:00,10.970999717712402,12.07800006866455,10.812999725341797,11.960000038146973,11.917095184326172,850103000,0.0,0.0
2022-10-14 00:00:00-04:00,12.057000160217285,12.111000061035156,11.204000473022461,11.22700023651123,11.186725616455078,713432000,0.0,0.0
2022-10-17 00:00:00-04:00,11.517999649047852,11.947999954223633,11.517000198364258,11.887999534606934,11.845354080200195,580774000,0.0,0.0
2022-10-18 00:00:00-04:00,12.343999862670898,12.491999626159668,11.618000030517578,11.967000007629395,11.92407512664795,659362000,0.0,0.0
2022-10-19 00:00:00-04:00,11.878999710083008,12.350000381469727,11.833999633789062,12.050999641418457,12.007771492004395,523131000,0.0,0.0
2022-10-20 00:00:00-04:00,12.11299991607666,12.769000053405762,12.104999542236328,12.194000244140625,12.15025806427002,652398000,0.0,0.0
2022-10-21 00:00:00-04:00,12.097999572753906,12.498000144958496,11.88700008392334,12.465999603271484,12.421281814575195,609494000,0.0,0.0
2022-10-24 00:00:00-04:00,12.508000373840332,12.710000038146973,12.064000129699707,12.598999977111816,12.55380630493164,517457000,0.0,0.0
2022-10-25 00:00:00-04:00,12.694000244140625,13.300000190734863,12.663999557495117,13.26099967956543,13.213430404663086,505482000,0.0,0.0
2022-10-26 00:00:00-04:00,12.869000434875488,13.387999534606934,12.708000183105469,12.895999908447266,12.849739074707031,532953000,0.0,0.0
2022-10-27 00:00:00-04:00,13.630000114440918,13.838000297546387,13.121999740600586,13.175999641418457,13.128735542297363,583113000,0.0,0.0
2022-10-28 00:00:00-04:00,13.104000091552734,13.850000381469727,13.060999870300293,13.833999633789062,13.784374237060547,521040000,0.0,0.0
2022-10-31 00:00:00-04:00,13.777999877929688,13.838000297546387,13.29699993133545,13.496999740600586,13.448582649230957,486341000,0.0,0.0
2022-11-01 00:00:00-04:00,13.810999870300293,13.925000190734863,13.519000053405762,13.543000221252441,13.49441909790039,432817000,0.0,0.0
2022-11-02 00:00:00-04:00,13.850000381469727,14.210000038146973,13.211000442504883,13.218999862670898,13.171581268310547,672628000,0.0,0.0
2022-11-03 00:00:00-04:00,13.043000221252441,13.781000137329102,12.956000328063965,13.420999526977539,13.372857093811035,500065000,0.0,0.0
2022-11-04 00:00:00-04:00,13.986000061035156,14.229000091552734,13.696999549865723,14.156000137329102,14.105217933654785,612576000,0.0,0.0
2022-11-07 00:00:00-05:00,14.227999687194824,14.411999702453613,13.954000473022461,14.300999641418457,14.249698638916016,410061000,0.0,0.0
2022-11-08 00:00:00-05:00,14.800999641418457,14.890999794006348,14.215999603271484,14.60200023651123,14.5496187210083,595292000,0.0,0.0
2022-11-09 00:00:00-05:00,14.161999702453613,14.211000442504883,13.758999824523926,13.776000022888184,13.726583480834961,454414000,0.0,0.0
2022-11-10 00:00:00-05:00,14.800000190734863,15.77299976348877,14.54699993133545,15.75,15.693503379821777,700819000,0.0,0.0
2022-11-11 00:00:00-05:00,15.807000160217285,16.388999938964844,15.482000350952148,16.32699966430664,16.2684326171875,655487000,0.0,0.0
2022-11-14 00:00:00-05:00,16.218000411987305,16.540000915527344,15.92199993133545,16.295000076293945,16.236547470092773,527852000,0.0,0.0
2022-11-15 00:00:00-05:00,16.722000122070312,16.99799919128418,16.381999969482422,16.666000366210938,16.606218338012695,545876000,0.0,0.0
2022-11-16 00:00:00-05:00,16.16200065612793,16.36199951171875,15.873000144958496,15.90999984741211,15.852928161621094,649547000,0.0,0.0
2022-11-17 00:00:00-05:00,15.71500015258789,16.266000747680664,15.53499984741211,15.677000045776367,15.620765686035156,710894000,0.0,0.0
2022-11-18 00:00:00-05:00,15.965999603271484,16.00200080871582,15.119999885559082,15.409000396728516,15.353724479675293,492072000,0.0,0.0
2022-11-21 00:00:00-05:00,15.147000312805176,15.47700023651123,15.079999923706055,15.317000389099121,15.262056350708008,404739000,0.0,0.0
2022-11-22 00:00:00-05:00,15.32800006866455,16.058000564575195,15.121999740600586,16.038000106811523,15.98046875,472866000,0.0,0.0
2022-11-23 00:00:00-05:00,16.097999572753906,16.527000427246094,16.04800033569336,16.518999099731445,16.459741592407227,427241000,0.0,0.0
2022-11-25 00:00:00-05:00,16.31800079345703,16.48699951171875,16.172000885009766,16.270000457763672,16.211633682250977,167934000,0.0,0.0
2022-11-28 00:00:00-05:00,16.025999069213867,16.35700035095215,15.725000381469727,15.82699966430664,15.770225524902344,303741000,0.0,0.0
2022-11-29 00:00:00-05:00,15.82699966430664,15.932000160217285,15.520000457763672,15.638999938964844,15.582897186279297,298384000,0.0,0.0
2022-11-30 00:00:00-05:00,15.696999549865723,16.93000030517578,15.597000122070312,16.92300033569336,16.866607666015625,565298000,0.004,0.0
2022-12-01 00:00:00-05:00,16.999000549316406,17.264999389648438,16.635000228881836,17.135000228881836,17.077899932861328,470977000,0.0,0.0
2022-12-02 00:00:00-05:00,16.659000396728516,16.933000564575195,16.44499969482422,16.875999450683594,16.81976318359375,371389000,0.0,0.0
2022-12-05 00:00:00-05:00,16.679000854492188,16.9950008392334,16.472000122070312,16.610000610351562,16.554651260375977,352255000,0.0,0.0
2022-12-06 00:00:00-05:00,16.530000686645508,16.572999954223633,15.819000244140625,15.987000465393066,15.933725357055664,352694000,0.0,0.0
2022-12-07 00:00:00-05:00,15.772000312805176,16.18600082397461,15.666999816894531,16.1200008392334,16.066286087036133,372388000,0.0,0.0
2022-12-08 00:00:00-05:00,16.273000717163086,17.179000854492188,15.958999633789062,17.16900062561035,17.11178970336914,515456000,0.0,0.0
2022-12-09 00:00:00-05:00,17.15999984741211,17.58300018310547,16.975000381469727,17.000999450683594,16.94434928894043,465338000,0.0,0.0
2022-12-12 00:00:00-05:00,17.03700065612793,17.538000106811523,16.797000885009766,17.53499984741211,17.47657012939453,457328000,0.0,0.0
2022-12-13 00:00:00-05:00,18.5310001373291,18.790000915527344,17.711000442504883,18.07200050354004,18.011781692504883,656589000,0.0,0.0
2022-12-14 00:00:00-05:00,17.98699951171875,18.25200080871582,17.420000076293945,17.673999786376953,17.61510467529297,496888000,0.0,0.0
2022-12-15 00:00:00-05:00,17.145999908447266,17.31999969482422,16.700000762939453,16.95199966430664,16.895509719848633,478542000,0.0,0.0
2022-12-16 00:00:00-05:00,16.86400032043457,17.041000366210938,16.40999984741211,16.570999145507812,16.515777587890625,478232000,0.0,0.0
2022-12-19 00:00:00-05:00,16.57200050354004,16.608999252319336,16.145000457763672,16.253999710083008,16.199840545654297,354039000,0.0,0.0
2022-12-20 00:00:00-05:00,16.06399917602539,16.309999465942383,15.85200023651123,16.084999084472656,16.031402587890625,403260000,0.0,0.0
2022-12-21 00:00:00-05:00,16.11400032043457,16.62700080871582,16.101999282836914,16.500999450683594,16.446014404296875,325025000,0.0,0.0
2022-12-22 00:00:00-05:00,16.0939998626709,16.13800048828125,14.881999969482422,15.33899974822998,15.287886619567871,565045000,0.0,0.0
2022-12-23 00:00:00-05:00,15.196000099182129,15.33899974822998,14.883000373840332,15.206000328063965,15.155330657958984,349326000,0.0,0.0
2022-12-27 00:00:00-05:00,15.074000358581543,15.100000381469727,14.055999755859375,14.121000289916992,14.073945045471191,464902000,0.0,0.0
2022-12-28 00:00:00-05:00,13.927000045776367,14.26200008392334,13.883999824523926,14.03600025177002,13.989229202270508,351066000,0.0,0.0
2022-12-29 00:00:00-05:00,14.402000427246094,14.682999610900879,14.22700023651123,14.602999687194824,14.554340362548828,354923000,0.0,0.0
2022-12-30 00:00:00-05:00,14.333999633789062,14.628999710083008,14.232999801635742,14.61400032043457,14.565302848815918,310490000,0.0,0.0
2023-01-03 00:00:00-05:00,14.85099983215332,14.996000289916992,14.095999717712402,14.3149995803833,14.267298698425293,401277000,0.0,0.0
2023-01-04 00:00:00-05:00,14.567000389099121,14.852999687194824,14.241000175476074,14.74899959564209,14.699851989746094,431324000,0.0,0.0
2023-01-05 00:00:00-05:00,14.491000175476074,14.564000129699707,14.14799976348877,14.265000343322754,14.2174654006958,389168000,0.0,0.0
2023-01-06 00:00:00-05:00,14.473999977111816,15.010000228881836,14.034000396728516,14.859000205993652,14.809486389160156,405044000,0.0,0.0
2023-01-09 00:00:00-05:00,15.284000396728516,16.055999755859375,15.140999794006348,15.628000259399414,15.575922966003418,504231000,0.0,0.0
2023-01-10 00:00:00-05:00,15.506999969482422,15.961999893188477,15.472000122070312,15.909000396728516,15.855988502502441,384101000,0.0,0.0
2023-01-11 00:00:00-05:00,15.84000015258789,16.027999877929688,15.562999725341797,16.000999450683594,15.947678565979004,353285000,0.0,0.0
2023-01-12 00:00:00-05:00,16.100000381469727,16.636999130249023,15.491999626159668,16.51099967956543,16.45598030090332,551409000,0.0,0.0
2023-01-13 00:00:00-05:00,16.277999877929688,16.922000885009766,16.165000915527344,16.89900016784668,16.842687606811523,447287000,0.0,0.0
2023-01-17 00:00:00-05:00,16.89900016784668,17.72800064086914,16.89900016784668,17.70199966430664,17.643007278442383,511102000,0.0,0.0
2023-01-18 00:00:00-05:00,17.66699981689453,17.87299919128418,17.281999588012695,17.37700080871582,17.319095611572266,439624000,0.0,0.0
2023-01-19 00:00:00-05:00,17.035999298095703,17.19700050354004,16.731000900268555,16.764999389648438,16.709135055541992,452932000,0.0,0.0
2023-01-20 00:00:00-05:00,17.01099967956543,17.856000900268555,16.825000762939453,17.839000701904297,17.779556274414062,564967000,0.0,0.0
2023-01-23 00:00:00-05:00,18.06399917602539,19.2450008392334,17.81800079345703,19.19300079345703,19.12904167175293,655163000,0.0,0.0
2023-01-24 00:00:00-05:00,18.82699966430664,19.4950008392334,18.81999969482422,19.264999389648438,19.200803756713867,496204000,0.0,0.0
2023-01-25 00:00:00-05:00,18.913000106811523,19.3700008392334,18.579999923706055,19.322999954223633,19.258607864379883,449537000,0.0,0.0
2023-01-26 00:00:00-05:00,19.701000213623047,20.166000366210938,19.277999877929688,19.802000045776367,19.73601531982422,489535000,0.0,0.0
2023-01-27 00:00:00-05:00,19.461999893188477,20.628000259399414,19.405000686645508,20.364999771118164,20.297138214111328,542142000,0.0,0.0
2023-01-30 00:00:00-05:00,19.950000762939453,20.139999389648438,19.149999618530273,19.16200065612793,19.0981502532959,488611000,0.0,0.0
2023-01-31 00:00:00-05:00,19.170000076293945,19.687000274658203,18.950000762939453,19.53700065612793,19.47189712524414,498017000,0.0,0.0
2023-02-01 00:00:00-05:00,19.69099998474121,21.191999435424805,19.611000061035156,20.94300079345703,20.873214721679688,660477000,0.0,0.0
2023-02-02 00:00:00-05:00,21.0,21.948999404907227,20.700000762939453,21.708999633789062,21.63665771484375,564276000,0.0,0.0
2023-02-03 00:00:00-05:00,21.0,21.7450008392334,20.788999557495117,21.100000381469727,21.02968978881836,429366000,0.0,0.0
2023-02-06 00:00:00-05:00,20.805999755859375,21.56999969482422,20.785999298095703,21.089000701904297,21.01872444152832,452197000,0.0,0.0
2023-02-07 00:00:00-05:00,21.381999969482422,22.259000778198242,21.149999618530273,22.17300033569336,22.099111557006836,664150000,0.0,0.0
2023-02-08 00:00:00-05:00,22.386999130249023,22.878000259399414,22.007999420166016,22.204999923706055,22.131006240844727,559651000,0.0,0.0
2023-02-09 00:00:00-05:00,22.606000900268555,23.020000457763672,22.1200008392334,22.336999893188477,22.262563705444336,523876000,0.0,0.0
2023-02-10 00:00:00-05:00,21.690000534057617,22.077999114990234,20.81100082397461,21.264999389648438,21.194137573242188,550737000,0.0,0.0
2023-02-13 00:00:00-05:00,21.538000106811523,22.04800033569336,20.961999893188477,21.788000106811523,21.715396881103516,474919000,0.0,0.0
2023-02-14 00:00:00-05:00,21.577999114990234,23.048999786376953,21.365999221801758,22.97100067138672,22.894454956054688,675474000,0.0,0.0
2023-02-15 00:00:00-05:00,22.548999786376953,22.854999542236328,22.106000900268555,22.763999938964844,22.68814468383789,420575000,0.0,0.0
2023-02-16 00:00:00-05:00,22.132999420166016,22.549999237060547,21.927000045776367,22.00200080871582,21.92868423461914,412026000,0.0,0.0
2023-02-17 00:00:00-05:00,21.631000518798828,21.739999771118164,20.975000381469727,21.38800048828125,21.316730499267578,465888000,0.0,0.0
2023-02-21 00:00:00-05:00,21.0,21.493999481201172,20.618000030517578,20.655000686645508,20.586172103881836,410015000,0.0,0.0
2023-02-22 00:00:00-05:00,20.707000732421875,21.104000091552734,20.42099952697754,20.753999710083008,20.684843063354492,513184000,0.0,0.0
2023-02-23 00:00:00-05:00,23.440000534057617,23.88800048828125,23.024999618530273,23.663999557495117,23.585140228271484,1117995000,0.0,0.0
2023-02-24 00:00:00-05:00,23.225000381469727,23.474000930786133,22.94700050354004,23.285999298095703,23.208404541015625,589716000,0.0,0.0
2023-02-27 00:00:00-05:00,23.670000076293945,23.8799991607666,23.45400047302246,23.500999450683594,23.422685623168945,452994000,0.0,0.0
2023-02-28 00:00:00-05:00,23.371999740600586,23.825000762939453,23.20599937438965,23.215999603271484,23.13863754272461,455963000,0.0,0.0
2023-03-01 00:00:00-05:00,23.191999435424805,23.256000518798828,22.507999420166016,22.697999954223633,22.62236213684082,460026000,0.0,0.0
2023-03-02 00:00:00-05:00,22.488000869750977,23.3799991607666,22.43199920654297,23.31399917602539,23.236310958862305,389415000,0.0,0.0
2023-03-03 00:00:00-05:00,23.31999969482422,23.899999618530273,23.1299991607666,23.889999389648438,23.810392379760742,412393000,0.0,0.0
2023-03-06 00:00:00-05:00,23.891000747680664,24.24799919128418,23.48699951171875,23.554000854492188,23.475513458251953,437429000,0.0,0.0
2023-03-07 00:00:00-05:00,23.600000381469727,24.125,23.240999221801758,23.288000106811523,23.214340209960938,515154000,0.004,0.0
2023-03-08 00:00:00-05:00,23.48699951171875,24.200000762939453,23.423999786376953,24.180999755859375,24.104515075683594,513573000,0.0,0.0
2023-03-09 00:00:00-05:00,24.174999237060547,24.45400047302246,23.382999420166016,23.43600082397461,23.361873626708984,501257000,0.0,0.0
2023-03-10 00:00:00-05:00,23.409000396728516,23.62700080871582,22.72599983215332,22.96500015258789,22.892362594604492,474866000,0.0,0.0
2023-03-13 00:00:00-04:00,22.75200080871582,23.29800033569336,22.297000885009766,22.965999603271484,22.893360137939453,421890000,0.0,0.0
2023-03-14 00:00:00-04:00,23.496000289916992,24.2189998626709,23.459999084472656,24.062999725341797,23.986888885498047,474910000,0.0,0.0
2023-03-15 00:00:00-04:00,23.76099967956543,24.285999298095703,23.360000610351562,24.22800064086914,24.1513671875,524486000,0.0,0.0
2023-03-16 00:00:00-04:00,24.027000427246094,25.58799934387207,23.893999099731445,25.541000366210938,25.460216522216797,583253000,0.0,0.0
2023-03-17 00:00:00-04:00,25.98200035095215,26.39900016784668,25.667999267578125,25.725000381469727,25.643627166748047,848547000,0.0,0.0
2023-03-20 00:00:00-04:00,25.614999771118164,26.02400016784668,25.1299991607666,25.899999618530273,25.818078994750977,432747000,0.0,0.0
2023-03-21 00:00:00-04:00,26.18000030517578,26.392000198364258,25.381000518798828,26.198999404907227,26.11613655090332,547408000,0.0,0.0
2023-03-22 00:00:00-04:00,26.424999237060547,27.589000701904297,26.23699951171875,26.468000411987305,26.384281158447266,797295000,0.0,0.0
2023-03-23 00:00:00-04:00,27.114999771118164,27.499000549316406,26.690000534057617,27.19099998474121,27.104995727539062,564889000,0.0,0.0
2023-03-24 00:00:00-04:00,27.0310001373291,27.16699981689453,26.354999542236328,26.77899932861328,26.694299697875977,454920000,0.0,0.0
2023-03-27 00:00:00-04:00,26.836999893188477,27.0,26.364999771118164,26.5310001373291,26.44708251953125,361026000,0.0,0.0
2023-03-28 00:00:00-04:00,26.44700050354004,26.51300048828125,25.850000381469727,26.40999984741211,26.32646369934082,356104000,0.0,0.0
2023-03-29 00:00:00-04:00,26.825000762939453,27.077999114990234,26.597000122070312,26.983999252319336,26.898651123046875,393694000,0.0,0.0
2023-03-30 00:00:00-04:00,27.229000091552734,27.499000549316406,27.101999282836914,27.382999420166016,27.296384811401367,364516000,0.0,0.0
2023-03-31 00:00:00-04:00,27.139999389648438,27.833999633789062,27.104999542236328,27.777000427246094,27.689136505126953,433933000,0.0,0.0
2023-04-03 00:00:00-04:00,27.509000778198242,28.0,27.336000442504883,27.96500015258789,27.87654685974121,398716000,0.0,0.0
2023-04-04 00:00:00-04:00,27.965999603271484,28.0,27.30699920654297,27.452999114990234,27.366165161132812,368592000,0.0,0.0
2023-04-05 00:00:00-04:00,26.82900047302246,26.99799919128418,26.395000457763672,26.881000518798828,26.795976638793945,515015000,0.0,0.0
2023-04-06 00:00:00-04:00,26.583999633789062,27.079999923706055,26.427000045776367,27.03700065612793,26.95148277282715,397654000,0.0,0.0
2023-04-10 00:00:00-04:00,26.822999954223633,27.621000289916992,26.66900062561035,27.57900047302246,27.49176788330078,395279000,0.0,0.0
2023-04-11 00:00:00-04:00,27.724000930786133,27.790000915527344,27.125999450683594,27.16900062561035,27.083065032958984,314378000,0.0,0.0
2023-04-12 00:00:00-04:00,27.3700008392334,27.468000411987305,26.447999954223633,26.4950008392334,26.411197662353516,446259000,0.0,0.0
2023-04-13 00:00:00-04:00,26.733999252319336,26.886999130249023,26.32900047302246,26.46299934387207,26.379295349121094,353615000,0.0,0.0
2023-04-14 00:00:00-04:00,26.503999710083008,26.882999420166016,26.219999313354492,26.757999420166016,26.67336082458496,395660000,0.0,0.0
2023-04-17 00:00:00-04:00,26.565000534057617,27.006000518798828,26.433000564575195,27.00200080871582,26.91659164428711,321471000,0.0,0.0
2023-04-18 00:00:00-04:00,27.533000946044922,28.110000610351562,27.35700035095215,27.66699981689453,27.579486846923828,604812000,0.0,0.0
2023-04-19 00:00:00-04:00,27.361000061035156,28.0,27.23200035095215,27.930999755859375,27.8426570892334,358660000,0.0,0.0
2023-04-20 00:00:00-04:00,27.67099952697754,28.030000686645508,27.0,27.104000091552734,27.018268585205078,427713000,0.0,0.0
2023-04-21 00:00:00-04:00,26.95199966430664,27.183000564575195,26.722000122070312,27.118999481201172,27.033222198486328,345103000,0.0,0.0
2023-04-24 00:00:00-04:00,27.01300048828125,27.365999221801758,26.67099952697754,27.04199981689453,26.956464767456055,339282000,0.0,0.0
2023-04-25 00:00:00-04:00,27.077999114990234,27.246999740600586,26.225000381469727,26.240999221801758,26.157997131347656,378527000,0.0,0.0
2023-04-26 00:00:00-04:00,27.00200080871582,27.329999923706055,26.704999923706055,26.95599937438965,26.87073516845703,406337000,0.0,0.0
2023-04-27 00:00:00-04:00,27.363000869750977,27.4950008392334,26.625,27.22599983215332,27.13988494873047,377161000,0.0,0.0
2023-04-28 00:00:00-04:00,27.225000381469727,27.757999420166016,27.070999145507812,27.749000549316406,27.66122817993164,292216000,0.0,0.0
2023-05-01 00:00:00-04:00,27.84000015258789,29.058000564575195,27.780000686645508,28.90999984741211,28.81855583190918,570329000,0.0,0.0
2023-05-02 00:00:00-04:00,28.68000030517578,28.836000442504883,28.08300018310547,28.209999084472656,28.120771408081055,402730000,0.0,0.0
2023-05-03 00:00:00-04:00,27.84000015258789,28.367000579833984,27.472000122070312,27.802000045776367,27.714059829711914,383387000,0.0,0.0
2023-05-04 00:00:00-04:00,27.650999069213867,27.858999252319336,27.239999771118164,27.562000274658203,27.474817276000977,321850000,0.0,0.0
2023-05-05 00:00:00-04:00,27.826000213623047,28.7549991607666,27.731000900268555,28.68000030517578,28.589282989501953,361494000,0.0,0.0
2023-05-08 00:00:00-04:00,28.52199935913086,29.219999313354492,28.350000381469727,29.150999069213867,29.05879020690918,344979000,0.0,0.0
2023-05-09 00:00:00-04:00,28.89900016784668,28.972999572753906,28.450000762939453,28.570999145507812,28.48063087463379,314869000,0.0,0.0
2023-05-10 00:00:00-04:00,29.0049991607666,29.113000869750977,28.461000442504883,28.885000228881836,28.79364013671875,369350000,0.0,0.0
2023-05-11 00:00:00-04:00,28.895999908447266,28.950000762939453,28.246000289916992,28.577999114990234,28.487607955932617,322149000,0.0,0.0
2023-05-12 00:00:00-04:00,28.52899932861328,28.780000686645508,28.04599952697754,28.34000015258789,28.25035858154297,274222000,0.0,0.0
2023-05-15 00:00:00-04:00,28.507999420166016,28.9689998626709,28.152000427246094,28.952999114990234,28.861421585083008,293926000,0.0,0.0
2023-05-16 00:00:00-04:00,28.840999603271484,29.8700008392334,28.832000732421875,29.21299934387207,29.120601654052734,449405000,0.0,0.0
2023-05-17 00:00:00-04:00,29.583999633789062,30.198999404907227,29.43000030517578,30.17799949645996,30.08254623413086,432535000,0.0,0.0
2023-05-18 00:00:00-04:00,30.40999984741211,31.827999114990234,30.31999969482422,31.67799949645996,31.577800750732422,748725000,0.0,0.0
2023-05-19 00:00:00-04:00,31.535999298095703,31.579999923706055,30.916000366210938,31.263999938964844,31.16510772705078,473908000,0.0,0.0
2023-05-22 00:00:00-04:00,30.900999069213867,31.520000457763672,30.68000030517578,31.176000595092773,31.077390670776367,372000000,0.0,0.0
2023-05-23 00:00:00-04:00,31.0,31.288000106811523,30.631000518798828,30.687999725341797,30.5909366607666,356253000,0.0,0.0
2023-05-24 00:00:00-04:00,30.209999084472656,30.60700035095215,29.805999755859375,30.538000106811523,30.441410064697266,721419000,0.0,0.0
2023-05-25 00:00:00-04:00,38.52299880981445,39.47999954223633,36.6349983215332,37.97999954223633,37.859867095947266,1543911000,0.0,0.0
2023-05-26 00:00:00-04:00,37.88999938964844,39.16999816894531,37.54999923706055,38.94599914550781,38.822818756103516,714397000,0.0,0.0
2023-05-30 00:00:00-04:00,40.595001220703125,41.9379997253418,39.94900131225586,40.111000061035156,39.984130859375,923401000,0.0,0.0
2023-05-31 00:00:00-04:00,39.487998962402344,40.29499816894531,37.821998596191406,37.83399963378906,37.71433639526367,1002580000,0.0,0.0
2023-06-01 00:00:00-04:00,38.48899841308594,40.04999923706055,38.34000015258789,39.77000045776367,39.64420700073242,635873000,0.0,0.0
2023-06-02 00:00:00-04:00,40.09700012207031,40.5,39.05799865722656,39.32699966430664,39.202613830566406,482731000,0.0,0.0
2023-06-05 00:00:00-04:00,38.909000396728516,39.564998626708984,38.707000732421875,39.17100143432617,39.04710006713867,396094000,0.0,0.0
2023-06-06 00:00:00-04:00,38.83000183105469,39.15999984741211,38.14799880981445,38.65399932861328,38.531734466552734,388729000,0.0,0.0
2023-06-07 00:00:00-04:00,38.915000915527344,39.499000549316406,37.35599899291992,37.474998474121094,37.360328674316406,511998000,0.004,0.0
2023-06-08 00:00:00-04:00,37.7239990234375,38.86399841308594,37.505001068115234,38.5099983215332,38.39216232299805,417772000,0.0,0.0
2023-06-09 00:00:00-04:00,39.0369987487793,39.71099853515625,38.56700134277344,38.77000045776367,38.65137481689453,427717000,0.0,0.0
2023-06-12 00:00:00-04:00,39.20000076293945,39.529998779296875,38.61800003051758,39.481998443603516,39.36118698120117,388701000,0.0,0.0
2023-06-13 00:00:00-04:00,40.18600082397461,41.10100173950195,39.7400016784668,41.02199935913086,40.8964729309082,613208000,0.0,0.0
2023-06-14 00:00:00-04:00,40.82400131225586,43.0,40.551998138427734,42.99700164794922,42.865440368652344,740465000,0.0,0.0
2023-06-15 00:00:00-04:00,42.60200119018555,43.28900146484375,42.14699935913086,42.65299987792969,42.52248764038086,568622000,0.0,0.0
2023-06-16 00:00:00-04:00,43.45000076293945,43.72100067138672,42.6609992980957,42.69200134277344,42.561363220214844,655709000,0.0,0.0
2023-06-20 00:00:00-04:00,42.99800109863281,43.9900016784668,42.67399978637695,43.80799865722656,43.673954010009766,451153000,0.0,0.0
2023-06-21 00:00:00-04:00,43.500999450683594,43.6150016784668,42.08000183105469,43.04499816894531,42.913291931152344,551603000,0.0,0.0
2023-06-22 00:00:00-04:00,42.25299835205078,43.42599868774414,42.23400115966797,43.025001525878906,42.893348693847656,417737000,0.0,0.0
2023-06-23 00:00:00-04:00,42.4640007019043,42.808998107910156,42.01499938964844,42.20899963378906,42.0798454284668,358140000,0.0,0.0
2023-06-26 00:00:00-04:00,42.46099853515625,42.763999938964844,40.099998474121094,40.63199996948242,40.50767517089844,594322000,0.0,0.0
2023-06-27 00:00:00-04:00,40.79899978637695,41.939998626708984,40.448001861572266,41.875999450683594,41.74786376953125,462175000,0.0,0.0
2023-06-28 00:00:00-04:00,40.65999984741211,41.845001220703125,40.518001556396484,41.117000579833984,40.99118423461914,582639000,0.0,0.0
2023-06-29 00:00:00-04:00,41.55799865722656,41.599998474121094,40.599998474121094,40.821998596191406,40.69709014892578,380514000,0.0,0.0
2023-06-30 00:00:00-04:00,41.68000030517578,42.54999923706055,41.500999450683594,42.301998138427734,42.17256164550781,501148000,0.0,0.0
2023-07-03 00:00:00-04:00,42.516998291015625,42.89799880981445,42.20199966430664,42.41299819946289,42.2832145690918,198209000,0.0,0.0
2023-07-05 00:00:00-04:00,42.1349983215332,43.176998138427734,42.084999084472656,42.31700134277344,42.18752670288086,323618000,0.0,0.0
2023-07-06 00:00:00-04:00,41.84400177001953,42.17900085449219,41.34600067138672,42.10300064086914,41.974178314208984,303582000,0.0,0.0
2023-07-07 00:00:00-04:00,42.321998596191406,43.2140007019043,42.18000030517578,42.50299835205078,42.37295150756836,355881000,0.0,0.0
2023-07-10 00:00:00-04:00,42.65700149536133,42.81100082397461,41.64899826049805,42.18000030517578,42.050933837890625,353908000,0.0,0.0
2023-07-11 00:00:00-04:00,42.48099899291992,42.757999420166016,42.06700134277344,42.404998779296875,42.275238037109375,298244000,0.0,0.0
2023-07-12 00:00:00-04:00,43.03300094604492,43.935001373291016,42.777000427246094,43.902000427246094,43.76765823364258,481277000,0.0,0.0
2023-07-13 00:00:00-04:00,44.518001556396484,46.154998779296875,44.492000579833984,45.97700119018555,45.83631896972656,478204000,0.0,0.0
2023-07-14 00:00:00-04:00,46.58300018310547,48.0880012512207,45.060001373291016,45.46900177001953,45.32987594604492,772075000,0.0,0.0
2023-07-17 00:00:00-04:00,46.28900146484375,46.49599838256836,45.262001037597656,46.46099853515625,46.31883239746094,510488000,0.0,0.0
2023-07-18 00:00:00-04:00,46.70100021362305,47.895999908447266,45.73400115966797,47.49399948120117,47.348670959472656,569164000,0.0,0.0
2023-07-19 00:00:00-04:00,47.4640007019043,47.81800079345703,46.742000579833984,47.07699966430664,46.932945251464844,427502000,0.0,0.0
2023-07-20 00:00:00-04:00,46.50699996948242,47.08700180053711,45.0620002746582,45.52000045776367,45.38071060180664,537865000,0.0,0.0
2023-07-21 00:00:00-04:00,45.78799819946289,45.86600112915039,44.099998474121094,44.308998107910156,44.17342758178711,963769000,0.0,0.0
2023-07-24 00:00:00-04:00,44.73099899291992,45.10900115966797,44.040000915527344,44.61199951171875,44.47549057006836,382516000,0.0,0.0
2023-07-25 00:00:00-04:00,44.941001892089844,46.18299865722656,44.92300033569336,45.67900085449219,45.53923416137695,348081000,0.0,0.0
2023-07-26 00:00:00-04:00,46.020999908447266,46.053001403808594,44.630001068115234,45.45199966430664,45.312923431396484,364237000,0.0,0.0
2023-07-27 00:00:00-04:00,46.51900100708008,47.39500045776367,45.75,45.900001525878906,45.75955581665039,455976000,0.0,0.0
2023-07-28 00:00:00-04:00,46.667999267578125,47.027000427246094,46.38100051879883,46.75,46.60694885253906,331194000,0.0,0.0
2023-07-31 00:00:00-04:00,46.75400161743164,47.130001068115234,46.50600051879883,46.729000091552734,46.58601379394531,251055000,0.0,0.0
2023-08-01 00:00:00-04:00,46.459999084472656,46.900001525878906,46.027000427246094,46.50699996948242,46.364688873291016,237858000,0.0,0.0
2023-08-02 00:00:00-04:00,45.83100128173828,45.84000015258789,43.387001037597656,44.26900100708008,44.133548736572266,530142000,0.0,0.0
2023-08-03 00:00:00-04:00,43.79999923706055,45.11800003051758,43.79999923706055,44.51499938964844,44.37879180908203,324176000,0.0,0.0
2023-08-04 00:00:00-04:00,44.98500061035156,45.641998291015625,44.393001556396484,44.68000030517578,44.54328155517578,362666000,0.0,0.0
2023-08-07 00:00:00-04:00,45.111000061035156,45.540000915527344,44.5629997253418,45.41699981689453,45.27802658081055,322154000,0.0,0.0
2023-08-08 00:00:00-04:00,44.85300064086914,45.242000579833984,44.055999755859375,44.66400146484375,44.52734375,353843000,0.0,0.0
2023-08-09 00:00:00-04:00,44.27399826049805,44.3120002746582,42.13399887084961,42.55400085449219,42.42379379272461,586449000,0.0,0.0
2023-08-10 00:00:00-04:00,42.15999984741211,43.57400131225586,41.834999084472656,42.38800048828125,42.25830841064453,492705000,0.0,0.0
2023-08-11 00:00:00-04:00,41.750999450683594,42.018001556396484,40.638999938964844,40.85499954223633,40.7299919128418,533085000,0.0,0.0
2023-08-14 00:00:00-04:00,40.486000061035156,43.79999923706055,40.31100082397461,43.75299835205078,43.61912536621094,690286000,0.0,0.0
2023-08-15 00:00:00-04:00,44.560001373291016,45.268001556396484,43.709999084472656,43.939998626708984,43.8055534362793,676512000,0.0,0.0
2023-08-16 00:00:00-04:00,44.52000045776367,44.67499923706055,43.40599822998047,43.486000061035156,43.352935791015625,527451000,0.0,0.0
2023-08-17 00:00:00-04:00,43.970001220703125,44.0620002746582,43.000999450683594,43.34400177001953,43.21137237548828,452395000,0.0,0.0
2023-08-18 00:00:00-04:00,42.6349983215332,43.577999114990234,41.65999984741211,43.29899978637695,43.16650390625,583768000,0.0,0.0
2023-08-21 00:00:00-04:00,44.49399948120117,47.064998626708984,44.22200012207031,46.96699905395508,46.82328796386719,692573000,0.0,0.0
2023-08-22 00:00:00-04:00,48.1349983215332,48.1870002746582,45.33300018310547,45.667999267578125,45.52825927734375,755293000,0.0,0.0
2023-08-23 00:00:00-04:00,45.86600112915039,47.20000076293945,45.20800018310547,47.11600112915039,46.971839904785156,779046000,0.0,0.0
2023-08-24 00:00:00-04:00,50.215999603271484,50.26599884033203,47.159000396728516,47.16299819946289,47.01868438720703,1156044000,0.0,0.0
2023-08-25 00:00:00-04:00,47.012001037597656,47.80500030517578,45.02399826049805,46.018001556396484,45.87718963623047,925341000,0.0,0.0
2023-08-28 00:00:00-04:00,46.481998443603516,46.97999954223633,44.88800048828125,46.834999084472656,46.69169235229492,685192000,0.0,0.0
2023-08-29 00:00:00-04:00,46.66600036621094,49.08100128173828,46.39099884033203,48.784000396728516,48.634727478027344,701397000,0.0,0.0
2023-08-30 00:00:00-04:00,49.04399871826172,49.926998138427734,48.42499923706055,49.263999938964844,49.11325454711914,735206000,0.0,0.0
2023-08-31 00:00:00-04:00,49.380001068115234,49.74399948120117,48.95800018310547,49.35499954223633,49.2039794921875,528570000,0.0,0.0
2023-09-01 00:00:00-04:00,49.762001037597656,49.79999923706055,48.141998291015625,48.50899887084961,48.36056137084961,463830000,0.0,0.0
2023-09-05 00:00:00-04:00,48.222999572753906,48.85100173950195,47.86000061035156,48.54800033569336,48.39945983886719,382653000,0.0,0.0
2023-09-06 00:00:00-04:00,48.441001892089844,48.54899978637695,46.58000183105469,47.06100082397461,46.92086410522461,468670000,0.004,0.0
2023-09-07 00:00:00-04:00,45.525001525878906,46.34400177001953,45.152000427246094,46.24100112915039,46.10330581665039,433330000,0.0,0.0
2023-09-08 00:00:00-04:00,45.94200134277344,46.60599899291992,45.270999908447266,45.571998596191406,45.436302185058594,473069000,0.0,0.0
2023-09-11 00:00:00-04:00,46.14799880981445,46.16299819946289,44.3120002746582,45.178001403808594,45.04347229003906,473966000,0.0,0.0
2023-09-12 00:00:00-04:00,44.737998962402344,45.67300033569336,44.53099822998047,44.869998931884766,44.736392974853516,349256000,0.0,0.0
2023-09-13 00:00:00-04:00,44.599998474121094,45.93000030517578,44.50299835205078,45.48500061035156,45.34955596923828,398355000,0.0,0.0
2023-09-14 00:00:00-04:00,45.95000076293945,45.98699951171875,45.13100051879883,45.58100128173828,45.445274353027344,370097000,0.0,0.0
2023-09-15 00:00:00-04:00,45.340999603271484,45.5989990234375,43.80799865722656,43.900001525878906,43.76926803588867,506831000,0.0,0.0
2023-09-18 00:00:00-04:00,42.74800109863281,44.242000579833984,42.0,43.965999603271484,43.83507537841797,500271000,0.0,0.0
2023-09-19 00:00:00-04:00,43.83300018310547,43.965999603271484,43.00199890136719,43.52000045776367,43.390411376953125,373064000,0.0,0.0
2023-09-20 00:00:00-04:00,43.599998474121094,43.90299987792969,42.222999572753906,42.23899841308594,42.11322021484375,367108000,0.0,0.0
2023-09-21 00:00:00-04:00,41.58300018310547,42.099998474121094,40.97999954223633,41.016998291015625,40.894859313964844,450736000,0.0,0.0
2023-09-22 00:00:00-04:00,41.571998596191406,42.1150016784668,41.23099899291992,41.61000061035156,41.48609924316406,479236000,0.0,0.0
2023-09-25 00:00:00-04:00,41.590999603271484,42.5359992980957,41.176998138427734,42.22200012207031,42.096275329589844,419091000,0.0,0.0
2023-09-26 00:00:00-04:00,42.000999450683594,42.81999969482422,41.654998779296875,41.9109992980957,41.78619384765625,402282000,0.0,0.0
2023-09-27 00:00:00-04:00,42.33000183105469,42.87200164794922,41.62900161743164,42.46799850463867,42.34153747558594,444935000,0.0,0.0
2023-09-28 00:00:00-04:00,42.459999084472656,43.44599914550781,42.1150016784668,43.0890007019043,42.960693359375,424663000,0.0,0.0
2023-09-29 00:00:00-04:00,43.82699966430664,44.14400100708008,43.30699920654297,43.499000549316406,43.369476318359375,397830000,0.0,0.0
2023-10-02 00:00:00-04:00,44.029998779296875,45.17499923706055,43.861000061035156,44.78200149536133,44.648651123046875,433298000,0.0,0.0
2023-10-03 00:00:00-04:00,44.80799865722656,45.130001068115234,43.24599838256836,43.516998291015625,43.387420654296875,470850000,0.0,0.0
2023-10-04 00:00:00-04:00,43.742000579833984,44.143001556396484,43.29199981689453,44.04100036621094,43.909854888916016,361821000,0.0,0.0
2023-10-05 00:00:00-04:00,44.04999923706055,44.900001525878906,43.88800048828125,44.6879997253418,44.554927825927734,393483000,0.0,0.0
2023-10-06 00:00:00-04:00,44.19300079345703,45.78900146484375,44.0260009765625,45.762001037597656,45.625732421875,434436000,0.0,0.0
2023-10-09 00:00:00-04:00,44.84199905395508,45.60499954223633,44.36800003051758,45.27299880981445,45.13818359375,409675000,0.0,0.0
2023-10-10 00:00:00-04:00,45.310001373291016,46.25899887084961,45.0880012512207,45.79800033569336,45.6616325378418,368582000,0.0,0.0
2023-10-11 00:00:00-04:00,46.19599914550781,46.85900115966797,46.04999923706055,46.805999755859375,46.66661834716797,378137000,0.0,0.0
2023-10-12 00:00:00-04:00,46.777000427246094,47.60900115966797,46.33000183105469,46.94499969482422,46.80521011352539,481325000,0.0,0.0
2023-10-13 00:00:00-04:00,46.959999084472656,47.11600112915039,45.279998779296875,45.46099853515625,45.32563018798828,474115000,0.0,0.0
2023-10-16 00:00:00-04:00,45.0629997253418,46.224998474121094,44.9119987487793,46.095001220703125,45.95774459838867,375099000,0.0,0.0
2023-10-17 00:00:00-04:00,44.0,44.75400161743164,42.47999954223633,43.9379997253418,43.80717086791992,812333000,0.0,0.0
2023-10-18 00:00:00-04:00,42.590999603271484,43.21900177001953,41.82500076293945,42.19599914550781,42.07034683227539,627294000,0.0,0.0
2023-10-19 00:00:00-04:00,42.81100082397461,43.297000885009766,41.88199996948242,42.10100173950195,41.97563934326172,501233000,0.0,0.0
2023-10-20 00:00:00-04:00,41.88999938964844,42.470001220703125,41.077999114990234,41.387001037597656,41.26375961303711,477266000,0.0,0.0
2023-10-23 00:00:00-04:00,41.229000091552734,43.24800109863281,40.94499969482422,42.974998474121094,42.84703063964844,478530000,0.0,0.0
2023-10-24 00:00:00-04:00,43.07699966430664,43.696998596191406,42.691001892089844,43.66299819946289,43.532989501953125,401463000,0.0,0.0
2023-10-25 00:00:00-04:00,43.39799880981445,43.650001525878906,41.55500030517578,41.77899932861328,41.65459060668945,398379000,0.0,0.0
2023-10-26 00:00:00-04:00,41.85300064086914,42.25600051879883,39.880001068115234,40.32600021362305,40.2059211730957,541001000,0.0,0.0
2023-10-27 00:00:00-04:00,41.130001068115234,41.20600128173828,40.01499938964844,40.5,40.37940216064453,416784000,0.0,0.0
2023-10-30 00:00:00-04:00,41.08700180053711,41.76599884033203,40.48099899291992,41.1609992980957,41.03843307495117,388028000,0.0,0.0
2023-10-31 00:00:00-04:00,40.45000076293945,40.87900161743164,39.22999954223633,40.779998779296875,40.658565521240234,517969000,0.0,0.0
2023-11-01 00:00:00-04:00,40.88399887084961,42.38100051879883,40.86899948120117,42.32500076293945,42.198970794677734,437593000,0.0,0.0
2023-11-02 00:00:00-04:00,43.327999114990234,43.88399887084961,42.89400100708008,43.50600051879883,43.37644958496094,409172000,0.0,0.0
2023-11-03 00:00:00-04:00,44.02000045776367,45.308998107910156,43.722999572753906,45.005001068115234,44.87099075317383,424610000,0.0,0.0
2023-11-06 00:00:00-05:00,45.28499984741211,45.935001373291016,44.89899826049805,45.750999450683594,45.61476516723633,400733000,0.0,0.0
2023-11-07 00:00:00-05:00,45.71900177001953,46.21799850463867,45.15800094604492,45.95500183105469,45.81816101074219,343165000,0.0,0.0
2023-11-08 00:00:00-05:00,46.099998474121094,46.867000579833984,45.96799850463867,46.57400131225586,46.43531799316406,346719000,0.0,0.0
2023-11-09 00:00:00-05:00,47.46699905395508,48.22999954223633,46.75,46.95000076293945,46.81019592285156,540496000,0.0,0.0
2023-11-10 00:00:00-05:00,47.5,48.47200012207031,47.28300094604492,48.334999084472656,48.19107437133789,421245000,0.0,0.0
2023-11-13 00:00:00-05:00,48.31999969482422,49.11600112915039,48.0989990234375,48.619998931884766,48.475223541259766,384136000,0.0,0.0
2023-11-14 00:00:00-05:00,49.68000030517578,49.83399963378906,49.040000915527344,49.65599822998047,49.50813674926758,416954000,0.0,0.0
2023-11-15 00:00:00-05:00,49.935001373291016,49.959999084472656,48.20000076293945,48.88800048828125,48.742427825927734,475497000,0.0,0.0
2023-11-16 00:00:00-05:00,48.67900085449219,49.525001525878906,48.33000183105469,49.47999954223633,49.33266830444336,339756000,0.0,0.0
2023-11-17 00:00:00-05:00,49.52399826049805,49.71699905395508,49.00699996948242,49.29800033569336,49.151206970214844,325205000,0.0,0.0
2023-11-20 00:00:00-05:00,49.3120002746582,50.54800033569336,49.180999755859375,50.409000396728516,50.2588996887207,414120000,0.0,0.0
2023-11-21 00:00:00-05:00,50.125999450683594,50.516998291015625,49.22200012207031,49.944000244140625,49.79528045654297,565747000,0.0,0.0
2023-11-22 00:00:00-05:00,49.85200119018555,50.334999084472656,47.689998626708984,48.715999603271484,48.5709342956543,899420000,0.0,0.0
2023-11-24 00:00:00-05:00,48.470001220703125,48.92100143432617,47.744998931884766,47.7760009765625,47.63373565673828,294645000,0.0,0.0
2023-11-27 00:00:00-05:00,47.79999923706055,48.529998779296875,47.652000427246094,48.242000579833984,48.098350524902344,395662000,0.0,0.0
2023-11-28 00:00:00-05:00,48.236000061035156,48.323001861572266,47.472999572753906,47.82099914550781,47.6786003112793,401491000,0.0,0.0
2023-11-29 00:00:00-05:00,48.37900161743164,48.762001037597656,47.86000061035156,48.13999938964844,47.99665832519531,382005000,0.0,0.0
2023-11-30 00:00:00-05:00,48.02399826049805,48.11000061035156,46.422000885009766,46.77000045776367,46.630733489990234,526247000,0.0,0.0
2023-12-01 00:00:00-05:00,46.525001525878906,47.20000076293945,46.1870002746582,46.76499938964844,46.62574768066406,369317000,0.0,0.0
2023-12-04 00:00:00-05:00,46.07699966430664,46.07699966430664,45.0099983215332,45.5099983215332,45.37448501586914,437543000,0.0,0.0
2023-12-05 00:00:00-05:00,45.465999603271484,46.599998474121094,45.270999908447266,46.566001892089844,46.43142318725586,371718000,0.004,0.0
2023-12-06 00:00:00-05:00,47.21500015258789,47.387001037597656,45.4119987487793,45.50299835205078,45.371498107910156,380590000,0.0,0.0
2023-12-07 00:00:00-05:00,45.70000076293945,46.62900161743164,45.604000091552734,46.59600067138672,46.461334228515625,350823000,0.0,0.0
2023-12-08 00:00:00-05:00,46.595001220703125,47.74100112915039,46.54999923706055,47.50600051879883,47.368709564208984,359224000,0.0,0.0
2023-12-11 00:00:00-05:00,47.49100112915039,47.53099822998047,45.83000183105469,46.62699890136719,46.492252349853516,509728000,0.0,0.0
2023-12-12 00:00:00-05:00,46.04600143432617,47.66600036621094,46.04600143432617,47.65700149536133,47.5192756652832,372387000,0.0,0.0
2023-12-13 00:00:00-05:00,47.62900161743164,48.59400177001953,47.608001708984375,48.0880012512207,47.94902420043945,447792000,0.0,0.0
2023-12-14 00:00:00-05:00,48.38999938964844,48.66999816894531,47.422000885009766,48.349998474121094,48.21025848388672,391232000,0.0,0.0
2023-12-15 00:00:00-05:00,48.194000244140625,49.40399932861328,48.119998931884766,48.88999938964844,48.74870681762695,479948000,0.0,0.0
2023-12-18 00:00:00-05:00,49.400001525878906,50.43299865722656,49.150001525878906,50.07699966430664,49.93227767944336,412587000,0.0,0.0
2023-12-19 00:00:00-05:00,49.42399978637695,49.70000076293945,48.89500045776367,49.604000091552734,49.46063995361328,464444000,0.0,0.0
2023-12-20 00:00:00-05:00,49.654998779296875,49.999000549316406,48.097999572753906,48.111000061035156,47.97195816040039,397894000,0.0,0.0
2023-12-21 00:00:00-05:00,48.81100082397461,49.095001220703125,48.41899871826172,48.9900016784668,48.848419189453125,300425000,0.0,0.0
2023-12-22 00:00:00-05:00,49.19499969482422,49.382999420166016,48.46699905395508,48.83000183105469,48.68886947631836,252507000,0.0,0.0
2023-12-26 00:00:00-05:00,48.96799850463867,49.599998474121094,48.959999084472656,49.27899932861328,49.13658142089844,244200000,0.0,0.0
2023-12-27 00:00:00-05:00,49.51100158691406,49.68000030517578,49.084999084472656,49.41699981689453,49.2741813659668,233648000,0.0,0.0
2023-12-28 00:00:00-05:00,49.643001556396484,49.88399887084961,49.4119987487793,49.52199935913086,49.37887954711914,246587000,0.0,0.0
2023-12-29 00:00:00-05:00,49.8129997253418,49.99700164794922,48.750999450683594,49.52199935913086,49.37887954711914,389293000,0.0,0.0
2024-01-02 00:00:00-05:00,49.24399948120117,49.29499816894531,47.595001220703125,48.167999267578125,48.02879333496094,411254000,0.0,0.0
2024-01-03 00:00:00-05:00,47.48500061035156,48.183998107910156,47.31999969482422,47.569000244140625,47.4315185546875,320896000,0.0,0.0
2024-01-04 00:00:00-05:00,47.766998291015625,48.5,47.507999420166016,47.99800109863281,47.859291076660156,306535000,0.0,0.0
2024-01-05 00:00:00-05:00,48.46200180053711,49.547000885009766,48.305999755859375,49.09700012207031,48.955108642578125,415039000,0.0,0.0
2024-01-08 00:00:00-05:00,49.512001037597656,52.275001525878906,49.479000091552734,52.25299835205078,52.10197830200195,642510000,0.0,0.0
2024-01-09 00:00:00-05:00,52.4010009765625,54.32500076293945,51.689998626708984,53.13999938964844,52.986427307128906,773100000,0.0,0.0
2024-01-10 00:00:00-05:00,53.61600112915039,54.599998474121094,53.48899841308594,54.349998474121094,54.192928314208984,533796000,0.0,0.0
2024-01-11 00:00:00-05:00,54.999000549316406,55.34600067138672,53.560001373291016,54.821998596191406,54.66355895996094,596759000,0.0,0.0
2024-01-12 00:00:00-05:00,54.619998931884766,54.970001220703125,54.33000183105469,54.709999084472656,54.5518798828125,352994000,0.0,0.0
2024-01-16 00:00:00-05:00,55.018001556396484,56.834999084472656,54.900001525878906,56.38199996948242,56.219058990478516,449580000,0.0,0.0
2024-01-17 00:00:00-05:00,56.34700012207031,56.47100067138672,54.7400016784668,56.053001403808594,55.89101028442383,474394000,0.0,0.0
2024-01-18 00:00:00-05:00,57.2599983215332,57.599998474121094,56.106998443603516,57.106998443603516,56.941959381103516,491650000,0.0,0.0
2024-01-19 00:00:00-05:00,57.98899841308594,59.5,57.224998474121094,59.49100112915039,59.319068908691406,543501000,0.0,0.0
2024-01-22 00:00:00-05:00,60.04899978637695,60.33100128173828,59.06999969482422,59.65399932861328,59.48159408569336,452955000,0.0,0.0
2024-01-23 00:00:00-05:00,59.56999969482422,59.90999984741211,58.584999084472656,59.87300109863281,59.69996643066406,294654000,0.0,0.0
2024-01-24 00:00:00-05:00,60.30400085449219,62.8489990234375,59.9379997253418,61.36199951171875,61.184661865234375,560271000,0.0,0.0
2024-01-25 00:00:00-05:00,62.349998474121094,62.71900177001953,60.849998474121094,61.617000579833984,61.43891906738281,482777000,0.0,0.0
2024-01-26 00:00:00-05:00,60.959999084472656,61.78300094604492,60.573001861572266,61.03099822998047,60.8546142578125,390309000,0.0,0.0
2024-01-29 00:00:00-05:00,61.231998443603516,62.48899841308594,60.90700149536133,62.46500015258789,62.28446578979492,348733000,0.0,0.0
2024-01-30 00:00:00-05:00,62.900001525878906,63.49300003051758,62.2599983215332,62.77399826049805,62.59257507324219,410735000,0.0,0.0
2024-01-31 00:00:00-05:00,61.439998626708984,62.26900100708008,60.70000076293945,61.527000427246094,61.34918212890625,453795000,0.0,0.0
2024-02-01 00:00:00-05:00,62.099998474121094,63.191001892089844,61.650001525878906,63.027000427246094,62.8448486328125,369146000,0.0,0.0
2024-02-02 00:00:00-05:00,63.9739990234375,66.5999984741211,63.689998626708984,66.16000366210938,65.96879577636719,476578000,0.0,0.0
2024-02-05 00:00:00-05:00,68.2249984741211,69.49700164794922,67.20500183105469,69.33200073242188,69.13162994384766,680078000,0.0,0.0
2024-02-06 00:00:00-05:00,69.62999725341797,69.75399780273438,66.30000305175781,68.2229995727539,68.02582550048828,683111000,0.0,0.0
2024-02-07 00:00:00-05:00,68.31900024414062,70.22000122070312,67.5999984741211,70.0989990234375,69.89641571044922,495575000,0.0,0.0
2024-02-08 00:00:00-05:00,70.0739974975586,70.79399871826172,69.45500183105469,69.64099884033203,69.43972778320312,414422000,0.0,0.0
2024-02-09 00:00:00-05:00,70.53299713134766,72.18499755859375,70.21199798583984,72.13300323486328,71.92454528808594,436637000,0.0,0.0
2024-02-12 00:00:00-05:00,72.5999984741211,74.61100006103516,71.25,72.24800109863281,72.03919982910156,613710000,0.0,0.0
2024-02-13 00:00:00-05:00,70.4000015258789,73.44999694824219,69.62000274658203,72.12799835205078,71.91954040527344,602580000,0.0,0.0
2024-02-14 00:00:00-05:00,73.2020034790039,74.23600006103516,71.93800354003906,73.9000015258789,73.68643951416016,504917000,0.0,0.0
2024-02-15 00:00:00-05:00,73.86900329589844,73.9749984741211,72.4000015258789,72.65799713134766,72.44801330566406,420122000,0.0,0.0
2024-02-16 00:00:00-05:00,74.0999984741211,74.4020004272461,72.5009994506836,72.61299896240234,72.40312957763672,495327000,0.0,0.0
2024-02-20 00:00:00-05:00,71.9469985961914,71.95600128173828,67.73400115966797,69.4520034790039,69.25128173828125,704833000,0.0,0.0
2024-02-21 00:00:00-05:00,68.00599670410156,68.88800048828125,66.24800109863281,67.47200012207031,67.27700805664062,673755000,0.0,0.0
2024-02-22 00:00:00-05:00,75.0250015258789,78.57499694824219,74.22000122070312,78.53800201416016,78.31103515625,865100000,0.0,0.0
2024-02-23 00:00:00-05:00,80.79000091552734,82.39399719238281,77.56999969482422,78.81700134277344,78.5892105102539,829388000,0.0,0.0
2024-02-26 00:00:00-05:00,79.69999694824219,80.64600372314453,78.50499725341797,79.09200286865234,78.8634262084961,503973000,0.0,0.0
2024-02-27 00:00:00-05:00,79.38099670410156,79.4800033569336,77.16200256347656,78.70099639892578,78.47354888916016,391705000,0.0,0.0
2024-02-28 00:00:00-05:00,77.62000274658203,78.93299865722656,77.125,77.66300201416016,77.43853759765625,393110000,0.0,0.0
2024-02-29 00:00:00-05:00,79.09400177001953,79.98999786376953,78.3499984741211,79.11199951171875,78.88336181640625,507289000,0.0,0.0
2024-03-01 00:00:00-05:00,80.0,82.30000305175781,79.43499755859375,82.27899932861328,82.04121398925781,479135000,0.0,0.0
2024-03-04 00:00:00-05:00,84.12999725341797,87.69499969482422,83.71900177001953,85.23699951171875,84.99066162109375,615616000,0.0,0.0
2024-03-05 00:00:00-05:00,85.2699966430664,86.09700012207031,83.41699981689453,85.96399688720703,85.71957397460938,520639000,0.004,0.0
2024-03-06 00:00:00-05:00,88.02200317382812,89.7239990234375,87.02999877929688,88.69999694824219,88.44780731201172,582520000,0.0,0.0
2024-03-07 00:00:00-05:00,90.15799713134766,92.76699829101562,89.60199737548828,92.66899871826172,92.405517578125,608119000,0.0,0.0
2024-03-08 00:00:00-05:00,95.13800048828125,97.4000015258789,86.50599670410156,87.52799987792969,87.27912902832031,1142269000,0.0,0.0
2024-03-11 00:00:00-04:00,86.42900085449219,88.7969970703125,84.16600036621094,85.77400207519531,85.5301284790039,678364000,0.0,0.0
2024-03-12 00:00:00-04:00,88.04900360107422,91.95999908447266,86.1500015258789,91.91300201416016,91.65167236328125,668075000,0.0,0.0
2024-03-13 00:00:00-04:00,91.05500030517578,91.50399780273438,88.43499755859375,90.88800048828125,90.62957000732422,635713000,0.0,0.0
2024-03-14 00:00:00-04:00,89.5770034790039,90.64600372314453,86.5999984741211,87.94400024414062,87.6939468383789,602318000,0.0,0.0
2024-03-15 00:00:00-04:00,86.93000030517578,89.5459976196289,86.25700378417969,87.83699798583984,87.5872573852539,642086000,0.0,0.0
2024-03-18 00:00:00-04:00,90.38800048828125,92.40499877929688,87.08499908447266,88.45500183105469,88.2034912109375,668976000,0.0,0.0
2024-03-19 00:00:00-04:00,86.69999694824219,90.54399871826172,85.01000213623047,89.39800262451172,89.1438217163086,672171000,0.0,0.0
2024-03-20 00:00:00-04:00,89.7969970703125,90.41000366210938,88.2229995727539,90.37200164794922,90.11505889892578,479063000,0.0,0.0
2024-03-21 00:00:00-04:00,92.30000305175781,92.64800262451172,90.40499877929688,91.43499755859375,91.17501831054688,480372000,0.0,0.0
2024-03-22 00:00:00-04:00,91.14099884033203,94.77799987792969,90.83399963378906,94.28900146484375,94.02091217041016,586719000,0.0,0.0
2024-03-25 00:00:00-04:00,93.94100189208984,96.76599884033203,93.51000213623047,95.00199890136719,94.73188781738281,552136000,0.0,0.0
2024-03-26 00:00:00-04:00,95.85099792480469,96.375,92.50199890136719,92.56099700927734,92.29782104492188,513648000,0.0,0.0
2024-03-27 00:00:00-04:00,93.11199951171875,93.23999786376953,89.12300109863281,90.25,89.99340057373047,586067000,0.0,0.0
2024-03-28 00:00:00-04:00,90.0,91.30000305175781,89.19300079345703,90.35600280761719,90.09909057617188,435212000,0.0,0.0
2024-04-01 00:00:00-04:00,90.29900360107422,92.2249984741211,89.2040023803711,90.36299896240234,90.10607147216797,452441000,0.0,0.0
2024-04-02 00:00:00-04:00,88.447998046875,90.09400177001953,87.62000274658203,89.4520034790039,89.19766235351562,433064000,0.0,0.0
2024-04-03 00:00:00-04:00,88.48400115966797,90.3740005493164,88.4000015258789,88.96399688720703,88.7110595703125,370067000,0.0,0.0
2024-04-04 00:00:00-04:00,90.40599822998047,90.63400268554688,85.87999725341797,85.90499877929688,85.6607437133789,434965000,0.0,0.0
2024-04-05 00:00:00-04:00,86.86599731445312,88.48100280761719,85.9260025024414,88.00800323486328,87.75777435302734,399678000,0.0,0.0
2024-04-08 00:00:00-04:00,88.69999694824219,88.83000183105469,86.73200225830078,87.13300323486328,86.88524627685547,283220000,0.0,0.0
2024-04-09 00:00:00-04:00,87.44200134277344,87.63500213623047,83.02200317382812,85.35399627685547,85.11131286621094,501700000,0.0,0.0
2024-04-10 00:00:00-04:00,83.9260025024414,87.4000015258789,83.70899963378906,87.03900146484375,86.79151916503906,431929000,0.0,0.0
2024-04-11 00:00:00-04:00,87.41999816894531,90.73899841308594,86.9260025024414,90.61599731445312,90.35835266113281,431637000,0.0,0.0
2024-04-12 00:00:00-04:00,89.6989974975586,90.17500305175781,87.52999877929688,88.18599700927734,87.93527221679688,426805000,0.0,0.0
2024-04-15 00:00:00-04:00,89.0979995727539,90.61299896240234,85.92900085449219,86.0009994506836,85.75648498535156,443077000,0.0,0.0
2024-04-16 00:00:00-04:00,86.43299865722656,88.11799621582031,86.06400299072266,87.41500091552734,87.16645812988281,370453000,0.0,0.0
2024-04-17 00:00:00-04:00,88.33999633789062,88.7750015258789,83.94999694824219,84.03500366210938,83.79607391357422,495400000,0.0,0.0
2024-04-18 00:00:00-04:00,84.97000122070312,86.19000244140625,82.4020004272461,84.6709976196289,84.43025970458984,447260000,0.0,0.0
2024-04-19 00:00:00-04:00,83.1500015258789,84.3239974975586,75.60600280761719,76.19999694824219,75.98334503173828,875198000,0.0,0.0
2024-04-22 00:00:00-04:00,78.10399627685547,80.072998046875,76.4000015258789,79.51799774169922,79.29190063476562,596341000,0.0,0.0
2024-04-23 00:00:00-04:00,80.76899719238281,82.76899719238281,80.26399993896484,82.4229965209961,82.18865203857422,438559000,0.0,0.0
2024-04-24 00:00:00-04:00,83.94999694824219,84.08200073242188,79.18299865722656,79.677001953125,79.45046997070312,512208000,0.0,0.0
2024-04-25 00:00:00-04:00,78.86799621582031,83.322998046875,78.2229995727539,82.63200378417969,82.39705657958984,424641000,0.0,0.0
2024-04-26 00:00:00-04:00,83.81800079345703,88.33100128173828,83.38700103759766,87.73500061035156,87.48554992675781,551011000,0.0,0.0
2024-04-29 00:00:00-04:00,87.59500122070312,87.99199676513672,85.26599884033203,87.75700378417969,87.50750732421875,388971000,0.0,0.0
2024-04-30 00:00:00-04:00,87.23999786376953,88.81900024414062,86.30000305175781,86.4020004272461,86.15633392333984,363709000,0.0,0.0
2024-05-01 00:00:00-04:00,85.0770034790039,86.0,81.25499725341797,83.04100036621094,82.80487060546875,559863000,0.0,0.0
2024-05-02 00:00:00-04:00,84.4489974975586,86.23699951171875,83.19999694824219,85.81700134277344,85.57300567626953,377898000,0.0,0.0
2024-05-03 00:00:00-04:00,87.78900146484375,89.28099822998047,87.04000091552734,88.78900146484375,88.53654479980469,398341000,0.0,0.0
2024-05-06 00:00:00-04:00,89.38999938964844,92.22000122070312,89.05500030517578,92.13999938964844,91.8780288696289,376203000,0.0,0.0
2024-05-07 00:00:00-04:00,91.0979995727539,91.78099822998047,89.01100158691406,90.55400085449219,90.2965316772461,437342000,0.0,0.0
2024-05-08 00:00:00-04:00,89.48300170898438,91.19400024414062,89.41999816894531,90.41200256347656,90.15493774414062,325721000,0.0,0.0
2024-05-09 00:00:00-04:00,90.52899932861328,91.0719985961914,88.23100280761719,88.74700164794922,88.49467468261719,378013000,0.0,0.0
2024-05-10 00:00:00-04:00,90.30500030517578,91.4010009765625,89.22699737548828,89.87799835205078,89.62244415283203,335325000,0.0,0.0
2024-05-13 00:00:00-04:00,90.47799682617188,90.99800109863281,88.52899932861328,90.39900207519531,90.14197540283203,289680000,0.0,0.0
2024-05-14 00:00:00-04:00,89.5989990234375,91.6510009765625,88.93399810791016,91.35600280761719,91.09625244140625,296507000,0.0,0.0
2024-05-15 00:00:00-04:00,92.47200012207031,94.86199951171875,91.5989990234375,94.62999725341797,94.36094665527344,417735000,0.0,0.0
2024-05-16 00:00:00-04:00,94.91000366210938,95.81900024414062,94.10299682617188,94.35900115966797,94.09071350097656,323952000,0.0,0.0
2024-05-17 00:00:00-04:00,94.36900329589844,94.73999786376953,91.80599975585938,92.47899627685547,92.21605682373047,359691000,0.0,0.0
2024-05-20 00:00:00-04:00,93.75,95.19999694824219,93.44000244140625,94.77999877929688,94.51050567626953,318764000,0.0,0.0
2024-05-21 00:00:00-04:00,93.5989990234375,95.4000015258789,93.18000030517578,95.38600158691406,95.11479949951172,328946000,0.0,0.0
2024-05-22 00:00:00-04:00,95.45899963378906,96.0199966430664,93.2490005493164,94.94999694824219,94.68002319335938,548648000,0.0,0.0
2024-05-23 00:00:00-04:00,102.02799987792969,106.31999969482422,101.5199966430664,103.79900360107422,103.50387573242188,835065000,0.0,0.0
2024-05-24 00:00:00-04:00,104.4489974975586,106.4749984741211,103.0,106.46900177001953,106.16627502441406,429494000,0.0,0.0
2024-05-28 00:00:00-04:00,110.24400329589844,114.93900299072266,109.88300323486328,113.9010009765625,113.57715606689453,652728000,0.0,0.0
2024-05-29 00:00:00-04:00,113.05000305175781,115.49199676513672,110.9010009765625,114.82499694824219,114.49851989746094,557442000,0.0,0.0
2024-05-30 00:00:00-04:00,114.6500015258789,115.81900024414062,109.66300201416016,110.5,110.1858139038086,484553000,0.0,0.0
2024-05-31 00:00:00-04:00,112.5199966430664,112.71700286865234,106.94000244140625,109.63300323486328,109.32128143310547,613263000,0.0,0.0
2024-06-03 00:00:00-04:00,113.62100219726562,115.0,112.00299835205078,115.0,114.67302703857422,438392000,0.0,0.0
2024-06-04 00:00:00-04:00,115.71600341796875,116.5999984741211,114.04499816894531,116.43699645996094,116.10594177246094,403324000,0.0,0.0
2024-06-05 00:00:00-04:00,118.37100219726562,122.4489974975586,117.46800231933594,122.44000244140625,122.09187316894531,528402000,0.0,0.0
2024-06-06 00:00:00-04:00,124.0479965209961,125.58699798583984,118.31999969482422,120.99800109863281,120.65396118164062,664696000,0.0,0.0
2024-06-07 00:00:00-04:00,119.7699966430664,121.69200134277344,118.02200317382812,120.88800048828125,120.5442886352539,412386000,0.0,0.0
2024-06-10 00:00:00-04:00,120.37000274658203,123.0999984741211,117.01000213623047,121.79000091552734,121.44371795654297,313434100,0.0,10.0
2024-06-11 00:00:00-04:00,121.7699966430664,122.87000274658203,118.73999786376953,120.91000366210938,120.57613372802734,222551200,0.01,0.0
2024-06-12 00:00:00-04:00,123.05999755859375,126.87999725341797,122.56999969482422,125.19999694824219,124.85427856445312,299595000,0.0,0.0
2024-06-13 00:00:00-04:00,129.38999938964844,129.8000030517578,127.16000366210938,129.61000061035156,129.2520751953125,260704500,0.0,0.0
2024-06-14 00:00:00-04:00,129.9600067138672,132.83999633789062,128.32000732421875,131.8800048828125,131.51585388183594,309320400,0.0,0.0
2024-06-17 00:00:00-04:00,132.99000549316406,133.72999572753906,129.5800018310547,130.97999572753906,130.61831665039062,288504400,0.0,0.0
2024-06-18 00:00:00-04:00,131.13999938964844,136.3300018310547,130.69000244140625,135.5800018310547,135.2056121826172,294335100,0.0,0.0
2024-06-20 00:00:00-04:00,139.8000030517578,140.75999450683594,129.52000427246094,130.77999877929688,130.4188690185547,517768400,0.0,0.0
2024-06-21 00:00:00-04:00,127.12000274658203,130.6300048828125,124.30000305175781,126.56999969482422,126.22049713134766,649445800,0.0,0.0
2024-06-24 00:00:00-04:00,123.23999786376953,124.45999908447266,118.04000091552734,118.11000061035156,117.78385162353516,476060900,0.0,0.0
2024-06-25 00:00:00-04:00,121.19999694824219,126.5,119.31999969482422,126.08999633789062,125.74180603027344,414192600,0.0,0.0
2024-06-26 00:00:00-04:00,126.12999725341797,128.1199951171875,122.5999984741211,126.4000015258789,126.05097961425781,362975900,0.0,0.0
2024-06-27 00:00:00-04:00,124.0999984741211,126.41000366210938,122.91999816894531,123.98999786376953,123.64762115478516,252571700,0.0,0.0
2024-06-28 00:00:00-04:00,124.58000183105469,127.70999908447266,122.75,123.54000091552734,123.19886016845703,315516700,0.0,0.0
2024-07-01 00:00:00-04:00,123.47000122070312,124.83999633789062,118.83000183105469,124.30000305175781,123.95675659179688,284885500,0.0,0.0
2024-07-02 00:00:00-04:00,121.12999725341797,123.41000366210938,121.02999877929688,122.66999816894531,122.33126068115234,218374000,0.0,0.0
2024-07-03 00:00:00-04:00,121.66000366210938,128.27999877929688,121.36000061035156,128.27999877929688,127.92576599121094,215749000,0.0,0.0
2024-07-05 00:00:00-04:00,127.37999725341797,128.85000610351562,125.68000030517578,125.83000183105469,125.48253631591797,214176700,0.0,0.0
2024-07-08 00:00:00-04:00,127.48999786376953,130.77000427246094,127.04000091552734,128.1999969482422,127.8459701538086,237677300,0.0,0.0
2024-07-09 00:00:00-04:00,130.35000610351562,133.82000732421875,128.64999389648438,131.3800048828125,131.01722717285156,285366600,0.0,0.0
2024-07-10 00:00:00-04:00,134.02999877929688,135.10000610351562,132.4199981689453,134.91000366210938,134.53749084472656,248978600,0.0,0.0
2024-07-11 00:00:00-04:00,135.75,136.14999389648438,127.05000305175781,127.4000015258789,127.04821014404297,374782700,0.0,0.0
2024-07-12 00:00:00-04:00,128.25999450683594,131.9199981689453,127.22000122070312,129.24000549316406,128.88314819335938,252680500,0.0,0.0
2024-07-15 00:00:00-04:00,130.55999755859375,131.38999938964844,127.18000030517578,128.44000244140625,128.0853271484375,208326200,0.0,0.0
2024-07-16 00:00:00-04:00,128.44000244140625,129.0399932861328,124.58000183105469,126.36000061035156,126.01106262207031,214769500,0.0,0.0
2024-07-17 00:00:00-04:00,121.3499984741211,121.8499984741211,116.72000122070312,117.98999786376953,117.66417694091797,390086200,0.0,0.0
2024-07-18 00:00:00-04:00,121.8499984741211,122.4000015258789,116.55999755859375,121.08999633789062,120.75560760498047,320979500,0.0,0.0
2024-07-19 00:00:00-04:00,120.3499984741211,121.5999984741211,117.37000274658203,117.93000030517578,117.60436248779297,217223800,0.0,0.0
2024-07-22 00:00:00-04:00,120.3499984741211,124.06999969482422,119.86000061035156,123.54000091552734,123.19886016845703,258068900,0.0,0.0
2024-07-23 00:00:00-04:00,122.77999877929688,124.69000244140625,122.0999984741211,122.58999633789062,122.2514877319336,173911000,0.0,0.0
2024-07-24 00:00:00-04:00,119.16999816894531,119.94999694824219,113.44000244140625,114.25,113.93450927734375,327776900,0.0,0.0
2024-07-25 00:00:00-04:00,113.04000091552734,116.62999725341797,106.30000305175781,112.27999877929688,111.9699478149414,460067000,0.0,0.0
2024-07-26 00:00:00-04:00,116.19000244140625,116.19999694824219,111.58000183105469,113.05999755859375,112.74778747558594,293399100,0.0,0.0
2024-07-29 00:00:00-04:00,113.69000244140625,116.27999877929688,111.30000305175781,111.58999633789062,111.28185272216797,248152100,0.0,0.0
2024-07-30 00:00:00-04:00,111.5199966430664,111.98999786376953,102.54000091552734,103.7300033569336,103.44355010986328,486833300,0.0,0.0
2024-07-31 00:00:00-04:00,112.9000015258789,118.33999633789062,110.87999725341797,117.0199966430664,116.69684600830078,473174200,0.0,0.0
2024-08-01 00:00:00-04:00,117.52999877929688,120.16000366210938,106.80999755859375,109.20999908447266,108.9084243774414,523462300,0.0,0.0
2024-08-02 00:00:00-04:00,103.76000213623047,108.72000122070312,101.37000274658203,107.2699966430664,106.97377014160156,482027500,0.0,0.0
2024-08-05 00:00:00-04:00,92.05999755859375,103.41000366210938,90.69000244140625,100.44999694824219,100.17262268066406,552842400,0.0,0.0
2024-08-06 00:00:00-04:00,103.83999633789062,107.70999908447266,100.55000305175781,104.25,103.96212005615234,409012100,0.0,0.0
2024-08-07 00:00:00-04:00,107.80999755859375,108.80000305175781,98.69000244140625,98.91000366210938,98.63687133789062,411440400,0.0,0.0
2024-08-08 00:00:00-04:00,102.0,105.5,97.5199966430664,104.97000122070312,104.68014526367188,391910000,0.0,0.0
2024-08-09 00:00:00-04:00,105.63999938964844,106.5999984741211,103.43000030517578,104.75,104.46074676513672,290844200,0.0,0.0
2024-08-12 00:00:00-04:00,106.31999969482422,111.06999969482422,106.26000213623047,109.0199966430664,108.71896362304688,325559900,0.0,0.0
2024-08-13 00:00:00-04:00,112.44000244140625,116.2300033569336,111.58000183105469,116.13999938964844,115.81929016113281,312646700,0.0,0.0
2024-08-14 00:00:00-04:00,118.52999877929688,118.5999984741211,114.06999969482422,118.08000183105469,117.75393676757812,339246400,0.0,0.0
2024-08-15 00:00:00-04:00,118.76000213623047,123.23999786376953,117.47000122070312,122.86000061035156,122.52074432373047,318086700,0.0,0.0
2024-08-16 00:00:00-04:00,121.94000244140625,125.0,121.18000030517578,124.58000183105469,124.23596954345703,302589900,0.0,0.0
2024-08-19 00:00:00-04:00,124.27999877929688,130.0,123.41999816894531,130.0,129.6410369873047,318333600,0.0,0.0
2024-08-20 00:00:00-04:00,128.39999389648438,129.8800048828125,125.88999938964844,127.25,126.89861297607422,300087400,0.0,0.0
2024-08-21 00:00:00-04:00,127.31999969482422,129.35000610351562,126.66000366210938,128.5,128.14515686035156,257883600,0.0,0.0
2024-08-22 00:00:00-04:00,130.02000427246094,130.75,123.0999984741211,123.73999786376953,123.39830780029297,376189100,0.0,0.0
2024-08-23 00:00:00-04:00,125.86000061035156,129.60000610351562,125.22000122070312,129.3699951171875,129.0127410888672,323230300,0.0,0.0
2024-08-26 00:00:00-04:00,129.57000732421875,131.25999450683594,124.37000274658203,126.45999908447266,126.11079406738281,331964700,0.0,0.0
2024-08-27 00:00:00-04:00,125.05000305175781,129.1999969482422,123.87999725341797,128.3000030517578,127.94573211669922,303134600,0.0,0.0
2024-08-28 00:00:00-04:00,128.1199951171875,128.3300018310547,122.63999938964844,125.61000061035156,125.26314544677734,448101100,0.0,0.0
2024-08-29 00:00:00-04:00,121.36000061035156,124.43000030517578,116.70999908447266,117.58999633789062,117.26528930664062,453023300,0.0,0.0
2024-08-30 00:00:00-04:00,119.52999877929688,121.75,117.22000122070312,119.37000274658203,119.04037475585938,333751600,0.0,0.0
2024-09-03 00:00:00-04:00,116.01000213623047,116.20999908447266,107.29000091552734,108.0,107.70176696777344,477155100,0.0,0.0
2024-09-04 00:00:00-04:00,105.41000366210938,113.2699966430664,104.12000274658203,106.20999908447266,105.91671752929688,372470300,0.0,0.0
2024-09-05 00:00:00-04:00,104.98999786376953,109.6500015258789,104.76000213623047,107.20999908447266,106.9139633178711,306850700,0.0,0.0
2024-09-06 00:00:00-04:00,108.04000091552734,108.1500015258789,100.94999694824219,102.83000183105469,102.54605102539062,413638100,0.0,0.0
2024-09-09 00:00:00-04:00,104.87999725341797,106.55000305175781,103.69000244140625,106.47000122070312,106.17598724365234,273912000,0.0,0.0
2024-09-10 00:00:00-04:00,107.80999755859375,109.4000015258789,104.94999694824219,108.0999984741211,107.8014907836914,268283700,0.0,0.0
2024-09-11 00:00:00-04:00,109.38999938964844,117.19000244140625,107.41999816894531,116.91000366210938,116.58716583251953,441422400,0.0,0.0
2024-09-12 00:00:00-04:00,116.83999633789062,120.79000091552734,115.37999725341797,119.13999938964844,118.82117462158203,366052700,0.01,0.0
2024-09-13 00:00:00-04:00,119.08000183105469,119.95999908447266,117.5999984741211,119.0999984741211,118.7812728881836,238358300,0.0,0.0
2024-09-16 00:00:00-04:00,116.79000091552734,118.18000030517578,114.36000061035156,116.77999877929688,116.46748352050781,248772300,0.0,0.0
2024-09-17 00:00:00-04:00,118.16999816894531,118.80000305175781,114.83000183105469,115.58999633789062,115.28067016601562,231925900,0.0,0.0
2024-09-18 00:00:00-04:00,115.88999938964844,117.69999694824219,113.22000122070312,113.37000274658203,113.06661224365234,310318900,0.0,0.0
2024-09-19 00:00:00-04:00,117.3499984741211,119.66000366210938,117.25,117.87000274658203,117.55457305908203,293506400,0.0,0.0
2024-09-20 00:00:00-04:00,117.05999755859375,118.62000274658203,115.38999938964844,116.0,115.6895751953125,382462400,0.0,0.0
2024-09-23 00:00:00-04:00,116.55000305175781,116.98999786376953,114.86000061035156,116.26000213623047,115.94888305664062,206228500,0.0,0.0
2024-09-24 00:00:00-04:00,116.5199966430664,121.80000305175781,115.37999725341797,120.87000274658203,120.54655456542969,354966800,0.0,0.0
2024-09-25 00:00:00-04:00,122.0199966430664,124.94000244140625,121.61000061035156,123.51000213623047,123.17948150634766,284692900,0.0,0.0
2024-09-26 00:00:00-04:00,126.80000305175781,127.66999816894531,121.80000305175781,124.04000091552734,123.70806121826172,302582900,0.0,0.0
2024-09-27 00:00:00-04:00,123.97000122070312,124.02999877929688,119.26000213623047,121.4000015258789,121.07512664794922,271009200,0.0,0.0
2024-09-30 00:00:00-04:00,118.30999755859375,121.5,118.1500015258789,121.44000244140625,121.11502075195312,226553700,0.0,0.0
2024-10-01 00:00:00-04:00,121.7699966430664,122.44000244140625,115.79000091552734,117.0,116.6868896484375,302094500,0.0,0.0
2024-10-02 00:00:00-04:00,116.44000244140625,119.37999725341797,115.13999938964844,118.8499984741211,118.5319595336914,221845900,0.0,0.0
2024-10-03 00:00:00-04:00,120.91999816894531,124.36000061035156,120.33999633789062,122.8499984741211,122.52124786376953,277118000,0.0,0.0
2024-10-04 00:00:00-04:00,124.94000244140625,125.04000091552734,121.83000183105469,124.91999816894531,124.58570098876953,243678100,0.0,0.0
2024-10-07 00:00:00-04:00,124.98999786376953,130.63999938964844,124.94999694824219,127.72000122070312,127.37821960449219,346250200,0.0,0.0
2024-10-08 00:00:00-04:00,130.25999450683594,133.47999572753906,129.4199981689453,132.88999938964844,132.5343780517578,285722500,0.0,0.0
2024-10-09 00:00:00-04:00,134.11000061035156,134.52000427246094,131.3800048828125,132.64999389648438,132.29501342773438,246191600,0.0,0.0
2024-10-10 00:00:00-04:00,131.91000366210938,135.0,131.0,134.80999755859375,134.44924926757812,242311300,0.0,0.0
2024-10-11 00:00:00-04:00,134.00999450683594,135.77999877929688,133.66000366210938,134.8000030517578,134.43927001953125,170209500,0.0,0.0
2024-10-14 00:00:00-04:00,136.47000122070312,139.60000610351562,136.3000030517578,138.07000732421875,137.7005157470703,232347700,0.0,0.0
2024-10-15 00:00:00-04:00,137.8699951171875,138.57000732421875,128.74000549316406,131.60000610351562,131.24783325195312,377831000,0.0,0.0
2024-10-16 00:00:00-04:00,133.97999572753906,136.6199951171875,131.5800018310547,135.72000122070312,135.35682678222656,264879700,0.0,0.0
2024-10-17 00:00:00-04:00,139.33999633789062,140.88999938964844,136.8699951171875,136.92999267578125,136.5635528564453,306435900,0.0,0.0
2024-10-18 00:00:00-04:00,138.6699981689453,138.89999389648438,137.27999877929688,138.0,137.63072204589844,176090200,0.0,0.0
2024-10-21 00:00:00-04:00,138.1300048828125,143.7100067138672,138.0,143.7100067138672,143.32542419433594,264554500,0.0,0.0
2024-10-22 00:00:00-04:00,142.91000366210938,144.4199981689453,141.77999877929688,143.58999633789062,143.20574951171875,226311600,0.0,0.0
2024-10-23 00:00:00-04:00,142.02999877929688,142.42999267578125,137.4600067138672,139.55999755859375,139.1865234375,285930000,0.0,0.0
2024-10-24 00:00:00-04:00,140.82000732421875,141.35000610351562,138.4600067138672,140.41000366210938,140.0342559814453,172354900,0.0,0.0
2024-10-25 00:00:00-04:00,140.92999267578125,144.1300048828125,140.8000030517578,141.5399932861328,141.16122436523438,205122100,0.0,0.0
2024-10-28 00:00:00-04:00,143.0,143.13999938964844,140.0500030517578,140.52000427246094,140.14398193359375,173586700,0.0,0.0
2024-10-29 00:00:00-04:00,140.2899932861328,142.25999450683594,138.89999389648438,141.25,140.87200927734375,157593600,0.0,0.0
2024-10-30 00:00:00-04:00,139.5399932861328,140.3300018310547,136.80999755859375,139.33999633789062,138.96710205078125,179418100,0.0,0.0
2024-10-31 00:00:00-04:00,137.60000610351562,137.61000061035156,132.11000061035156,132.75999450683594,132.40472412109375,270039600,0.0,0.0
2024-11-01 00:00:00-04:00,134.6999969482422,137.30999755859375,134.57000732421875,135.39999389648438,135.0376739501953,207127800,0.0,0.0
2024-11-04 00:00:00-05:00,137.2100067138672,138.9600067138672,135.57000732421875,136.0500030517578,135.68592834472656,187528200,0.0,0.0
2024-11-05 00:00:00-05:00,137.4499969482422,140.3699951171875,137.3300018310547,139.91000366210938,139.5355987548828,160537400,0.0,0.0
2024-11-06 00:00:00-05:00,142.9600067138672,146.49000549316406,141.9600067138672,145.61000061035156,145.22036743164062,242043900,0.0,0.0
2024-11-07 00:00:00-05:00,146.38999938964844,148.92999267578125,146.1699981689453,148.8800048828125,148.4816131591797,207323300,0.0,0.0
2024-11-08 00:00:00-05:00,148.77000427246094,149.77000427246094,146.25999450683594,147.6300048828125,147.23489379882812,175665800,0.0,0.0
2024-11-11 00:00:00-05:00,148.67999267578125,148.85000610351562,143.57000732421875,145.25999450683594,144.8712615966797,182325600,0.0,0.0
2024-11-12 00:00:00-05:00,146.77999877929688,149.64999389648438,146.00999450683594,148.2899932861328,147.8931427001953,198634700,0.0,0.0
2024-11-13 00:00:00-05:00,149.07000732421875,149.3300018310547,145.89999389648438,146.27000427246094,145.87860107421875,191903300,0.0,0.0
2024-11-14 00:00:00-05:00,147.63999938964844,149.0,145.5500030517578,146.75999450683594,146.3672637939453,194463300,0.0,0.0
2024-11-15 00:00:00-05:00,144.8699951171875,145.24000549316406,140.0800018310547,141.97999572753906,141.60003662109375,250132900,0.0,0.0
2024-11-18 00:00:00-05:00,139.5,141.5500030517578,137.14999389648438,140.14999389648438,139.77493286132812,221205300,0.0,0.0
2024-11-19 00:00:00-05:00,141.32000732421875,147.1300048828125,140.99000549316406,147.00999450683594,146.61659240722656,227834900,0.0,0.0
2024-11-20 00:00:00-05:00,147.41000366210938,147.55999755859375,142.72999572753906,145.88999938964844,145.4995880126953,309871700,0.0,0.0
2024-11-21 00:00:00-05:00,149.35000610351562,152.88999938964844,140.6999969482422,146.6699981689453,146.2775115966797,400946600,0.0,0.0
2024-11-22 00:00:00-05:00,145.92999267578125,147.16000366210938,141.10000610351562,141.9499969482422,141.57012939453125,236406200,0.0,0.0
2024-11-25 00:00:00-05:00,141.99000549316406,142.0500030517578,135.82000732421875,136.02000427246094,135.656005859375,344941900,0.0,0.0
2024-11-26 00:00:00-05:00,137.6999969482422,139.3000030517578,135.6699981689453,136.9199981689453,136.5535888671875,190287700,0.0,0.0
2024-11-27 00:00:00-05:00,135.00999450683594,137.22000122070312,131.8000030517578,135.33999633789062,134.97779846191406,226370900,0.0,0.0
2024-11-29 00:00:00-05:00,136.77999877929688,139.35000610351562,136.0500030517578,138.25,137.88003540039062,141863200,0.0,0.0
2024-12-02 00:00:00-05:00,138.8300018310547,140.4499969482422,137.82000732421875,138.6300048828125,138.25901794433594,171682800,0.0,0.0
2024-12-03 00:00:00-05:00,138.25999450683594,140.5399932861328,137.9499969482422,140.25999450683594,139.88465881347656,164414000,0.0,0.0
2024-12-04 00:00:00-05:00,142.0,145.7899932861328,140.2899932861328,145.13999938964844,144.75160217285156,231224300,0.0,0.0
2024-12-05 00:00:00-05:00,145.11000061035156,146.5399932861328,143.9499969482422,145.05999755859375,144.68179321289062,172621200,0.01,0.0
2024-12-06 00:00:00-05:00,144.60000610351562,145.6999969482422,141.30999755859375,142.44000244140625,142.06863403320312,188505600,0.0,0.0
2024-12-09 00:00:00-05:00,138.97000122070312,139.9499969482422,137.1300048828125,138.80999755859375,138.4480743408203,189308600,0.0,0.0
2024-12-10 00:00:00-05:00,139.00999450683594,141.82000732421875,133.7899932861328,135.07000732421875,134.7178192138672,210020900,0.0,0.0
2024-12-11 00:00:00-05:00,137.36000061035156,140.1699981689453,135.2100067138672,139.30999755859375,138.94676208496094,184905200,0.0,0.0
2024-12-12 00:00:00-05:00,137.0800018310547,138.44000244140625,135.8000030517578,137.33999633789062,136.98190307617188,159211400,0.0,0.0
2024-12-13 00:00:00-05:00,138.94000244140625,139.60000610351562,132.5399932861328,134.25,133.89996337890625,231514900,0.0,0.0
2024-12-16 00:00:00-05:00,134.17999267578125,134.39999389648438,130.4199981689453,132.0,131.6558074951172,237951100,0.0,0.0
2024-12-17 00:00:00-05:00,129.08999633789062,131.58999633789062,126.86000061035156,130.38999938964844,130.05003356933594,259410300,0.0,0.0
2024-12-18 00:00:00-05:00,133.86000061035156,136.6999969482422,128.27999877929688,128.91000366210938,128.5738983154297,277444500,0.0,0.0
2024-12-19 00:00:00-05:00,131.75999450683594,134.02999877929688,129.5500030517578,130.67999267578125,130.33924865722656,209719200,0.0,0.0
2024-12-20 00:00:00-05:00,129.80999755859375,135.27999877929688,128.22000122070312,134.6999969482422,134.34878540039062,306528600,0.0,0.0
2024-12-23 00:00:00-05:00,136.27999877929688,139.7899932861328,135.1199951171875,139.6699981689453,139.3058319091797,176053500,0.0,0.0
2024-12-24 00:00:00-05:00,140.0,141.89999389648438,138.64999389648438,140.22000122070312,139.85440063476562,105157000,0.0,0.0
2024-12-26 00:00:00-05:00,139.6999969482422,140.85000610351562,137.72999572753906,139.92999267578125,139.56515502929688,116205600,0.0,0.0
2024-12-27 00:00:00-05:00,138.5500030517578,139.02000427246094,134.7100067138672,137.00999450683594,136.6527557373047,170582600,0.0,0.0
2024-12-30 00:00:00-05:00,134.8300018310547,140.27000427246094,134.02000427246094,137.49000549316406,137.13150024414062,167734700,0.0,0.0
2024-12-31 00:00:00-05:00,138.02999877929688,138.07000732421875,133.8300018310547,134.2899932861328,133.9398651123047,155659200,0.0,0.0
2025-01-02 00:00:00-05:00,136.0,138.8800048828125,134.6300048828125,138.30999755859375,137.94935607910156,198247200,0.0,0.0
2025-01-03 00:00:00-05:00,140.00999450683594,144.89999389648438,139.72999572753906,144.47000122070312,144.09332275390625,229322500,0.0,0.0
2025-01-06 00:00:00-05:00,148.58999633789062,152.16000366210938,147.82000732421875,149.42999267578125,149.04039001464844,265377400,0.0,0.0
2025-01-07 00:00:00-05:00,153.02999877929688,153.1300048828125,140.00999450683594,140.13999938964844,139.77459716796875,351782200,0.0,0.0
2025-01-08 00:00:00-05:00,142.5800018310547,143.9499969482422,137.55999755859375,140.11000061035156,139.7446746826172,227349900,0.0,0.0
2025-01-10 00:00:00-05:00,137.4499969482422,139.9199981689453,134.22000122070312,135.91000366210938,135.55564880371094,207602500,0.0,0.0
2025-01-13 00:00:00-05:00,129.99000549316406,133.49000549316406,129.50999450683594,133.22999572753906,132.88262939453125,204808900,0.0,0.0
2025-01-14 00:00:00-05:00,136.0500030517578,136.3800048828125,130.0500030517578,131.75999450683594,131.41644287109375,195590500,0.0,0.0
2025-01-15 00:00:00-05:00,133.64999389648438,136.4499969482422,131.2899932861328,136.24000549316406,135.88479614257812,185217300,0.0,0.0
2025-01-16 00:00:00-05:00,138.63999938964844,138.75,133.49000549316406,133.57000732421875,133.2217254638672,209235600,0.0,0.0
2025-01-17 00:00:00-05:00,136.69000244140625,138.5,135.4600067138672,137.7100067138672,137.3509521484375,201188800,0.0,0.0
2025-01-21 00:00:00-05:00,139.16000366210938,141.8300018310547,137.08999633789062,140.8300018310547,140.4628143310547,197749000,0.0,0.0
2025-01-22 00:00:00-05:00,144.66000366210938,147.7899932861328,143.6699981689453,147.07000732421875,146.68655395507812,237651400,0.0,0.0
2025-01-23 00:00:00-05:00,145.0500030517578,147.22999572753906,143.72000122070312,147.22000122070312,146.83615112304688,155915500,0.0,0.0
2025-01-24 00:00:00-05:00,148.3699951171875,148.97000122070312,141.8800048828125,142.6199951171875,142.24815368652344,234657600,0.0,0.0
2025-01-27 00:00:00-05:00,124.80000305175781,128.39999389648438,116.69999694824219,118.41999816894531,118.11123657226562,818830900,0.0,0.0
2025-01-28 00:00:00-05:00,121.80999755859375,129.0,116.25,128.99000549316406,128.6536865234375,579666400,0.0,0.0
2025-01-29 00:00:00-05:00,126.5,126.88999938964844,120.05000305175781,123.69999694824219,123.3774642944336,467120600,0.0,0.0
2025-01-30 00:00:00-05:00,123.0999984741211,125.0,118.0999984741211,124.6500015258789,124.32499694824219,392925500,0.0,0.0
2025-01-31 00:00:00-05:00,123.77999877929688,127.8499984741211,119.19000244140625,120.06999969482422,119.7569351196289,388161100,0.0,0.0
2025-02-03 00:00:00-05:00,114.75,118.56999969482422,113.01000213623047,116.66000366210938,116.3558349609375,371235700,0.0,0.0
2025-02-04 00:00:00-05:00,116.95999908447266,121.19999694824219,116.69999694824219,118.6500015258789,118.34063720703125,256550000,0.0,0.0
2025-02-05 00:00:00-05:00,121.76000213623047,125.0,120.76000213623047,124.83000183105469,124.50452423095703,262230800,0.0,0.0
2025-02-06 00:00:00-05:00,127.41999816894531,128.77000427246094,125.20999908447266,128.67999267578125,128.34449768066406,251483600,0.0,0.0
2025-02-07 00:00:00-05:00,129.22000122070312,130.3699951171875,125.0,129.83999633789062,129.50143432617188,228186300,0.0,0.0
2025-02-10 00:00:00-05:00,130.08999633789062,135.0,129.9600067138672,133.57000732421875,133.2217254638672,216989100,0.0,0.0
2025-02-11 00:00:00-05:00,132.5800018310547,134.47999572753906,131.02000427246094,132.8000030517578,132.45375061035156,178902400,0.0,0.0
2025-02-12 00:00:00-05:00,130.02000427246094,132.24000549316406,129.0800018310547,131.13999938964844,130.79806518554688,160278600,0.0,0.0
2025-02-13 00:00:00-05:00,131.55999755859375,136.5,131.1699981689453,135.2899932861328,134.93722534179688,197430000,0.0,0.0
2025-02-14 00:00:00-05:00,136.47999572753906,139.25,135.5,138.85000610351562,138.48797607421875,195479600,0.0,0.0
2025-02-18 00:00:00-05:00,141.27000427246094,143.44000244140625,137.92999267578125,139.39999389648438,139.03652954101562,219176600,0.0,0.0
2025-02-19 00:00:00-05:00,139.50999450683594,141.36000061035156,137.22000122070312,139.22999572753906,138.8669891357422,167536000,0.0,0.0
2025-02-20 00:00:00-05:00,140.02999877929688,140.66000366210938,136.7899932861328,140.11000061035156,139.7446746826172,143903600,0.0,0.0
2025-02-21 00:00:00-05:00,140.0399932861328,141.4600067138672,134.02999877929688,134.42999267578125,134.07948303222656,228217600,0.0,0.0
2025-02-24 00:00:00-05:00,136.55999755859375,138.58999633789062,130.0800018310547,130.27999877929688,129.94032287597656,251381100,0.0,0.0
2025-02-25 00:00:00-05:00,129.97999572753906,130.1999969482422,124.44000244140625,126.62999725341797,126.29983520507812,271428700,0.0,0.0
2025-02-26 00:00:00-05:00,129.99000549316406,133.72999572753906,128.49000549316406,131.27999877929688,130.93771362304688,322553800,0.0,0.0
2025-02-27 00:00:00-05:00,135.0,135.00999450683594,120.01000213623047,120.1500015258789,119.83673095703125,443175800,0.0,0.0
2025-02-28 00:00:00-05:00,118.0199966430664,125.08999633789062,116.4000015258789,124.91999816894531,124.59429168701172,389091100,0.0,0.0
2025-03-03 00:00:00-05:00,123.51000213623047,123.69999694824219,112.27999877929688,114.05999755859375,113.76260375976562,411381400,0.0,0.0
2025-03-04 00:00:00-05:00,110.6500015258789,119.30999755859375,110.11000061035156,115.98999786376953,115.68756866455078,398163300,0.0,0.0
2025-03-05 00:00:00-05:00,117.58000183105469,118.27999877929688,114.51000213623047,117.30000305175781,116.99417114257812,284337900,0.0,0.0
2025-03-06 00:00:00-05:00,113.52999877929688,115.3499984741211,110.22000122070312,110.56999969482422,110.28170776367188,321181900,0.0,0.0
2025-03-07 00:00:00-05:00,111.25,113.4800033569336,107.55999755859375,112.69000244140625,112.39618682861328,341755500,0.0,0.0
2025-03-10 00:00:00-04:00,109.9000015258789,111.8499984741211,105.45999908447266,106.9800033569336,106.70105743408203,366487400,0.0,0.0
2025-03-11 00:00:00-04:00,106.98999786376953,112.23999786376953,104.7699966430664,108.76000213623047,108.47642517089844,354865700,0.0,0.0
2025-03-12 00:00:00-04:00,114.12000274658203,116.76000213623047,112.87999725341797,115.73999786376953,115.44884490966797,323857500,0.01,0.0
2025-03-13 00:00:00-04:00,117.02999877929688,117.76000213623047,113.79000091552734,115.58000183105469,115.28925323486328,299033100,0.0,0.0
2025-03-14 00:00:00-04:00,118.61000061035156,121.87999725341797,118.1500015258789,121.66999816894531,121.36392974853516,277593500,0.0,0.0
2025-03-17 00:00:00-04:00,122.73999786376953,122.88999938964844,118.02999877929688,119.52999877929688,119.22930908203125,255501500,0.0,0.0
2025-03-18 00:00:00-04:00,118.0,119.0199966430664,114.54000091552734,115.43000030517578,115.1396255493164,299686900,0.0,0.0
2025-03-19 00:00:00-04:00,117.2699966430664,120.44999694824219,115.68000030517578,117.5199966430664,117.22435760498047,273426200,0.0,0.0
2025-03-20 00:00:00-04:00,116.55000305175781,120.19999694824219,116.47000122070312,118.52999877929688,118.2318115234375,248829700,0.0,0.0
2025-03-21 00:00:00-04:00,116.94000244140625,117.98999786376953,115.41999816894531,117.69999694824219,117.4039077758789,266498500,0.0,0.0
2025-03-24 00:00:00-04:00,119.87999725341797,122.22000122070312,119.33999633789062,121.41000366210938,121.1045913696289,228452500,0.0,0.0
2025-03-25 00:00:00-04:00,120.55000305175781,121.29000091552734,118.91999816894531,120.69000244140625,120.38639068603516,167447200,0.0,0.0
2025-03-26 00:00:00-04:00,118.7300033569336,118.83999633789062,112.70999908447266,113.76000213623047,113.47382354736328,293463300,0.0,0.0
2025-03-27 00:00:00-04:00,111.3499984741211,114.44999694824219,110.66000366210938,111.43000030517578,111.14968872070312,236902100,0.0,0.0
2025-03-28 00:00:00-04:00,111.48999786376953,112.87000274658203,109.06999969482422,109.66999816894531,109.39411926269531,229872500,0.0,0.0
2025-03-31 00:00:00-04:00,105.12999725341797,110.95999908447266,103.6500015258789,108.37999725341797,108.10735321044922,299212700,0.0,0.0
2025-04-01 00:00:00-04:00,108.5199966430664,110.19999694824219,106.47000122070312,110.1500015258789,109.87290954589844,222614000,0.0,0.0
2025-04-02 00:00:00-04:00,107.29000091552734,111.9800033569336,106.79000091552734,110.41999816894531,110.14221954345703,220601200,0.0,0.0
2025-04-03 00:00:00-04:00,103.51000213623047,105.62999725341797,101.5999984741211,101.80000305175781,101.5439224243164,338769400,0.0,0.0
2025-04-04 00:00:00-04:00,98.91000366210938,100.12999725341797,92.11000061035156,94.30999755859375,94.07275390625,532273800,0.0,0.0
2025-04-07 00:00:00-04:00,87.45999908447266,101.75,86.62000274658203,97.63999938964844,97.39437103271484,611041300,0.0,0.0
2025-04-08 00:00:00-04:00,103.80999755859375,105.8499984741211,94.45999908447266,96.30000305175781,96.05774688720703,476243400,0.0,0.0
2025-04-09 00:00:00-04:00,98.88999938964844,115.0999984741211,97.52999877929688,114.33000183105469,114.04239654541016,612918300,0.0,0.0
2025-04-10 00:00:00-04:00,109.37000274658203,110.86000061035156,99.1500015258789,107.56999969482422,107.29940032958984,437812400,0.0,0.0
2025-04-11 00:00:00-04:00,108.5,111.55000305175781,107.4800033569336,110.93000030517578,110.65095520019531,313417300,0.0,0.0
2025-04-14 00:00:00-04:00,114.11000061035156,114.29000091552734,109.06999969482422,110.70999908447266,110.43150329589844,264705000,0.0,0.0
2025-04-15 00:00:00-04:00,110.97000122070312,113.62000274658203,110.5,112.19999694824219,111.9177474975586,228966900,0.0,0.0
2025-04-16 00:00:00-04:00,104.55000305175781,106.79000091552734,100.44999694824219,104.48999786376953,104.2271499633789,397016900,0.0,0.0
2025-04-17 00:00:00-04:00,104.44999694824219,104.47000122070312,100.05000305175781,101.48999786376953,101.23468017578125,292517500,0.0,0.0
2025-04-21 00:00:00-04:00,98.7699966430664,99.44000244140625,95.04000091552734,96.91000366210938,96.66622161865234,288501100,0.0,0.0
2025-04-22 00:00:00-04:00,98.77999877929688,99.80999755859375,97.27999877929688,98.88999938964844,98.64122772216797,241004800,0.0,0.0
2025-04-23 00:00:00-04:00,104.5199966430664,104.80000305175781,102.0199966430664,102.70999908447266,102.45162200927734,247526000,0.0,0.0
2025-04-24 00:00:00-04:00,103.4800033569336,106.54000091552734,103.11000061035156,106.43000030517578,106.1622543334961,220815000,0.0,0.0
2025-04-25 00:00:00-04:00,106.8499984741211,111.91999816894531,105.7300033569336,111.01000213623047,110.73075103759766,251064700,0.0,0.0
2025-04-28 00:00:00-04:00,109.69000244140625,110.37000274658203,106.0199966430664,108.7300033569336,108.45648956298828,207708500,0.0,0.0
2025-04-29 00:00:00-04:00,107.66999816894531,110.19999694824219,107.44000244140625,109.0199966430664,108.74574279785156,170444300,0.0,0.0
2025-04-30 00:00:00-04:00,104.47000122070312,108.91999816894531,104.08000183105469,108.91999816894531,108.64599609375,235044600,0.0,0.0
2025-05-01 00:00:00-04:00,113.08000183105469,114.94000244140625,111.30000305175781,111.61000061035156,111.32923126220703,236121500,0.0,0.0
2025-05-02 00:00:00-04:00,114.18000030517578,115.4000015258789,113.37000274658203,114.5,114.21197509765625,190194800,0.0,0.0
2025-05-05 00:00:00-04:00,112.91000366210938,114.66999816894531,112.66000366210938,113.81999969482422,113.5336685180664,133163200,0.0,0.0
2025-05-06 00:00:00-04:00,111.4800033569336,114.73999786376953,110.81999969482422,113.54000091552734,113.25438690185547,158525600,0.0,0.0
2025-05-07 00:00:00-04:00,113.05000305175781,117.68000030517578,112.27999877929688,117.05999755859375,116.7655258178711,206758800,0.0,0.0
2025-05-08 00:00:00-04:00,118.25,118.68000030517578,115.8499984741211,117.37000274658203,117.07474517822266,198428100,0.0,0.0
2025-05-09 00:00:00-04:00,117.3499984741211,118.2300033569336,115.20999908447266,116.6500015258789,116.35655975341797,132972200,0.0,0.0
2025-05-12 00:00:00-04:00,121.97000122070312,123.0,120.27999877929688,123.0,122.69058227539062,225023300,0.0,0.0
2025-05-13 00:00:00-04:00,124.9800033569336,131.22000122070312,124.47000122070312,129.92999267578125,129.6031494140625,330430100,0.0,0.0
2025-05-14 00:00:00-04:00,133.1999969482422,135.44000244140625,131.67999267578125,135.33999633789062,134.99952697753906,281180800,0.0,0.0
2025-05-15 00:00:00-04:00,134.2899932861328,136.3000030517578,132.66000366210938,134.8300018310547,134.49082946777344,226632600,0.0,0.0
2025-05-16 00:00:00-04:00,136.22000122070312,136.35000610351562,133.4600067138672,135.39999389648438,135.05938720703125,226542500,0.0,0.0
2025-05-19 00:00:00-04:00,132.38999938964844,135.8699951171875,132.38999938964844,135.57000732421875,135.2289581298828,193154600,0.0,0.0
2025-05-20 00:00:00-04:00,134.2899932861328,134.5800018310547,132.6199951171875,134.3800048828125,134.04196166992188,161514200,0.0,0.0
2025-05-21 00:00:00-04:00,133.05999755859375,137.39999389648438,130.58999633789062,131.8000030517578,131.46844482421875,270608700,0.0,0.0
2025-05-22 00:00:00-04:00,132.22999572753906,134.25,131.5500030517578,132.8300018310547,132.495849609375,187344000,0.0,0.0
2025-05-23 00:00:00-04:00,130.0,132.67999267578125,129.16000366210938,131.2899932861328,130.959716796875,198821300,0.0,0.0
2025-05-27 00:00:00-04:00,134.14999389648438,135.66000366210938,133.30999755859375,135.5,135.15911865234375,192953600,0.0,0.0
2025-05-28 00:00:00-04:00,136.02999877929688,137.25,134.7899932861328,134.80999755859375,134.4708709716797,304021100,0.0,0.0
2025-05-29 00:00:00-04:00,142.25,143.49000549316406,137.91000366210938,139.19000244140625,138.83985900878906,369241900,0.0,0.0
2025-05-30 00:00:00-04:00,138.72000122070312,139.6199951171875,132.9199981689453,135.1300048828125,134.79006958007812,333170900,0.0,0.0
2025-06-02 00:00:00-04:00,135.49000549316406,138.1199951171875,135.39999389648438,137.3800048828125,137.03440856933594,197663100,0.0,0.0
2025-06-03 00:00:00-04:00,138.77999877929688,142.0,137.9499969482422,141.22000122070312,140.86473083496094,225578800,0.0,0.0
2025-06-04 00:00:00-04:00,142.19000244140625,142.38999938964844,139.5399932861328,141.9199981689453,141.56298828125,167120800,0.0,0.0
2025-06-05 00:00:00-04:00,142.1699981689453,144.0,138.8300018310547,139.99000549316406,139.63784790039062,231397900,0.0,0.0
2025-06-06 00:00:00-04:00,142.50999450683594,143.27000427246094,141.50999450683594,141.72000122070312,141.36346435546875,153986200,0.0,0.0
2025-06-09 00:00:00-04:00,143.19000244140625,145.0,141.94000244140625,142.6300048828125,142.27120971679688,185114500,0.0,0.0
2025-06-10 00:00:00-04:00,142.69000244140625,144.2899932861328,141.52999877929688,143.9600067138672,143.5978546142578,155881900,0.0,0.0
2025-06-11 00:00:00-04:00,144.61000061035156,144.99000549316406,141.8699951171875,142.8300018310547,142.48057556152344,167694000,0.01,0.0
2025-06-12 00:00:00-04:00,141.97000122070312,145.0,141.85000610351562,145.0,144.64529418945312,162365000,0.0,0.0
2025-06-13 00:00:00-04:00,142.47999572753906,143.5800018310547,140.85000610351562,141.97000122070312,141.62269592285156,180820600,0.0,0.0
2025-06-16 00:00:00-04:00,143.35000610351562,146.17999267578125,143.1999969482422,144.69000244140625,144.33602905273438,183133700,0.0,0.0
2025-06-17 00:00:00-04:00,144.49000549316406,145.22000122070312,143.77999877929688,144.1199951171875,143.76742553710938,139108000,0.0,0.0
2025-06-18 00:00:00-04:00,144.00999450683594,145.64999389648438,143.1199951171875,145.47999572753906,145.12408447265625,161494100,0.0,0.0
2025-06-20 00:00:00-04:00,145.4499969482422,146.1999969482422,142.64999389648438,143.85000610351562,143.4980926513672,242956200,0.0,0.0
2025-06-23 00:00:00-04:00,142.5,144.77999877929688,142.02999877929688,144.1699981689453,143.8173065185547,154308900,0.0,0.0
2025-06-24 00:00:00-04:00,145.55999755859375,147.9600067138672,145.5,147.89999389648438,147.5381622314453,187566100,0.0,0.0
2025-06-25 00:00:00-04:00,149.27000427246094,154.4499969482422,149.25999450683594,154.30999755859375,153.93251037597656,269146500,0.0,0.0
2025-06-26 00:00:00-04:00,155.97999572753906,156.72000122070312,154.0,155.02000427246094,154.64076232910156,198145700,0.0,0.0
2025-06-27 00:00:00-04:00,156.0399932861328,158.7100067138672,155.25999450683594,157.75,157.3640899658203,263234500,0.0,0.0
2025-06-30 00:00:00-04:00,158.39999389648438,158.66000366210938,155.9600067138672,157.99000549316406,157.603515625,194580300,0.0,0.0
2025-07-01 00:00:00-04:00,156.2899932861328,157.1999969482422,151.49000549316406,153.3000030517578,152.92498779296875,213143600,0.0,0.0
2025-07-02 00:00:00-04:00,152.97999572753906,157.60000610351562,152.97000122070312,157.25,156.86529541015625,171224100,0.0,0.0
2025-07-03 00:00:00-04:00,158.3699951171875,160.97999572753906,157.77000427246094,159.33999633789062,158.9501953125,143716100,0.0,0.0
2025-07-07 00:00:00-04:00,158.1999969482422,159.30999755859375,157.33999633789062,158.24000549316406,157.8529052734375,140139000,0.0,0.0
2025-07-08 00:00:00-04:00,159.3300018310547,160.22000122070312,158.38999938964844,160.0,159.6085968017578,138133000,0.0,0.0
2025-07-09 00:00:00-04:00,161.22000122070312,164.4199981689453,161.16000366210938,162.8800048828125,162.48153686523438,183656400,0.0,0.0
2025-07-10 00:00:00-04:00,164.32000732421875,164.5,161.61000061035156,164.10000610351562,163.6985626220703,167704100,0.0,0.0
2025-07-11 00:00:00-04:00,163.72000122070312,167.88999938964844,163.47000122070312,164.9199981689453,164.5165557861328,193633300,0.0,0.0
2025-07-14 00:00:00-04:00,165.3699951171875,165.49000549316406,162.02000427246094,164.07000732421875,163.66864013671875,136975800,0.0,0.0
2025-07-15 00:00:00-04:00,171.19000244140625,172.39999389648438,169.1999969482422,170.6999969482422,170.28240966796875,230627400,0.0,0.0
2025-07-16 00:00:00-04:00,171.05999755859375,171.75,168.89999389648438,171.3699951171875,170.9507598876953,158831500,0.0,0.0
2025-07-17 00:00:00-04:00,172.02000427246094,174.16000366210938,170.8300018310547,173.0,172.5767822265625,160841100,0.0,0.0
2025-07-18 00:00:00-04:00,173.63999938964844,174.25,171.25999450683594,172.41000366210938,171.9882354736328,146456400,0.0,0.0
2025-07-21 00:00:00-04:00,172.75,173.3800048828125,171.0,171.3800048828125,170.9607696533203,123126100,0.0,0.0
2025-07-22 00:00:00-04:00,171.33999633789062,171.38999938964844,164.5800018310547,167.02999877929688,166.62139892578125,193114300,0.0,0.0
2025-07-23 00:00:00-04:00,169.52999877929688,171.25999450683594,167.97000122070312,170.77999877929688,170.36219787597656,154082200,0.0,0.0
2025-07-24 00:00:00-04:00,172.44000244140625,173.8300018310547,171.3000030517578,173.74000549316406,173.3149871826172,128984600,0.0,0.0
2025-07-25 00:00:00-04:00,173.61000061035156,174.72000122070312,172.9600067138672,173.5,173.0755615234375,122316800,0.0,0.0
2025-07-28 00:00:00-04:00,174.02000427246094,177.0,173.97000122070312,176.75,176.31761169433594,140023500,0.0,0.0
2025-07-29 00:00:00-04:00,177.9600067138672,179.3800048828125,175.02000427246094,175.50999450683594,175.0806427001953,154077500,0.0,0.0
2025-07-30 00:00:00-04:00,176.50999450683594,179.88999938964844,176.0399932861328,179.27000427246094,178.8314666748047,174312200,0.0,0.0
2025-07-31 00:00:00-04:00,182.89999389648438,183.3000030517578,175.92999267578125,177.8699951171875,177.4348602294922,221685400,0.0,0.0
2025-08-01 00:00:00-04:00,174.08999633789062,176.5399932861328,170.88999938964844,173.72000122070312,173.29501342773438,204529000,0.0,0.0
2025-08-04 00:00:00-04:00,175.16000366210938,180.1999969482422,174.52000427246094,180.0,179.55966186523438,148174600,0.0,0.0
2025-08-05 00:00:00-04:00,179.6199951171875,180.25999450683594,175.89999389648438,178.25999450683594,177.82391357421875,156407600,0.0,0.0
2025-08-06 00:00:00-04:00,176.3300018310547,179.89999389648438,176.25,179.4199981689453,178.9810791015625,137192300,0.0,0.0
2025-08-07 00:00:00-04:00,181.57000732421875,183.8800048828125,178.8000030517578,180.77000427246094,180.32777404785156,151878400,0.0,0.0
2025-08-08 00:00:00-04:00,181.5500030517578,183.3000030517578,180.39999389648438,182.6999969482422,182.25303649902344,123396700,0.0,0.0
2025-08-11 00:00:00-04:00,182.0500030517578,183.83999633789062,180.25,182.05999755859375,181.61460876464844,138323200,0.0,0.0
2025-08-12 00:00:00-04:00,182.9600067138672,184.47999572753906,179.4600067138672,183.16000366210938,182.71192932128906,145485700,0.0,0.0
2025-08-13 00:00:00-04:00,182.6199951171875,183.97000122070312,179.35000610351562,181.58999633789062,181.14576721191406,179871700,0.0,0.0
2025-08-14 00:00:00-04:00,179.75,183.02000427246094,179.4600067138672,182.02000427246094,181.57470703125,129554000,0.0,0.0
2025-08-15 00:00:00-04:00,181.8800048828125,181.89999389648438,178.0399932861328,180.4499969482422,180.00856018066406,156602200,0.0,0.0
2025-08-18 00:00:00-04:00,180.60000610351562,182.94000244140625,180.58999633789062,182.00999450683594,181.5647430419922,132008000,0.0,0.0
2025-08-19 00:00:00-04:00,182.42999267578125,182.5,175.49000549316406,175.63999938964844,175.2103271484375,185229200,0.0,0.0
2025-08-20 00:00:00-04:00,175.1699981689453,176.0,168.8000030517578,175.39999389648438,174.9709014892578,215142700,0.0,0.0
2025-08-21 00:00:00-04:00,174.85000610351562,176.89999389648438,173.80999755859375,174.97999572753906,174.5519256591797,140040900,0.0,0.0
2025-08-22 00:00:00-04:00,172.61000061035156,178.58999633789062,171.1999969482422,177.99000549316406,177.55458068847656,172789400,0.0,0.0
2025-08-25 00:00:00-04:00,178.35000610351562,181.91000366210938,176.57000732421875,179.80999755859375,179.3701171875,163012800,0.0,0.0
2025-08-26 00:00:00-04:00,180.05999755859375,182.38999938964844,178.80999755859375,181.77000427246094,181.32533264160156,168688200,0.0,0.0
2025-08-27 00:00:00-04:00,181.97999572753906,182.49000549316406,179.10000610351562,181.60000610351562,181.15574645996094,235518900,0.0,0.0
2025-08-28 00:00:00-04:00,180.82000732421875,184.47000122070312,176.41000366210938,180.1699981689453,179.729248046875,281787800,0.0,0.0
2025-08-29 00:00:00-04:00,178.11000061035156,178.14999389648438,173.14999389648438,174.17999267578125,173.75387573242188,243257900,0.0,0.0
2025-09-02 00:00:00-04:00,170.0,172.3800048828125,167.22000122070312,170.77999877929688,170.36219787597656,231164900,0.0,0.0
2025-09-03 00:00:00-04:00,171.05999755859375,172.41000366210938,168.8800048828125,170.6199951171875,170.20262145996094,164424900,0.0,0.0
2025-09-04 00:00:00-04:00,170.57000732421875,171.86000061035156,169.41000366210938,171.66000366210938,171.2400665283203,141670100,0.0,0.0
2025-09-05 00:00:00-04:00,168.02999877929688,169.02999877929688,164.07000732421875,167.02000427246094,166.61143493652344,224441400,0.0,0.0
2025-09-08 00:00:00-04:00,167.5500030517578,170.9600067138672,167.35000610351562,168.30999755859375,167.89825439453125,163769100,0.0,0.0
2025-09-09 00:00:00-04:00,169.08999633789062,170.97999572753906,166.74000549316406,170.75999450683594,170.34225463867188,157548400,0.0,0.0
2025-09-10 00:00:00-04:00,176.63999938964844,179.2899932861328,175.47000122070312,177.3300018310547,176.8961944580078,226852000,0.0,0.0
2025-09-11 00:00:00-04:00,179.67999267578125,180.27999877929688,176.47999572753906,177.1699981689453,176.74656677246094,151159300,0.01,0.0
2025-09-12 00:00:00-04:00,177.77000427246094,178.60000610351562,176.4499969482422,177.82000732421875,177.39498901367188,124911000,0.0,0.0
2025-09-15 00:00:00-04:00,175.6699981689453,178.85000610351562,174.50999450683594,177.75,177.32516479492188,147061600,0.0,0.0
2025-09-16 00:00:00-04:00,177.0,177.5,174.3800048828125,174.8800048828125,174.46202087402344,140737800,0.0,0.0
2025-09-17 00:00:00-04:00,172.63999938964844,173.1999969482422,168.41000366210938,170.2899932861328,169.88299560546875,211843800,0.0,0.0
2025-09-18 00:00:00-04:00,173.97999572753906,177.10000610351562,172.9600067138672,176.24000549316406,175.81878662109375,191763300,0.0,0.0
2025-09-19 00:00:00-04:00,175.77000427246094,178.0800018310547,175.17999267578125,176.6699981689453,176.2477264404297,237182100,0.0,0.0
2025-09-22 00:00:00-04:00,175.3000030517578,184.5500030517578,174.7100067138672,183.61000061035156,183.17115783691406,269637000,0.0,0.0
2025-09-23 00:00:00-04:00,181.97000122070312,182.4199981689453,176.2100067138672,178.42999267578125,178.00352478027344,192559600,0.0,0.0
2025-09-24 00:00:00-04:00,179.77000427246094,179.77999877929688,175.39999389648438,176.97000122070312,176.54701232910156,143564100,0.0,0.0
2025-09-25 00:00:00-04:00,174.47999572753906,180.25999450683594,173.1300048828125,177.69000244140625,177.26531982421875,191586700,0.0,0.0
2025-09-26 00:00:00-04:00,178.1699981689453,179.77000427246094,174.92999267578125,178.19000244140625,177.7641143798828,148573700,0.0,0.0
2025-09-29 00:00:00-04:00,180.42999267578125,184.0,180.32000732421875,181.85000610351562,181.41537475585938,193063500,0.0,0.0
2025-09-30 00:00:00-04:00,182.0800018310547,187.35000610351562,181.47999572753906,186.5800018310547,186.13406372070312,236981000,0.0,0.0
2025-10-01 00:00:00-04:00,185.24000549316406,188.13999938964844,183.89999389648438,187.24000549316406,186.79248046875,173844900,0.0,0.0
2025-10-02 00:00:00-04:00,189.60000610351562,191.0500030517578,188.05999755859375,188.88999938964844,188.43853759765625,136805800,0.0,0.0
2025-10-03 00:00:00-04:00,189.19000244140625,190.36000061035156,185.3800048828125,187.6199951171875,187.1715545654297,137596900,0.0,0.0
2025-10-06 00:00:00-04:00,185.5,187.22999572753906,183.3300018310547,185.5399932861328,185.09654235839844,157678100,0.0,0.0
2025-10-07 00:00:00-04:00,186.22999572753906,189.05999755859375,184.0,185.0399932861328,184.5977325439453,140088000,0.0,0.0
2025-10-08 00:00:00-04:00,186.57000732421875,189.60000610351562,186.5399932861328,189.11000061035156,188.6580047607422,130168900,0.0,0.0
2025-10-09 00:00:00-04:00,192.22999572753906,195.3000030517578,191.05999755859375,192.57000732421875,192.1097412109375,182997200,0.0,0.0
2025-10-10 00:00:00-04:00,193.50999450683594,195.6199951171875,182.0500030517578,183.16000366210938,182.72222900390625,268774400,0.0,0.0
2025-10-13 00:00:00-04:00,187.97000122070312,190.11000061035156,185.9600067138672,188.32000732421875,187.86990356445312,153482800,0.0,0.0
2025-10-14 00:00:00-04:00,184.77000427246094,184.8000030517578,179.6999969482422,180.02999877929688,179.59970092773438,205641400,0.0,0.0
2025-10-15 00:00:00-04:00,184.8000030517578,184.8699951171875,177.2899932861328,179.8300018310547,179.4001922607422,214450500,0.0,0.0
2025-10-16 00:00:00-04:00,182.22999572753906,183.27999877929688,179.77000427246094,181.80999755859375,181.37545776367188,179723300,0.0,0.0
2025-10-17 00:00:00-04:00,180.17999267578125,184.10000610351562,179.75,183.22000122070312,182.7821044921875,173135200,0.0,0.0
2025-10-20 00:00:00-04:00,183.1300048828125,185.1999969482422,181.72999572753906,182.63999938964844,182.20347595214844,128544700,0.0,0.0
2025-10-21 00:00:00-04:00,182.7899932861328,182.7899932861328,179.8000030517578,181.16000366210938,180.7270050048828,124240200,0.0,0.0
2025-10-22 00:00:00-04:00,181.13999938964844,183.44000244140625,176.75999450683594,180.27999877929688,179.84912109375,162249600,0.0,0.0
2025-10-23 00:00:00-04:00,180.4199981689453,183.02999877929688,179.7899932861328,182.16000366210938,181.72462463378906,111363700,0.0,0.0
2025-10-24 00:00:00-04:00,183.83999633789062,187.47000122070312,183.5,186.25999450683594,185.81480407714844,131296700,0.0,0.0
2025-10-27 00:00:00-04:00,189.99000549316406,192.0,188.42999267578125,191.49000549316406,191.03233337402344,153452700,0.0,0.0
2025-10-28 00:00:00-04:00,193.0500030517578,203.14999389648438,191.91000366210938,201.02999877929688,200.54953002929688,297986200,0.0,0.0
2025-10-29 00:00:00-04:00,207.97999572753906,212.19000244140625,204.77999877929688,207.0399932861328,206.545166015625,308829600,0.0,0.0
2025-10-30 00:00:00-04:00,205.14999389648438,206.16000366210938,201.41000366210938,202.88999938964844,202.4050750732422,178864400,0.0,0.0
2025-10-31 00:00:00-04:00,206.4499969482422,207.97000122070312,202.07000732421875,202.49000549316406,202.0060272216797,179802200,0.0,0.0
2025-11-03 00:00:00-05:00,208.0800018310547,211.33999633789062,205.55999755859375,206.8800048828125,206.3855438232422,180267300,0.0,0.0
2025-11-04 00:00:00-05:00,203.0,203.97000122070312,197.92999267578125,198.69000244140625,198.21511840820312,188919300,0.0,0.0
2025-11-05 00:00:00-05:00,198.77000427246094,202.9199981689453,194.64999389648438,195.2100067138672,194.74343872070312,171350300,0.0,0.0
2025-11-06 00:00:00-05:00,196.4199981689453,197.6199951171875,186.3800048828125,188.0800018310547,187.63047790527344,223029800,0.0,0.0
2025-11-07 00:00:00-05:00,184.89999389648438,188.32000732421875,178.91000366210938,188.14999389648438,187.7003173828125,264942300,0.0,0.0
2025-11-10 00:00:00-05:00,195.11000061035156,199.94000244140625,193.7899932861328,199.0500030517578,198.5742645263672,198897100,0.0,0.0
2025-11-11 00:00:00-05:00,195.16000366210938,195.4199981689453,191.3000030517578,193.16000366210938,192.69833374023438,176483300,0.0,0.0
2025-11-12 00:00:00-05:00,195.72000122070312,195.88999938964844,191.1300048828125,193.8000030517578,193.33682250976562,154935300,0.0,0.0
2025-11-13 00:00:00-05:00,191.0500030517578,191.44000244140625,183.85000610351562,186.86000061035156,186.4133758544922,207423100,0.0,0.0
2025-11-14 00:00:00-05:00,182.86000061035156,191.00999450683594,180.5800018310547,190.1699981689453,189.71548461914062,186591900,0.0,0.0
2025-11-17 00:00:00-05:00,185.97000122070312,189.0,184.32000732421875,186.60000610351562,186.1540069580078,173628900,0.0,0.0
2025-11-18 00:00:00-05:00,183.3800048828125,184.8000030517578,179.64999389648438,181.36000061035156,180.92652893066406,213598900,0.0,0.0
2025-11-19 00:00:00-05:00,184.7899932861328,187.86000061035156,182.8300018310547,186.52000427246094,186.07418823242188,247246400,0.0,0.0
2025-11-20 00:00:00-05:00,195.9499969482422,196.0,179.85000610351562,180.63999938964844,180.208251953125,343504800,0.0,0.0
2025-11-21 00:00:00-05:00,181.24000549316406,184.55999755859375,172.92999267578125,178.8800048828125,178.45245361328125,346926200,0.0,0.0
2025-11-24 00:00:00-05:00,179.49000549316406,183.5,176.47999572753906,182.5500030517578,182.11370849609375,256618300,0.0,0.0
2025-11-25 00:00:00-05:00,174.91000366210938,178.16000366210938,169.5500030517578,177.82000732421875,177.39498901367188,320600300,0.0,0.0
2025-11-26 00:00:00-05:00,181.6300048828125,182.91000366210938,178.24000549316406,180.25999450683594,179.8291473388672,183852000,0.0,0.0
2025-11-28 00:00:00-05:00,179.00999450683594,179.2899932861328,176.5,177.0,176.5769500732422,121332800,0.0,0.0
2025-12-01 00:00:00-05:00,174.75999450683594,180.3000030517578,173.67999267578125,179.9199981689453,179.48997497558594,188131000,0.0,0.0
2025-12-02 00:00:00-05:00,181.75999450683594,185.66000366210938,180.0,181.4600067138672,181.02630615234375,182632200,0.0,0.0
2025-12-03 00:00:00-05:00,181.0800018310547,182.4499969482422,179.11000061035156,179.58999633789062,179.16075134277344,165138000,0.0,0.0
2025-12-04 00:00:00-05:00,181.6199951171875,184.52000427246094,179.9600067138672,183.3800048828125,182.951904296875,167364900,0.01,0.0
2025-12-05 00:00:00-05:00,183.88999938964844,184.66000366210938,180.91000366210938,182.41000366210938,181.98416137695312,143971100,0.0,0.0
2025-12-08 00:00:00-05:00,182.63999938964844,188.0,182.39999389648438,185.5500030517578,185.1168212890625,204378100,0.0,0.0
2025-12-09 00:00:00-05:00,185.55999755859375,185.72000122070312,183.32000732421875,184.97000122070312,184.53819274902344,144719700,0.0,0.0
2025-12-10 00:00:00-05:00,184.97000122070312,185.47999572753906,182.0399932861328,183.77999877929688,183.3509521484375,162785400,0.0,0.0
2025-12-11 00:00:00-05:00,180.27999877929688,181.32000732421875,176.6199951171875,180.92999267578125,180.50759887695312,182136600,0.0,0.0
2025-12-12 00:00:00-05:00,181.11000061035156,182.82000732421875,174.6199951171875,175.02000427246094,174.6114044189453,204274900,0.0,0.0
2025-12-15 00:00:00-05:00,177.94000244140625,178.4199981689453,175.02999877929688,176.2899932861328,175.87843322753906,164775600,0.0,0.0
2025-12-16 00:00:00-05:00,176.25999450683594,178.49000549316406,174.89999389648438,177.72000122070312,177.30511474609375,148588100,0.0,0.0
2025-12-17 00:00:00-05:00,176.10000610351562,176.1300048828125,170.30999755859375,170.94000244140625,170.5409393310547,222775500,0.0,0.0
2025-12-18 00:00:00-05:00,174.52999877929688,176.14999389648438,171.82000732421875,174.13999938964844,173.73345947265625,176096000,0.0,0.0
2025-12-19 00:00:00-05:00,176.6699981689453,181.4499969482422,176.33999633789062,180.99000549316406,180.56747436523438,324925900,0.0,0.0
2025-12-22 00:00:00-05:00,183.9199981689453,184.16000366210938,182.35000610351562,183.69000244140625,183.2611541748047,129064400,0.0,0.0
2025-12-23 00:00:00-05:00,182.97000122070312,189.3300018310547,182.89999389648438,189.2100067138672,188.76829528808594,174873600,0.0,0.0
2025-12-24 00:00:00-05:00,187.94000244140625,188.91000366210938,186.58999633789062,188.61000061035156,188.169677734375,65528500,0.0,0.0
2025-12-26 00:00:00-05:00,189.9199981689453,192.69000244140625,188.0,190.52999877929688,190.08518981933594,139740300,0.0,0.0
2025-12-29 00:00:00-05:00,187.7100067138672,188.75999450683594,185.91000366210938,188.22000122070312,187.7805938720703,120006100,0.0,0.0
2025-12-30 00:00:00-05:00,188.24000549316406,188.99000549316406,186.92999267578125,187.5399932861328,187.1021728515625,97687300,0.0,0.0
2025-12-31 00:00:00-05:00,189.57000732421875,190.55999755859375,186.49000549316406,186.5,186.0646209716797,120100500,0.0,0.0
2026-01-02 00:00:00-05:00,189.83999633789062,192.92999267578125,188.25999450683594,188.85000610351562,188.40911865234375,148240500,0.0,0.0
2026-01-05 00:00:00-05:00,191.75999450683594,193.6300048828125,186.14999389648438,188.1199951171875,187.6808319091797,183529700,0.0,0.0
2026-01-06 00:00:00-05:00,190.52000427246094,192.1699981689453,186.82000732421875,187.24000549316406,186.80288696289062,176862600,0.0,0.0
2026-01-07 00:00:00-05:00,188.57000732421875,191.3699951171875,186.55999755859375,189.11000061035156,188.6685028076172,153543200,0.0,0.0
2026-01-08 00:00:00-05:00,189.11000061035156,189.5500030517578,183.7100067138672,185.0399932861328,184.60801696777344,172457000,0.0,0.0
2026-01-09 00:00:00-05:00,185.0800018310547,186.33999633789062,183.6699981689453,184.86000061035156,184.42843627929688,131327500,0.0,0.0
2026-01-12 00:00:00-05:00,183.22000122070312,187.1199951171875,183.02000427246094,184.94000244140625,184.5082550048828,137968500,0.0,0.0
2026-01-13 00:00:00-05:00,185.0,188.11000061035156,183.39999389648438,185.80999755859375,185.376220703125,160128900,0.0,0.0
2026-01-14 00:00:00-05:00,184.32000732421875,184.4600067138672,180.8000030517578,183.13999938964844,182.7124481201172,159586100,0.0,0.0
2026-01-15 00:00:00-05:00,186.5,189.6999969482422,186.3300018310547,187.0500030517578,186.6133270263672,206188600,0.0,0.0
2026-01-16 00:00:00-05:00,189.0800018310547,190.44000244140625,186.0800018310547,186.22999572753906,185.79522705078125,187967200,0.0,0.0
2026-01-20 00:00:00-05:00,181.89999389648438,182.3800048828125,177.61000061035156,178.07000732421875,177.65428161621094,223345300,0.0,0.0
2026-01-21 00:00:00-05:00,179.0500030517578,185.3800048828125,178.39999389648438,183.32000732421875,182.8920440673828,200381000,0.0,0.0
2026-01-22 00:00:00-05:00,184.75,186.1699981689453,183.92999267578125,184.83999633789062,184.40847778320312,139636600,0.0,0.0
2026-01-23 00:00:00-05:00,187.5,189.60000610351562,186.82000732421875,187.6699981689453,187.23187255859375,142748100,0.0,0.0
2026-01-26 00:00:00-05:00,187.16000366210938,189.1199951171875,185.99000549316406,186.47000122070312,186.03468322753906,124799600,0.0,0.0
2026-01-27 00:00:00-05:00,187.24000549316406,190.0,185.6999969482422,188.52000427246094,188.07989501953125,143711600,0.0,0.0
2026-01-28 00:00:00-05:00,191.27000427246094,192.35000610351562,189.83999633789062,191.52000427246094,191.07289123535156,148552700,0.0,0.0
2026-01-29 00:00:00-05:00,191.33999633789062,193.47999572753906,186.05999755859375,192.50999450683594,192.06056213378906,171764400,0.0,0.0
2026-01-30 00:00:00-05:00,191.2100067138672,194.49000549316406,189.47000122070312,191.1300048828125,190.6837921142578,179489500,0.0,0.0
2026-02-02 00:00:00-05:00,187.1999969482422,190.3000030517578,184.8800048828125,185.61000061035156,185.17669677734375,165794100,0.0,0.0
2026-02-03 00:00:00-05:00,186.24000549316406,186.27000427246094,176.22999572753906,180.33999633789062,179.91897583007812,204019600,0.0,0.0
2026-02-04 00:00:00-05:00,179.4600067138672,179.5800018310547,171.91000366210938,174.19000244140625,173.78334045410156,207014100,0.0,0.0
2026-02-05 00:00:00-05:00,174.92999267578125,176.82000732421875,171.02999877929688,171.8800048828125,171.47872924804688,206312900,0.0,0.0
2026-02-06 00:00:00-05:00,176.69000244140625,187.0,174.60000610351562,185.41000366210938,184.97714233398438,231346200,0.0,0.0
2026-02-09 00:00:00-05:00,184.25999450683594,193.66000366210938,183.9499969482422,190.0399932861328,189.59632873535156,196387400,0.0,0.0
2026-02-10 00:00:00-05:00,191.3800048828125,192.47999572753906,188.1199951171875,188.5399932861328,188.09983825683594,136764800,0.0,0.0
2026-02-11 00:00:00-05:00,192.4499969482422,193.25999450683594,188.77000427246094,190.0500030517578,189.60633850097656,144192700,0.0,0.0
2026-02-12 00:00:00-05:00,193.02999877929688,193.61000061035156,186.50999450683594,186.94000244140625,186.5035858154297,189932500,0.0,0.0
2026-02-13 00:00:00-05:00,187.47999572753906,187.5,181.58999633789062,182.80999755859375,182.3832244873047,161888000,0.0,0.0
2026-02-17 00:00:00-05:00,181.75,187.14999389648438,179.17999267578125,184.97000122070312,184.53819274902344,162276900,0.0,0.0
2026-02-18 00:00:00-05:00,188.75,190.3699951171875,186.75999450683594,187.97999572753906,187.5411376953125,164749100,0.0,0.0
2026-02-19 00:00:00-05:00,187.05999755859375,188.42999267578125,185.66000366210938,187.89999389648438,187.46133422851562,126554500,0.0,0.0
2026-02-20 00:00:00-05:00,186.57000732421875,190.3300018310547,185.94000244140625,189.82000732421875,189.37686157226562,178422300,0.0,0.0
2026-02-23 00:00:00-05:00,191.39999389648438,193.9499969482422,189.5800018310547,191.5500030517578,191.1028289794922,171584800,0.0,0.0
2026-02-24 00:00:00-05:00,191.49000549316406,193.77000427246094,187.39999389648438,192.85000610351562,192.39979553222656,175123600,0.0,0.0
2026-02-25 00:00:00-05:00,194.4499969482422,197.6300048828125,193.7899932861328,195.55999755859375,195.10345458984375,250637100,0.0,0.0
2026-02-26 00:00:00-05:00,194.27000427246094,194.2899932861328,184.32000732421875,184.88999938964844,184.4583740234375,360807900,0.0,0.0
2026-02-27 00:00:00-05:00,181.25,182.58999633789062,176.3800048828125,177.19000244140625,176.77635192871094,311636500,0.0,0.0
2026-03-02 00:00:00-05:00,175.00999450683594,183.4600067138672,174.63999938964844,182.47999572753906,182.05398559570312,209095300,0.0,0.0
2026-03-03 00:00:00-05:00,178.49000549316406,180.89999389648438,176.9199981689453,180.0500030517578,179.62966918945312,178099400,0.0,0.0
2026-03-04 00:00:00-05:00,180.44000244140625,184.6999969482422,180.05999755859375,183.0399932861328,182.61268615722656,177731200,0.0,0.0
2026-03-05 00:00:00-05:00,181.1699981689453,184.05999755859375,177.8800048828125,183.33999633789062,182.9119873046875,198779700,0.0,0.0
2026-03-06 00:00:00-05:00,179.83999633789062,182.75999450683594,176.82000732421875,177.82000732421875,177.4048614501953,189021900,0.0,0.0
2026-03-09 00:00:00-04:00,176.8300018310547,182.91000366210938,175.55999755859375,182.64999389648438,182.2235870361328,177213600,0.0,0.0
2026-03-10 00:00:00-04:00,182.39999389648438,186.44000244140625,182.00999450683594,184.77000427246094,184.33865356445312,179118500,0.0,0.0
2026-03-11 00:00:00-04:00,185.91000366210938,187.6199951171875,184.4499969482422,186.02999877929688,185.60574340820312,145280400,0.01,0.0
2026-03-12 00:00:00-04:00,184.0500030517578,184.94000244140625,181.75,183.13999938964844,182.7223358154297,155762700,0.0,0.0
2026-03-13 00:00:00-04:00,184.9199981689453,186.08999633789062,179.94000244140625,180.25,179.8389434814453,160988400,0.0,0.0
2026-03-16 00:00:00-04:00,182.97000122070312,188.8800048828125,181.41000366210938,183.22000122070312,182.80215454101562,217307400,0.0,0.0
2026-03-17 00:00:00-04:00,185.05999755859375,185.39999389648438,181.67999267578125,181.92999267578125,181.51510620117188,182497800,0.0,0.0
2026-03-18 00:00:00-04:00,182.47999572753906,183.3800048828125,180.3300018310547,180.39999389648438,179.98858642578125,156683100,0.0,0.0
2026-03-19 00:00:00-04:00,178.00999450683594,179.97999572753906,175.7899932861328,178.55999755859375,178.15277099609375,170968500,0.0,0.0
2026-03-20 00:00:00-04:00,178.0,178.25999450683594,171.72000122070312,172.6999969482422,172.30615234375,241323500,0.0,0.0
2026-03-23 00:00:00-04:00,177.25999450683594,178.3699951171875,174.75999450683594,175.63999938964844,175.23944091796875,182836300,0.0,0.0
2026-03-24 00:00:00-04:00,174.8300018310547,176.22000122070312,173.97999572753906,175.1999969482422,174.80044555664062,147667800,0.0,0.0
2026-03-25 00:00:00-04:00,177.10000610351562,181.22000122070312,176.85000610351562,178.67999267578125,178.2725067138672,162602100,0.0,0.0
2026-03-26 00:00:00-04:00,176.07000732421875,176.50999450683594,171.13999938964844,171.24000549316406,170.8494873046875,186152200,0.0,0.0
2026-03-27 00:00:00-04:00,170.0,170.97000122070312,167.00999450683594,167.52000427246094,167.13796997070312,196212700,0.0,0.0
2026-03-30 00:00:00-04:00,168.77999877929688,169.4499969482422,164.27000427246094,165.1699981689453,164.79331970214844,185627000,0.0,0.0
2026-03-31 00:00:00-04:00,166.97000122070312,174.6199951171875,166.9600067138672,174.39999389648438,174.00225830078125,226181300,0.0,0.0
2026-04-01 00:00:00-04:00,176.0,177.3699951171875,174.75,175.75,175.34918212890625,168132000,0.0,0.0
2026-04-02 00:00:00-04:00,172.17999267578125,177.49000549316406,171.3699951171875,177.38999938964844,176.98545837402344,143143200,0.0,0.0
2026-04-06 00:00:00-04:00,177.16000366210938,177.7899932861328,175.75999450683594,177.63999938964844,177.23487854003906,107564300,0.0,0.0
2026-04-07 00:00:00-04:00,175.72999572753906,178.22999572753906,173.66000366210938,178.10000610351562,177.69383239746094,132534900,0.0,0.0
2026-04-08 00:00:00-04:00,184.5,185.25999450683594,180.3000030517578,182.0800018310547,181.66476440429688,147732700,0.0,0.0
2026-04-09 00:00:00-04:00,181.83999633789062,184.0800018310547,180.6199951171875,183.91000366210938,183.4906005859375,116428500,0.0,0.0
2026-04-10 00:00:00-04:00,184.30999755859375,190.0,184.3000030517578,188.6300048828125,188.1998291015625,160459500,0.0,0.0
2026-04-13 00:00:00-04:00,186.02999877929688,189.66000366210938,185.74000549316406,189.30999755859375,188.87826538085938,133648200,0.0,0.0
2026-04-14 00:00:00-04:00,190.83999633789062,196.50999450683594,190.77000427246094,196.50999450683594,196.0618438720703,161307000,0.0,0.0
2026-04-15 00:00:00-04:00,196.5399932861328,200.39999389648438,195.74000549316406,198.8699951171875,198.41647338867188,185338400,0.0,0.0
2026-04-16 00:00:00-04:00,197.42999267578125,199.85000610351562,195.80999755859375,198.35000610351562,197.8976593017578,134012900,0.0,0.0
2026-04-17 00:00:00-04:00,199.89999389648438,201.6999969482422,199.27000427246094,201.67999267578125,201.2200469970703,160324400,0.0,0.0
2026-04-20 00:00:00-04:00,199.97999572753906,202.1699981689453,197.83999633789062,202.05999755859375,201.59918212890625,119381400,0.0,0.0
2026-04-21 00:00:00-04:00,202.1300048828125,202.75,199.0,199.8800048828125,199.42417907714844,107945300,0.0,0.0
2026-04-22 00:00:00-04:00,200.99000549316406,202.5,199.0,202.5,202.03819274902344,107501000,0.0,0.0
2026-04-23 00:00:00-04:00,202.4600067138672,203.8300018310547,197.22000122070312,199.63999938964844,199.18470764160156,113561800,0.0,0.0
2026-04-24 00:00:00-04:00,199.9600067138672,210.9499969482422,199.80999755859375,208.27000427246094,207.79502868652344,214134400,0.0,0.0
2026-04-27 00:00:00-04:00,209.64999389648438,216.8300018310547,207.3800048828125,216.61000061035156,216.1160125732422,187172400,0.0,0.0
2026-04-28 00:00:00-04:00,209.49000549316406,214.72999572753906,208.1999969482422,213.1699981689453,212.68385314941406,180275400,0.0,0.0
2026-04-29 00:00:00-04:00,212.6999969482422,212.72000122070312,207.5800018310547,209.25,208.77279663085938,123711800,0.0,0.0
2026-04-30 00:00:00-04:00,209.92999267578125,210.3000030517578,198.6999969482422,199.57000732421875,199.1148681640625,225239200,0.0,0.0
2026-05-01 00:00:00-04:00,201.27999877929688,203.0,197.1199951171875,198.4499969482422,197.9974365234375,128647000,0.0,0.0
2026-05-04 00:00:00-04:00,199.5,201.72999572753906,194.74000549316406,198.47999572753906,198.02734375,125368100,0.0,0.0
2026-05-05 00:00:00-04:00,199.3000030517578,200.24000549316406,196.02999877929688,196.5,196.05186462402344,113406600,0.0,0.0
2026-05-06 00:00:00-04:00,199.88999938964844,208.27000427246094,198.61000061035156,207.8300018310547,207.3560333251953,188362800,0.0,0.0
2026-05-07 00:00:00-04:00,208.33999633789062,214.1999969482422,206.5,211.5,211.01766967773438,168307900,0.0,0.0
2026-05-08 00:00:00-04:00,213.02999877929688,217.8000030517578,212.88999938964844,215.1999969482422,214.709228515625,136421400,0.0,0.0
2026-05-11 00:00:00-04:00,214.0399932861328,222.3000030517578,213.88999938964844,219.44000244140625,218.93955993652344,160685800,0.0,0.0
2026-05-12 00:00:00-04:00,218.5500030517578,223.75,214.9199981689453,220.77999877929688,220.27650451660156,159176600,0.0,0.0
2026-05-13 00:00:00-04:00,224.92999267578125,227.83999633789062,221.57000732421875,225.8300018310547,225.3149871826172,150405400,0.0,0.0
2026-05-14 00:00:00-04:00,229.85000610351562,236.5399932861328,229.3000030517578,235.74000549316406,235.202392578125,180782900,0.0,0.0
2026-05-15 00:00:00-04:00,229.75999450683594,231.5,224.24000549316406,225.32000732421875,224.80615234375,180977600,0.0,0.0
2026-05-18 00:00:00-04:00,229.8699951171875,230.0,218.3699951171875,222.32000732421875,221.81300354003906,146280900,0.0,0.0
2026-05-19 00:00:00-04:00,219.6199951171875,224.47999572753906,217.91000366210938,220.61000061035156,220.1068878173828,140948200,0.0,0.0
2026-05-20 00:00:00-04:00,223.17999267578125,226.1300048828125,220.5,223.47000122070312,222.9603729248047,184201600,0.0,0.0
2026-05-21 00:00:00-04:00,222.2899932861328,227.39999389648438,217.92999267578125,219.50999450683594,219.0093994140625,203381800,0.0,0.0
2026-05-22 00:00:00-04:00,220.89999389648438,221.00999450683594,214.8000030517578,215.3300018310547,214.83892822265625,169275700,0.0,0.0
2026-05-26 00:00:00-04:00,216.5399932861328,218.17999267578125,212.0,214.86000061035156,214.37001037597656,187202600,0.0,0.0
2026-05-27 00:00:00-04:00,214.1199951171875,214.14999389648438,208.77999877929688,212.60000610351562,212.1151580810547,167601200,0.0,0.0
2026-05-28 00:00:00-04:00,211.27999877929688,215.52000427246094,211.22000122070312,214.25,213.7613983154297,143996000,0.0,0.0
2026-05-29 00:00:00-04:00,214.5800018310547,217.86000061035156,211.1300048828125,211.13999938964844,210.6584930419922,289410600,0.0,0.0
2026-06-01 00:00:00-04:00,215.72999572753906,224.8699951171875,215.6999969482422,224.36000061035156,223.8483428955078,212850700,0.0,0.0
2026-06-02 00:00:00-04:00,227.17999267578125,232.27999877929688,221.35000610351562,222.82000732421875,222.3118438720703,193362900,0.0,0.0
2026-06-03 00:00:00-04:00,221.72000122070312,222.82000732421875,214.50999450683594,214.75,214.26025390625,160907000,0.0,0.0
2026-06-04 00:00:00-04:00,213.91000366210938,221.60000610351562,210.97000122070312,218.66000366210938,218.4156036376953,169022200,0.25,0.0
2026-06-05 00:00:00-04:00,214.52999877929688,214.8699951171875,204.3300018310547,205.10000610351562,204.87075805664062,219655500,0.0,0.0
2026-06-08 00:00:00-04:00,210.17999267578125,210.47000122070312,206.0,208.63999938964844,208.40679931640625,138372800,0.0,0.0
2026-06-09 00:00:00-04:00,210.6199951171875,211.39999389648438,199.33999633789062,208.19000244140625,207.95730590820312,180962500,0.0,0.0
2026-06-10 00:00:00-04:00,204.42999267578125,207.22000122070312,199.9199981689453,200.4199981689453,200.19598388671875,161746600,0.0,0.0
2026-06-11 00:00:00-04:00,201.49000549316406,205.66000366210938,199.5399932861328,204.8699951171875,204.64100646972656,158643200,0.0,0.0
2026-06-12 00:00:00-04:00,204.86000061035156,207.07000732421875,203.44000244140625,205.19000244140625,204.96066284179688,112001800,0.0,0.0
2026-06-15 00:00:00-04:00,208.9199981689453,212.7100067138672,208.33999633789062,212.4499969482422,212.21253967285156,149936700,0.0,0.0
2026-06-16 00:00:00-04:00,211.17999267578125,211.49000549316406,207.2899932861328,207.41000366210938,207.1781768798828,125694100,0.0,0.0
2026-06-17 00:00:00-04:00,208.52999877929688,209.2100067138672,203.0800018310547,204.64999389648438,204.42124938964844,128363500,0.0,0.0
2026-06-18 00:00:00-04:00,207.3300018310547,211.38999938964844,206.5,210.69000244140625,210.4545135498047,241272000,0.0,0.0
2026-06-22 00:00:00-04:00,211.44000244140625,213.99000549316406,207.72000122070312,208.64999389648438,208.41677856445312,122041400,0.0,0.0
2026-06-23 00:00:00-04:00,202.1699981689453,203.77000427246094,200.0,200.0399932861328,199.81640625,153496200,0.0,0.0
2026-06-24 00:00:00-04:00,200.1199951171875,201.6699981689453,196.5800018310547,199.0,198.77757263183594,151810700,0.0,0.0
2026-06-25 00:00:00-04:00,200.0800018310547,200.8000030517578,192.1300048828125,195.74000549316406,195.52122497558594,149550000,0.0,0.0
2026-06-26 00:00:00-04:00,193.1199951171875,195.5500030517578,191.22000122070312,192.52999877929688,192.31480407714844,179304100,0.0,0.0
2026-06-29 00:00:00-04:00,193.85000610351562,196.17999267578125,189.8000030517578,194.97000122070312,194.7520751953125,148835700,0.0,0.0
2026-06-30 00:00:00-04:00,197.24000549316406,200.6300048828125,195.11000061035156,200.08999633789062,199.86634826660156,166476700,0.0,0.0
2026-07-01 00:00:00-04:00,196.1999969482422,199.85000610351562,193.4499969482422,197.5800018310547,197.35916137695312,146147600,0.0,0.0
2026-07-02 00:00:00-04:00,197.13999938964844,200.05999755859375,192.35000610351562,194.8300018310547,194.61224365234375,142068700,0.0,0.0
2026-07-06 00:00:00-04:00,194.4199981689453,197.5500030517578,193.99000549316406,195.5500030517578,195.33143615722656,108999000,0.0,0.0
2026-07-07 00:00:00-04:00,192.3699951171875,198.41000366210938,191.13999938964844,196.92999267578125,196.7098846435547,124154600,0.0,0.0
2026-07-08 00:00:00-04:00,195.17999267578125,205.16000366210938,195.05999755859375,204.1199951171875,203.891845703125,147419100,0.0,0.0
2026-07-09 00:00:00-04:00,204.4600067138672,204.58999633789062,198.9600067138672,202.77999877929688,202.5533447265625,132037400,0.0,0.0
2026-07-10 00:00:00-04:00,202.0,211.0,201.9199981689453,210.9600067138672,210.72421264648438,148421000,0.0,0.0
2026-07-13 00:00:00-04:00,208.5399932861328,210.57000732421875,203.0,203.52999877929688,203.30250549316406,121411000,0.0,0.0
2026-07-14 00:00:00-04:00,208.1999969482422,212.5500030517578,203.8000030517578,211.8000030517578,211.5632781982422,124379600,0.0,0.0
2026-07-15 00:00:00-04:00,211.9600067138672,213.80999755859375,206.0399932861328,212.5,212.26248168945312,124797200,0.0,0.0
2026-07-16 00:00:00-04:00,210.1699981689453,211.0800018310547,205.85000610351562,207.39999389648438,207.16818237304688,122986100,0.0,0.0
2026-07-17 00:00:00-04:00,202.63999938964844,206.64999389648438,197.97000122070312,202.80999755859375,202.58331298828125,144281900,0.0,0.0
2026-07-20 00:00:00-04:00,205.8699951171875,207.74000549316406,202.27999877929688,203.27999877929688,203.05279541015625,88701500,0.0,0.0
2026-07-21 00:00:00-04:00,207.5399932861328,208.64999389648438,204.00999450683594,207.2899932861328,207.0583038330078,108685600,0.0,0.0
2026-07-22 00:00:00-04:00,205.80999755859375,214.38999938964844,204.9499969482422,212.05999755859375,211.82298278808594,137645600,0.0,0.0
2026-07-23 00:00:00-04:00,209.4600067138672,210.8699951171875,205.9600067138672,208.75999450683594,208.5266571044922,110505300,0.0,0.0
2026-07-24 00:00:00-04:00,207.4499969482422,211.91000366210938,204.80999755859375,206.83999633789062,206.6088104248047,114836800,0.0,0.0
2026-07-27 00:00:00-04:00,208.1999969482422,208.75,195.44000244140625,196.50999450683594,196.2903594970703,154353700,0.0,0.0
2026-07-28 00:00:00-04:00,195.0,198.6999969482422,192.74000549316406,197.00999450683594,196.789794921875,134111500,0.0,0.0
2026-07-29 00:00:00-04:00,195.85000610351562,197.07000732421875,190.00999450683594,190.00999450683594,189.79762268066406,147680800,0.0,0.0
2026-07-30 00:00:00-04:00,193.4499969482422,197.25,191.52000427246094,195.0399932861328,194.82199096679688,129010200,0.0,0.0
2026-07-31 00:00:00-04:00,198.44000244140625,202.0,194.9499969482422,200.75,200.52561950683594,139961200,0.0,0.0
2026-08-03 00:00:00-04:00,197.69000244140625,208.74000549316406,196.85000610351562,206.63999938964844,206.40904235839844,128406900,0.0,0.0
2026-08-04 00:00:00-04:00,211.3000030517578,213.05999755859375,209.0500030517578,211.94000244140625,211.70310974121094,134922000,0.0,0.0
2026-08-05 00:00:00-04:00,216.86000061035156,222.22000122070312,216.39999389648438,219.22000122070312,218.9749755859375,158187400,0.0,0.0
2026-08-06 00:00:00-04:00,221.52999877929688,223.6300048828125,217.0,218.99000549316406,218.7452392578125,113940600,0.0,0.0
2026-08-07 00:00:00-04:00,221.5399932861328,224.75999450683594,220.66000366210938,223.9600067138672,223.70968627929688,105669400,0.0,0.0
2026-08-10 00:00:00-04:00,223.39999389648438,224.13999938964844,216.77000427246094,217.5500030517578,217.3068389892578,115846600,0.0,0.0
2026-08-11 00:00:00-04:00,222.1699981689453,222.1999969482422,216.1999969482422,217.5,217.25689697265625,101273100,0.0,0.0
2026-08-12 00:00:00-04:00,221.0399932861328,225.10000610351562,220.1999969482422,224.08999633789062,223.8395233154297,108783600,0.0,0.0
2026-08-13 00:00:00-04:00,225.05999755859375,227.22999572753906,223.7100067138672,225.3000030517578,225.04818725585938,98867200,0.0,0.0
2026-08-14 00:00:00-04:00,226.77000427246094,227.49000549316406,224.5,225.16000366210938,224.90834045410156,75680900,0.0,0.0
2026-08-17 00:00:00-04:00,225.97999572753906,227.9199981689453,224.86000061035156,225.00999450683594,224.7584991455078,93678700,0.0,0.0
2026-08-18 00:00:00-04:00,220.4499969482422,221.63999938964844,218.69000244140625,219.74000549316406,219.49440002441406,103128200,0.0,0.0
2026-08-19 00:00:00-04:00,221.6699981689453,222.8699951171875,216.75999450683594,217.55999755859375,217.31683349609375,96797300,0.0,0.0
2026-08-20 00:00:00-04:00,218.36000061035156,219.86000061035156,215.66000366210938,216.85000610351562,216.60763549804688,92457000,0.0,0.0
2026-08-21 00:00:00-04:00,218.4199981689453,218.74000549316406,214.5,214.72000122070312,214.48001098632812,98869300,0.0,0.0
2026-08-24 00:00:00-04:00,215.52999877929688,215.58999633789062,207.25,208.47999572753906,208.24697875976562,135187300,0.0,0.0
2026-08-25 00:00:00-04:00,211.02999877929688,214.72999572753906,210.11000061035156,213.0500030517578,212.81187438964844,122309000,0.0,0.0
2026-08-26 00:00:00-04:00,212.63999938964844,213.60000610351562,209.22999572753906,209.66000366210938,209.4256591796875,179900000,0.0,0.0
2026-08-27 00:00:00-04:00,222.86000061035156,230.47000122070312,220.89999389648438,227.97999572753906,227.7251739501953,298909800,0.0,0.0
2026-08-28 00:00:00-04:00,227.36000061035156,229.25999450683594,216.80999755859375,217.5500030517578,217.3068389892578,195116400,0.0,0.0
2026-08-31 00:00:00-04:00,218.8699951171875,221.3000030517578,216.2100067138672,220.77999877929688,220.53323364257812,124702700,0.0,0.0
2026-09-01 00:00:00-04:00,216.75,220.41000366210938,215.10000610351562,217.44000244140625,217.1969757080078,109756200,0.0,0.0
2026-09-02 00:00:00-04:00,218.7899932861328,227.9499969482422,218.47999572753906,224.41000366210938,224.1591796875,157104700,0.0,0.0
2026-09-03 00:00:00-04:00,226.02000427246094,230.39999389648438,224.75,228.4499969482422,228.1946563720703,134681600,0.0,0.0
2026-09-04 00:00:00-04:00,231.08999633789062,234.75999450683594,229.6300048828125,230.36000061035156,230.10252380371094,135352400,0.0,0.0
2026-09-08 00:00:00-04:00,233.11000061035156,233.7100067138672,224.85000610351562,225.72999572753906,225.47769165039062,122965600,0.0,0.0
2026-09-09 00:00:00-04:00,225.27999877929688,226.17999267578125,223.4600067138672,223.6699981689453,223.4199981689453,82955500,0.0,0.0
2026-09-10 00:00:00-04:00,220.52999877929688,220.99000549316406,217.1999969482422,218.36000061035156,218.36000061035156,105768000,0.25,0.0
2026-09-11 00:00:00-04:00,221.24000549316406,222.0,218.14999389648438,218.2899932861328,218.2899932861328,89060100,0.0,0.0
2026-09-14 00:00:00-04:00,211.24000549316406,212.77000427246094,208.92999267578125,210.9600067138672,210.9600067138672,132267200,0.0,0.0
2026-09-15 00:00:00-04:00,213.3800048828125,213.94000244140625,211.16000366210938,212.1699981689453,212.1699981689453,88059700,0.0,0.0
2026-09-16 00:00:00-04:00,214.13999938964844,216.75999450683594,212.5,213.89999389648438,213.89999389648438,96563600,0.0,0.0
2026-09-17 00:00:00-04:00,218.3800048828125,219.91000366210938,217.14999389648438,219.33999633789062,219.33999633789062,94191300,0.0,0.0
2026-09-18 00:00:00-04:00,219.35000610351562,222.72999572753906,218.02999877929688,222.27000427246094,222.27000427246094,190287400,0.0,0.0
2026-09-21 00:00:00-04:00,222.94000244140625,228.5,221.55999755859375,227.3800048828125,227.3800048828125,109806100,0.0,0.0
2026-09-22 00:00:00-04:00,226.85000610351562,229.97999572753906,226.5,228.8699951171875,228.8699951171875,95746700,0.0,0.0
2026-09-23 00:00:00-04:00,228.02999877929688,228.9499969482422,224.02000427246094,225.50999450683594,225.50999450683594,89547300,0.0,0.0
2026-09-24 00:00:00-04:00,222.0800018310547,224.94000244140625,221.08999633789062,224.5800018310547,224.5800018310547,77469900,0.0,0.0
2026-09-25 00:00:00-04:00,225.1300048828125,226.94000244140625,223.1300048828125,225.07000732421875,225.07000732421875,89947700,0.0,0.0
2026-09-28 00:00:00-04:00,229.75,233.2100067138672,228.0399932861328,228.86000061035156,228.86000061035156,142344300,0.0,0.0
2026-09-29 00:00:00-04:00,230.97000122070312,232.82000732421875,227.02999877929688,227.2100067138672,227.2100067138672,101494900,0.0,0.0
2026-09-30 00:00:00-04:00,229.27000427246094,232.3699951171875,228.1699981689453,228.3800048828125,228.3800048828125,121732200,0.0,0.0
2026-10-01 00:00:00-04:00,229.97999572753906,232.2899932861328,228.16000366210938,230.86000061035156,230.86000061035156,98591400,0.0,0.0
2026-10-02 00:00:00-04:00,236.05999755859375,237.8800048828125,233.60000610351562,233.9499969482422,233.9499969482422,134914600,0.0,0.0
