Date,Adj Close,Close,Dividends,High,Low,Open,Stock Splits,Volume
1999-01-22,0.03751710057258606,0.041016001254320145,0.0,0.04882799834012985,0.038802001625299454,0.04374999925494194,0.0,2714688000
1999-01-25,0.04144752770662308,0.04531300067901611,0.0,0.04583299905061722,0.041016001254320145,0.04427099972963333,0.0,510480000
1999-01-26,0.038231465965509415,0.04179700091481209,0.0,0.046744998544454575,0.04114599898457527,0.04583299905061722,0.0,343200000
1999-01-27,0.03811255842447281,0.04166699945926666,0.0,0.04296899959445,0.0395830012857914,0.041926998645067215,0.0,244368000
1999-01-28,0.03799273073673248,0.04153599962592125,0.0,0.041926998645067215,0.0412760004401207,0.04166699945926666,0.0,227520000
1999-01-29,0.03620634227991104,0.0395830012857914,0.0,0.04166699945926666,0.0395830012857914,0.04153599962592125,0.0,244032000
1999-02-01,0.03692161664366722,0.04036499932408333,0.0,0.04062499850988388,0.0395830012857914,0.0395830012857914,0.0,154704000
1999-02-02,0.03406321257352829,0.03723999857902527,0.0,0.04062499850988388,0.03606799989938736,0.0395830012857914,0.0,264096000
1999-02-03,0.03477756679058075,0.03802099823951721,0.0,0.0385419987142086,0.03645800054073334,0.036719001829624176,0.0,75120000
1999-02-04,0.036682892590761185,0.04010400176048279,0.0,0.04114599898457527,0.03802099823951721,0.0385419987142086,0.0,181920000
1999-02-05,0.03775491565465927,0.0412760004401207,0.0,0.04166699945926666,0.03971400111913681,0.040754999965429306,0.0,136848000
1999-02-08,0.03644508495926857,0.03984399884939194,0.0,0.04166699945926666,0.03984399884939194,0.04153599962592125,0.0,154080000
1999-02-09,0.03501540422439575,0.03828100115060806,0.0,0.04088500142097473,0.03776000067591667,0.04062499850988388,0.0,86976000
1999-02-10,0.03465867415070534,0.037891000509262085,0.0,0.039322998374700546,0.03723999857902527,0.03828100115060806,0.0,148224000
1999-02-11,0.03763599321246147,0.04114599898457527,0.0,0.04270799830555916,0.03802099823951721,0.03802099823951721,0.0,132240000
1999-02-12,0.039780039340257645,0.04349000006914139,0.0,0.04374999925494194,0.04166699945926666,0.04166699945926666,0.0,109728000
1999-02-16,0.04001786187291145,0.04374999925494194,0.0,0.04609400033950806,0.039322998374700546,0.04427099972963333,0.0,211008000
1999-02-17,0.03787381947040558,0.041405998170375824,0.0,0.04322899878025055,0.04062499850988388,0.04270799830555916,0.0,67728000
1999-02-18,0.03846930339932442,0.04205700010061264,0.0,0.04322899878025055,0.04088500142097473,0.04270799830555916,0.0,70704000
1999-02-19,0.039780039340257645,0.04349000006914139,0.0,0.04427099972963333,0.04114599898457527,0.04166699945926666,0.0,75360000
1999-02-22,0.04001786187291145,0.04374999925494194,0.0,0.04479200020432472,0.041405998170375824,0.04427099972963333,0.0,205248000
1999-02-23,0.0419231541454792,0.04583299905061722,0.0,0.046744998544454575,0.042187999933958054,0.04479200020432472,0.0,138096000
1999-02-24,0.045258160680532455,0.04947900027036667,0.0,0.054687999188899994,0.04830700159072876,0.05260400101542473,0.0,612768000
1999-02-25,0.04382939636707306,0.04791700094938278,0.0,0.05312500149011612,0.04713499918580055,0.051562998443841934,0.0,149136000
1999-02-26,0.04180425778031349,0.04570300132036209,0.0,0.05000000074505806,0.04531300067901611,0.04843800142407417,0.0,172608000
1999-03-01,0.04204300418496132,0.04596399888396263,0.0,0.04791700094938278,0.04374999925494194,0.046875,0.0,92160000
1999-03-02,0.041685353964567184,0.045572999864816666,0.0,0.04609400033950806,0.04479200020432472,0.04583299905061722,0.0,55248000
1999-03-03,0.03882693126797676,0.042447999119758606,0.0,0.04583299905061722,0.042187999933958054,0.04583299905061722,0.0,61392000
1999-03-04,0.03799273073673248,0.04153599962592125,0.0,0.04479200020432472,0.04114599898457527,0.044530998915433884,0.0,57360000
1999-03-05,0.040136776864528656,0.043880000710487366,0.0,0.04400999844074249,0.041926998645067215,0.041926998645067215,0.0,78768000
1999-03-08,0.040732234716415405,0.044530998915433884,0.0,0.04583299905061722,0.041926998645067215,0.04270799830555916,0.0,75888000
1999-03-09,0.04204300418496132,0.04596399888396263,0.0,0.04661500081419945,0.04440100118517876,0.04440100118517876,0.0,143184000
1999-03-10,0.04132770374417305,0.0451820008456707,0.0,0.04661500081419945,0.044530998915433884,0.04661500081419945,0.0,235344000
1999-03-11,0.03954130783677101,0.04322899878025055,0.0,0.0451820008456707,0.04322899878025055,0.04440100118517876,0.0,54288000
1999-03-12,0.03882693126797676,0.042447999119758606,0.0,0.04349000006914139,0.04166699945926666,0.04349000006914139,0.0,90768000
1999-03-15,0.0404944121837616,0.04427099972963333,0.0,0.04479200020432472,0.04322899878025055,0.04349000006914139,0.0,108816000
1999-03-16,0.0391845777630806,0.04283899813890457,0.0,0.045051999390125275,0.042447999119758606,0.044530998915433884,0.0,79152000
1999-03-17,0.039422404021024704,0.04309900104999542,0.0,0.04400999844074249,0.04205700010061264,0.04322899878025055,0.0,51360000
1999-03-18,0.039898961782455444,0.04362000152468681,0.0,0.04427099972963333,0.042187999933958054,0.04322899878025055,0.0,46320000
1999-03-19,0.04001786187291145,0.04374999925494194,0.0,0.045051999390125275,0.04349000006914139,0.04349000006914139,0.0,105312000
1999-03-22,0.03882693126797676,0.042447999119758606,0.0,0.04479200020432472,0.042447999119758606,0.04466100037097931,0.0,36672000
1999-03-23,0.03644508495926857,0.03984399884939194,0.0,0.04270799830555916,0.039062999188899994,0.04270799830555916,0.0,163968000
1999-03-24,0.03620634227991104,0.0395830012857914,0.0,0.03984399884939194,0.03802099823951721,0.0395830012857914,0.0,60864000
1999-03-25,0.036682892590761185,0.04010400176048279,0.0,0.04166699945926666,0.039322998374700546,0.03945299983024597,0.0,40320000
1999-03-26,0.039898961782455444,0.04362000152468681,0.0,0.04374999925494194,0.04062499850988388,0.04062499850988388,0.0,88272000
1999-03-29,0.04108988866209984,0.04492200165987015,0.0,0.04596399888396263,0.044140998274087906,0.04492200165987015,0.0,65952000
1999-03-30,0.03763599321246147,0.04114599898457527,0.0,0.04544299840927124,0.04088500142097473,0.045051999390125275,0.0,69504000
1999-03-31,0.04025568068027496,0.04400999844074249,0.0,0.044530998915433884,0.040495000779628754,0.042447999119758606,0.0,153600000
1999-04-01,0.03906475752592087,0.04270799830555916,0.0,0.04427099972963333,0.041926998645067215,0.04400999844074249,0.0,30432000
1999-04-05,0.03787381947040558,0.041405998170375824,0.0,0.04322899878025055,0.04114599898457527,0.042187999933958054,0.0,98640000
1999-04-06,0.03692161664366722,0.04036499932408333,0.0,0.041926998645067215,0.0395830012857914,0.04179700091481209,0.0,69696000
1999-04-07,0.04001786187291145,0.04374999925494194,0.0,0.04400999844074249,0.04036499932408333,0.04062499850988388,0.0,89280000
1999-04-08,0.040732234716415405,0.044530998915433884,0.0,0.04583299905061722,0.04349000006914139,0.04400999844074249,0.0,130128000
1999-04-09,0.04001786187291145,0.04374999925494194,0.0,0.04479200020432472,0.04349000006914139,0.04479200020432472,0.0,48624000
1999-04-12,0.038350366055965424,0.041926998645067215,0.0,0.04322899878025055,0.04114599898457527,0.04322899878025055,0.0,33312000
1999-04-13,0.036801815032958984,0.040233999490737915,0.0,0.04270799830555916,0.0395830012857914,0.04270799830555916,0.0,36144000
1999-04-14,0.03573068976402283,0.039062999188899994,0.0,0.041016001254320145,0.039062999188899994,0.04010400176048279,0.0,48288000
1999-04-15,0.036682892590761185,0.04010400176048279,0.0,0.04010400176048279,0.039062999188899994,0.04010400176048279,0.0,35856000
1999-04-16,0.03787381947040558,0.041405998170375824,0.0,0.04205700010061264,0.03984399884939194,0.03984399884939194,0.0,38928000
1999-04-19,0.03620634227991104,0.0395830012857914,0.0,0.041926998645067215,0.039062999188899994,0.041926998645067215,0.0,31296000
1999-04-20,0.0354919508099556,0.038802001625299454,0.0,0.04114599898457527,0.03841099888086319,0.0395830012857914,0.0,67680000
1999-04-21,0.03608743101358414,0.03945299983024597,0.0,0.0395830012857914,0.0385419987142086,0.038802001625299454,0.0,37488000
1999-04-22,0.034538839012384415,0.03776000067591667,0.0,0.0395830012857914,0.037370000034570694,0.0395830012857914,0.0,227184000
1999-04-23,0.032872267067432404,0.035937998443841934,0.0,0.03776000067591667,0.035677000880241394,0.037629999220371246,0.0,126048000
1999-04-26,0.031204788014292717,0.03411500155925751,0.0,0.03645800054073334,0.03333299979567528,0.035937998443841934,0.0,123504000
1999-04-27,0.034538839012384415,0.03776000067591667,0.0,0.03802099823951721,0.03437500074505806,0.03489600121974945,0.0,226944000
1999-04-28,0.034301020205020905,0.03750000149011612,0.0,0.03802099823951721,0.03632799908518791,0.03802099823951721,0.0,120096000
1999-04-29,0.034301020205020905,0.03750000149011612,0.0,0.03776000067591667,0.036719001829624176,0.037629999220371246,0.0,48144000
1999-04-30,0.03477756679058075,0.03802099823951721,0.0,0.0395830012857914,0.037629999220371246,0.037891000509262085,0.0,99312000
1999-05-03,0.03501540422439575,0.03828100115060806,0.0,0.03841099888086319,0.03723999857902527,0.03841099888086319,0.0,33840000
1999-05-04,0.03311009705066681,0.036198001354932785,0.0,0.03828100115060806,0.03541700169444084,0.03828100115060806,0.0,96048000
1999-05-05,0.03382447361946106,0.03697900101542473,0.0,0.03697900101542473,0.03437500074505806,0.03645800054073334,0.0,144576000
1999-05-06,0.033169545233249664,0.03626300022006035,0.0,0.03750000149011612,0.03515600040555,0.036719001829624176,0.0,35616000
1999-05-07,0.03334791958332062,0.03645800054073334,0.0,0.036719001829624176,0.03515600040555,0.03515600040555,0.0,25008000
1999-05-10,0.03334791958332062,0.03645800054073334,0.0,0.03723999857902527,0.036198001354932785,0.036198001354932785,0.0,19680000
1999-05-11,0.03513432294130325,0.03841099888086319,0.0,0.0395830012857914,0.03723999857902527,0.03802099823951721,0.0,171744000
1999-05-12,0.03620634227991104,0.0395830012857914,0.0,0.03971400111913681,0.03828100115060806,0.038802001625299454,0.0,168480000
1999-05-13,0.03620634227991104,0.0395830012857914,0.0,0.04062499850988388,0.03945299983024597,0.0395830012857914,0.0,69936000
1999-05-14,0.034301020205020905,0.03750000149011612,0.0,0.0395830012857914,0.03697900101542473,0.0395830012857914,0.0,28464000
1999-05-17,0.03596850857138634,0.039322998374700546,0.0,0.039322998374700546,0.0368489995598793,0.03697900101542473,0.0,35760000
1999-05-18,0.03763599321246147,0.04114599898457527,0.0,0.04166699945926666,0.0385419987142086,0.03971400111913681,0.0,151536000
1999-05-19,0.03596850857138634,0.039322998374700546,0.0,0.044530998915433884,0.03867200016975403,0.04296899959445,0.0,451728000
1999-05-20,0.03311009705066681,0.036198001354932785,0.0,0.0395830012857914,0.034765999764204025,0.0395830012857914,0.0,178176000
1999-05-21,0.032395731657743454,0.03541700169444084,0.0,0.035677000880241394,0.03437500074505806,0.035677000880241394,0.0,303504000
1999-05-24,0.03227589651942253,0.03528600186109543,0.0,0.03645800054073334,0.034765999764204025,0.035677000880241394,0.0,162624000
1999-05-25,0.03251463174819946,0.03554699942469597,0.0,0.035937998443841934,0.03515600040555,0.03541700169444084,0.0,130080000
1999-05-26,0.032395731657743454,0.03541700169444084,0.0,0.03723999857902527,0.03541700169444084,0.03541700169444084,0.0,104736000
1999-05-27,0.032156988978385925,0.03515600040555,0.0,0.035677000880241394,0.03515600040555,0.035677000880241394,0.0,82320000
1999-05-28,0.03251463174819946,0.03554699942469597,0.0,0.035677000880241394,0.03515600040555,0.035677000880241394,0.0,88656000
1999-06-01,0.03263354301452637,0.035677000880241394,0.0,0.035677000880241394,0.03489600121974945,0.03541700169444084,0.0,98544000
1999-06-02,0.03144262358546257,0.03437500074505806,0.0,0.035677000880241394,0.03437500074505806,0.035677000880241394,0.0,130128000
1999-06-03,0.03227589651942253,0.03528600186109543,0.0,0.03554699942469597,0.03489600121974945,0.03528600186109543,0.0,41568000
1999-06-04,0.03251463174819946,0.03554699942469597,0.0,0.035677000880241394,0.03528600186109543,0.03554699942469597,0.0,78912000
1999-06-07,0.032872267067432404,0.035937998443841934,0.0,0.03645800054073334,0.035677000880241394,0.03574199974536896,0.0,125136000
1999-06-08,0.033705562353134155,0.0368489995598793,0.0,0.03750000149011612,0.035937998443841934,0.03606799989938736,0.0,153312000
1999-06-09,0.034301020205020905,0.03750000149011612,0.0,0.03828100115060806,0.03697900101542473,0.03697900101542473,0.0,95184000
1999-06-10,0.03441993519663811,0.037629999220371246,0.0,0.03776000067591667,0.03723999857902527,0.03750000149011612,0.0,36096000
1999-06-11,0.033705562353134155,0.0368489995598793,0.0,0.03776000067591667,0.03554699942469597,0.037629999220371246,0.0,61008000
1999-06-14,0.032395731657743454,0.03541700169444084,0.0,0.03697900101542473,0.03515600040555,0.036913998425006866,0.0,51648000
1999-06-15,0.032395731657743454,0.03541700169444084,0.0,0.035677000880241394,0.03489600121974945,0.03541700169444084,0.0,49296000
1999-06-16,0.03334791958332062,0.03645800054073334,0.0,0.03750000149011612,0.03541700169444084,0.035937998443841934,0.0,64416000
1999-06-17,0.032395731657743454,0.03541700169444084,0.0,0.036719001829624176,0.03541700169444084,0.036198001354932785,0.0,74928000
1999-06-18,0.031204788014292717,0.03411500155925751,0.0,0.035677000880241394,0.03411500155925751,0.035677000880241394,0.0,158736000
1999-06-21,0.032872267067432404,0.035937998443841934,0.0,0.035937998443841934,0.03421200066804886,0.03515600040555,0.0,83472000
1999-06-22,0.03227589651942253,0.03528600186109543,0.0,0.035937998443841934,0.03450499847531319,0.035937998443841934,0.0,193056000
1999-06-23,0.032872267067432404,0.035937998443841934,0.0,0.035937998443841934,0.03450499847531319,0.03489600121974945,0.0,210912000
1999-06-24,0.032156988978385925,0.03515600040555,0.0,0.036198001354932785,0.03489600121974945,0.036198001354932785,0.0,115200000
1999-06-25,0.03263354301452637,0.035677000880241394,0.0,0.03606799989938736,0.03489600121974945,0.03489600121974945,0.0,73536000
1999-06-28,0.03311009705066681,0.036198001354932785,0.0,0.0368489995598793,0.03541700169444084,0.0368489995598793,0.0,109152000
1999-06-29,0.03346773982048035,0.03658900037407875,0.0,0.037108998745679855,0.036198001354932785,0.036719001829624176,0.0,92688000
1999-06-30,0.03644508495926857,0.03984399884939194,0.0,0.03984399884939194,0.03697900101542473,0.03776000067591667,0.0,269232000
1999-07-01,0.034538839012384415,0.03776000067591667,0.0,0.03984399884939194,0.035677000880241394,0.03984399884939194,0.0,88992000
1999-07-02,0.03704054281115532,0.040495000779628754,0.0,0.040495000779628754,0.03750000149011612,0.03828100115060806,0.0,224880000
1999-07-06,0.03715945780277252,0.04062499850988388,0.0,0.04088500142097473,0.04010400176048279,0.04088500142097473,0.0,198096000
1999-07-07,0.03644508495926857,0.03984399884939194,0.0,0.04088500142097473,0.03984399884939194,0.04088500142097473,0.0,63120000
1999-07-08,0.03727835416793823,0.040754999965429306,0.0,0.041405998170375824,0.038802001625299454,0.04010400176048279,0.0,186048000
1999-07-09,0.04043497145175934,0.04420600086450577,0.0,0.044530998915433884,0.04062499850988388,0.04062499850988388,0.0,211728000
1999-07-12,0.04228082299232483,0.04622400179505348,0.0,0.048177000135183334,0.045051999390125275,0.046875,0.0,401040000
1999-07-13,0.04239971190690994,0.04635399952530861,0.0,0.047005001455545425,0.04427099972963333,0.046744998544454575,0.0,138864000
1999-07-14,0.040732234716415405,0.044530998915433884,0.0,0.04739600047469139,0.04427099972963333,0.04635399952530861,0.0,137952000
1999-07-15,0.04097096249461174,0.04479200020432472,0.0,0.04635399952530861,0.04479200020432472,0.04492200165987015,0.0,137040000
1999-07-16,0.04180425778031349,0.04570300132036209,0.0,0.04609400033950806,0.04479200020432472,0.045572999864816666,0.0,103872000
1999-07-19,0.040732234716415405,0.044530998915433884,0.0,0.04596399888396263,0.04427099972963333,0.04583299905061722,0.0,43632000
1999-07-20,0.04001786187291145,0.04374999925494194,0.0,0.044530998915433884,0.042187999933958054,0.044530998915433884,0.0,178752000
1999-07-21,0.03882693126797676,0.042447999119758606,0.0,0.04322899878025055,0.04114599898457527,0.04322899878025055,0.0,112080000
1999-07-22,0.03704054281115532,0.040495000779628754,0.0,0.042187999933958054,0.04010400176048279,0.042187999933958054,0.0,213264000
1999-07-23,0.03704054281115532,0.040495000779628754,0.0,0.04166699945926666,0.04036499932408333,0.04036499932408333,0.0,80256000
1999-07-26,0.03715945780277252,0.04062499850988388,0.0,0.04153599962592125,0.04062499850988388,0.04153599962592125,0.0,60528000
1999-07-27,0.03727835416793823,0.040754999965429306,0.0,0.04088500142097473,0.04010400176048279,0.04062499850988388,0.0,98592000
1999-07-28,0.03787381947040558,0.041405998170375824,0.0,0.041926998645067215,0.040495000779628754,0.04062499850988388,0.0,244224000
1999-07-29,0.038231465965509415,0.04179700091481209,0.0,0.041926998645067215,0.04036499932408333,0.04062499850988388,0.0,388800000
1999-07-30,0.038350366055965424,0.041926998645067215,0.0,0.04296899959445,0.04166699945926666,0.04179700091481209,0.0,452304000
1999-08-02,0.038708023726940155,0.04231800138950348,0.0,0.042447999119758606,0.04166699945926666,0.041926998645067215,0.0,313344000
1999-08-03,0.03775491565465927,0.0412760004401207,0.0,0.04231800138950348,0.04088500142097473,0.04231800138950348,0.0,255216000
1999-08-04,0.03775491565465927,0.0412760004401207,0.0,0.04166699945926666,0.04114599898457527,0.04153599962592125,0.0,89952000
1999-08-05,0.038350366055965424,0.041926998645067215,0.0,0.041926998645067215,0.04062499850988388,0.0412760004401207,0.0,240576000
1999-08-06,0.038350366055965424,0.041926998645067215,0.0,0.04205700010061264,0.04166699945926666,0.04179700091481209,0.0,183984000
1999-08-09,0.038350366055965424,0.041926998645067215,0.0,0.042447999119758606,0.04166699945926666,0.04205700010061264,0.0,31056000
1999-08-10,0.03906475752592087,0.04270799830555916,0.0,0.044530998915433884,0.041926998645067215,0.042187999933958054,0.0,212064000
1999-08-11,0.041685353964567184,0.045572999864816666,0.0,0.04609400033950806,0.04296899959445,0.04349000006914139,0.0,197712000
1999-08-12,0.043709561228752136,0.04778600111603737,0.0,0.04895799979567528,0.045572999864816666,0.04583299905061722,0.0,239616000
1999-08-13,0.04323393106460571,0.047265999019145966,0.0,0.04830700159072876,0.046875,0.04739600047469139,0.0,84672000
1999-08-16,0.04156645014882088,0.04544299840927124,0.0,0.04765599966049194,0.043880000710487366,0.04765599966049194,0.0,223440000
1999-08-17,0.041685353964567184,0.045572999864816666,0.0,0.04635399952530861,0.04440100118517876,0.045572999864816666,0.0,193536000
1999-08-18,0.04263846203684807,0.04661500081419945,0.0,0.04713499918580055,0.044140998274087906,0.045051999390125275,0.0,279888000
1999-08-19,0.051689352840185165,0.05651000142097473,0.0,0.05911500006914139,0.048177000135183334,0.049869999289512634,0.0,1966992000
1999-08-20,0.05121372640132904,0.05598999932408333,0.0,0.057030998170375824,0.05390600115060806,0.056641001254320145,0.0,353088000
1999-08-23,0.048116568475961685,0.05260400101542473,0.0,0.0552080012857914,0.05078100040555,0.0552080012857914,0.0,507984000
1999-08-24,0.047878753393888474,0.052344001829624176,0.0,0.05286499857902527,0.049219001084566116,0.051823001354932785,0.0,398064000
1999-08-25,0.04764002189040184,0.05208300054073334,0.0,0.052995000034570694,0.05000000074505806,0.0524739995598793,0.0,350352000
1999-08-26,0.04692564159631729,0.051302000880241394,0.0,0.05286499857902527,0.05052100121974945,0.05208300054073334,0.0,275376000
1999-08-27,0.04954623058438301,0.0541669987142086,0.0,0.05624999850988388,0.05208300054073334,0.052344001829624176,0.0,552384000
1999-08-30,0.04936695471405983,0.053971000015735626,0.0,0.056120000779628754,0.05169299989938736,0.05507799983024597,0.0,158640000
1999-08-31,0.05359558388590813,0.05859399959445,0.0,0.05885399878025055,0.05312500149011612,0.0541669987142086,0.0,786864000
1999-09-01,0.05109388753771782,0.055858999490737915,0.0,0.05859399959445,0.054947998374700546,0.05859399959445,0.0,565344000
1999-09-02,0.050498440861701965,0.0552080012857914,0.0,0.05546899884939194,0.05286499857902527,0.05403599888086319,0.0,341088000
1999-09-03,0.0508560873568058,0.05559900030493736,0.0,0.057030998170375824,0.0552080012857914,0.05624999850988388,0.0,258864000
1999-09-07,0.0506182536482811,0.05533900111913681,0.0,0.05651000142097473,0.05507799983024597,0.05651000142097473,0.0,124416000
1999-09-08,0.050498440861701965,0.0552080012857914,0.0,0.055858999490737915,0.0552080012857914,0.05546899884939194,0.0,170064000
1999-09-09,0.04978405684232712,0.054427001625299454,0.0,0.056120000779628754,0.05338500067591667,0.05572900176048279,0.0,209472000
1999-09-10,0.050498440861701965,0.0552080012857914,0.0,0.05598999932408333,0.054947998374700546,0.05533900111913681,0.0,167424000
1999-09-13,0.04883093014359474,0.05338500067591667,0.0,0.05546899884939194,0.05286499857902527,0.05546899884939194,0.0,174432000
1999-09-14,0.047402188181877136,0.051823001354932785,0.0,0.05338500067591667,0.051562998443841934,0.05338500067591667,0.0,250368000
1999-09-15,0.04775983840227127,0.05221400037407875,0.0,0.05286499857902527,0.05078100040555,0.05117199942469597,0.0,212736000
1999-09-16,0.046567998826503754,0.05091100186109543,0.0,0.05208300054073334,0.05025999993085861,0.051562998443841934,0.0,158112000
1999-09-17,0.046449072659015656,0.05078100040555,0.0,0.05104200169444084,0.04895799979567528,0.050586000084877014,0.0,171648000
1999-09-20,0.04478159546852112,0.04895799979567528,0.0,0.05052100121974945,0.04895799979567528,0.049869999289512634,0.0,229104000
1999-09-21,0.0404944121837616,0.04427099972963333,0.0,0.048177000135183334,0.04362000152468681,0.04791700094938278,0.0,737328000
1999-09-22,0.04144752770662308,0.04531300067901611,0.0,0.045572999864816666,0.04166699945926666,0.04427099972963333,0.0,375984000
1999-09-23,0.03799273073673248,0.04153599962592125,0.0,0.045572999864816666,0.04114599898457527,0.04544299840927124,0.0,379584000
1999-09-24,0.034538839012384415,0.03776000067591667,0.0,0.04270799830555916,0.03489600121974945,0.04166699945926666,0.0,684912000
1999-09-27,0.036682892590761185,0.04010400176048279,0.0,0.04088500142097473,0.03776000067591667,0.040233999490737915,0.0,432000000
1999-09-28,0.04001786187291145,0.04374999925494194,0.0,0.04427099972963333,0.04010400176048279,0.04016900062561035,0.0,413184000
1999-09-29,0.036801815032958984,0.040233999490737915,0.0,0.04635399952530861,0.0395830012857914,0.04466100037097931,0.0,594048000
1999-09-30,0.036682892590761185,0.04010400176048279,0.0,0.04296899959445,0.0395830012857914,0.04166699945926666,0.0,342528000
1999-10-01,0.03644508495926857,0.03984399884939194,0.0,0.04088500142097473,0.03776000067591667,0.03945299983024597,0.0,347760000
1999-10-04,0.03715945780277252,0.04062499850988388,0.0,0.0412760004401207,0.04010400176048279,0.04114599898457527,0.0,177600000
1999-10-05,0.040732234716415405,0.044530998915433884,0.0,0.04479200020432472,0.04062499850988388,0.04062499850988388,0.0,478080000
1999-10-06,0.045615799725055695,0.049869999289512634,0.0,0.05208300054073334,0.04427099972963333,0.04466100037097931,0.0,1508736000
1999-10-07,0.04263846203684807,0.04661500081419945,0.0,0.05195299908518791,0.04635399952530861,0.05195299908518791,0.0,487296000
1999-10-08,0.04478159546852112,0.04895799979567528,0.0,0.050390999764204025,0.04479200020432472,0.04661500081419945,0.0,398928000
1999-10-11,0.04359066113829613,0.04765599966049194,0.0,0.04947900027036667,0.04635399952530861,0.04934899881482124,0.0,544464000
1999-10-12,0.04299519211053848,0.047005001455545425,0.0,0.04843800142407417,0.046875,0.04791700094938278,0.0,322992000
1999-10-13,0.04180425778031349,0.04570300132036209,0.0,0.046484000980854034,0.04479200020432472,0.046484000980854034,0.0,280368000
1999-10-14,0.04097096249461174,0.04479200020432472,0.0,0.04583299905061722,0.04427099972963333,0.04583299905061722,0.0,192336000
1999-10-15,0.040732234716415405,0.044530998915433884,0.0,0.04479200020432472,0.042447999119758606,0.04257800057530403,0.0,210720000
1999-10-18,0.03858910873532295,0.042187999933958054,0.0,0.04466100037097931,0.041926998645067215,0.04466100037097931,0.0,215184000
1999-10-19,0.03704054281115532,0.040495000779628754,0.0,0.04349000006914139,0.03971400111913681,0.04349000006914139,0.0,308928000
1999-10-20,0.038350366055965424,0.041926998645067215,0.0,0.042447999119758606,0.040495000779628754,0.04114599898457527,0.0,348720000
1999-10-21,0.040136776864528656,0.043880000710487366,0.0,0.043880000710487366,0.04062499850988388,0.04179700091481209,0.0,382128000
1999-10-22,0.04108988866209984,0.04492200165987015,0.0,0.04622400179505348,0.04374999925494194,0.04374999925494194,0.0,286752000
1999-10-25,0.03906475752592087,0.04270799830555916,0.0,0.04531300067901611,0.04270799830555916,0.04466100037097931,0.0,213840000
1999-10-26,0.04287628456950188,0.046875,0.0,0.04843800142407417,0.04427099972963333,0.044530998915433884,0.0,481248000
1999-10-27,0.04097096249461174,0.04479200020432472,0.0,0.04739600047469139,0.04400999844074249,0.04713499918580055,0.0,214128000
1999-10-28,0.03906475752592087,0.04270799830555916,0.0,0.04583299905061722,0.042447999119758606,0.045051999390125275,0.0,222768000
1999-10-29,0.042161908000707626,0.04609400033950806,0.0,0.046875,0.04296899959445,0.04322899878025055,0.0,330528000
1999-11-01,0.04478159546852112,0.04895799979567528,0.0,0.05078100040555,0.04531300067901611,0.04531300067901611,0.0,782544000
1999-11-02,0.04764002189040184,0.05208300054073334,0.0,0.052344001829624176,0.04947900027036667,0.049869999289512634,0.0,837504000
1999-11-03,0.05228482186794281,0.05716099962592125,0.0,0.05859399959445,0.05377599969506264,0.0541669987142086,0.0,2011680000
1999-11-04,0.05561980977654457,0.0608070008456707,0.0,0.062369998544454575,0.057812999933958054,0.057812999933958054,0.0,1260336000
1999-11-05,0.05383339524269104,0.05885399878025055,0.0,0.06302099674940109,0.05598999932408333,0.0625,0.0,616368000
1999-11-08,0.05538198724389076,0.06054700165987015,0.0,0.06224000081419945,0.0552080012857914,0.057030998170375824,0.0,470016000
1999-11-09,0.05454777181148529,0.05963499844074249,0.0,0.060676999390125275,0.05729199945926666,0.06041700020432472,0.0,272352000
1999-11-10,0.05407213047146797,0.05911500006914139,0.0,0.05989599972963333,0.05794300138950348,0.05983100086450577,0.0,144048000
1999-11-11,0.057882748544216156,0.06328099966049194,0.0,0.0664059966802597,0.057812999933958054,0.05911500006914139,0.0,562704000
1999-11-12,0.06097990274429321,0.06666699796915054,0.0,0.06666699796915054,0.06224000081419945,0.06601600348949432,0.0,501504000
1999-11-15,0.05978897586464882,0.06536500155925751,0.0,0.06914100050926208,0.06432300060987473,0.06712199747562408,0.0,362208000
1999-11-16,0.06550581008195877,0.07161500304937363,0.0,0.07291699945926666,0.06666699796915054,0.0669270008802414,0.0,723792000
1999-11-17,0.06800658255815506,0.07434900104999542,0.0,0.078125,0.07187499850988388,0.07291699945926666,0.0,786384000
1999-11-18,0.06824441254138947,0.07460899651050568,0.0,0.07656300067901611,0.07395800203084946,0.07591100037097931,0.0,235968000
1999-11-19,0.08170322328805923,0.0893229991197586,0.0,0.09244800359010696,0.08333300054073334,0.08359400182962418,0.0,2165184000
1999-11-22,0.08158431202173233,0.08919300138950348,0.0,0.09166699647903442,0.08385399729013443,0.09160199761390686,0.0,540192000
1999-11-23,0.07574859261512756,0.08281300216913223,0.0,0.0837239995598793,0.07916700094938278,0.08007799834012985,0.0,553248000
1999-11-24,0.07336578518152237,0.08020800352096558,0.0,0.08333300054073334,0.07408899813890457,0.08242200314998627,0.0,406848000
1999-11-26,0.07289016991853714,0.07968799769878387,0.0,0.08020800352096558,0.07708299905061722,0.07942699640989304,0.0,71760000
1999-11-29,0.07026952505111694,0.07682300359010696,0.0,0.08046899735927582,0.07500000298023224,0.07942699640989304,0.0,298608000
1999-11-30,0.06598146259784698,0.07213500142097473,0.0,0.07838500291109085,0.07213500142097473,0.07708299905061722,0.0,314688000
1999-12-01,0.06931641697883606,0.07578100264072418,0.0,0.07682300359010696,0.07213500142097473,0.07213500142097473,0.0,223536000
1999-12-02,0.07443779706954956,0.08138000220060349,0.0,0.08242200314998627,0.07604199647903442,0.07604199647903442,0.0,309888000
1999-12-03,0.07265140116214752,0.07942699640989304,0.0,0.08359400182962418,0.07838500291109085,0.08216100186109543,0.0,342768000
1999-12-06,0.07467654347419739,0.08164100348949432,0.0,0.0820309966802597,0.07968799769878387,0.07968799769878387,0.0,178608000
1999-12-07,0.07217486202716827,0.07890599966049194,0.0,0.08242200314998627,0.07578100264072418,0.08229199796915054,0.0,186384000
1999-12-08,0.07539089024066925,0.08242200314998627,0.0,0.08320300281047821,0.07838500291109085,0.07864599674940109,0.0,201696000
1999-12-09,0.07312796264886856,0.07994800060987473,0.0,0.08437500149011612,0.07708299905061722,0.08229199796915054,0.0,214944000
1999-12-10,0.07229375094175339,0.07903599739074707,0.0,0.08177100121974945,0.07760400325059891,0.08138000220060349,0.0,98304000
1999-12-13,0.07205595821142197,0.07877600193023682,0.0,0.0808589980006218,0.07708299905061722,0.078125,0.0,183840000
1999-12-14,0.07086502015590668,0.07747399806976318,0.0,0.0808589980006218,0.07669299840927124,0.07890599966049194,0.0,273888000
1999-12-15,0.06860204041004181,0.07500000298023224,0.0,0.07734400033950806,0.07317700237035751,0.07695300132036209,0.0,205968000
1999-12-16,0.06812549382448196,0.07447899878025055,0.0,0.07656300067901611,0.0742190033197403,0.0753910019993782,0.0,132576000
1999-12-17,0.07169830054044724,0.07838500291109085,0.0,0.07955700159072876,0.07617200165987015,0.07656300067901611,0.0,262080000
1999-12-20,0.07765386253595352,0.08489599823951721,0.0,0.08642599731683731,0.07578100264072418,0.07851599901914597,0.0,402432000
1999-12-21,0.0809888243675232,0.08854199945926666,0.0,0.08867199718952179,0.08177100121974945,0.08489599823951721,0.0,388368000
1999-12-22,0.08289414644241333,0.09062500298023224,0.0,0.09166699647903442,0.0854170024394989,0.08880200237035751,0.0,251184000
1999-12-23,0.08837316185235977,0.09661500155925751,0.0,0.09687499701976776,0.09036500006914139,0.09075500071048737,0.0,280224000
1999-12-27,0.0850382149219513,0.09296900033950806,0.0,0.09882800281047821,0.09192699939012527,0.09869799762964249,0.0,202416000
1999-12-28,0.08479942381381989,0.09270799905061722,0.0,0.09635400027036667,0.09244800359010696,0.09296900033950806,0.0,179184000
1999-12-29,0.08765789121389389,0.09583300352096558,0.0,0.09687499701976776,0.09244800359010696,0.09251300245523453,0.0,132144000
1999-12-30,0.08837316185235977,0.09661500155925751,0.0,0.09726600348949432,0.09427099674940109,0.09583300352096558,0.0,139776000
1999-12-31,0.08944426476955414,0.09778600186109543,0.0,0.09791699796915054,0.09609399735927582,0.09641899913549423,0.0,127344000
2000-01-03,0.08920646458864212,0.09752599895000458,0.0,0.09921900182962418,0.09192699939012527,0.09843800216913223,0.0,300912000
2000-01-04,0.08682457357645035,0.09492199867963791,0.0,0.09609399735927582,0.09010399878025055,0.09583300352096558,0.0,300480000
2000-01-05,0.08396617323160172,0.09179700165987015,0.0,0.09375,0.09049499779939651,0.09218800067901611,0.0,188352000
2000-01-06,0.07848716527223587,0.08580700308084488,0.0,0.09179700165987015,0.08229199796915054,0.09179700165987015,0.0,120480000
2000-01-07,0.07979792356491089,0.08724000304937363,0.0,0.0881510004401207,0.08411499857902527,0.0854170024394989,0.0,71184000
2000-01-10,0.08241758495569229,0.09010399878025055,0.0,0.09375,0.0859379991889,0.08749999850988388,0.0,239856000
2000-01-11,0.07908261567354202,0.0864579975605011,0.0,0.09062500298023224,0.0864579975605011,0.08958300203084946,0.0,148128000
2000-01-12,0.07705839723348618,0.0842449963092804,0.0,0.08658900111913681,0.08307299762964249,0.0864579975605011,0.0,123552000
2000-01-13,0.08027355372905731,0.08776000142097473,0.0,0.08854199945926666,0.08307299762964249,0.08411499857902527,0.0,132192000
2000-01-14,0.08372742682695389,0.09153600037097931,0.0,0.09518200159072876,0.08880200237035751,0.08906300365924835,0.0,604560000
2000-01-18,0.08730114996433258,0.0954430028796196,0.0,0.09583300352096558,0.08854199945926666,0.09270799905061722,0.0,261648000
2000-01-19,0.08646693080663681,0.09453099966049194,0.0,0.09583300352096558,0.09375,0.09583300352096558,0.0,164688000
2000-01-20,0.086229108273983,0.09427099674940109,0.0,0.10052099823951721,0.09348999708890915,0.09531299769878387,0.0,179568000
2000-01-21,0.0852760300040245,0.09322900325059891,0.0,0.09440100193023682,0.09088499844074249,0.09401000291109085,0.0,544272000
2000-01-24,0.08146539330482483,0.08906300365924835,0.0,0.09622400254011154,0.08854199945926666,0.09622400254011154,0.0,256944000
2000-01-25,0.08075011521577835,0.08828099817037582,0.0,0.09036500006914139,0.0854170024394989,0.08945299685001373,0.0,237120000
2000-01-26,0.07741515338420868,0.08463499695062637,0.0,0.09062500298023224,0.08307299762964249,0.08828099817037582,0.0,232464000
2000-01-27,0.07336578518152237,0.08020800352096558,0.0,0.08528599888086319,0.07708299905061722,0.08528599888086319,0.0,458208000
2000-01-28,0.07122262567281723,0.07786499708890915,0.0,0.07968799769878387,0.07474000006914139,0.07916700094938278,0.0,194448000
2000-01-31,0.07062719017267227,0.07721400260925293,0.0,0.07994800060987473,0.07291699945926666,0.07825499773025513,0.0,182400000
2000-02-01,0.07229375094175339,0.07903599739074707,0.0,0.07968799769878387,0.07447899878025055,0.07734400033950806,0.0,92976000
2000-02-02,0.07431891560554504,0.08124999701976776,0.0,0.08281300216913223,0.07903599739074707,0.07942699640989304,0.0,149040000
2000-02-03,0.07550983130931854,0.0825520008802414,0.0,0.08554700016975403,0.0820309966802597,0.08385399729013443,0.0,108240000
2000-02-04,0.07729621976613998,0.08450499922037125,0.0,0.08515600115060806,0.08281300216913223,0.08515600115060806,0.0,123696000
2000-02-07,0.07253248989582062,0.07929699867963791,0.0,0.08489599823951721,0.07916700094938278,0.08489599823951721,0.0,217488000
2000-02-08,0.07598639279603958,0.08307299762964249,0.0,0.0859379991889,0.07916700094938278,0.08124999701976776,0.0,468816000
2000-02-09,0.07789168506860733,0.08515600115060806,0.0,0.0876300036907196,0.08502600342035294,0.08619800209999084,0.0,589056000
2000-02-10,0.09385128319263458,0.10260400176048279,0.0,0.10416699945926666,0.09036500006914139,0.09036500006914139,0.0,970080000
2000-02-11,0.09528094530105591,0.10416699945926666,0.0,0.10781300067901611,0.09661500155925751,0.1076819971203804,0.0,423792000
2000-02-14,0.1105252280831337,0.12083300203084946,0.0,0.12083300203084946,0.10338500142097473,0.10442700237035751,0.0,650112000
2000-02-15,0.10623805969953537,0.11614599823951721,0.0,0.12122400104999542,0.11119800060987473,0.1210940033197403,0.0,450480000
2000-02-16,0.11112068593502045,0.12148399651050568,0.0,0.1255210041999817,0.11614599823951721,0.11744800209999084,0.0,1019568000
2000-02-17,0.11505117267370224,0.12578099966049194,0.0,0.12656299769878387,0.11953099817037582,0.12135399878025055,0.0,535776000
2000-02-18,0.12839102745056152,0.14036500453948975,0.0,0.14218799769878387,0.12304700165987015,0.12395799905061722,0.0,960864000
2000-02-22,0.12481732666492462,0.13645799458026886,0.0,0.1377599984407425,0.13124999403953552,0.13593800365924835,0.0,542496000
2000-02-23,0.12553256750106812,0.1372399926185608,0.0,0.13867199420928955,0.13320299983024597,0.13489599525928497,0.0,511392000
2000-02-24,0.1243417039513588,0.13593800365924835,0.0,0.138932004570961,0.13020800054073334,0.13802100718021393,0.0,244320000
2000-02-25,0.11659970134496689,0.12747399508953094,0.0,0.13606800138950348,0.12187500298023224,0.13606800138950348,0.0,278736000
2000-02-28,0.11576644331216812,0.12656299769878387,0.0,0.12812499701976776,0.12447900325059891,0.12682299315929413,0.0,517872000
2000-02-29,0.12195886671543121,0.1333329975605011,0.0,0.13489599525928497,0.12578099966049194,0.12578099966049194,0.0,306048000
2000-03-01,0.11838613450527191,0.1294270008802414,0.0,0.1333329975605011,0.12734399735927582,0.1333329975605011,0.0,383568000
2000-03-02,0.1104063019156456,0.12070299685001373,0.0,0.13046899437904358,0.12031300365924835,0.13046899437904358,0.0,191040000
2000-03-03,0.11219274252653122,0.12265600264072418,0.0,0.12395799905061722,0.11979199945926666,0.12083300203084946,0.0,273696000
2000-03-06,0.11147836595773697,0.12187500298023224,0.0,0.1328130066394806,0.12083300203084946,0.12343800067901611,0.0,432096000
2000-03-07,0.15876160562038422,0.173567995429039,0.0,0.18177099525928497,0.1494790017604828,0.15625,0.0,1952208000
2000-03-08,0.1600714474916458,0.17499999701976776,0.0,0.17656299471855164,0.16093799471855164,0.17347000539302826,0.0,668736000
2000-03-09,0.19112719595432281,0.20895199477672577,0.0,0.22499999403953552,0.17656299471855164,0.17708300054073334,0.0,952944000
2000-03-10,0.22486193478107452,0.24583299458026886,0.0,0.30208298563957214,0.2182289958000183,0.21979199349880219,0.0,2161200000
2000-03-13,0.2844131588935852,0.3109380006790161,0.0,0.3125,0.22083300352096558,0.22291700541973114,0.0,2415168000
2000-03-14,0.2098555564880371,0.22942699491977692,0.0,0.3092449903488159,0.22499999403953552,0.3092449903488159,0.0,1567776000
2000-03-15,0.20128023624420166,0.22005200386047363,0.0,0.2522140145301819,0.21250000596046448,0.24586600065231323,0.0,995616000
2000-03-16,0.1794547587633133,0.1961909979581833,0.0,0.2348960041999817,0.19296899437904358,0.2270829975605011,0.0,750384000
2000-03-17,0.19032315909862518,0.20807300508022308,0.0,0.22291700541973114,0.19163399934768677,0.19166700541973114,0.0,557616000
2000-03-20,0.19020424783229828,0.20794300734996796,0.0,0.2231770008802414,0.20130200684070587,0.21627600491046906,0.0,365280000
2000-03-21,0.18079479038715363,0.19765600562095642,0.0,0.21015599370002747,0.18125000596046448,0.20833300054073334,0.0,536640000
2000-03-22,0.18210548162460327,0.19908900558948517,0.0,0.20520800352096558,0.1958329975605011,0.1992190033197403,0.0,230592000
2000-03-23,0.1853206604719162,0.2026039958000183,0.0,0.21354199945926666,0.19687500596046448,0.19726599752902985,0.0,309408000
2000-03-24,0.17757964134216309,0.19414100050926208,0.0,0.2104170024394989,0.1875,0.20130200684070587,0.0,231600000
2000-03-27,0.16590724885463715,0.1813800036907196,0.0,0.20000000298023224,0.1796880066394806,0.19374999403953552,0.0,388944000
2000-03-28,0.15352138876914978,0.16783900558948517,0.0,0.17708300054073334,0.1645829975605011,0.1751299947500229,0.0,393312000
2000-03-29,0.1433975100517273,0.1567710041999817,0.0,0.1723960041999817,0.15000000596046448,0.1684899926185608,0.0,469440000
2000-03-30,0.14256328344345093,0.15585899353027344,0.0,0.1703130006790161,0.14687499403953552,0.15208299458026886,0.0,361920000
2000-03-31,0.16099442541599274,0.17600899934768677,0.0,0.1830729991197586,0.1635420024394989,0.16650399565696716,0.0,962976000
2000-04-03,0.1483999490737915,0.16223999857902527,0.0,0.17499999701976776,0.15768200159072876,0.1744139939546585,0.0,329952000
2000-04-04,0.14292094111442566,0.15625,0.0,0.17369799315929413,0.11874999850988388,0.17083300650119781,0.0,513792000
2000-04-05,0.17472116649150848,0.19101600348949432,0.0,0.203125,0.14973999559879303,0.15781299769878387,0.0,639600000
2000-04-06,0.1828199326992035,0.1998700052499771,0.0,0.21002599596977234,0.1903650015592575,0.1998700052499771,0.0,404592000
2000-04-07,0.1954445242881775,0.2136719971895218,0.0,0.21875,0.20104199647903442,0.2098959982395172,0.0,318576000
2000-04-10,0.17817506194114685,0.1947920024394989,0.0,0.2299479991197586,0.1907549947500229,0.21731799840927124,0.0,395280000
2000-04-11,0.16757461428642273,0.18320299685001373,0.0,0.19791699945926666,0.16666699945926666,0.1812169998884201,0.0,457584000
2000-04-12,0.15018637478351593,0.16419300436973572,0.0,0.1875,0.1635420024394989,0.18346400558948517,0.0,313440000
2000-04-13,0.1437542736530304,0.15716099739074707,0.0,0.1713539958000183,0.15442700684070587,0.16549499332904816,0.0,313296000
2000-04-14,0.1311003565788269,0.143326997756958,0.0,0.1584639996290207,0.13645799458026886,0.14713500440120697,0.0,421920000
2000-04-17,0.13779956102371216,0.1506509929895401,0.0,0.15625,0.13124999403953552,0.13124999403953552,0.0,294096000
2000-04-18,0.16221556067466736,0.17734399437904358,0.0,0.1869789958000183,0.16093799471855164,0.16582000255584717,0.0,477504000
2000-04-19,0.15447355806827545,0.16888000071048737,0.0,0.18541699647903442,0.16666699945926666,0.18294300138950348,0.0,278352000
2000-04-20,0.15364021062850952,0.1679690033197403,0.0,0.17669300734996796,0.16562500596046448,0.17343799769878387,0.0,153936000
2000-04-24,0.14601723849773407,0.1596350073814392,0.0,0.16536499559879303,0.15130199491977692,0.15833300352096558,0.0,205968000
2000-04-25,0.16197672486305237,0.17708300054073334,0.0,0.18229199945926666,0.16640600562095642,0.1667969971895218,0.0,249696000
2000-04-26,0.160309299826622,0.1752600073814392,0.0,0.19374999403953552,0.17499999701976776,0.18945300579071045,0.0,254112000
2000-04-27,0.17341038584709167,0.18958300352096558,0.0,0.1914059966802597,0.16263000667095184,0.1635420024394989,0.0,280992000
2000-04-28,0.16983768343925476,0.18567700684070587,0.0,0.20000000298023224,0.18567700684070587,0.1925780028104782,0.0,179040000
2000-05-01,0.1753167062997818,0.19166700541973114,0.0,0.19687500596046448,0.18710899353027344,0.19270800054073334,0.0,119424000
2000-05-02,0.168527752161026,0.1842450052499771,0.0,0.20286500453948975,0.17890599370002747,0.19166700541973114,0.0,234000000
2000-05-03,0.16578829288482666,0.18125000596046448,0.0,0.18906299769878387,0.16666699945926666,0.1830729991197586,0.0,329184000
2000-05-04,0.16781345009803772,0.18346400558948517,0.0,0.19114600121974945,0.17929700016975403,0.18085899949073792,0.0,241200000
2000-05-05,0.17555446922779083,0.1919270008802414,0.0,0.1963540017604828,0.1802079975605011,0.18268199265003204,0.0,170592000
2000-05-08,0.16912329196929932,0.18489600718021393,0.0,0.19374999403953552,0.1846349984407425,0.1869789958000183,0.0,185136000
2000-05-09,0.16674141585826874,0.18229199945926666,0.0,0.18958300352096558,0.17708300054073334,0.1880210041999817,0.0,176832000
2000-05-10,0.15030522644519806,0.16432300209999084,0.0,0.18059900403022766,0.16276000440120697,0.18046900629997253,0.0,274080000
2000-05-11,0.15673647820949554,0.1713539958000183,0.0,0.17434899508953094,0.16445299983024597,0.16666699945926666,0.0,245904000
2000-05-12,0.15197278559207916,0.16614599525928497,0.0,0.18541699647903442,0.16614599525928497,0.17604200541973114,0.0,187824000
2000-05-15,0.16245333850383759,0.17760400474071503,0.0,0.18046900629997253,0.15729199349880219,0.16536499559879303,0.0,282096000
2000-05-16,0.1791273057460785,0.1958329975605011,0.0,0.201432004570961,0.18333299458026886,0.18541699647903442,0.0,366432000
2000-05-17,0.2105698436498642,0.23020799458026886,0.0,0.2388020008802414,0.20611999928951263,0.20624999701976776,0.0,1290624000
2000-05-18,0.19627781212329865,0.21458299458026886,0.0,0.23528599739074707,0.2131509929895401,0.2315099984407425,0.0,509904000
2000-05-19,0.19461031258106232,0.21276000142097473,0.0,0.21979199349880219,0.20677100121974945,0.20833300054073334,0.0,521184000
2000-05-22,0.20723578333854675,0.2265630066394806,0.0,0.2265630066394806,0.19179700314998627,0.2104170024394989,0.0,517152000
2000-05-23,0.2055683732032776,0.22473999857902527,0.0,0.24570299685001373,0.2171880006790161,0.22083300352096558,0.0,778560000
2000-05-24,0.2029477208852768,0.22187499701976776,0.0,0.22812500596046448,0.19218799471855164,0.22447900474071503,0.0,739632000
2000-05-25,0.20008933544158936,0.21875,0.0,0.23854200541973114,0.2160159945487976,0.22513000667095184,0.0,569184000
2000-05-26,0.20110191404819489,0.21985700726509094,0.0,0.2259110063314438,0.20624999701976776,0.21985700726509094,0.0,183456000
2000-05-30,0.20937895774841309,0.22890600562095642,0.0,0.23463499546051025,0.22473999857902527,0.22578099370002747,0.0,303648000
2000-05-31,0.2174776792526245,0.2377600073814392,0.0,0.2416670024394989,0.22812500596046448,0.22812500596046448,0.0,469536000
2000-06-01,0.22355212271213531,0.2444009929895401,0.0,0.24700500071048737,0.2382809966802597,0.24479199945926666,0.0,418992000
2000-06-02,0.25070756673812866,0.2740890085697174,0.0,0.27708300948143005,0.2494789958000183,0.2494789958000183,0.0,592176000
2000-06-05,0.2560961842536926,0.27998000383377075,0.0,0.29374998807907104,0.2627600133419037,0.27369800209999084,0.0,491904000
2000-06-06,0.2433231770992279,0.26601600646972656,0.0,0.2914060056209564,0.2645829916000366,0.28099000453948975,0.0,375888000
2000-06-07,0.23248502612113953,0.25416699051856995,0.0,0.2662760019302368,0.25025999546051025,0.2640630006790161,0.0,332352000
2000-06-08,0.23427143692970276,0.2561199963092804,0.0,0.26093798875808716,0.24583299458026886,0.2606770098209381,0.0,460704000
2000-06-09,0.24094045162200928,0.2634109854698181,0.0,0.2750000059604645,0.25703099370002747,0.26093798875808716,0.0,467280000
2000-06-12,0.23450927436351776,0.25637999176979065,0.0,0.2667970061302185,0.2505210041999817,0.2645829916000366,0.0,380016000
2000-06-13,0.24189360439777374,0.2644529938697815,0.0,0.2645829916000366,0.24791699647903442,0.24921900033950806,0.0,447840000
2000-06-14,0.24165579676628113,0.26419299840927124,0.0,0.27083298563957214,0.2607100009918213,0.26940101385116577,0.0,275088000
2000-06-15,0.24796804785728455,0.2710939943790436,0.0,0.2710939943790436,0.24921900033950806,0.2634109854698181,0.0,338592000
2000-06-16,0.2853653132915497,0.3119789958000183,0.0,0.3125,0.2700519859790802,0.27011701464653015,0.0,987840000
2000-06-19,0.30323028564453125,0.3315100073814392,0.0,0.35677099227905273,0.3033849895000458,0.31119799613952637,0.0,1052160000
2000-06-20,0.29918089509010315,0.3270829916000366,0.0,0.34114599227905273,0.32291701436042786,0.3372400104999542,0.0,610272000
2000-06-21,0.32955145835876465,0.36028599739074707,0.0,0.3666670024394989,0.3220050036907196,0.3220050036907196,0.0,614880000
2000-06-22,0.31156766414642334,0.34062498807907104,0.0,0.3661459982395172,0.3372400104999542,0.3587239980697632,0.0,614352000
2000-06-23,0.2821500897407532,0.308463990688324,0.0,0.33567699790000916,0.30833300948143005,0.3315100073814392,0.0,607392000
2000-06-26,0.3162125051021576,0.34570300579071045,0.0,0.3476560115814209,0.3096350133419037,0.3145830035209656,0.0,618288000
2000-06-27,0.2715498208999634,0.296875,0.0,0.34843799471855164,0.2877599895000458,0.3427079916000366,2.0,604608000
2000-06-28,0.2610692083835602,0.28541699051856995,0.0,0.3145830035209656,0.27708300948143005,0.3031249940395355,0.0,586608000
2000-06-29,0.2234332263469696,0.24427099525928497,0.0,0.28046900033950806,0.23958300054073334,0.28046900033950806,0.0,1184880000
2000-06-30,0.2422512322664261,0.26484400033950806,0.0,0.26927098631858826,0.2432290017604828,0.25572898983955383,0.0,1209192000
2000-07-03,0.23296162486076355,0.25468799471855164,0.0,0.2750000059604645,0.2520830035209656,0.2666670083999634,0.0,232680000
2000-07-05,0.207950159907341,0.22734400629997253,0.0,0.25416699051856995,0.21979199349880219,0.25364598631858826,0.0,777936000
2000-07-06,0.22057481110095978,0.2411459982395172,0.0,0.2494789958000183,0.2221350073814392,0.2276040017604828,0.0,603936000
2000-07-07,0.22176578640937805,0.24244800209999084,0.0,0.25416699051856995,0.23749999701976776,0.25,0.0,346560000
2000-07-10,0.23319940268993378,0.2549479901790619,0.0,0.26093798875808716,0.23593799769878387,0.2382809966802597,0.0,351264000
2000-07-11,0.25201737880706787,0.27552101016044617,0.0,0.2885420024394989,0.24869799613952637,0.25156301259994507,0.0,755304000
2000-07-12,0.2591629922389984,0.2833330035209656,0.0,0.29765599966049194,0.2778649926185608,0.28697898983955383,0.0,388152000
2000-07-13,0.2834600806236267,0.30989599227905273,0.0,0.3114579916000366,0.28880199790000916,0.28932300209999084,0.0,458736000
2000-07-14,0.2813159227371216,0.3075520098209381,0.0,0.32213500142097473,0.30000001192092896,0.31614598631858826,0.0,280200000
2000-07-17,0.278219610452652,0.3041670024394989,0.0,0.3125,0.3031249940395355,0.31224000453948975,0.0,105552000
2000-07-18,0.27274075150489807,0.29817700386047363,0.0,0.3125,0.2874999940395355,0.2874999940395355,0.0,183672000
2000-07-19,0.2553524374961853,0.2791669964790344,0.0,0.2895829975605011,0.27317699790000916,0.2874999940395355,0.0,189504000
2000-07-20,0.2622601091861725,0.2867189943790436,0.0,0.29374998807907104,0.27812498807907104,0.278905987739563,0.0,142992000
2000-07-21,0.2655951976776123,0.2903650104999542,0.0,0.2958329916000366,0.2833330035209656,0.2874999940395355,0.0,251928000
2000-07-24,0.24296551942825317,0.265625,0.0,0.29270800948143005,0.25416699051856995,0.2906250059604645,0.0,281112000
2000-07-25,0.23391374945640564,0.25572898983955383,0.0,0.2718749940395355,0.25520798563957214,0.26979199051856995,0.0,335304000
2000-07-26,0.21652545034885406,0.23671899735927582,0.0,0.25572898983955383,0.22968800365924835,0.25572898983955383,0.0,380064000
2000-07-27,0.20104244351387024,0.21979199349880219,0.0,0.23229199647903442,0.21666699647903442,0.22916699945926666,0.0,331560000
2000-07-28,0.2058061808347702,0.22499999403953552,0.0,0.24140599370002747,0.20833300054073334,0.22083300352096558,0.0,512664000
2000-07-31,0.22867351770401,0.25,0.0,0.2505210041999817,0.22499999403953552,0.23749999701976776,0.0,371232000
2000-08-01,0.22414754331111908,0.24505199491977692,0.0,0.2520830035209656,0.2432290017604828,0.25,0.0,350616000
2000-08-02,0.22867351770401,0.25,0.0,0.254036009311676,0.2377600073814392,0.2416670024394989,0.0,345432000
2000-08-03,0.2386784553527832,0.26093798875808716,0.0,0.2666670083999634,0.22499999403953552,0.22499999403953552,0.0,368664000
2000-08-04,0.24296551942825317,0.265625,0.0,0.27083298563957214,0.26145800948143005,0.26718801259994507,0.0,194784000
2000-08-07,0.2620214521884918,0.28645798563957214,0.0,0.28880199790000916,0.26640599966049194,0.2674480080604553,0.0,246936000
2000-08-08,0.25630465149879456,0.2802079916000366,0.0,0.2958329916000366,0.2791669964790344,0.2802079916000366,0.0,128112000
2000-08-09,0.2486824244260788,0.2718749940395355,0.0,0.2856769859790802,0.267969012260437,0.28385400772094727,0.0,136248000
2000-08-10,0.25154098868370056,0.2750000059604645,0.0,0.28125,0.26041701436042786,0.265625,0.0,156432000
2000-08-11,0.24558624625205994,0.2684899866580963,0.0,0.27760401368141174,0.25572898983955383,0.27552101016044617,0.0,131928000
2000-08-14,0.24796804785728455,0.2710939943790436,0.0,0.2744790017604828,0.26249998807907104,0.2718749940395355,0.0,108576000
2000-08-15,0.271371454000473,0.2966800034046173,0.0,0.30208298563957214,0.27161499857902527,0.2723959982395172,0.0,443328000
2000-08-16,0.278219610452652,0.3041670024394989,0.0,0.31275999546051025,0.2950519919395447,0.31275999546051025,0.0,266232000
2000-08-17,0.2834600806236267,0.30989599227905273,0.0,0.3114579916000366,0.2989580035209656,0.30000001192092896,0.0,129816000
2000-08-18,0.29346397519111633,0.3208329975605011,0.0,0.32447901368141174,0.3080730140209198,0.3085939884185791,0.0,204720000
2000-08-21,0.2979899048805237,0.325780987739563,0.0,0.3382810056209564,0.32499998807907104,0.3325519859790802,0.0,464472000
2000-08-22,0.2698822021484375,0.2950519919395447,0.0,0.31562501192092896,0.29218798875808716,0.30885401368141174,0.0,658872000
2000-08-23,0.28560391068458557,0.31224000453948975,0.0,0.31275999546051025,0.28437501192092896,0.2903650104999542,0.0,352800000
2000-08-24,0.2932261526584625,0.32057300209999084,0.0,0.3236980140209198,0.3046880066394806,0.3104169964790344,0.0,332616000
2000-08-25,0.2858418822288513,0.3125,0.0,0.32395800948143005,0.3109380006790161,0.31718799471855164,0.0,153048000
2000-08-28,0.2972756624221802,0.32499998807907104,0.0,0.3291670083999634,0.3104169964790344,0.31406301259994507,0.0,189264000
2000-08-29,0.2965611517429352,0.3242189884185791,0.0,0.3270829916000366,0.3208329975605011,0.3263019919395447,0.0,149376000
2000-08-30,0.29918089509010315,0.3270829916000366,0.0,0.3315100073814392,0.31718799471855164,0.32057300209999084,0.0,178080000
2000-08-31,0.3025159239768982,0.33072900772094727,0.0,0.34375,0.32552099227905273,0.3320310115814209,0.0,388896000
2000-09-01,0.3029925227165222,0.33125001192092896,0.0,0.34062498807907104,0.3276039958000183,0.3375000059604645,0.0,204144000
2000-09-05,0.30346885323524475,0.33177098631858826,0.0,0.3393230140209198,0.32942700386047363,0.33906298875808716,0.0,246144000
2000-09-06,0.2825068533420563,0.30885401368141174,0.0,0.3330729901790619,0.3062500059604645,0.3330729901790619,0.0,230136000
2000-09-07,0.2977520525455475,0.32552099227905273,0.0,0.3260419964790344,0.30052098631858826,0.3135420083999634,0.0,239760000
2000-09-08,0.28012514114379883,0.3062500059604645,0.0,0.3291670083999634,0.3052079975605011,0.3218750059604645,0.0,222648000
2000-09-11,0.2686913311481476,0.29374998807907104,0.0,0.3041670024394989,0.2822920083999634,0.3023439943790436,0.0,285888000
2000-09-12,0.2670239806175232,0.2919270098209381,0.0,0.30937498807907104,0.2874999940395355,0.2940100133419037,0.0,125976000
2000-09-13,0.2669050693511963,0.291797012090683,0.0,0.29661500453948975,0.28489598631858826,0.29114601016044617,0.0,239976000
2000-09-14,0.2644042670726776,0.2890630066394806,0.0,0.3062500059604645,0.28541699051856995,0.29322901368141174,0.0,216336000
2000-09-15,0.27018049359321594,0.2953779995441437,0.0,0.29947900772094727,0.28541699051856995,0.2874999940395355,0.0,242592000
2000-09-18,0.25439926981925964,0.27812498807907104,0.0,0.2979170083999634,0.2750000059604645,0.29609400033950806,0.0,163488000
2000-09-19,0.2622601091861725,0.2867189943790436,0.0,0.2874999940395355,0.26249998807907104,0.26536500453948975,0.0,301104000
2000-09-20,0.253684937953949,0.2773439884185791,0.0,0.28437501192092896,0.2729170024394989,0.278905987739563,0.0,227568000
2000-09-21,0.2645825743675232,0.2892580032348633,0.0,0.29557299613952637,0.2791669964790344,0.2794269919395447,0.0,346824000
2000-09-22,0.2691679000854492,0.29427099227905273,0.0,0.2979170083999634,0.26041701436042786,0.2606770098209381,0.0,387264000
2000-09-25,0.2884625196456909,0.3153649866580963,0.0,0.3197920024394989,0.30104199051856995,0.3033849895000458,0.0,467568000
2000-09-26,0.29537028074264526,0.32291701436042786,0.0,0.3265630006790161,0.3041670024394989,0.3187499940395355,0.0,337344000
2000-09-27,0.31156766414642334,0.34062498807907104,0.0,0.35572901368141174,0.3203130066394806,0.3203130066394806,0.0,676128000
2000-09-28,0.32109594345092773,0.3510420024394989,0.0,0.3531250059604645,0.3291670083999634,0.3375000059604645,0.0,333816000
2000-09-29,0.312044233083725,0.34114599227905273,0.0,0.35416701436042786,0.3354170024394989,0.34114599227905273,0.0,373872000
2000-10-02,0.30465996265411377,0.3330729901790619,0.0,0.359375,0.32447901368141174,0.3458330035209656,0.0,340584000
2000-10-03,0.28822383284568787,0.31510400772094727,0.0,0.3375000059604645,0.3125,0.3348959982395172,0.0,300264000
2000-10-04,0.2848888039588928,0.3114579916000366,0.0,0.31666699051856995,0.30260398983955383,0.30677101016044617,0.0,419568000
2000-10-05,0.278219610452652,0.3041670024394989,0.0,0.31380200386047363,0.29765599966049194,0.31380200386047363,0.0,525048000
2000-10-06,0.26083052158355713,0.2851560115814209,0.0,0.3070310056209564,0.28099000453948975,0.30494800209999084,0.0,1027176000
2000-10-09,0.266547292470932,0.2914060056209564,0.0,0.2958329916000366,0.2583329975605011,0.2778649926185608,0.0,665256000
2000-10-10,0.24630054831504822,0.26927098631858826,0.0,0.29322901368141174,0.2666670083999634,0.2791669964790344,0.0,415944000
2000-10-11,0.24844469130039215,0.27161499857902527,0.0,0.28645798563957214,0.2427079975605011,0.2528649866580963,0.0,535776000
2000-10-12,0.2386784553527832,0.26093798875808716,0.0,0.29374998807907104,0.2583329975605011,0.27760401368141174,0.0,401616000
2000-10-13,0.24820585548877716,0.27135398983955383,0.0,0.2791669964790344,0.25996100902557373,0.2627600133419037,0.0,578976000
2000-10-16,0.24248899519443512,0.2651039958000183,0.0,0.27135398983955383,0.2588540017604828,0.27135398983955383,0.0,339216000
2000-10-17,0.22486193478107452,0.24583299458026886,0.0,0.2651039958000183,0.24296900629997253,0.2640630006790161,0.0,463248000
2000-10-18,0.22128917276859283,0.24192699790000916,0.0,0.25598999857902527,0.21900999546051025,0.2299479991197586,0.0,416952000
2000-10-19,0.24272777140140533,0.26536500453948975,0.0,0.26875001192092896,0.25364598631858826,0.25755199790000916,0.0,294888000
2000-10-20,0.2653563618659973,0.2901040017604828,0.0,0.296875,0.2572920024394989,0.2591150104999542,0.0,387360000
2000-10-23,0.2594018280506134,0.283594012260437,0.0,0.29427099227905273,0.2744790017604828,0.2924480140209198,0.0,182112000
2000-10-24,0.2510643005371094,0.2744790017604828,0.0,0.28697898983955383,0.2734380066394806,0.2822920083999634,0.0,193968000
2000-10-25,0.22915007174015045,0.2505210041999817,0.0,0.27083298563957214,0.24869799613952637,0.26692700386047363,0.0,385512000
2000-10-26,0.2389163076877594,0.2611980140209198,0.0,0.27083298563957214,0.234375,0.2520830035209656,0.0,265776000
2000-10-27,0.23343724012374878,0.25520798563957214,0.0,0.26790401339530945,0.24583299458026886,0.26145800948143005,0.0,210960000
2000-10-30,0.21700206398963928,0.2372400015592575,0.0,0.25670599937438965,0.23697899281978607,0.2510420083999634,0.0,192120000
2000-10-31,0.23683156073093414,0.25891900062561035,0.0,0.26302099227905273,0.23906299471855164,0.2466149926185608,0.0,299256000
2000-11-01,0.23677226901054382,0.2588540017604828,0.0,0.26249998807907104,0.24375000596046448,0.25260400772094727,0.0,304536000
2000-11-02,0.2548758089542389,0.27864599227905273,0.0,0.28541699051856995,0.2635419964790344,0.267969012260437,0.0,192888000
2000-11-03,0.2715498208999634,0.296875,0.0,0.30208298563957214,0.2729170024394989,0.2750000059604645,0.0,268632000
2000-11-06,0.29251185059547424,0.3197920024394989,0.0,0.33333298563957214,0.30208298563957214,0.30390599370002747,0.0,635040000
2000-11-07,0.27274075150489807,0.29817700386047363,0.0,0.3145830035209656,0.2874999940395355,0.3145830035209656,0.0,258240000
2000-11-08,0.26464200019836426,0.28932300209999084,0.0,0.30156299471855164,0.28489598631858826,0.30156299471855164,0.0,187080000
2000-11-09,0.23701094090938568,0.2591150104999542,0.0,0.28541699051856995,0.24635399878025055,0.2718749940395355,0.0,564528000
2000-11-10,0.22414754331111908,0.24505199491977692,0.0,0.28125,0.23854200541973114,0.267969012260437,0.0,805248000
2000-11-13,0.22510071098804474,0.2460940033197403,0.0,0.2729170024394989,0.22499999403953552,0.2328130006790161,0.0,530040000
2000-11-14,0.26630958914756775,0.29114601016044617,0.0,0.29322901368141174,0.26041701436042786,0.26249998807907104,0.0,470736000
2000-11-15,0.2627962529659271,0.28730499744415283,0.0,0.2950519919395447,0.27421900629997253,0.28593799471855164,0.0,423864000
2000-11-16,0.24630054831504822,0.26927098631858826,0.0,0.28645798563957214,0.2666670083999634,0.2791669964790344,0.0,235536000
2000-11-17,0.2415369600057602,0.2640630006790161,0.0,0.2851560115814209,0.25520798563957214,0.27135398983955383,0.0,178776000
2000-11-20,0.22295673191547394,0.24375000596046448,0.0,0.2544269859790802,0.24088500440120697,0.2542969882488251,0.0,298752000
2000-11-21,0.21866948902606964,0.23906299471855164,0.0,0.2562499940395355,0.2265630066394806,0.25416699051856995,0.0,382512000
2000-11-22,0.20723578333854675,0.2265630066394806,0.0,0.23645800352096558,0.21666699647903442,0.22916699945926666,0.0,409752000
2000-11-24,0.21914513409137726,0.23958300054073334,0.0,0.2484380006790161,0.22916699945926666,0.22916699945926666,0.0,165072000
2000-11-27,0.21176080405712128,0.2315099984407425,0.0,0.2583329975605011,0.22193999588489532,0.2567709982395172,0.0,363864000
2000-11-28,0.1959804892539978,0.21425800025463104,0.0,0.23749999701976776,0.20911499857902527,0.23502600193023682,0.0,382344000
2000-11-29,0.1838919073343277,0.20104199647903442,0.0,0.21770800650119781,0.18489600718021393,0.21744799613952637,0.0,636408000
2000-11-30,0.15435464680194855,0.16875000298023224,0.0,0.18385399878025055,0.15156300365924835,0.18385399878025055,0.0,981624000
2000-12-01,0.1695997416973114,0.18541699647903442,0.0,0.203125,0.17812499403953552,0.1791670024394989,0.0,784080000
2000-12-04,0.17221949994564056,0.18828099966049194,0.0,0.19270800054073334,0.17395800352096558,0.18658900260925293,0.0,474264000
2000-12-05,0.18341536819934845,0.20052100718021393,0.0,0.20885400474071503,0.18281300365924835,0.2015630006790161,0.0,997224000
2000-12-06,0.1572130173444748,0.171875,0.0,0.20208300650119781,0.17083300650119781,0.19661499559879303,0.0,950928000
2000-12-07,0.15435464680194855,0.16875000298023224,0.0,0.17786499857902527,0.1546880006790161,0.1635420024394989,0.0,785184000
2000-12-08,0.18960875272750854,0.20729200541973114,0.0,0.20833300054073334,0.1688150018453598,0.18619799613952637,0.0,853392000
2000-12-11,0.18960875272750854,0.20729200541973114,0.0,0.2114579975605011,0.1953130066394806,0.20052100718021393,0.0,757632000
2000-12-12,0.1843685358762741,0.2015630006790161,0.0,0.20572899281978607,0.1947920024394989,0.20208300650119781,0.0,409512000
2000-12-13,0.1700764298439026,0.1859380006790161,0.0,0.20416699349880219,0.18229199945926666,0.20078100264072418,0.0,675072000
2000-12-14,0.1584039330482483,0.17317700386047363,0.0,0.18619799613952637,0.16875000298023224,0.1846349984407425,0.0,569016000
2000-12-15,0.14268313348293304,0.15599000453948975,0.0,0.1723960041999817,0.15520800650119781,0.16223999857902527,0.0,1094424000
2000-12-18,0.14738747477531433,0.16113300621509552,0.0,0.16666699945926666,0.15885399281978607,0.16249999403953552,0.0,658872000
2000-12-19,0.13625098764896393,0.1489579975605011,0.0,0.17812499403953552,0.14583300054073334,0.1635420024394989,0.0,946200000
2000-12-20,0.12148325145244598,0.1328130066394806,0.0,0.16197900474071503,0.1255210041999817,0.14140599966049194,0.0,1105392000
2000-12-21,0.10623805969953537,0.11614599823951721,0.0,0.1489579975605011,0.11458300054073334,0.13098999857902527,0.0,845256000
2000-12-22,0.13363134860992432,0.14609399437904358,0.0,0.15937499701976776,0.1255210041999817,0.1255210041999817,0.0,949080000
2000-12-26,0.12815232574939728,0.1401039958000183,0.0,0.1494790017604828,0.13072900474071503,0.1479170024394989,0.0,343824000
2000-12-27,0.13672751188278198,0.1494790017604828,0.0,0.15520800650119781,0.1328130066394806,0.13854199647903442,0.0,339456000
2000-12-28,0.13744185864925385,0.15026000142097473,0.0,0.15416699647903442,0.1411460041999817,0.1434900015592575,0.0,419232000
2000-12-29,0.12487674504518509,0.13652299344539642,0.0,0.15494799613952637,0.1333329975605011,0.15000000596046448,0.0,495168000
2001-01-02,0.1140989437699318,0.12473999708890915,0.0,0.13932299613952637,0.12421900033950806,0.13750000298023224,0.0,290808000
2001-01-03,0.14911440014839172,0.1630209982395172,0.0,0.16432300209999084,0.1177079975605011,0.12083300203084946,0.0,910368000
2001-01-04,0.1662648767232895,0.18177099525928497,0.0,0.1859380006790161,0.1557289958000183,0.1601559966802597,0.0,815448000
2001-01-05,0.14137238264083862,0.154557004570961,0.0,0.18098999559879303,0.15104199945926666,0.1802079975605011,0.0,432768000
2001-01-08,0.15483126044273376,0.16927100718021393,0.0,0.17604200541973114,0.15026000142097473,0.15026000142097473,0.0,573768000
2001-01-09,0.1579275131225586,0.17265599966049194,0.0,0.17604200541973114,0.16328099370002747,0.17161500453948975,0.0,302904000
2001-01-10,0.1688845455646515,0.1846349984407425,0.0,0.18541699647903442,0.15989600121974945,0.16380199790000916,0.0,392928000
2001-01-11,0.182938814163208,0.20000000298023224,0.0,0.20781299471855164,0.17708300054073334,0.1802079975605011,0.0,447648000
2001-01-12,0.1791273057460785,0.1958329975605011,0.0,0.21562500298023224,0.19374999403953552,0.20338499546051025,0.0,669000000
2001-01-16,0.1650739163160324,0.18046900629997253,0.0,0.19687500596046448,0.17734399437904358,0.19687500596046448,0.0,414984000
2001-01-17,0.17102856934070587,0.1869789958000183,0.0,0.20000000298023224,0.18619799613952637,0.1942709982395172,0.0,592584000
2001-01-18,0.20384138822555542,0.22285200655460358,0.0,0.22812500596046448,0.18281300365924835,0.1869789958000183,0.0,948168000
2001-01-19,0.19842182099819183,0.21692700684070587,0.0,0.23749999701976776,0.21354199945926666,0.22916699945926666,0.0,1018704000
2001-01-22,0.190560981631279,0.20833300054073334,0.0,0.21875,0.20234400033950806,0.2104170024394989,0.0,377712000
2001-01-23,0.20955826342105865,0.2291020005941391,0.0,0.23333300650119781,0.20468799769878387,0.20572899281978607,0.0,433632000
2001-01-24,0.20866461098194122,0.22812500596046448,0.0,0.23125000298023224,0.2148440033197403,0.22890600562095642,0.0,451728000
2001-01-25,0.18770256638526917,0.20520800352096558,0.0,0.22083300352096558,0.20052100718021393,0.22031299769878387,0.0,440016000
2001-01-26,0.19365812838077545,0.21171900629997253,0.0,0.21419300138950348,0.19231800734996796,0.19374999403953552,0.0,259248000
2001-01-29,0.19461031258106232,0.21276000142097473,0.0,0.21302099525928497,0.19791699945926666,0.20520800352096558,0.0,354168000
2001-01-30,0.1988983303308487,0.21744799613952637,0.0,0.2220049947500229,0.2119790017604828,0.21614600718021393,0.0,243720000
2001-01-31,0.1967543214559555,0.21510399878025055,0.0,0.2260420024394989,0.2104170024394989,0.21770800650119781,0.0,358344000
2001-02-01,0.19776691496372223,0.2162110060453415,0.0,0.21770800650119781,0.20572899281978607,0.21510399878025055,0.0,371856000
2001-02-02,0.17865170538425446,0.1953130066394806,0.0,0.22135399281978607,0.19374999403953552,0.21640600264072418,0.0,320520000
2001-02-05,0.17841292917728424,0.19505199790000916,0.0,0.1963540017604828,0.1835940033197403,0.19505199790000916,0.0,367584000
2001-02-06,0.17936600744724274,0.19609400629997253,0.0,0.20000000298023224,0.19095100462436676,0.1914059966802597,0.0,250440000
2001-02-07,0.17102856934070587,0.1869789958000183,0.0,0.1963540017604828,0.17656299471855164,0.1947920024394989,0.0,720384000
2001-02-08,0.1700764298439026,0.1859380006790161,0.0,0.1986979991197586,0.18515600264072418,0.1880210041999817,0.0,384288000
2001-02-09,0.1688845455646515,0.1846349984407425,0.0,0.18567700684070587,0.17786499857902527,0.18437500298023224,0.0,259608000
2001-02-12,0.16435955464839935,0.1796880066394806,0.0,0.1846349984407425,0.17083300650119781,0.18255199491977692,0.0,354336000
2001-02-13,0.16936106979846954,0.18515600264072418,0.0,0.19374999403953552,0.18098999559879303,0.1830729991197586,0.0,467736000
2001-02-14,0.18174783885478973,0.1986979991197586,0.0,0.20416699349880219,0.17499999701976776,0.18281300365924835,0.0,690888000
2001-02-15,0.21509577333927155,0.23515599966049194,0.0,0.23906299471855164,0.22447900474071503,0.2260420024394989,0.0,1108512000
2001-02-16,0.22676821053028107,0.24791699647903442,0.0,0.25416699051856995,0.22291700541973114,0.2231770008802414,0.0,1081176000
2001-02-20,0.2041386514902115,0.2231770008802414,0.0,0.24687500298023224,0.22291700541973114,0.2416670024394989,0.0,701304000
2001-02-21,0.21342822909355164,0.23333300650119781,0.0,0.2427079975605011,0.21250000596046448,0.2148440033197403,0.0,646512000
2001-02-22,0.2224801778793335,0.2432290017604828,0.0,0.25,0.22499999403953552,0.23203100264072418,0.0,815304000
2001-02-23,0.2071160525083542,0.22643199563026428,0.0,0.24583299458026886,0.21875,0.24192699790000916,0.0,1034664000
2001-02-26,0.20247119665145874,0.22135399281978607,0.0,0.2260420024394989,0.21171900629997253,0.21979199349880219,0.0,751824000
2001-02-27,0.19032315909862518,0.20807300508022308,0.0,0.22447900474071503,0.20677100121974945,0.2158849984407425,0.0,533832000
2001-02-28,0.170314222574234,0.18619799613952637,0.0,0.21875,0.18229199945926666,0.2065100073814392,0.0,784056000
2001-03-01,0.18377208709716797,0.2009110003709793,0.0,0.20416699349880219,0.16666699945926666,0.18385399878025055,0.0,915288000
2001-03-02,0.16608650982379913,0.18157599866390228,0.0,0.1997399926185608,0.1791670024394989,0.18645800650119781,0.0,1413504000
2001-03-05,0.16769352555274963,0.18333299458026886,0.0,0.1880210041999817,0.17343799769878387,0.17447899281978607,0.0,742296000
2001-03-06,0.1838919073343277,0.20104199647903442,0.0,0.2075520008802414,0.18945300579071045,0.19270800054073334,0.0,834408000
2001-03-07,0.19866055250167847,0.2171880006790161,0.0,0.21770800650119781,0.20182299613952637,0.20546899735927582,0.0,938280000
2001-03-08,0.20532965660095215,0.22447900474071503,0.0,0.22682300209999084,0.2109380066394806,0.2109380066394806,0.0,829344000
2001-03-09,0.19079965353012085,0.20859399437904358,0.0,0.21380199491977692,0.18906299769878387,0.21276000142097473,0.0,1216776000
2001-03-12,0.1838919073343277,0.20104199647903442,0.0,0.2109380066394806,0.19218799471855164,0.2015630006790161,0.0,762144000
2001-03-13,0.2058061808347702,0.22499999403953552,0.0,0.22812500596046448,0.2026039958000183,0.2036460041999817,0.0,1082352000
2001-03-14,0.2174776792526245,0.2377600073814392,0.0,0.23854200541973114,0.2148440033197403,0.2148440033197403,0.0,1351128000
2001-03-15,0.22819697856903076,0.2494789958000183,0.0,0.26556000113487244,0.2432290017604828,0.252344012260437,0.0,1875984000
2001-03-16,0.2272447943687439,0.2484380006790161,0.0,0.25520798563957214,0.2382809966802597,0.2455729991197586,0.0,1225200000
2001-03-19,0.24034500122070312,0.2627600133419037,0.0,0.2645829916000366,0.23365899920463562,0.2471349984407425,0.0,943896000
2001-03-20,0.21795418858528137,0.2382809966802597,0.0,0.27604201436042786,0.23541699349880219,0.25963500142097473,0.0,1990560000
2001-03-21,0.23415249586105347,0.25598999857902527,0.0,0.26302099227905273,0.23749999701976776,0.2388020008802414,0.0,1877352000
2001-03-22,0.25773417949676514,0.2817710041999817,0.0,0.28281301259994507,0.2562499940395355,0.2583329975605011,0.0,1697760000
2001-03-23,0.2553524374961853,0.2791669964790344,0.0,0.29218798875808716,0.2651039958000183,0.28697898983955383,0.0,1509672000
2001-03-26,0.2691679000854492,0.29427099227905273,0.0,0.2958329916000366,0.2791669964790344,0.2791669964790344,0.0,1542960000
2001-03-27,0.2594018280506134,0.283594012260437,0.0,0.2986980080604553,0.27135398983955383,0.2885420024394989,0.0,1702152000
2001-03-28,0.2595800757408142,0.2837890088558197,0.0,0.29114601016044617,0.2750000059604645,0.2757810056209564,0.0,1433280000
2001-03-29,0.26345112919807434,0.2880209982395172,0.0,0.2979170083999634,0.27552101016044617,0.28131499886512756,0.0,1632960000
2001-03-30,0.24743200838565826,0.2705079913139343,0.0,0.2914060056209564,0.26875001192092896,0.28593799471855164,0.0,1423176000
2001-04-02,0.23701094090938568,0.2591150104999542,0.0,0.2763020098209381,0.25572898983955383,0.26979199051856995,0.0,1265160000
2001-04-03,0.24487094581127167,0.2677080035209656,0.0,0.2747400104999542,0.2549479901790619,0.25520798563957214,0.0,1991616000
2001-04-04,0.2196217030286789,0.24010400474071503,0.0,0.25807300209999084,0.22421899437904358,0.25755199790000916,0.0,3362472000
2001-04-05,0.2398693561553955,0.2622399926185608,0.0,0.26640599966049194,0.24895800650119781,0.25598999857902527,0.0,1724760000
2001-04-06,0.2389163076877594,0.2611980140209198,0.0,0.2750000059604645,0.2544269859790802,0.2588540017604828,0.0,1547664000
2001-04-09,0.2273014783859253,0.2485000044107437,0.0,0.272707998752594,0.24437500536441803,0.26625001430511475,0.0,1097160000
2001-04-10,0.24875827133655548,0.27195799350738525,0.0,0.2800000011920929,0.25212499499320984,0.2544580101966858,0.0,1186416000
2001-04-11,0.26377496123313904,0.28837499022483826,0.0,0.2991670072078705,0.28041699528694153,0.28870800137519836,0.0,1426872000
2001-04-12,0.2677382528781891,0.29270800948143005,0.0,0.3052079975605011,0.2776249945163727,0.2830420136451721,0.0,1440264000
2001-04-16,0.26122114062309265,0.2855829894542694,0.0,0.2935419976711273,0.280333012342453,0.2874999940395355,0.0,764112000
2001-04-17,0.2740267813205719,0.29958298802375793,0.0,0.3018749952316284,0.28125,0.281374990940094,0.0,1112448000
2001-04-18,0.29445549845695496,0.32191699743270874,0.0,0.35166698694229126,0.31220799684524536,0.31220799684524536,0.0,2301864000
2001-04-19,0.31976157426834106,0.3495829999446869,0.0,0.3551250100135803,0.3222920000553131,0.32374998927116394,0.0,1632264000
2001-04-20,0.33142369985580444,0.3623329997062683,0.0,0.37495800852775574,0.3362500071525574,0.3453750014305115,0.0,1773840000
2001-04-23,0.3139302730560303,0.343207985162735,0.0,0.3547919988632202,0.33958300948143005,0.3544580042362213,0.0,1239000000
2001-04-24,0.2917114198207855,0.31891700625419617,0.0,0.36787500977516174,0.3135420083999634,0.3422499895095825,0.0,1828320000
2001-04-25,0.3051263391971588,0.3335829973220825,0.0,0.34495800733566284,0.3185420036315918,0.31975001096725464,0.0,1423728000
2001-04-26,0.2810781002044678,0.30729201436042786,0.0,0.34083300828933716,0.3041670024394989,0.34083300828933716,0.0,1486008000
2001-04-27,0.3010871112346649,0.3291670083999634,0.0,0.3305419981479645,0.3129580020904541,0.31916698813438416,0.0,915672000
2001-04-30,0.3174748420715332,0.3470830023288727,0.0,0.366457998752594,0.3309580087661743,0.33812499046325684,0.0,1583280000
2001-05-01,0.34712642431259155,0.37950000166893005,0.0,0.38041698932647705,0.3427079916000366,0.3483330011367798,0.0,1867368000
2001-05-02,0.3391612470149994,0.3707920014858246,0.0,0.3893750011920929,0.36583301424980164,0.3893750011920929,0.0,1547784000
2001-05-03,0.3376747965812683,0.3691670000553131,0.0,0.37083300948143005,0.3573330044746399,0.3595829904079437,0.0,960504000
2001-05-04,0.3423241972923279,0.37424999475479126,0.0,0.3801249861717224,0.35666701197624207,0.3583329916000366,0.0,953520000
2001-05-07,0.3576837182044983,0.39104199409484863,0.0,0.39375001192092896,0.36845800280570984,0.3728330135345459,0.0,975600000
2001-05-08,0.3318052887916565,0.36274999380111694,0.0,0.3970000147819519,0.35941699147224426,0.39683300256729126,0.0,1620144000
2001-05-09,0.31625548005104065,0.34575000405311584,0.0,0.358832985162735,0.34333300590515137,0.35120800137519836,0.0,1319040000
2001-05-10,0.3056221604347229,0.33412501215934753,0.0,0.3599579930305481,0.33000001311302185,0.3557499945163727,0.0,998904000
2001-05-11,0.2978088855743408,0.32558301091194153,0.0,0.3354170024394989,0.31891700625419617,0.33329200744628906,0.0,921216000
2001-05-14,0.30036255717277527,0.3283750116825104,0.0,0.3322499990463257,0.3147920072078705,0.3265419900417328,0.0,702432000
2001-05-15,0.3111487329006195,0.34016698598861694,0.0,0.35416701436042786,0.32749998569488525,0.33125001192092896,0.0,1242600000
2001-05-16,0.32582128047943115,0.3562079966068268,0.0,0.3583329916000366,0.33024999499320984,0.3323749899864197,0.0,957096000
2001-05-17,0.3315765857696533,0.36250001192092896,0.0,0.3729169964790344,0.3518750071525574,0.35737499594688416,0.0,919056000
2001-05-18,0.3289084732532501,0.3595829904079437,0.0,0.37083300948143005,0.35249999165534973,0.3612920045852661,0.0,575832000
2001-05-21,0.34377214312553406,0.37583300471305847,0.0,0.3833329975605011,0.35158300399780273,0.3587920069694519,0.0,1064688000
2001-05-22,0.3540624976158142,0.3870829939842224,0.0,0.3908329904079437,0.3666670024394989,0.38133299350738525,0.0,1049976000
2001-05-23,0.35105228424072266,0.3837920129299164,0.0,0.41666701436042786,0.37916699051856995,0.40229201316833496,0.0,2244912000
2001-05-24,0.35623496770858765,0.3894580006599426,0.0,0.39933300018310547,0.36979201436042786,0.3812499940395355,0.0,1680576000
2001-05-25,0.3494889736175537,0.382082998752594,0.0,0.3872919976711273,0.375,0.3816249966621399,0.0,947952000
2001-05-29,0.33515942096710205,0.3664169907569885,0.0,0.3799999952316284,0.36125001311302185,0.3799169957637787,0.0,920568000
2001-05-30,0.3289084732532501,0.3595829904079437,0.0,0.37595799565315247,0.3558329939842224,0.3577919900417328,0.0,3308904000
2001-05-31,0.3262787461280823,0.35670799016952515,0.0,0.36458298563957214,0.3490000069141388,0.3624579906463623,0.0,1262928000
2001-06-01,0.34434381127357483,0.37645798921585083,0.0,0.37950000166893005,0.3570829927921295,0.3591670095920563,0.0,1022472000
2001-06-04,0.33900851011276245,0.37062498927116394,0.0,0.37870800495147705,0.3656669855117798,0.3767080008983612,0.0,621552000
2001-06-05,0.3568066954612732,0.390082985162735,0.0,0.3939580023288727,0.36958301067352295,0.3702079951763153,0.0,987168000
2001-06-06,0.35833144187927246,0.3917500078678131,0.0,0.3968749940395355,0.3858329951763153,0.391541987657547,0.0,698976000
2001-06-07,0.3785690367221832,0.413875013589859,0.0,0.41499999165534973,0.38541701436042786,0.38829201459884644,0.0,1141152000
2001-06-08,0.3687361180782318,0.40312498807907104,0.0,0.41324999928474426,0.3988330066204071,0.4126250147819519,0.0,712680000
2001-06-11,0.35795000195503235,0.3913330137729645,0.0,0.4041669964790344,0.38508298993110657,0.40370801091194153,0.0,581928000
2001-06-12,0.36987945437431335,0.40437498688697815,0.0,0.41020798683166504,0.3822920024394989,0.3831250071525574,0.0,1102728000
2001-06-13,0.3574551045894623,0.39079201221466064,0.0,0.41350001096725464,0.3872919976711273,0.40733298659324646,0.0,938712000
2001-06-14,0.35669228434562683,0.389957994222641,0.0,0.39662501215934753,0.38020798563957214,0.3857499957084656,0.0,946152000
2001-06-15,0.3622572720050812,0.39604198932647705,0.0,0.4029169976711273,0.37825000286102295,0.38541701436042786,0.0,1094544000
2001-06-18,0.34792670607566833,0.3803749978542328,0.0,0.4014579951763153,0.3760420083999634,0.3950420022010803,0.0,856656000
2001-06-19,0.3289084732532501,0.3595829904079437,0.0,0.3965829908847809,0.3518750071525574,0.3875420093536377,0.0,1513128000
2001-06-20,0.343048632144928,0.37504199147224426,0.0,0.37916699051856995,0.34562501311302185,0.35295799374580383,0.0,1759200000
2001-06-21,0.34952738881111145,0.38212499022483826,0.0,0.38874998688697815,0.36354199051856995,0.37354201078414917,0.0,1484568000
2001-06-22,0.34796518087387085,0.38041698932647705,0.0,0.3903749883174896,0.37541699409484863,0.38020798563957214,0.0,761184000
2001-06-25,0.34727904200553894,0.3796670138835907,0.0,0.38624998927116394,0.36858299374580383,0.3846670091152191,0.0,640032000
2001-06-26,0.35730254650115967,0.390625,0.0,0.39250001311302185,0.36979201436042786,0.3712500035762787,0.0,757920000
2001-06-27,0.3462500274181366,0.3785420060157776,0.0,0.3895829916000366,0.3719170093536377,0.38874998688697815,0.0,895752000
2001-06-28,0.3503277003765106,0.382999986410141,0.0,0.3885419964790344,0.37916699051856995,0.38362500071525574,0.0,909336000
2001-06-29,0.35349082946777344,0.38645800948143005,0.0,0.39250001311302185,0.3800419867038727,0.3843750059604645,0.0,730920000
2001-07-02,0.3378266394138336,0.3693329989910126,0.0,0.3742919862270355,0.36375001072883606,0.37116700410842896,0.0,1040016000
2001-07-03,0.3421339988708496,0.37404200434684753,0.0,0.37791699171066284,0.36491701006889343,0.3667919933795929,0.0,406296000
2001-07-05,0.31732285022735596,0.3469170033931732,0.0,0.37187498807907104,0.34645798802375793,0.36958301067352295,0.0,1020096000
2001-07-06,0.30756595730781555,0.3362500071525574,0.0,0.34437501430511475,0.32958298921585083,0.3417080044746399,0.0,802824000
2001-07-09,0.2975042164325714,0.3252499997615814,0.0,0.33991700410842896,0.3220829963684082,0.3318749964237213,0.0,1014072000
2001-07-10,0.2999437749385834,0.3279170095920563,0.0,0.3339579999446869,0.32395800948143005,0.32958298921585083,0.0,1221744000
2001-07-11,0.299372136592865,0.32729199528694153,0.0,0.3325420022010803,0.3171670138835907,0.32666701078414917,0.0,904632000
2001-07-12,0.31507372856140137,0.3444580137729645,0.0,0.34687501192092896,0.3343749940395355,0.3427079916000366,0.0,981552000
2001-07-13,0.30855652689933777,0.33733299374580383,0.0,0.3456670045852661,0.3302080035209656,0.3419170081615448,0.0,690144000
2001-07-16,0.2837454080581665,0.3102079927921295,0.0,0.3375000059604645,0.30854201316833496,0.33354198932647705,0.0,1191696000
2001-07-17,0.2996007800102234,0.3275420069694519,0.0,0.33058300614356995,0.30208298563957214,0.3050000071525574,0.0,1169904000
2001-07-18,0.28923359513282776,0.31620800495147705,0.0,0.3285830020904541,0.3095000088214874,0.31975001096725464,0.0,840984000
2001-07-19,0.2938838601112366,0.3212920129299164,0.0,0.33466699719429016,0.31587499380111694,0.32079198956489563,0.0,840024000
2001-07-20,0.28542301058769226,0.3120419979095459,0.0,0.32041698694229126,0.30208298563957214,0.313291996717453,0.0,742464000
2001-07-23,0.2584010660648346,0.2824999988079071,0.0,0.31291699409484863,0.28212499618530273,0.3125,0.0,1547976000
2001-07-24,0.2758945822715759,0.30162501335144043,0.0,0.3018749952316284,0.28025001287460327,0.2862919867038727,0.0,1365312000
2001-07-25,0.27322643995285034,0.2987079918384552,0.0,0.3016670048236847,0.2886669933795929,0.3010829985141754,0.0,1245888000
2001-07-26,0.3010871112346649,0.3291670083999634,0.0,0.33125001192092896,0.2943750023841858,0.29587501287460327,0.0,1714152000
2001-07-27,0.3087092936038971,0.3375000059604645,0.0,0.3411250114440918,0.3187499940395355,0.32854199409484863,0.0,1094688000
2001-07-30,0.3013533055782318,0.32945799827575684,0.0,0.3392919898033142,0.3258329927921295,0.3379170000553131,0.0,582288000
2001-07-31,0.308327853679657,0.33708301186561584,0.0,0.33854201436042786,0.31791698932647705,0.3299170136451721,0.0,1187760000
2001-08-01,0.32715585827827454,0.3576669991016388,0.0,0.35941699147224426,0.3413330018520355,0.34370800852775574,0.0,1204944000
2001-08-02,0.33493080735206604,0.36616700887680054,0.0,0.3674579858779907,0.34995800256729126,0.3622080087661743,0.0,1097928000
2001-08-03,0.3323011100292206,0.36329200863838196,0.0,0.36891698837280273,0.35566699504852295,0.36250001192092896,0.0,820344000
2001-08-06,0.3423626124858856,0.3742919862270355,0.0,0.3779999911785126,0.35683301091194153,0.36070799827575684,0.0,1292568000
2001-08-07,0.33729347586631775,0.3687500059604645,0.0,0.3760420083999634,0.3643749952316284,0.374208003282547,0.0,1088616000
2001-08-08,0.3287181854248047,0.359375,0.0,0.375,0.3577499985694885,0.3655419945716858,0.0,1125696000
2001-08-09,0.3229629695415497,0.3530830144882202,0.0,0.3647499978542328,0.34666699171066284,0.35770800709724426,0.0,1643616000
2001-08-10,0.3225823640823364,0.3526670038700104,0.0,0.35749998688697815,0.34208300709724426,0.35291698575019836,0.0,1036488000
2001-08-13,0.3361116945743561,0.3674579858779907,0.0,0.3714579939842224,0.35337498784065247,0.358707994222641,0.0,1514784000
2001-08-14,0.32719334959983826,0.35770800709724426,0.0,0.3631249964237213,0.35316699743270874,0.36079201102256775,0.0,2321160000
2001-08-15,0.3275747299194336,0.3581250011920929,0.0,0.3700830042362213,0.3549579977989197,0.36579200625419617,0.0,1816392000
2001-08-16,0.3413711488246918,0.3732079863548279,0.0,0.3737500011920929,0.3501250147819519,0.35154199600219727,0.0,1026096000
2001-08-17,0.319266676902771,0.34904199838638306,0.0,0.3684999942779541,0.34608298540115356,0.36375001072883606,0.0,1668840000
2001-08-20,0.3170557916164398,0.3466250002384186,0.0,0.3503749966621399,0.335999995470047,0.3468329906463623,0.0,1183320000
2001-08-21,0.3103858232498169,0.3393329977989197,0.0,0.35666701197624207,0.33879199624061584,0.3474999964237213,0.0,1186656000
2001-08-22,0.32315412163734436,0.35329198837280273,0.0,0.3536669909954071,0.3343749940395355,0.3453330099582672,0.0,1498104000
2001-08-23,0.31598833203315735,0.3454580008983612,0.0,0.3566249907016754,0.34375,0.3520829975605011,0.0,1013592000
2001-08-24,0.32502102851867676,0.35533300042152405,0.0,0.3624579906463623,0.34712499380111694,0.34916698932647705,0.0,1110936000
2001-08-27,0.33626440167427063,0.36762499809265137,0.0,0.37233299016952515,0.3460420072078705,0.3473750054836273,0.0,1279608000
2001-08-28,0.3318811357021332,0.3628329932689667,0.0,0.3747920095920563,0.36000001430511475,0.36662501096725464,0.0,1178760000
2001-08-29,0.32121050357818604,0.3511669933795929,0.0,0.3661249876022339,0.34812501072883606,0.3638330101966858,0.0,1435800000
2001-08-30,0.32018136978149414,0.3500419855117798,0.0,0.35249999165534973,0.3364579975605011,0.34458300471305847,0.0,1431312000
2001-08-31,0.3228485584259033,0.35295799374580383,0.0,0.3561669886112213,0.34312498569488525,0.34770798683166504,0.0,887904000
2001-09-04,0.30040109157562256,0.32841700315475464,0.0,0.35199999809265137,0.3259580135345459,0.35199999809265137,0.0,1856136000
2001-09-05,0.3068038821220398,0.3354170024394989,0.0,0.3379170000553131,0.3147920072078705,0.328125,0.0,2395584000
2001-09-06,0.2942642271518707,0.32170799374580383,0.0,0.3391669988632202,0.32020801305770874,0.328792005777359,0.0,1950768000
2001-09-07,0.29735156893730164,0.3250829875469208,0.0,0.33000001311302185,0.3149999976158142,0.31666699051856995,0.0,1970256000
2001-09-10,0.28873878717422485,0.3156670033931732,0.0,0.32729199528694153,0.30912500619888306,0.3223330080509186,2.0,1872360000
2001-09-17,0.25908708572387695,0.28325000405311584,0.0,0.3032500147819519,0.2818329930305481,0.29600000381469727,0.0,1138596000
2001-09-18,0.24346137046813965,0.266167014837265,0.0,0.2908329963684082,0.25975000858306885,0.2887499928474426,0.0,894372000
2001-09-19,0.24048864841461182,0.26291701197624207,0.0,0.2707499861717224,0.22550000250339508,0.2676669955253601,0.0,1561908000
2001-09-20,0.22013665735721588,0.24066700041294098,0.0,0.25791698694229126,0.23333300650119781,0.24883300065994263,0.0,1470696000
2001-09-21,0.20557749271392822,0.22474999725818634,0.0,0.23566700518131256,0.21674999594688416,0.22208300232887268,0.0,1226304000
2001-09-24,0.22867351770401,0.25,0.0,0.2536669969558716,0.23183299601078033,0.2425830066204071,0.0,1507500000
2001-09-25,0.21975520253181458,0.24025000631809235,0.0,0.26158300042152405,0.2395000010728836,0.25075000524520874,0.0,941724000
2001-09-26,0.2118276059627533,0.23158299922943115,0.0,0.2441670000553131,0.22916699945926666,0.24333299696445465,0.0,430812000
2001-09-27,0.20008933544158936,0.21875,0.0,0.23333300650119781,0.2125830054283142,0.23074999451637268,0.0,907296000
2001-09-28,0.20938903093338013,0.22891700267791748,0.0,0.2400829941034317,0.21541699767112732,0.22499999403953552,0.0,1044876000
2001-10-01,0.19162842631340027,0.2094999998807907,0.0,0.23250000178813934,0.20583300292491913,0.22875000536441803,0.0,972804000
2001-10-02,0.18202413618564606,0.19900000095367432,0.0,0.2175000011920929,0.18883299827575684,0.2091670036315918,0.0,1123032000
2001-10-03,0.21784988045692444,0.23816700279712677,0.0,0.25075000524520874,0.1979999989271164,0.1979999989271164,0.0,1798824000
2001-10-04,0.2461286038160324,0.2690829932689667,0.0,0.28166699409484863,0.24216699600219727,0.25083300471305847,0.0,1980576000
2001-10-05,0.25077879428863525,0.274167001247406,0.0,0.28075000643730164,0.2549169957637787,0.26499998569488525,0.0,1078212000
2001-10-08,0.25641903281211853,0.280333012342453,0.0,0.29074999690055847,0.2633329927921295,0.2633329927921295,0.0,765900000
2001-10-09,0.24529078602790833,0.26816698908805847,0.0,0.28666698932647705,0.2601670026779175,0.28108298778533936,0.0,917556000
2001-10-10,0.2610692083835602,0.28541699051856995,0.0,0.2874999940395355,0.26166701316833496,0.26341700553894043,0.0,968124000
2001-10-11,0.28934797644615173,0.31633299589157104,0.0,0.3171670138835907,0.29908299446105957,0.3006669878959656,0.0,918000000
2001-10-12,0.3081760108470917,0.3369170129299164,0.0,0.3375000059604645,0.3072499930858612,0.30833300948143005,0.0,1253100000
2001-10-15,0.3068038821220398,0.3354170024394989,0.0,0.3458330035209656,0.31791698932647705,0.3270829916000366,0.0,908568000
2001-10-16,0.3376747965812683,0.3691670000553131,0.0,0.3718329966068268,0.32808300852775574,0.33500000834465027,0.0,1383852000
2001-10-17,0.31785619258880615,0.3474999964237213,0.0,0.3774999976158142,0.3458330035209656,0.37733298540115356,0.0,1695540000
2001-10-18,0.33127203583717346,0.36216700077056885,0.0,0.36558300256729126,0.34666699171066284,0.3474999964237213,0.0,1020864000
2001-10-19,0.3381320834159851,0.3696669936180115,0.0,0.375,0.35249999165534973,0.3569999933242798,0.0,1059264000
2001-10-22,0.3461357653141022,0.3784169852733612,0.0,0.3833329975605011,0.35874998569488525,0.3669170141220093,0.0,970824000
2001-10-23,0.3400375247001648,0.37174999713897705,0.0,0.390082985162735,0.36333298683166504,0.38324999809265137,0.0,953028000
2001-10-24,0.3550540506839752,0.38816699385643005,0.0,0.38908299803733826,0.36083298921585083,0.36500000953674316,0.0,1212144000
2001-10-25,0.37586328387260437,0.4109170138835907,0.0,0.41783300042152405,0.37333300709724426,0.37916699051856995,0.0,1152396000
2001-10-26,0.3490316569805145,0.38158300518989563,0.0,0.42033299803733826,0.37916699051856995,0.4080829918384552,0.0,1097124000
2001-10-29,0.32067614793777466,0.3505829870700836,0.0,0.3895829916000366,0.35016700625419617,0.38291698694229126,0.0,1004796000
2001-10-30,0.3201428949832916,0.3499999940395355,0.0,0.36616700887680054,0.3362500071525574,0.34416699409484863,0.0,1153380000
2001-10-31,0.32669854164123535,0.35716700553894043,0.0,0.3729169964790344,0.3520829975605011,0.36308300495147705,0.0,989292000
2001-11-01,0.35459664463996887,0.3876670002937317,0.0,0.39058300852775574,0.35624998807907104,0.3617500066757202,0.0,1093776000
2001-11-02,0.35955068469047546,0.39308300614356995,0.0,0.397832989692688,0.3716669976711273,0.3859170079231262,0.0,1087248000
2001-11-05,0.3608468472957611,0.3944999873638153,0.0,0.4108330011367798,0.3919999897480011,0.39991700649261475,0.0,933456000
2001-11-06,0.3856194317340851,0.42158299684524536,0.0,0.42341700196266174,0.3916670083999634,0.39375001192092896,0.0,1415376000
2001-11-07,0.38592490553855896,0.42191699147224426,0.0,0.438167005777359,0.4159170091152191,0.4183329939842224,0.0,1419144000
2001-11-08,0.37921664118766785,0.4145829975605011,0.0,0.4328329861164093,0.40208300948143005,0.42716699838638306,0.0,1915188000
2001-11-09,0.40551406145095825,0.4433329999446869,0.0,0.4436669945716858,0.4249170124530792,0.4329169988632202,0.0,2270484000
2001-11-12,0.41641440987586975,0.45524999499320984,0.0,0.4665830135345459,0.4281669855117798,0.44166699051856995,0.0,1458636000
2001-11-13,0.41298437118530273,0.4514999985694885,0.0,0.4567500054836273,0.4449999928474426,0.4566670060157776,0.0,1446516000
2001-11-14,0.40147465467453003,0.43891701102256775,0.0,0.4591670036315918,0.4266670048236847,0.4548330008983612,0.0,1150224000
2001-11-15,0.4036087095737457,0.4412499964237213,0.0,0.44725000858306885,0.42841699719429016,0.43391698598861694,0.0,874944000
2001-11-16,0.4001027047634125,0.43741700053215027,0.0,0.44633299112319946,0.43149998784065247,0.44166699051856995,0.0,496128000
2001-11-19,0.3913362920284271,0.4278329908847809,0.0,0.4458329975605011,0.4041669964790344,0.4417499899864197,0.0,1943052000
2001-11-20,0.38035982847213745,0.4158329963684082,0.0,0.43741700053215027,0.41108301281929016,0.42991700768470764,0.0,937884000
2001-11-21,0.37548181414604187,0.4104999899864197,0.0,0.4214169979095459,0.39833301305770874,0.40883299708366394,0.0,728412000
2001-11-23,0.3807413876056671,0.41624999046325684,0.0,0.41666701436042786,0.4050000011920929,0.4120829999446869,0.0,254016000
2001-11-26,0.40795350074768066,0.44600000977516174,0.0,0.44658300280570984,0.4220829904079437,0.4232499897480011,0.0,1215780000
2001-11-27,0.4122982919216156,0.4507499933242798,0.0,0.46083301305770874,0.4375,0.44574999809265137,0.0,1183992000
2001-11-28,0.39148902893066406,0.42800000309944153,0.0,0.4524169862270355,0.4269999861717224,0.4449999928474426,0.0,740844000
2001-11-29,0.408639520406723,0.4467499852180481,0.0,0.46141698956489563,0.4449999928474426,0.4590829908847809,0.0,5135472000
2001-11-30,0.4164905250072479,0.45533299446105957,0.0,0.4585829973220825,0.4399999976158142,0.44658300280570984,0.0,1034028000
2001-12-03,0.41016432642936707,0.4484170079231262,0.0,0.4513329863548279,0.44041699171066284,0.44574999809265137,0.0,851496000
2001-12-04,0.4431692361831665,0.484499990940094,0.0,0.48500001430511475,0.45066699385643005,0.45066699385643005,0.0,1384644000
2001-12-05,0.478918194770813,0.5235829949378967,0.0,0.5245829820632935,0.4879170060157776,0.48833298683166504,0.0,1707036000
2001-12-06,0.4713720381259918,0.5153329968452454,0.0,0.5208330154418945,0.5022500157356262,0.5195000171661377,0.0,1138944000
2001-12-07,0.4569655954837799,0.49958300590515137,0.0,0.5161669850349426,0.4906669855117798,0.5115000009536743,0.0,807036000
2001-12-10,0.4615391194820404,0.5045830011367798,0.0,0.515999972820282,0.492917001247406,0.49708300828933716,0.0,695868000
2001-12-11,0.4780803620815277,0.5226669907569885,0.0,0.5345829725265503,0.5083330273628235,0.5134170055389404,0.0,792252000
2001-12-12,0.4929441213607788,0.5389170050621033,0.0,0.5391669869422913,0.5164999961853027,0.5266669988632202,0.0,1004628000
2001-12-13,0.47876647114753723,0.5234169960021973,0.0,0.535082995891571,0.5213329792022705,0.5283330082893372,0.0,881400000
2001-12-14,0.5003378391265869,0.546999990940094,0.0,0.5495830178260803,0.5209169983863831,0.5233330130577087,0.0,754680000
2001-12-17,0.518326997756958,0.5666670203208923,0.0,0.5745829939842224,0.5428329706192017,0.5428329706192017,0.0,1080960000
2001-12-18,0.5049872398376465,0.5520830154418945,0.0,0.5620830059051514,0.5474169850349426,0.5542500019073486,0.0,886968000
2001-12-19,0.4911905527114868,0.5370000004768372,0.0,0.554082989692688,0.5349169969558716,0.5429999828338623,0.0,854652000
2001-12-20,0.47182929515838623,0.5158330202102661,0.0,0.5489169955253601,0.5139170289039612,0.5391669869422913,0.0,951228000
2001-12-21,0.4922579824924469,0.5381669998168945,0.0,0.5416669845581055,0.5210000276565552,0.5270829796791077,0.0,723972000
2001-12-24,0.5045296549797058,0.5515829920768738,0.0,0.554332971572876,0.5376669764518738,0.5379170179367065,0.0,265308000
2001-12-26,0.5168781876564026,0.5650830268859863,0.0,0.5745000243186951,0.5542500019073486,0.554332971572876,0.0,642156000
2001-12-27,0.5288459658622742,0.5781670212745667,0.0,0.5807499885559082,0.5691670179367065,0.5699999928474426,0.0,730152000
2001-12-28,0.5161163210868835,0.5642499923706055,0.0,0.5854169726371765,0.558667004108429,0.5815830230712891,0.0,757680000
2001-12-31,0.509941816329956,0.5575000047683716,0.0,0.5716670155525208,0.5562499761581421,0.5684170126914978,0.0,737580000
2002-01-02,0.5129907727241516,0.5608329772949219,0.0,0.5704169869422913,0.5458329916000366,0.5599169731140137,0.0,1298904000
2002-01-03,0.5466057062149048,0.597582995891571,0.0,0.6000000238418579,0.5616670250892639,0.5619999766349792,0.0,1414752000
2002-01-04,0.5306752324104309,0.5801669955253601,0.0,0.6054999828338623,0.5699999928474426,0.6054999828338623,0.0,936288000
2002-01-07,0.5164206027984619,0.5645830035209656,0.0,0.5833330154418945,0.5567499995231628,0.5824999809265137,0.0,973068000
2002-01-08,0.5225191116333008,0.5712500214576721,0.0,0.584833025932312,0.5615000128746033,0.5634170174598694,0.0,774360000
2002-01-09,0.5153540968894958,0.5634170174598694,0.0,0.5895829796791077,0.555417001247406,0.5791670083999634,0.0,1141188000
2002-01-10,0.5030057430267334,0.5499169826507568,0.0,0.5680829882621765,0.5450000166893005,0.5604169964790344,0.0,992508000
2002-01-11,0.48074761033058167,0.525583028793335,0.0,0.5537499785423279,0.5234169960021973,0.553583025932312,0.0,1380852000
2002-01-14,0.45551761984825134,0.49799999594688416,0.0,0.5280830264091492,0.49799999594688416,0.524416983127594,0.0,1369560000
2002-01-15,0.4980509579181671,0.5444999933242798,0.0,0.5448330044746399,0.5181670188903809,0.518750011920929,0.0,1838808000
2002-01-16,0.47861361503601074,0.5232499837875366,0.0,0.5405830144882202,0.5212500095367432,0.5370830297470093,0.0,1115388000
2002-01-17,0.4953826069831848,0.5415830016136169,0.0,0.5416669845581055,0.5210000276565552,0.5405830144882202,0.0,1121544000
2002-01-18,0.48631271719932556,0.5316669940948486,0.0,0.5354170203208923,0.5208330154418945,0.521166980266571,0.0,803676000
2002-01-22,0.47411611676216125,0.5183330178260803,0.0,0.538083016872406,0.5123329758644104,0.536666989326477,0.0,1085028000
2002-01-23,0.4830344021320343,0.5280830264091492,0.0,0.5318329930305481,0.5126670002937317,0.5230000019073486,0.0,889164000
2002-01-24,0.5003378391265869,0.546999990940094,0.0,0.5525000095367432,0.5220829844474792,0.5333330035209656,0.0,1137684000
2002-01-25,0.4990415573120117,0.5455830097198486,0.0,0.5591670274734497,0.5325000286102295,0.5391669869422913,0.0,817752000
2002-01-28,0.518250048160553,0.566582977771759,0.0,0.5666670203208923,0.5507500171661377,0.5562499761581421,0.0,924288000
2002-01-29,0.4928671717643738,0.5388330221176147,0.0,0.569582998752594,0.5299999713897705,0.567916989326477,0.0,1381932000
2002-01-30,0.49881288409233093,0.5453330278396606,0.0,0.5457500219345093,0.5287500023841858,0.5416669845581055,0.0,1218456000
2002-01-31,0.5010995268821716,0.5478330254554749,0.0,0.5566669702529907,0.5295829772949219,0.552416980266571,0.0,973980000
2002-02-01,0.48882806301116943,0.5344169735908508,0.0,0.5527499914169312,0.53125,0.5469170212745667,0.0,688272000
2002-02-04,0.46580803394317627,0.5092499852180481,0.0,0.5462499856948853,0.508417010307312,0.5332499742507935,0.0,1104864000
2002-02-05,0.46123433113098145,0.5042499899864197,0.0,0.5102499723434448,0.48441699147224426,0.5058330297470093,0.0,1474620000
2002-02-06,0.4727438986301422,0.5168330073356628,0.0,0.5257499814033508,0.5074999928474426,0.5175830125808716,0.0,1242528000
2002-02-07,0.45742306113243103,0.5000830292701721,0.0,0.5174999833106995,0.49766701459884644,0.5174999833106995,0.0,964476000
2002-02-08,0.4399677515029907,0.48100000619888306,0.0,0.5062500238418579,0.4619170129299164,0.5034170150756836,0.0,1871292000
2002-02-11,0.4642832279205322,0.5075830221176147,0.0,0.5083330273628235,0.47850000858306885,0.4802500009536743,0.0,1249224000
2002-02-12,0.47411611676216125,0.5183330178260803,0.0,0.5279170274734497,0.4941670000553131,0.49991700053215027,0.0,1216500000
2002-02-13,0.4680188298225403,0.511667013168335,0.0,0.5338330268859863,0.5066670179367065,0.5249999761581421,0.0,1230432000
2002-02-14,0.47381144762039185,0.5180000066757202,0.0,0.5287500023841858,0.5095000267028809,0.515999972820282,0.0,1225692000
2002-02-15,0.43714794516563416,0.47791698575019836,0.0,0.49708300828933716,0.47291699051856995,0.4941670000553131,0.0,3988548000
2002-02-19,0.40818220376968384,0.44624999165534973,0.0,0.4622499942779541,0.44258299469947815,0.45750001072883606,0.0,1972524000
2002-02-20,0.42952486872673035,0.46958300471305847,0.0,0.4745829999446869,0.4375,0.43833300471305847,0.0,1838736000
2002-02-21,0.4001786708831787,0.4375,0.0,0.46333301067352295,0.4369170069694519,0.4631670117378235,0.0,1531044000
2002-02-22,0.3805127441883087,0.41600000858306885,0.0,0.4337500035762787,0.41041699051856995,0.42875000834465027,0.0,2585616000
2002-02-25,0.41031613945961,0.4485830068588257,0.0,0.45183300971984863,0.41783300042152405,0.41791701316833496,0.0,1599564000
2002-02-26,0.4192344844341278,0.45833298563957214,0.0,0.4662500023841858,0.44624999165534973,0.45841699838638306,0.0,1902672000
2002-02-27,0.4051334857940674,0.44291698932647705,0.0,0.47075000405311584,0.44166699051856995,0.46875,0.0,1723224000
2002-02-28,0.3888207972049713,0.4250830113887787,0.0,0.44791701436042786,0.421332985162735,0.4399999976158142,0.0,1585440000
2002-03-01,0.42640024423599243,0.46616700291633606,0.0,0.4666669964790344,0.4279170036315918,0.4291670024394989,0.0,1311396000
2002-03-04,0.4501821994781494,0.49216699600219727,0.0,0.4975000023841858,0.4630829989910126,0.4675830006599426,0.0,1484724000
2002-03-05,0.44903886318206787,0.49091699719429016,0.0,0.504082977771759,0.4841670095920563,0.4845829904079437,0.0,1379448000
2002-03-06,0.4349369406700134,0.4754999876022339,0.0,0.4810830056667328,0.4652499854564667,0.4762499928474426,0.0,1446060000
2002-03-07,0.43143099546432495,0.47166699171066284,0.0,0.483832985162735,0.4584999978542328,0.48225000500679016,0.0,1346532000
2002-03-08,0.44431260228157043,0.4857499897480011,0.0,0.4957500100135803,0.4783329963684082,0.48066699504852295,0.0,1270356000
2002-03-11,0.4391290843486786,0.48008298873901367,0.0,0.4857499897480011,0.4720830023288727,0.48041701316833496,0.0,810540000
2002-03-12,0.41610994935035706,0.4549170136451721,0.0,0.46791699528694153,0.45166701078414917,0.4654169976711273,0.0,1255032000
2002-03-13,0.4085635840892792,0.44666698575019836,0.0,0.453916996717453,0.4449999928474426,0.45066699385643005,0.0,1031616000
2002-03-14,0.38592490553855896,0.42191699147224426,0.0,0.4433329999446869,0.42100000381469727,0.4433329999446869,0.0,1139460000
2002-03-15,0.4022366404533386,0.43974998593330383,0.0,0.4402500092983246,0.4168330132961273,0.4249170124530792,0.0,1248288000
2002-03-18,0.4022366404533386,0.43974998593330383,0.0,0.45741701126098633,0.4347499907016754,0.4477500021457672,0.0,1236996000
2002-03-19,0.3936998248100281,0.430417001247406,0.0,0.4437499940395355,0.4278329908847809,0.44291698932647705,0.0,846072000
2002-03-20,0.35459664463996887,0.3876670002937317,0.0,0.4241670072078705,0.38624998927116394,0.42333298921585083,0.0,2292588000
2002-03-21,0.37342381477355957,0.40825000405311584,0.0,0.41291698813438416,0.38383299112319946,0.3942500054836273,0.0,1721712000
2002-03-22,0.3702223300933838,0.4047499895095825,0.0,0.4155830144882202,0.4016669988632202,0.4155830144882202,0.0,1249140000
2002-03-25,0.3510897159576416,0.38383299112319946,0.0,0.40333300828933716,0.3833329975605011,0.4028330147266388,0.0,884160000
2002-03-26,0.3582555651664734,0.3916670083999634,0.0,0.40141698718070984,0.37766700983047485,0.37983301281929016,0.0,1123512000
2002-03-27,0.34682172536849976,0.37916699051856995,0.0,0.3935000002384186,0.3725000023841858,0.38566699624061584,0.0,1068012000
2002-03-28,0.3381320834159851,0.3696669936180115,0.0,0.38416698575019836,0.34891700744628906,0.3817499876022339,0.0,3124080000
2002-04-01,0.33256712555885315,0.3635829985141754,0.0,0.3664169907569885,0.33799999952316284,0.34916698932647705,0.0,2365344000
2002-04-02,0.32387763261795044,0.35408300161361694,0.0,0.37241700291633606,0.35199999809265137,0.3526670038700104,0.0,1438008000
2002-04-03,0.32997581362724304,0.3607499897480011,0.0,0.3653329908847809,0.3483330011367798,0.35566699504852295,0.0,1094640000
2002-04-04,0.3283751904964447,0.35899999737739563,0.0,0.3712500035762787,0.3530830144882202,0.3580000102519989,0.0,1130964000
2002-04-05,0.32090476155281067,0.350832998752594,0.0,0.36716699600219727,0.3471669852733612,0.3613330125808716,0.0,1026900000
2002-04-08,0.33165255188941956,0.3625830113887787,0.0,0.3625830113887787,0.3345000147819519,0.33458301424980164,0.0,1151316000
2002-04-09,0.3106914162635803,0.3396669924259186,0.0,0.3691670000553131,0.3388330042362213,0.36616700887680054,0.0,1380768000
2002-04-10,0.293540894985199,0.320917010307312,0.0,0.3449999988079071,0.2966670095920563,0.34241700172424316,0.0,3689724000
2002-04-11,0.2806582748889923,0.3068329989910126,0.0,0.3224169909954071,0.30333301424980164,0.3183329999446869,0.0,1437288000
2002-04-12,0.2795918583869934,0.3056670129299164,0.0,0.3161669969558716,0.296083003282547,0.3136669993400574,0.0,1376880000
2002-04-15,0.290872722864151,0.3179999887943268,0.0,0.3232499957084656,0.31083300709724426,0.311583012342453,0.0,1157208000
2002-04-16,0.3035256266593933,0.33183300495147705,0.0,0.3356670141220093,0.32533299922943115,0.3322499990463257,0.0,854856000
2002-04-17,0.307108610868454,0.335750013589859,0.0,0.3406670093536377,0.3252499997615814,0.335750013589859,0.0,944484000
2002-04-18,0.30200180411338806,0.3301669955253601,0.0,0.33591699600219727,0.32291701436042786,0.3323329985141754,0.0,693156000
2002-04-19,0.28142109513282776,0.30766698718070984,0.0,0.32291701436042786,0.3072499930858612,0.3190000057220459,0.0,1125672000
2002-04-22,0.28279322385787964,0.3091669976711273,0.0,0.31541699171066284,0.3041670024394989,0.30425000190734863,0.0,808176000
2002-04-23,0.2713596224784851,0.2966670095920563,0.0,0.31516700983047485,0.2939170002937317,0.311583012342453,0.0,773508000
2002-04-24,0.24757739901542664,0.2706669867038727,0.0,0.304500013589859,0.26991701126098633,0.3000830113887787,0.0,1582956000
2002-04-25,0.2571817636489868,0.28116700053215027,0.0,0.2865830063819885,0.2694999873638153,0.26958298683166504,0.0,1168296000
2002-04-26,0.23149354755878448,0.2530829906463623,0.0,0.2845830023288727,0.2530829906463623,0.2842499911785126,0.0,1191120000
2002-04-29,0.2700634002685547,0.2952499985694885,0.0,0.2994999885559082,0.273499995470047,0.28299999237060547,0.0,3930852000
2002-04-30,0.26533713936805725,0.29008299112319946,0.0,0.3062500059604645,0.2837499976158142,0.3022499978542328,0.0,1776504000
2002-05-01,0.2701394259929657,0.29533299803733826,0.0,0.29941698908805847,0.2779169976711273,0.2853330075740814,0.0,1718904000
2002-05-02,0.25923988223075867,0.2834169864654541,0.0,0.304082989692688,0.2833330035209656,0.296750009059906,0.0,1125084000
2002-05-03,0.24963560700416565,0.2729170024394989,0.0,0.2859170138835907,0.27149999141693115,0.2837499976158142,0.0,852756000
2002-05-06,0.24010717868804932,0.26249998807907104,0.0,0.27833300828933716,0.26033300161361694,0.2658329904079437,0.0,1102044000
2002-05-07,0.2461286038160324,0.2690829932689667,0.0,0.27391698956489563,0.2559170126914978,0.26833298802375793,0.0,1412448000
2002-05-08,0.27440816164016724,0.30000001192092896,0.0,0.30466699600219727,0.27833300828933716,0.2874169945716858,0.0,1688688000
2002-05-09,0.2626698613166809,0.2871670126914978,0.0,0.30524998903274536,0.28666698932647705,0.29908299446105957,0.0,1230840000
2002-05-10,0.2430039793252945,0.26566699147224426,0.0,0.29416701197624207,0.26249998807907104,0.2930830121040344,0.0,1321548000
2002-05-13,0.25771504640579224,0.28174999356269836,0.0,0.28266701102256775,0.266167014837265,0.26841700077056885,0.0,800892000
2002-05-14,0.2833266258239746,0.3097499907016754,0.0,0.31291699409484863,0.2945829927921295,0.2997500002384186,0.0,1526112000
2002-05-15,0.2888904809951782,0.3158330023288727,0.0,0.32166698575019836,0.3007499873638153,0.3050000071525574,0.0,1504548000
2002-05-16,0.28942471742630005,0.31641700863838196,0.0,0.32291701436042786,0.3095000088214874,0.3159169852733612,0.0,985560000
2002-05-17,0.29857176542282104,0.3264169991016388,0.0,0.327333003282547,0.3169170022010803,0.32499998807907104,0.0,934404000
2002-05-20,0.3017731010913849,0.3299170136451721,0.0,0.33208298683166504,0.3221670091152191,0.3236669898033142,0.0,953412000
2002-05-21,0.27875301241874695,0.304749995470047,0.0,0.3387500047683716,0.3044170141220093,0.3341670036315918,0.0,1382604000
2002-05-22,0.2900339961051941,0.3170830011367798,0.0,0.31891700625419617,0.3066670000553131,0.3071669936180115,0.0,1547988000
2002-05-23,0.27235016226768494,0.29774999618530273,0.0,0.3186669945716858,0.288332998752594,0.3179999887943268,0.0,2556780000
2002-05-24,0.267014741897583,0.29191699624061584,0.0,0.2935830056667328,0.28516700863838196,0.2920829951763153,0.0,737784000
2002-05-28,0.25641903281211853,0.280333012342453,0.0,0.29466700553894043,0.2745000123977661,0.2944999933242798,0.0,1367088000
2002-05-29,0.2661000192165375,0.2909170091152191,0.0,0.2920829951763153,0.2715829908847809,0.27583301067352295,0.0,1311012000
2002-05-30,0.2622125744819641,0.28666698932647705,0.0,0.2935830056667328,0.2794170081615448,0.2849999964237213,0.0,1066080000
2002-05-31,0.25504690408706665,0.2788330018520355,0.0,0.2895829975605011,0.27833300828933716,0.288332998752594,0.0,674112000
2002-06-03,0.2400311678647995,0.2624169886112213,0.0,0.27333301305770874,0.25908300280570984,0.27208301424980164,0.0,901248000
2002-06-04,0.25215086340904236,0.2756670117378235,0.0,0.27708300948143005,0.26033300161361694,0.2607499957084656,0.0,1095432000
2002-06-05,0.24849219620227814,0.2716670036315918,0.0,0.2763330042362213,0.2620829939842224,0.2762500047683716,0.0,1114308000
2002-06-06,0.2485681176185608,0.27175000309944153,0.0,0.2754170000553131,0.26875001192092896,0.2688330113887787,0.0,739356000
2002-06-07,0.2462054342031479,0.2691670060157776,0.0,0.27250000834465027,0.24958300590515137,0.2496670037508011,0.0,1371300000
2002-06-10,0.24414733052253723,0.26691699028015137,0.0,0.280333012342453,0.26625001430511475,0.27274999022483826,0.0,749148000
2002-06-11,0.23317107558250427,0.2549169957637787,0.0,0.27250000834465027,0.2542499899864197,0.2713330090045929,0.0,859308000
2002-06-12,0.21304777264595032,0.23291699588298798,0.0,0.2533330023288727,0.22224999964237213,0.24883300065994263,0.0,2267544000
2002-06-13,0.2108369618654251,0.2304999977350235,0.0,0.23899999260902405,0.22316700220108032,0.23466700315475464,0.0,1265892000
2002-06-14,0.21480032801628113,0.2348330020904541,0.0,0.23658299446105957,0.21449999511241913,0.22200000286102295,0.0,1116444000
2002-06-17,0.21670657396316528,0.23691700398921967,0.0,0.2431669980287552,0.23283299803733826,0.2400829941034317,0.0,1054140000
2002-06-18,0.21556316316127777,0.23566700518131256,0.0,0.24250000715255737,0.23125000298023224,0.23399999737739563,0.0,1008300000
2002-06-19,0.18179544806480408,0.19875000417232513,0.0,0.22416700422763824,0.19699999690055847,0.22416700422763824,0.0,2593620000
2002-06-20,0.18011881411075592,0.19691699743270874,0.0,0.20458300411701202,0.1943330019712448,0.19916699826717377,0.0,1425048000
2002-06-21,0.1727243959903717,0.18883299827575684,0.0,0.20350000262260437,0.18483300507068634,0.19591699540615082,0.0,1484364000
2002-06-24,0.1759258210659027,0.19233299791812897,0.0,0.19824999570846558,0.17833299934864044,0.18400000035762787,0.0,1379592000
2002-06-25,0.1613675355911255,0.17641699314117432,0.0,0.1958329975605011,0.17524999380111694,0.1958329975605011,0.0,1172232000
2002-06-26,0.15298250317573547,0.16725000739097595,0.0,0.17316700518131256,0.15208299458026886,0.15641699731349945,0.0,2067828000
2002-06-27,0.1301911622285843,0.1423330008983612,0.0,0.17475000023841858,0.14000000059604645,0.17341700196266174,0.0,3182808000
2002-06-28,0.13095399737358093,0.14316700398921967,0.0,0.1490830034017563,0.13691699504852295,0.14000000059604645,0.0,1991184000
2002-07-01,0.13064849376678467,0.14283299446105957,0.0,0.1466670036315918,0.139833003282547,0.14249999821186066,0.0,1164372000
2002-07-02,0.12241626530885696,0.13383300602436066,0.0,0.14166699349880219,0.13016700744628906,0.14116699993610382,0.0,1368180000
2002-07-03,0.133012056350708,0.1454170048236847,0.0,0.14566700160503387,0.13291700184345245,0.13300000131130219,0.0,1073304000
2002-07-05,0.14475032687187195,0.15825000405311584,0.0,0.15833300352096558,0.1513330042362213,0.15583300590515137,0.0,739524000
2002-07-08,0.14909516274929047,0.16300000250339508,0.0,0.1686670035123825,0.15625,0.15641699731349945,0.0,1587180000
2002-07-09,0.14177756011486053,0.1550000011920929,0.0,0.1655000001192093,0.15150000154972076,0.1634169965982437,0.0,1075080000
2002-07-10,0.13789010047912598,0.15074999630451202,0.0,0.1599999964237213,0.14966699481010437,0.1587499976158142,0.0,926988000
2002-07-11,0.1519150584936142,0.16608299314975739,0.0,0.16666699945926666,0.14858299493789673,0.14991700649261475,0.0,1143948000
2002-07-12,0.15176326036453247,0.16591699421405792,0.0,0.17566700279712677,0.16249999403953552,0.17499999701976776,0.0,1344900000
2002-07-15,0.16685575246810913,0.18241700530052185,0.0,0.18250000476837158,0.15883299708366394,0.16633300483226776,0.0,1495272000
2002-07-16,0.16235819458961487,0.17749999463558197,0.0,0.194582998752594,0.17458300292491913,0.1779170036315918,0.0,1773432000
2002-07-17,0.14856182038784027,0.1624169945716858,0.0,0.17708300054073334,0.15549999475479126,0.17366699874401093,0.0,1922364000
2002-07-18,0.14475032687187195,0.15825000405311584,0.0,0.16916699707508087,0.15783299505710602,0.15974999964237213,0.0,1243188000
2002-07-19,0.13819469511508942,0.15108299255371094,0.0,0.15950000286102295,0.15000000596046448,0.15341700613498688,0.0,845772000
2002-07-22,0.13179180026054382,0.14408299326896667,0.0,0.15466700494289398,0.13791699707508087,0.1504170000553131,0.0,1290744000
2002-07-23,0.12195886671543121,0.1333329975605011,0.0,0.14583300054073334,0.1284170001745224,0.14491699635982513,0.0,1409652000
2002-07-24,0.12973380088806152,0.14183300733566284,0.0,0.14399999380111694,0.13141700625419617,0.1315000057220459,0.0,1175100000
2002-07-25,0.11479410529136658,0.12549999356269836,0.0,0.1367499977350235,0.12091699987649918,0.13633300364017487,0.0,1796448000
2002-07-26,0.11212598532438278,0.12258300185203552,0.0,0.1321669965982437,0.11916700005531311,0.12916700541973114,0.0,1221900000
2002-07-29,0.11525145918130875,0.12600000202655792,0.0,0.12833300232887268,0.1219170019030571,0.12766699492931366,0.0,1227720000
2002-07-30,0.12363643199205399,0.13516700267791748,0.0,0.14149999618530273,0.125,0.12541699409484863,0.0,1818012000
2002-07-31,0.08438054472208023,0.09224999696016312,0.0,0.10050000250339508,0.09116700291633606,0.09849999845027924,0.0,4837140000
2002-08-01,0.07630100846290588,0.08341699838638306,0.0,0.09300000220537186,0.08333300054073334,0.09300000220537186,0.0,1725708000
2002-08-02,0.07127019017934799,0.07791700214147568,0.0,0.086667001247406,0.07583300024271011,0.08608300238847733,0.0,1795260000
2002-08-05,0.06555339694023132,0.07166700065135956,0.0,0.07691700011491776,0.07074999809265137,0.0767500028014183,0.0,1330716000
2002-08-06,0.06898349523544312,0.07541699707508087,0.0,0.07824999839067459,0.07383300364017487,0.07500000298023224,0.0,1168800000
2002-08-07,0.06738275289535522,0.0736669972538948,0.0,0.0794999971985817,0.0708329975605011,0.07874999940395355,0.0,892980000
2002-08-08,0.0718034878373146,0.07850000262260437,0.0,0.0798330008983612,0.07249999791383743,0.07441700249910355,0.0,755424000
2002-08-09,0.07012683153152466,0.07666700333356857,0.0,0.07916700094938278,0.07508300244808197,0.0764169991016388,0.0,581304000
2002-08-12,0.07012683153152466,0.07666700333356857,0.0,0.07958299666643143,0.07383300364017487,0.07583300024271011,0.0,592800000
2002-08-13,0.06867799907922745,0.07508300244808197,0.0,0.08091700077056885,0.07500000298023224,0.07716699689626694,0.0,654420000
2002-08-14,0.07332824915647507,0.0801670029759407,0.0,0.08083300292491913,0.07583300024271011,0.07649999856948853,0.0,632688000
2002-08-15,0.0784350261092186,0.08574999868869781,0.0,0.08741699904203415,0.08233299851417542,0.08316700160503387,0.0,1140120000
2002-08-16,0.08148369193077087,0.0890830010175705,0.0,0.09208299964666367,0.07866699993610382,0.08116699755191803,0.0,1657428000
2002-08-19,0.09642428159713745,0.10541699826717377,0.0,0.11208300292491913,0.09274999797344208,0.09291700273752213,0.0,2243928000
2002-08-20,0.09215543419122696,0.10074999928474426,0.0,0.10833299905061722,0.09941700100898743,0.10625000298023224,0.0,1429488000
2002-08-21,0.09703347831964493,0.10608299821615219,0.0,0.10741700232028961,0.10041700303554535,0.10533300042152405,0.0,1194876000
2002-08-22,0.09375613182783127,0.10249999910593033,0.0,0.10708300024271011,0.10183300077915192,0.10291700065135956,0.0,1358496000
2002-08-23,0.08758192509412766,0.09574999660253525,0.0,0.1002499982714653,0.09516700357198715,0.09958299994468689,0.0,919932000
2002-08-26,0.0882679745554924,0.09650000184774399,0.0,0.09825000166893005,0.09200000017881393,0.09758300334215164,0.0,698568000
2002-08-27,0.0832371786236763,0.09099999815225601,0.0,0.09866700321435928,0.09041699767112732,0.09816700220108032,0.0,686712000
2002-08-28,0.07805357128381729,0.08533299714326859,0.0,0.0906670019030571,0.08500000089406967,0.09049999713897705,0.0,700356000
2002-08-29,0.0790451169013977,0.08641699701547623,0.0,0.0903329998254776,0.08358299732208252,0.08425000309944153,0.0,815520000
2002-08-30,0.07698705047369003,0.0841670036315918,0.0,0.08916699886322021,0.08250000327825546,0.08558300137519836,0.0,1065888000
2002-09-03,0.07226081192493439,0.07900000363588333,0.0,0.08058299869298935,0.0776669979095459,0.0801670029759407,0.0,847284000
2002-09-04,0.0718034878373146,0.07850000262260437,0.0,0.08133299648761749,0.07508300244808197,0.07925000041723251,0.0,930552000
2002-09-05,0.06905940920114517,0.0754999965429306,0.0,0.07808300107717514,0.07500000298023224,0.07774999737739563,0.0,714312000
2002-09-06,0.07058417797088623,0.07716699689626694,0.0,0.07933299988508224,0.07599999755620956,0.07866699993610382,0.0,746460000
2002-09-09,0.07050733268260956,0.07708299905061722,0.0,0.0794999971985817,0.0742499977350235,0.07658299803733826,0.0,578040000
2002-09-10,0.08056899905204773,0.08808299899101257,0.0,0.09208299964666367,0.07658299803733826,0.07666700333356857,0.0,2317632000
2002-09-11,0.08453326672315598,0.09241700172424316,0.0,0.09916699677705765,0.09083300083875656,0.09083300083875656,0.0,1657536000
2002-09-12,0.0818651095032692,0.08950000256299973,0.0,0.09508299827575684,0.0885000005364418,0.09016700088977814,0.0,1294932000
2002-09-13,0.08056899905204773,0.08808299899101257,0.0,0.09283299744129181,0.08749999850988388,0.08858300000429153,0.0,796872000
2002-09-16,0.07546225935220718,0.08250000327825546,0.0,0.08708299696445465,0.08041699975728989,0.08675000071525574,0.0,925464000
2002-09-17,0.07431891560554504,0.08124999701976776,0.0,0.08824999630451202,0.0807500034570694,0.08616700023412704,0.0,884052000
2002-09-18,0.07226081192493439,0.07900000363588333,0.0,0.08158300071954727,0.07658299803733826,0.07999999821186066,0.0,811692000
2002-09-19,0.06982135772705078,0.07633300125598907,0.0,0.07999999821186066,0.07591699808835983,0.07724999636411667,0.0,618492000
2002-09-20,0.0702027678489685,0.0767500028014183,0.0,0.07850000262260437,0.07508300244808197,0.07691700011491776,0.0,687312000
2002-09-23,0.06715410202741623,0.07341700047254562,0.0,0.07625000178813934,0.07291699945926666,0.0754999965429306,0.0,521676000
2002-09-24,0.06768736243247986,0.07400000095367432,0.0,0.07750000059604645,0.07124999910593033,0.07258299738168716,0.0,624444000
2002-09-25,0.0714220330119133,0.07808300107717514,0.0,0.07958299666643143,0.07524999976158142,0.07833299785852432,0.0,896616000
2002-09-26,0.06761143356561661,0.07391700148582458,0.0,0.08041699975728989,0.07275000214576721,0.07958299666643143,0.0,739560000
2002-09-27,0.06524785608053207,0.07133299857378006,0.0,0.07566700130701065,0.07124999910593033,0.07374999672174454,0.0,650688000
2002-09-30,0.06524785608053207,0.07133299857378006,0.0,0.07441700249910355,0.069582998752594,0.07108300179243088,0.0,584124000
2002-10-01,0.06875482201576233,0.07516700029373169,0.0,0.07583300024271011,0.06933300197124481,0.07191699743270874,0.0,888360000
2002-10-02,0.06867799907922745,0.07508300244808197,0.0,0.07958299666643143,0.07508300244808197,0.07575000077486038,0.0,749100000
2002-10-03,0.06532468646764755,0.07141699641942978,0.0,0.07541699707508087,0.07124999910593033,0.07416699826717377,0.0,590568000
2002-10-04,0.06204645708203316,0.06783299893140793,0.0,0.07349999994039536,0.06666699796915054,0.07124999910593033,0.0,529788000
2002-10-07,0.05899776518344879,0.06449999660253525,0.0,0.06825000047683716,0.06400000303983688,0.06691700220108032,0.0,493068000
2002-10-08,0.05724429711699486,0.06258299946784973,0.0,0.06683299690485,0.05999999865889549,0.06666699796915054,0.0,714252000
2002-10-09,0.056177761405706406,0.061416998505592346,0.0,0.06566700339317322,0.060332998633384705,0.06166699901223183,0.0,573132000
2002-10-10,0.05907368287444115,0.06458300352096558,0.0,0.06658300012350082,0.060832999646663666,0.060832999646663666,0.0,538032000
2002-10-11,0.06715410202741623,0.07341700047254562,0.0,0.07458300143480301,0.06666699796915054,0.06708300113677979,0.0,994140000
2002-10-14,0.06517194211483002,0.07124999910593033,0.0,0.07341700047254562,0.06975000351667404,0.07124999910593033,0.0,611484000
2002-10-15,0.07195622473955154,0.07866699993610382,0.0,0.0820000022649765,0.07758300006389618,0.07916700094938278,0.0,852768000
2002-10-16,0.06593391299247742,0.0720829963684082,0.0,0.07400000095367432,0.0708329975605011,0.0733330026268959,0.0,578124000
2002-10-17,0.07096469402313232,0.07758300006389618,0.0,0.08124999701976776,0.0764169991016388,0.07833299785852432,0.0,585792000
2002-10-18,0.07165072113275528,0.07833299785852432,0.0,0.07916700094938278,0.0742499977350235,0.07716699689626694,0.0,498372000
2002-10-21,0.07813041657209396,0.0854170024394989,0.0,0.08824999630451202,0.0754999965429306,0.07724999636411667,0.0,930624000
2002-10-22,0.08072175830602646,0.08824999630451202,0.0,0.09333299845457077,0.08141700178384781,0.08150000125169754,0.0,1272168000
2002-10-23,0.08399912714958191,0.09183300286531448,0.0,0.09308300167322159,0.08833300322294235,0.08958300203084946,0.0,925428000
2002-10-24,0.07973114401102066,0.08716700226068497,0.0,0.09466700255870819,0.08583299815654755,0.09366700053215027,0.0,1055172000
2002-10-25,0.08460920304059982,0.0925000011920929,0.0,0.09291700273752213,0.08633299916982651,0.08749999850988388,0.0,745956000
2002-10-28,0.0850665271282196,0.09300000220537186,0.0,0.09749999642372131,0.09241700172424316,0.09674999862909317,0.0,1070544000
2002-10-29,0.08133184909820557,0.08891700208187103,0.0,0.09383299946784973,0.08425000309944153,0.09316699951887131,0.0,772728000
2002-10-30,0.0856766328215599,0.09366700053215027,0.0,0.09666699916124344,0.09141699969768524,0.09175000339746475,0.0,1139496000
2002-10-31,0.09070747345685959,0.09916699677705765,0.0,0.09983299672603607,0.09408300369977951,0.09433300048112869,0.0,1255476000
2002-11-01,0.10747656226158142,0.11749999970197678,0.0,0.11891700327396393,0.09749999642372131,0.09766700118780136,0.0,2128836000
2002-11-04,0.11921482533216476,0.13033300638198853,0.0,0.13758300244808197,0.12425000220537186,0.12458299845457077,0.0,2688132000
2002-11-05,0.11448953300714493,0.12516699731349945,0.0,0.1321669965982437,0.11958300322294235,0.12999999523162842,0.0,2034540000
2002-11-06,0.1233309730887413,0.13483299314975739,0.0,0.13500000536441803,0.12433300167322159,0.12941700220108032,0.0,1646016000
2002-11-07,0.11090666055679321,0.12125000357627869,0.0,0.13133299350738525,0.12049999833106995,0.13133299350738525,0.0,1660560000
2002-11-08,0.08659134060144424,0.09466700255870819,0.0,0.108583003282547,0.09175000339746475,0.10249999910593033,0.0,3798900000
2002-11-11,0.07988302409648895,0.08733300119638443,0.0,0.09149999916553497,0.08516699820756912,0.09016700088977814,0.0,1378452000
2002-11-12,0.08697186410427094,0.09508299827575684,0.0,0.09833300113677979,0.08866699784994125,0.08941700309515,0.0,1381188000
2002-11-13,0.08971590548753738,0.09808299690485,0.0,0.100832998752594,0.09099999815225601,0.09283299744129181,0.0,1802112000
2002-11-14,0.09566144645214081,0.1045830026268959,0.0,0.10658299922943115,0.10141699761152267,0.1045830026268959,0.0,1138728000
2002-11-15,0.10267440974712372,0.11225000023841858,0.0,0.11591699719429016,0.10875000059604645,0.10999999940395355,0.0,2054328000
2002-11-18,0.10648590326309204,0.11641699820756912,0.0,0.12166699767112732,0.11608300358057022,0.12125000357627869,0.0,1982472000
2002-11-19,0.10800982266664505,0.11808300018310547,0.0,0.12399999797344208,0.1145000010728836,0.11574999988079071,0.0,1971948000
2002-11-20,0.11342207342386246,0.12399999797344208,0.0,0.125,0.12008299678564072,0.12166699767112732,0.0,1292796000
2002-11-21,0.12302633374929428,0.13449999690055847,0.0,0.14066700637340546,0.1287499964237213,0.1289999932050705,0.0,2053920000
2002-11-22,0.11982490867376328,0.13099999725818634,0.0,0.1336670070886612,0.125,0.12633299827575684,0.0,1251900000
2002-11-25,0.1241697147488594,0.13574999570846558,0.0,0.13908299803733826,0.13175000250339508,0.1370829939842224,0.0,1230084000
2002-11-26,0.12081556022167206,0.132082998752594,0.0,0.13908299803733826,0.13166700303554535,0.13641700148582458,0.0,1084332000
2002-11-27,0.1301911622285843,0.1423330008983612,0.0,0.14466699957847595,0.13591699302196503,0.1376670002937317,0.0,1088556000
2002-11-29,0.13057254254817963,0.14274999499320984,0.0,0.14816699922084808,0.14166699349880219,0.14608299732208252,0.0,519396000
2002-12-02,0.1295819729566574,0.14166699349880219,0.0,0.1522500067949295,0.14100000262260437,0.1503330022096634,0.0,1167504000
2002-12-03,0.12104421108961105,0.13233299553394318,0.0,0.13933299481868744,0.132082998752594,0.13899999856948853,0.0,1046220000
2002-12-04,0.10656185448169708,0.11649999767541885,0.0,0.125,0.11608300358057022,0.12300000339746475,0.0,2206548000
2002-12-05,0.10755245387554169,0.11758299916982651,0.0,0.12483300268650055,0.11474999785423279,0.12399999797344208,0.0,1594872000
2002-12-06,0.10770521312952042,0.11774999648332596,0.0,0.11999999731779099,0.11066699773073196,0.11249999701976776,0.0,1159224000
2002-12-09,0.09909157454967499,0.10833299905061722,0.0,0.11574999988079071,0.10741700232028961,0.11391700059175491,0.0,969792000
2002-12-10,0.10740060359239578,0.11741700023412704,0.0,0.11958300322294235,0.10966700315475464,0.1110830008983612,0.0,1389888000
2002-12-11,0.10679054260253906,0.11675000190734863,0.0,0.11999999731779099,0.11266700178384781,0.11658299714326859,0.0,1364208000
2002-12-12,0.10503705590963364,0.11483299732208252,0.0,0.12250000238418579,0.11458300054073334,0.12108299881219864,0.0,1302552000
2002-12-13,0.10092095285654068,0.11033300310373306,0.0,0.11275000125169754,0.10949999839067459,0.11275000125169754,0.0,707724000
2002-12-16,0.10686645656824112,0.11683300137519836,0.0,0.11749999970197678,0.11124999821186066,0.1141669973731041,0.0,1056972000
2002-12-17,0.10671459138393402,0.1166670024394989,0.0,0.12291699647903442,0.11574999988079071,0.11891700327396393,0.0,1077744000
2002-12-18,0.09855827689170837,0.10774999856948853,0.0,0.11316700279712677,0.10750000178813934,0.11299999803304672,0.0,1126836000
2002-12-19,0.09642428159713745,0.10541699826717377,0.0,0.1114170029759407,0.10433299839496613,0.10583300143480301,0.0,1100604000
2002-12-20,0.09771949797868729,0.10683300346136093,0.0,0.10991699993610382,0.10158299654722214,0.10875000059604645,0.0,804576000
2002-12-23,0.09840552508831024,0.10758300125598907,0.0,0.110166996717453,0.10625000298023224,0.10658299922943115,0.0,498648000
2002-12-24,0.09642428159713745,0.10541699826717377,0.0,0.11033300310373306,0.10483299940824509,0.10816700011491776,0.0,300336000
2002-12-26,0.09467083215713501,0.10350000113248825,0.0,0.10875000059604645,0.10258299857378006,0.10716699808835983,0.0,719760000
2002-12-27,0.09108797460794449,0.09958299994468689,0.0,0.10658299922943115,0.09866700321435928,0.10633300244808197,0.0,702528000
2002-12-30,0.08788656443357468,0.09608300030231476,0.0,0.10108300298452377,0.09383299946784973,0.10000000149011612,0.0,784740000
2002-12-31,0.08773471415042877,0.0959170013666153,0.0,0.09833300113677979,0.09324999898672104,0.09508299827575684,0.0,825396000
2003-01-02,0.09383206814527512,0.10258299857378006,0.0,0.10374999791383743,0.09658300131559372,0.10000000149011612,0.0,1302540000
2003-01-03,0.09383206814527512,0.10258299857378006,0.0,0.10625000298023224,0.100832998752594,0.10291700065135956,0.0,1037496000
2003-01-06,0.10145510733127594,0.11091700196266174,0.0,0.11258299648761749,0.10499999672174454,0.10508300364017487,0.0,1033428000
2003-01-07,0.10114961117506027,0.11058299988508224,0.0,0.11566700041294098,0.10933300107717514,0.11308299750089645,0.0,1498272000
2003-01-08,0.09108797460794449,0.09958299994468689,0.0,0.11091700196266174,0.09883300215005875,0.10774999856948853,0.0,1852524000
2003-01-09,0.09268870204687119,0.10133299976587296,0.0,0.10374999791383743,0.10033299773931503,0.10266699641942978,0.0,1436076000
2003-01-10,0.09428942203521729,0.10308299958705902,0.0,0.1045830026268959,0.09866700321435928,0.10000000149011612,0.0,924492000
2003-01-13,0.09352745860815048,0.10225000232458115,0.0,0.10791700333356857,0.10175000131130219,0.10700000077486038,0.0,849120000
2003-01-14,0.09421348571777344,0.10300000011920929,0.0,0.10400000214576721,0.09991700202226639,0.10258299857378006,0.0,868524000
2003-01-15,0.09131667762994766,0.09983299672603607,0.0,0.10391700267791748,0.09983299672603607,0.10308299958705902,0.0,904584000
2003-01-16,0.08514246344566345,0.09308300167322159,0.0,0.09958299994468689,0.09175000339746475,0.09833300113677979,0.0,2039976000
2003-01-17,0.08194102346897125,0.08958300203084946,0.0,0.09183300286531448,0.08841700106859207,0.09058299660682678,0.0,1058832000
2003-01-21,0.07988302409648895,0.08733300119638443,0.0,0.09316699951887131,0.08708299696445465,0.09125000238418579,0.0,967356000
2003-01-22,0.07995980978012085,0.08741699904203415,0.0,0.08966699987649918,0.08683300018310547,0.08708299696445465,0.0,550992000
2003-01-23,0.08216969668865204,0.08983299881219864,0.0,0.09125000238418579,0.08741699904203415,0.08974999934434891,0.0,918456000
2003-01-24,0.07752032577991486,0.08474999666213989,0.0,0.08950000256299973,0.0832500010728836,0.0890830010175705,0.0,897108000
2003-01-27,0.07637695968151093,0.08349999785423279,0.0,0.0872500017285347,0.08141700178384781,0.0829169973731041,0.0,889116000
2003-01-28,0.07912100851535797,0.08649999648332596,0.0,0.08808299899101257,0.07966700196266174,0.08241699635982513,0.0,1785480000
2003-01-29,0.08072175830602646,0.08824999630451202,0.0,0.08891700208187103,0.0841670036315918,0.0841670036315918,0.0,1022040000
2003-01-30,0.0774444118142128,0.08466699719429016,0.0,0.09075000137090683,0.08375000208616257,0.09000000357627869,0.0,743064000
2003-01-31,0.07866372913122177,0.0860000029206276,0.0,0.08833300322294235,0.08141700178384781,0.08216699957847595,0.0,949656000
2003-02-03,0.08018851280212402,0.08766700327396393,0.0,0.08933299779891968,0.08583299815654755,0.08758299797773361,0.0,755556000
2003-02-04,0.07660562545061111,0.08375000208616257,0.0,0.08749999850988388,0.08250000327825546,0.08708299696445465,0.0,627720000
2003-02-05,0.07729164510965347,0.08449999988079071,0.0,0.08791700005531311,0.0841670036315918,0.08558300137519836,0.0,581508000
2003-02-06,0.07790175080299377,0.08516699820756912,0.0,0.09049999713897705,0.08375000208616257,0.0903329998254776,0.0,1226184000
2003-02-07,0.07439479976892471,0.08133299648761749,0.0,0.0872500017285347,0.08116699755191803,0.08683300018310547,0.0,915156000
2003-02-10,0.07530950009822845,0.08233299851417542,0.0,0.0829169973731041,0.07774999737739563,0.08124999701976776,0.0,982632000
2003-02-11,0.07393748313188553,0.08083300292491913,0.0,0.0854170024394989,0.08041699975728989,0.08299999684095383,0.0,850716000
2003-02-12,0.07431891560554504,0.08124999701976776,0.0,0.08425000309944153,0.0801670029759407,0.08083300292491913,0.0,641400000
2003-02-13,0.07523353397846222,0.08224999904632568,0.0,0.08308299630880356,0.08041699975728989,0.08266700059175491,0.0,889164000
2003-02-14,0.09177400171756744,0.10033299773931503,0.0,0.10041700303554535,0.09125000238418579,0.09350000321865082,0.0,3548844000
2003-02-18,0.09703347831964493,0.10608299821615219,0.0,0.10808300226926804,0.10291700065135956,0.10416699945926666,0.0,1740516000
2003-02-19,0.09794817864894867,0.10708300024271011,0.0,0.10774999856948853,0.1042499989271164,0.10541699826717377,0.0,1141212000
2003-02-20,0.09794817864894867,0.10708300024271011,0.0,0.11033300310373306,0.10666699707508087,0.10750000178813934,0.0,978132000
2003-02-21,0.09802504628896713,0.10716699808835983,0.0,0.10741700232028961,0.1033329963684082,0.10700000077486038,0.0,913260000
2003-02-24,0.09924428910017014,0.10849999636411667,0.0,0.11241699755191803,0.10566700249910355,0.10625000298023224,0.0,1137012000
2003-02-25,0.09863419085741043,0.10783299803733826,0.0,0.10833299905061722,0.1033329963684082,0.10499999672174454,0.0,1239204000
2003-02-26,0.09383206814527512,0.10258299857378006,0.0,0.10816700011491776,0.10233300179243088,0.10641700029373169,0.0,746892000
2003-02-27,0.09581421315670013,0.10474999994039536,0.0,0.10525000095367432,0.10191699862480164,0.10358300060033798,0.0,675312000
2003-02-28,0.09619563072919846,0.10516700148582458,0.0,0.10541699826717377,0.09849999845027924,0.1014999970793724,0.0,1653336000
2003-03-03,0.09459490329027176,0.10341700166463852,0.0,0.10833299905061722,0.1020829975605011,0.10641700029373169,0.0,702036000
2003-03-04,0.09383206814527512,0.10258299857378006,0.0,0.10474999994039536,0.10158299654722214,0.10374999791383743,0.0,538392000
2003-03-05,0.09535687416791916,0.1042499989271164,0.0,0.10483299940824509,0.10133299976587296,0.10158299654722214,0.0,522156000
2003-03-06,0.09375613182783127,0.10249999910593033,0.0,0.10441700369119644,0.1020829975605011,0.10341700166463852,0.0,548064000
2003-03-07,0.09520409256219864,0.10408300161361694,0.0,0.10441700369119644,0.10000000149011612,0.10091699659824371,0.0,581148000
2003-03-10,0.09253683686256409,0.10116700083017349,0.0,0.10350000113248825,0.10100000351667404,0.10300000011920929,0.0,344796000
2003-03-11,0.09322288632392883,0.10191699862480164,0.0,0.10358300060033798,0.10074999928474426,0.10191699862480164,0.0,417144000
2003-03-12,0.09581421315670013,0.10474999994039536,0.0,0.10499999672174454,0.10183300077915192,0.10275000333786011,0.0,493920000
2003-03-13,0.10534259676933289,0.11516699939966202,0.0,0.11583299934864044,0.1073329970240593,0.10783299803733826,0.0,1362732000
2003-03-14,0.10229300707578659,0.11183299869298935,0.0,0.1166670024394989,0.11100000143051147,0.11558300256729126,0.0,1094220000
2003-03-17,0.10823847353458405,0.11833299696445465,0.0,0.12058299779891968,0.10975000262260437,0.10999999940395355,0.0,1307808000
2003-03-18,0.10740060359239578,0.11741700023412704,0.0,0.11924999952316284,0.11500000208616257,0.117917001247406,0.0,932280000
2003-03-19,0.1079339012503624,0.11800000071525574,0.0,0.11883299797773361,0.1138330027461052,0.11766699701547623,0.0,712992000
2003-03-20,0.10892447829246521,0.11908300220966339,0.0,0.1215829998254776,0.11491700261831284,0.11800000071525574,0.0,780060000
2003-03-21,0.1079339012503624,0.11800000071525574,0.0,0.12358299642801285,0.11266700178384781,0.1231670007109642,0.0,1681800000
2003-03-24,0.10389365255832672,0.11358299851417542,0.0,0.1166670024394989,0.11249999701976776,0.11316700279712677,0.0,839016000
2003-03-25,0.10686645656824112,0.11683300137519836,0.0,0.11858300119638443,0.11349999904632568,0.11391700059175491,0.0,672828000
2003-03-26,0.10983917862176895,0.12008299678564072,0.0,0.12208300083875656,0.1185000017285347,0.11941699683666229,0.0,1107840000
2003-03-27,0.10671459138393402,0.1166670024394989,0.0,0.12099999934434891,0.1163330003619194,0.1185000017285347,0.0,1392732000
2003-03-28,0.10236980020999908,0.11191699653863907,0.0,0.11708299815654755,0.11008299887180328,0.1166670024394989,0.0,1290684000
2003-03-31,0.09817686676979065,0.1073329970240593,0.0,0.1098330020904541,0.10683300346136093,0.10849999636411667,0.0,680508000
2003-04-01,0.10107368975877762,0.11050000041723251,0.0,0.11166699975728989,0.10716699808835983,0.10958299785852432,0.0,533808000
2003-04-02,0.10480839014053345,0.11458300054073334,0.0,0.11649999767541885,0.11275000125169754,0.11424999684095383,0.0,771900000
2003-04-03,0.10618043690919876,0.11608300358057022,0.0,0.1166670024394989,0.11366699635982513,0.1166670024394989,0.0,702780000
2003-04-04,0.1020643338561058,0.11158300191164017,0.0,0.11658299714326859,0.1110830008983612,0.11641699820756912,0.0,513840000
2003-04-07,0.10313178598880768,0.11275000125169754,0.0,0.11999999731779099,0.11166699975728989,0.11908300220966339,0.0,671256000
2003-04-08,0.1021411344408989,0.11166699975728989,0.0,0.11433299630880356,0.11091700196266174,0.11375000327825546,0.0,475032000
2003-04-09,0.10160697251558304,0.1110830008983612,0.0,0.1150830015540123,0.11091700196266174,0.11208300292491913,0.0,694260000
2003-04-10,0.1021411344408989,0.11166699975728989,0.0,0.11275000125169754,0.11058299988508224,0.11258299648761749,0.0,364104000
2003-04-11,0.10099778324365616,0.11041700094938278,0.0,0.1138330027461052,0.10933300107717514,0.11291699856519699,0.0,374184000
2003-04-14,0.10275031626224518,0.11233299970626831,0.0,0.11266700178384781,0.10841699689626694,0.10875000059604645,0.0,445776000
2003-04-15,0.10221707075834274,0.11174999922513962,0.0,0.11316700279712677,0.10883300006389618,0.11158300191164017,0.0,490212000
2003-04-16,0.10221707075834274,0.11174999922513962,0.0,0.11458300054073334,0.11083299666643143,0.11433299630880356,0.0,671988000
2003-04-17,0.10404644161462784,0.11375000327825546,0.0,0.11400000005960464,0.11025000363588333,0.11258299648761749,0.0,520740000
2003-04-21,0.10671459138393402,0.1166670024394989,0.0,0.11699999868869781,0.11283300071954727,0.11391700059175491,0.0,597144000
2003-04-22,0.10808666795492172,0.11816699802875519,0.0,0.11824999749660492,0.1141669973731041,0.11608300358057022,0.0,787392000
2003-04-23,0.1105252280831337,0.12083300203084946,0.0,0.1215829998254776,0.11708299815654755,0.11800000071525574,0.0,606204000
2003-04-24,0.10724786669015884,0.1172500029206276,0.0,0.12091699987649918,0.11566700041294098,0.12091699987649918,0.0,660912000
2003-04-25,0.10328447073698044,0.11291699856519699,0.0,0.11858300119638443,0.11183299869298935,0.11658299714326859,0.0,884652000
2003-04-28,0.10640908777713776,0.1163330003619194,0.0,0.11841700226068497,0.11291699856519699,0.11424999684095383,0.0,674988000
2003-04-29,0.10968735069036484,0.11991699784994125,0.0,0.1215829998254776,0.11808300018310547,0.11900000274181366,0.0,670344000
2003-04-30,0.10923004150390625,0.11941699683666229,0.0,0.12250000238418579,0.11874999850988388,0.11924999952316284,0.0,466620000
2003-05-01,0.10991604626178741,0.12016700208187103,0.0,0.12133300304412842,0.117917001247406,0.11858300119638443,0.0,733368000
2003-05-02,0.12119688093662262,0.13249999284744263,0.0,0.1333329975605011,0.12108299881219864,0.12174999713897705,0.0,1691088000
2003-05-05,0.1241697147488594,0.13574999570846558,0.0,0.1420000046491623,0.13133299350738525,0.13375000655651093,0.0,1576164000
2003-05-06,0.12432249635457993,0.13591699302196503,0.0,0.13941699266433716,0.13375000655651093,0.13508300483226776,0.0,1143864000
2003-05-07,0.12234034389257431,0.13375000655651093,0.0,0.1370829939842224,0.13141700625419617,0.13391700387001038,0.0,897372000
2003-05-08,0.12241626530885696,0.13383300602436066,0.0,0.13916699588298798,0.13041700422763824,0.132082998752594,0.0,1957452000
2003-05-09,0.1628914624452591,0.17808300256729126,0.0,0.17941699922084808,0.1525000035762787,0.156917005777359,0.0,9230856000
2003-05-12,0.15831796824932098,0.17308300733566284,0.0,0.18250000476837158,0.17166699469089508,0.1784999966621399,0.0,3007860000
2003-05-13,0.15534532070159912,0.1698330044746399,0.0,0.17249999940395355,0.1661670058965683,0.16716699302196503,0.0,1824108000
2003-05-14,0.15519337356090546,0.16966700553894043,0.0,0.17249999940395355,0.16750000417232513,0.17041699588298798,0.0,965580000
2003-05-15,0.1605287790298462,0.17550000548362732,0.0,0.17583300173282623,0.17125000059604645,0.17216700315475464,0.0,1105656000
2003-05-16,0.16205357015132904,0.17716699838638306,0.0,0.18025000393390656,0.17308300733566284,0.17333300411701202,0.0,1028916000
2003-05-19,0.15290670096874237,0.16716699302196503,0.0,0.17649999260902405,0.16508300602436066,0.1748329997062683,0.0,1220484000
2003-05-20,0.15397314727306366,0.1683329939842224,0.0,0.16958299279212952,0.16666699945926666,0.1674170047044754,0.0,884124000
2003-05-21,0.15938539803028107,0.17425000667572021,0.0,0.17433300614356995,0.16750000417232513,0.16841700673103333,0.0,905472000
2003-05-22,0.15991875529289246,0.1748329997062683,0.0,0.17641699314117432,0.17041699588298798,0.1745000034570694,0.0,888816000
2003-05-23,0.15908083319664001,0.1739169955253601,0.0,0.17833299934864044,0.17316700518131256,0.17499999701976776,0.0,867612000
2003-05-27,0.17318178713321686,0.1893330067396164,0.0,0.1899999976158142,0.16875000298023224,0.17208300530910492,0.0,1677408000
2003-05-28,0.1727243959903717,0.18883299827575684,0.0,0.19083300232887268,0.18416699767112732,0.1887499988079071,0.0,1235556000
2003-05-29,0.1845395565032959,0.2017499953508377,0.0,0.20816700160503387,0.18833300471305847,0.1887499988079071,0.0,2297736000
2003-05-30,0.19947916269302368,0.218082994222641,0.0,0.22191700339317322,0.21541699767112732,0.22083300352096558,0.0,2142312000
2003-06-02,0.18842697143554688,0.20600000023841858,0.0,0.2240000069141388,0.20466700196266174,0.22374999523162842,0.0,1566144000
2003-06-03,0.19231440126895905,0.21025000512599945,0.0,0.21649999916553497,0.2011670023202896,0.20366699993610382,0.0,1596804000
2003-06-04,0.19688789546489716,0.21525000035762787,0.0,0.21541699767112732,0.2063329964876175,0.20958299934864044,0.0,1175604000
2003-06-05,0.20252880454063416,0.22141699492931366,0.0,0.2221670001745224,0.20958299934864044,0.21241700649261475,0.0,1204404000
2003-06-06,0.19635464251041412,0.21466700732707977,0.0,0.23125000298023224,0.21299999952316284,0.23008300364017487,0.0,1378836000
2003-06-09,0.1939910352230072,0.21208299696445465,0.0,0.21883299946784973,0.2088329941034317,0.21333299577236176,0.0,720588000
2003-06-10,0.1968119889497757,0.21516700088977814,0.0,0.2153329998254776,0.2097499966621399,0.21208299696445465,0.0,563304000
2003-06-11,0.19696380198001862,0.2153329998254776,0.0,0.2172500044107437,0.20999999344348907,0.2138330042362213,0.0,943836000
2003-06-12,0.1939910352230072,0.21208299696445465,0.0,0.21916699409484863,0.21141700446605682,0.2168329954147339,0.0,1046688000
2003-06-13,0.1788986772298813,0.19558300077915192,0.0,0.20874999463558197,0.19416700303554535,0.20291699469089508,0.0,1826808000
2003-06-16,0.18271009624004364,0.19975000619888306,0.0,0.20225000381469727,0.18483300507068634,0.19791699945926666,0.0,1904868000
2003-06-17,0.18705491721630096,0.2045000046491623,0.0,0.20583300292491913,0.1983329951763153,0.20433300733566284,0.0,999852000
2003-06-18,0.19421972334384918,0.21233299374580383,0.0,0.21641699969768524,0.20083299279212952,0.20250000059604645,0.0,1122072000
2003-06-19,0.1824055165052414,0.19941699504852295,0.0,0.21433299779891968,0.1983329951763153,0.21324999630451202,0.0,1190532000
2003-06-20,0.18049930036067963,0.19733299314975739,0.0,0.20166699588298798,0.19416700303554535,0.20158299803733826,0.0,937848000
2003-06-23,0.1740964949131012,0.19033299386501312,0.0,0.19816699624061584,0.18641699850559235,0.19716699421405792,0.0,734784000
2003-06-24,0.17371593415737152,0.18991699814796448,0.0,0.1933329999446869,0.18383300304412842,0.18916699290275574,0.0,1008816000
2003-06-25,0.17485933005809784,0.19116699695587158,0.0,0.19816699624061584,0.1896670013666153,0.19041700661182404,0.0,1060620000
2003-06-26,0.17508801817893982,0.19141699373722076,0.0,0.1940000057220459,0.18574999272823334,0.19175000488758087,0.0,960540000
2003-06-27,0.17196246981620789,0.18799999356269836,0.0,0.19541700184345245,0.18708300590515137,0.1936669945716858,0.0,709104000
2003-06-30,0.17463059723377228,0.1909170001745224,0.0,0.19425000250339508,0.18833300471305847,0.19050000607967377,0.0,544128000
2003-07-01,0.18179544806480408,0.19875000417232513,0.0,0.19900000095367432,0.18674999475479126,0.18850000202655792,0.0,977016000
2003-07-02,0.18126216530799866,0.19816699624061584,0.0,0.20316700637340546,0.19541700184345245,0.20058299601078033,0.0,846828000
2003-07-03,0.17920413613319397,0.19591699540615082,0.0,0.20100000500679016,0.19316700100898743,0.19358299672603607,0.0,420912000
2003-07-07,0.19094236195087433,0.20874999463558197,0.0,0.20983299612998962,0.19850000739097595,0.19858300685882568,0.0,832200000
2003-07-08,0.18880833685398102,0.2064169943332672,0.0,0.2091670036315918,0.20250000059604645,0.2029999941587448,0.0,602856000
2003-07-09,0.19315320253372192,0.21116699278354645,0.0,0.21458299458026886,0.20600000023841858,0.2063329964876175,0.0,755352000
2003-07-10,0.18522557616233826,0.20250000059604645,0.0,0.20724999904632568,0.19891700148582458,0.20458300411701202,0.0,644568000
2003-07-11,0.18621619045734406,0.2035830020904541,0.0,0.20616699755191803,0.20183299481868744,0.20491699874401093,0.0,495000000
2003-07-14,0.18476822972297668,0.20200000703334808,0.0,0.20999999344348907,0.20100000500679016,0.20874999463558197,0.0,694344000
2003-07-15,0.17874675989151,0.19541700184345245,0.0,0.20591700077056885,0.19349999725818634,0.20499999821186066,0.0,1143456000
2003-07-16,0.1765359491109848,0.19300000369548798,0.0,0.20000000298023224,0.18833300471305847,0.19908300042152405,0.0,880476000
2003-07-17,0.16769352555274963,0.18333299458026886,0.0,0.18958300352096558,0.18083299696445465,0.1871670037508011,0.0,853764000
2003-07-18,0.16205357015132904,0.17716699838638306,0.0,0.1803330034017563,0.17058299481868744,0.179749995470047,0.0,1280832000
2003-07-21,0.15961405634880066,0.1745000034570694,0.0,0.17874999344348907,0.17033299803733826,0.17816700041294098,0.0,985140000
2003-07-22,0.16228221356868744,0.17741699516773224,0.0,0.18074999749660492,0.17641699314117432,0.17941699922084808,0.0,582444000
2003-07-23,0.16441626846790314,0.179749995470047,0.0,0.18083299696445465,0.17191700637340546,0.1772499978542328,0.0,605328000
2003-07-24,0.15801340341567993,0.17274999618530273,0.0,0.18433299660682678,0.17125000059604645,0.18299999833106995,0.0,1116828000
2003-07-25,0.1605287790298462,0.17550000548362732,0.0,0.17649999260902405,0.16666699945926666,0.17308300733566284,0.0,1002084000
2003-07-28,0.15557390451431274,0.17008300125598907,0.0,0.17733299732208252,0.16933299601078033,0.17691700160503387,0.0,703752000
2003-07-29,0.14536045491695404,0.15891699492931366,0.0,0.1679999977350235,0.15299999713897705,0.15466700494289398,0.0,2794788000
2003-07-30,0.14375966787338257,0.1571670025587082,0.0,0.16016699373722076,0.15616700053215027,0.15833300352096558,0.0,788724000
2003-07-31,0.14551226794719696,0.15908299386501312,0.0,0.16316699981689453,0.15741699934005737,0.16083300113677979,0.0,897600000
2003-08-01,0.15031445026397705,0.16433300077915192,0.0,0.16566699743270874,0.15758299827575684,0.15916700661182404,0.0,767556000
2003-08-04,0.15595537424087524,0.1704999953508377,0.0,0.17350000143051147,0.16316699981689453,0.16416700184345245,0.0,1428852000
2003-08-05,0.15549799799919128,0.17000000178813934,0.0,0.17891700565814972,0.1685830056667328,0.17491699755191803,0.0,1063488000
2003-08-06,0.14917096495628357,0.1630830019712448,0.0,0.17000000178813934,0.1589999943971634,0.16775000095367432,0.0,1025868000
2003-08-07,0.14711295068264008,0.16083300113677979,0.0,0.16500000655651093,0.15866699814796448,0.16266700625419617,0.0,1040340000
2003-08-08,0.11814828962087631,0.12916700541973114,0.0,0.13850000500679016,0.1271670013666153,0.13791699707508087,0.0,3767580000
2003-08-11,0.12455113977193832,0.1361670047044754,0.0,0.13791699707508087,0.13041700422763824,0.13124999403953552,0.0,1675752000
2003-08-12,0.12706655263900757,0.1389169991016388,0.0,0.1392499953508377,0.13566699624061584,0.13791699707508087,0.0,764160000
2003-08-13,0.12790443003177643,0.139833003282547,0.0,0.14208300411701202,0.13600000739097595,0.13950000703334808,0.0,693552000
2003-08-14,0.12348365783691406,0.13500000536441803,0.0,0.13716700673103333,0.13349999487400055,0.13516700267791748,0.0,1527696000
2003-08-15,0.12310224026441574,0.1345829963684082,0.0,0.13541699945926666,0.1333329975605011,0.13416700065135956,0.0,217716000
2003-08-18,0.1267610639333725,0.1385830044746399,0.0,0.1385830044746399,0.13433299958705902,0.1367499977350235,0.0,717684000
2003-08-19,0.136442169547081,0.149167001247406,0.0,0.15000000596046448,0.14158299565315247,0.14166699349880219,0.0,1403976000
2003-08-20,0.13453592360019684,0.14708299934864044,0.0,0.14983299374580383,0.1438329964876175,0.14708299934864044,0.0,870348000
2003-08-21,0.13819469511508942,0.15108299255371094,0.0,0.1525000035762787,0.14833299815654755,0.1506669968366623,0.0,644748000
2003-08-22,0.13918624818325043,0.15216700732707977,0.0,0.16233299672603607,0.15208299458026886,0.16016699373722076,0.0,1002396000
2003-08-25,0.1384233683347702,0.1513330042362213,0.0,0.15508300065994263,0.15000000596046448,0.15508300065994263,0.0,434028000
2003-08-26,0.136213481426239,0.14891700446605682,0.0,0.15166699886322021,0.14483299851417542,0.1494169980287552,0.0,768984000
2003-08-27,0.14032961428165436,0.15341700613498688,0.0,0.1550000011920929,0.14833299815654755,0.14991700649261475,0.0,567816000
2003-08-28,0.1366707682609558,0.1494169980287552,0.0,0.15575000643730164,0.14766700565814972,0.15491700172424316,0.0,828312000
2003-08-29,0.13850025832653046,0.15141700208187103,0.0,0.15208299458026886,0.14858299493789673,0.149167001247406,0.0,532884000
2003-09-02,0.13728001713752747,0.1500830054283142,0.0,0.15541699528694153,0.14933300018310547,0.1540829986333847,0.0,711456000
2003-09-03,0.1346128135919571,0.14716699719429016,0.0,0.15275000035762787,0.14641700685024261,0.15233300626277924,0.0,849972000
2003-09-04,0.13590797781944275,0.14858299493789673,0.0,0.15208299458026886,0.1466670036315918,0.14775000512599945,0.0,740064000
2003-09-05,0.14238771796226501,0.1556670069694519,0.0,0.15916700661182404,0.14708299934864044,0.1488330066204071,0.0,1198740000
2003-09-08,0.14894236624240875,0.16283300518989563,0.0,0.16466699540615082,0.15625,0.1581670045852661,0.0,1508712000
2003-09-09,0.15808933973312378,0.17283299565315247,0.0,0.17891700565814972,0.15616700053215027,0.15833300352096558,0.0,2489436000
2003-09-10,0.1472657024860382,0.16099999845027924,0.0,0.17241699993610382,0.1596670001745224,0.16791699826717377,0.0,1380624000
2003-09-11,0.14536045491695404,0.15891699492931366,0.0,0.16791699826717377,0.1525000035762787,0.16316699981689453,0.0,2612736000
2003-09-12,0.14749440550804138,0.16124999523162842,0.0,0.16474999487400055,0.15583300590515137,0.15758299827575684,0.0,1162404000
2003-09-15,0.1450549066066742,0.15858300030231476,0.0,0.1634169965982437,0.15800000727176666,0.16258299350738525,0.0,596028000
2003-09-16,0.14955249428749084,0.16349999606609344,0.0,0.164000004529953,0.15891699492931366,0.15891699492931366,0.0,620736000
2003-09-17,0.1513058990240097,0.16541700065135956,0.0,0.1685830056667328,0.16316699981689453,0.16449999809265137,0.0,902784000
2003-09-18,0.1524493396282196,0.16666699945926666,0.0,0.1667499989271164,0.16266700625419617,0.16449999809265137,0.0,603492000
2003-09-19,0.1512291133403778,0.16533300280570984,0.0,0.16966700553894043,0.16383300721645355,0.1685830056667328,0.0,648096000
2003-09-22,0.14528362452983856,0.15883299708366394,0.0,0.1624169945716858,0.1574999988079071,0.1620829999446869,0.0,735504000
2003-09-23,0.14665557444095612,0.16033299267292023,0.0,0.16124999523162842,0.15700000524520874,0.15908299386501312,0.0,628932000
2003-09-24,0.13552746176719666,0.14816699922084808,0.0,0.15833300352096558,0.1479170024394989,0.156917005777359,0.0,1600668000
2003-09-25,0.1336212456226349,0.14608299732208252,0.0,0.15199999511241913,0.1454170048236847,0.14933300018310547,0.0,736776000
2003-09-26,0.12851448357105255,0.1404999941587448,0.0,0.14608299732208252,0.1385830044746399,0.14566700160503387,0.0,895908000
2003-09-29,0.1215784102678299,0.13291700184345245,0.0,0.13816699385643005,0.1308329999446869,0.13341699540615082,0.0,1944996000
2003-09-30,0.12173020839691162,0.13308300077915192,0.0,0.13758300244808197,0.13124999403953552,0.13175000250339508,0.0,1020888000
2003-10-01,0.12272172421216965,0.13416700065135956,0.0,0.13574999570846558,0.13300000131130219,0.1333329975605011,0.0,877224000
2003-10-02,0.12462708353996277,0.13625000417232513,0.0,0.13816699385643005,0.13291700184345245,0.1333329975605011,0.0,857628000
2003-10-03,0.12790443003177643,0.139833003282547,0.0,0.14333300292491913,0.13758300244808197,0.14000000059604645,0.0,862812000
2003-10-06,0.12691377103328705,0.13875000178813934,0.0,0.14149999618530273,0.13758300244808197,0.14008300006389618,0.0,377028000
2003-10-07,0.12805715203285217,0.14000000059604645,0.0,0.14000000059604645,0.13683299720287323,0.13875000178813934,0.0,510588000
2003-10-08,0.1235596314072609,0.13508300483226776,0.0,0.14124999940395355,0.1342500001192093,0.14000000059604645,0.0,739440000
2003-10-09,0.12531307339668274,0.13699999451637268,0.0,0.1423330008983612,0.13591699302196503,0.1370829939842224,0.0,852408000
2003-10-10,0.12752389907836914,0.13941699266433716,0.0,0.14041699469089508,0.13750000298023224,0.13916699588298798,0.0,413976000
2003-10-13,0.12881910800933838,0.14083300530910492,0.0,0.14374999701976776,0.13991700112819672,0.14100000262260437,0.0,434904000
2003-10-14,0.13118264079093933,0.14341700077056885,0.0,0.1438329964876175,0.13850000500679016,0.13933299481868744,0.0,623556000
2003-10-15,0.12950511276721954,0.14158299565315247,0.0,0.14775000512599945,0.14066700637340546,0.1450829952955246,0.0,703488000
2003-10-16,0.13110582530498505,0.14333300292491913,0.0,0.1438329964876175,0.13958300650119781,0.14174999296665192,0.0,446088000
2003-10-17,0.1269897222518921,0.13883300125598907,0.0,0.14524999260902405,0.1386670023202896,0.14249999821186066,0.0,459696000
2003-10-20,0.12981060147285461,0.14191700518131256,0.0,0.14208300411701202,0.13808299601078033,0.1389169991016388,0.0,467388000
2003-10-21,0.13377399742603302,0.14624999463558197,0.0,0.14900000393390656,0.14249999821186066,0.1445000022649765,0.0,758724000
2003-10-22,0.13148726522922516,0.14374999701976776,0.0,0.14733299612998962,0.14300000667572021,0.14399999380111694,0.0,620952000
2003-10-23,0.13087713718414307,0.14308300614356995,0.0,0.14583300054073334,0.141416996717453,0.14166699349880219,0.0,451524000
2003-10-24,0.1304198056459427,0.1425829976797104,0.0,0.1438329964876175,0.14033299684524536,0.14166699349880219,0.0,447084000
2003-10-27,0.13110582530498505,0.14333300292491913,0.0,0.14499999582767487,0.1423330008983612,0.14333300292491913,0.0,254460000
2003-10-28,0.13933807611465454,0.15233300626277924,0.0,0.1531669944524765,0.14458300173282623,0.14524999260902405,0.0,956064000
2003-10-29,0.13933807611465454,0.15233300626277924,0.0,0.15416699647903442,0.14775000512599945,0.14783300459384918,0.0,494004000
2003-10-30,0.13674674928188324,0.14949999749660492,0.0,0.15633299946784973,0.14925000071525574,0.15625,0.0,581256000
2003-10-31,0.13476461172103882,0.14733299612998962,0.0,0.15208299458026886,0.14499999582767487,0.15083299577236176,0.0,598152000
2003-11-03,0.13728001713752747,0.1500830054283142,0.0,0.15291699767112732,0.14591699838638306,0.14658300578594208,0.0,773724000
2003-11-04,0.13773733377456665,0.15058299899101257,0.0,0.1537500023841858,0.14958299696445465,0.15333299338817596,0.0,700896000
2003-11-05,0.13827157020568848,0.15116700530052185,0.0,0.15266700088977814,0.1450829952955246,0.14749999344348907,0.0,882024000
2003-11-06,0.13850025832653046,0.15141700208187103,0.0,0.15416699647903442,0.14866699278354645,0.15341700613498688,0.0,1175280000
2003-11-07,0.16578829288482666,0.18125000596046448,0.0,0.18383300304412842,0.1766670048236847,0.18050000071525574,0.0,4292820000
2003-11-10,0.1653308868408203,0.18074999749660492,0.0,0.18433299660682678,0.17966699600219727,0.18183299899101257,0.0,1210056000
2003-11-11,0.16121484339237213,0.17624999582767487,0.0,0.179749995470047,0.17308300733566284,0.1766670048236847,0.0,799140000
2003-11-12,0.16334880888462067,0.17858299612998962,0.0,0.1791670024394989,0.1748329997062683,0.17566700279712677,0.0,617664000
2003-11-13,0.16342566907405853,0.17866699397563934,0.0,0.18116700649261475,0.1775829941034317,0.17858299612998962,0.0,580332000
2003-11-14,0.15374450385570526,0.16808299720287323,0.0,0.1791670024394989,0.16758300364017487,0.1791670024394989,0.0,888420000
2003-11-17,0.15214379131793976,0.16633300483226776,0.0,0.1683329939842224,0.163332998752594,0.1649170070886612,0.0,599880000
2003-11-18,0.14993390440940857,0.16391700506210327,0.0,0.17249999940395355,0.163332998752594,0.17041699588298798,0.0,991428000
2003-11-19,0.15412595868110657,0.16850000619888306,0.0,0.16916699707508087,0.16449999809265137,0.16508300602436066,0.0,567552000
2003-11-20,0.15000982582569122,0.164000004529953,0.0,0.16949999332427979,0.163332998752594,0.1658329963684082,0.0,738852000
2003-11-21,0.15061993896961212,0.16466699540615082,0.0,0.16625000536441803,0.1615000069141388,0.16599999368190765,0.0,543240000
2003-11-24,0.1596900373697281,0.17458300292491913,0.0,0.17499999701976776,0.16508300602436066,0.16625000536441803,0.0,940644000
2003-11-25,0.16243411600589752,0.1775829941034317,0.0,0.17908300459384918,0.17333300411701202,0.17533299326896667,0.0,822804000
2003-11-26,0.16258688271045685,0.17775000631809235,0.0,0.18108299374580383,0.17441700398921967,0.18050000071525574,0.0,430032000
2003-11-28,0.16182491183280945,0.17691700160503387,0.0,0.17816700041294098,0.1754170060157776,0.17766700685024261,0.0,206136000
2003-12-01,0.16411170363426208,0.17941699922084808,0.0,0.18074999749660492,0.17683300375938416,0.17891700565814972,0.0,526980000
2003-12-02,0.16342566907405853,0.17866699397563934,0.0,0.18233299255371094,0.1775829941034317,0.17833299934864044,0.0,574740000
2003-12-03,0.16174809634685516,0.17683300375938416,0.0,0.1850000023841858,0.17641699314117432,0.1791670024394989,0.0,710028000
2003-12-04,0.1609102040529251,0.17591699957847595,0.0,0.18058300018310547,0.1717499941587448,0.17741699516773224,0.0,521952000
2003-12-05,0.15572668612003326,0.17024999856948853,0.0,0.1766670048236847,0.16883300244808197,0.1717499941587448,0.0,559848000
2003-12-08,0.1568700522184372,0.17149999737739563,0.0,0.1732500046491623,0.16875000298023224,0.17024999856948853,0.0,340980000
2003-12-09,0.14871369302272797,0.16258299350738525,0.0,0.17283299565315247,0.16249999403953552,0.17116700112819672,0.0,598128000
2003-12-10,0.15199190378189087,0.1661670058965683,0.0,0.1670829951763153,0.16249999403953552,0.16258299350738525,0.0,568656000
2003-12-11,0.1596900373697281,0.17458300292491913,0.0,0.1766670048236847,0.16574999690055847,0.16608299314975739,0.0,694872000
2003-12-12,0.15885211527347565,0.17366699874401093,0.0,0.17808300256729126,0.17083300650119781,0.17691700160503387,0.0,700692000
2003-12-15,0.15565073490142822,0.1701669991016388,0.0,0.17900000512599945,0.16966700553894043,0.17874999344348907,0.0,622752000
2003-12-16,0.15778468549251556,0.17249999940395355,0.0,0.1735830008983612,0.1661670058965683,0.16916699707508087,0.0,601728000
2003-12-17,0.15473608672618866,0.16916699707508087,0.0,0.17166699469089508,0.16633300483226776,0.171083003282547,0.0,499116000
2003-12-18,0.15824201703071594,0.17299999296665192,0.0,0.17475000023841858,0.16933299601078033,0.16949999332427979,0.0,436728000
2003-12-19,0.16060477495193481,0.17558300495147705,0.0,0.18000000715255737,0.17366699874401093,0.17733299732208252,0.0,916956000
2003-12-22,0.16083337366580963,0.17583300173282623,0.0,0.17624999582767487,0.17125000059604645,0.17299999296665192,0.0,371184000
2003-12-23,0.16738897562026978,0.18299999833106995,0.0,0.1847500056028366,0.1750829964876175,0.1751669943332672,0.0,722760000
2003-12-24,0.16616974771022797,0.1816670000553131,0.0,0.1835000067949295,0.18116700649261475,0.18291699886322021,0.0,210852000
2003-12-26,0.17333458364009857,0.18950000405311584,0.0,0.1905830055475235,0.18233299255371094,0.18308299779891968,0.0,363960000
2003-12-29,0.18065208196640015,0.19750000536441803,0.0,0.19816699624061584,0.1921669989824295,0.1930830031633377,0.0,756624000
2003-12-30,0.18103353679180145,0.19791699945926666,0.0,0.20166699588298798,0.195250004529953,0.19541700184345245,0.0,550884000
2003-12-31,0.17684049904346466,0.1933329999446869,0.0,0.19875000417232513,0.19016699492931366,0.19783300161361694,0.0,497268000
2004-01-02,0.1759258210659027,0.19233299791812897,0.0,0.19908300042152405,0.19233299791812897,0.19641700387001038,0.0,436416000
2004-01-05,0.18164271116256714,0.19858300685882568,0.0,0.1999170035123825,0.19349999725818634,0.195250004529953,0.0,575292000
2004-01-06,0.18903708457946777,0.2066670060157776,0.0,0.20941700041294098,0.1970829963684082,0.1979999989271164,0.0,1093344000
2004-01-07,0.19071374833583832,0.2084999978542328,0.0,0.2094999998807907,0.20291699469089508,0.20433300733566284,0.0,673032000
2004-01-08,0.1913996934890747,0.20925000309944153,0.0,0.21208299696445465,0.20724999904632568,0.21108299493789673,0.0,433752000
2004-01-09,0.19414380192756653,0.2122499942779541,0.0,0.21483300626277924,0.20616699755191803,0.20783300697803497,0.0,766584000
2004-01-12,0.19635464251041412,0.21466700732707977,0.0,0.2153329998254776,0.210999995470047,0.21299999952316284,0.0,541980000
2004-01-13,0.18621619045734406,0.2035830020904541,0.0,0.2156669944524765,0.20133300125598907,0.21358299255371094,0.0,865800000
2004-01-14,0.18484416604042053,0.20208300650119781,0.0,0.20749999582767487,0.2001670002937317,0.20458300411701202,0.0,544872000
2004-01-15,0.1851496398448944,0.20241700112819672,0.0,0.20408299565315247,0.19699999690055847,0.20058299601078033,0.0,609204000
2004-01-16,0.1879696249961853,0.20550000667572021,0.0,0.20724999904632568,0.20258300006389618,0.2045000046491623,0.0,451728000
2004-01-20,0.19322915375232697,0.21125000715255737,0.0,0.2115830034017563,0.20566700398921967,0.20800000429153442,0.0,487764000
2004-01-21,0.18431086838245392,0.20149999856948853,0.0,0.21033300459384918,0.2011670023202896,0.2094999998807907,0.0,494460000
2004-01-22,0.18004193902015686,0.19683299958705902,0.0,0.20583300292491913,0.19441699981689453,0.20258300006389618,0.0,605724000
2004-01-23,0.17600268125534058,0.1924169957637787,0.0,0.19975000619888306,0.19200000166893005,0.1958329975605011,0.0,482472000
2004-01-26,0.182938814163208,0.20000000298023224,0.0,0.20083299279212952,0.1921669989824295,0.1936669945716858,0.0,393684000
2004-01-27,0.17249582707881927,0.18858300149440765,0.0,0.19916699826717377,0.18708300590515137,0.19599999487400055,0.0,934104000
2004-01-28,0.17203836143016815,0.1880829930305481,0.0,0.1940000057220459,0.18708300590515137,0.19099999964237213,0.0,615204000
2004-01-29,0.16700758039951324,0.1825830042362213,0.0,0.18958300352096558,0.17624999582767487,0.18866699934005737,0.0,929700000
2004-01-30,0.1695997416973114,0.18541699647903442,0.0,0.18958300352096558,0.18108299374580383,0.18216699361801147,0.0,466464000
2004-02-02,0.17234383523464203,0.1884170025587082,0.0,0.19208300113677979,0.1850000023841858,0.1869170069694519,0.0,560844000
2004-02-03,0.1717337816953659,0.18774999678134918,0.0,0.19116699695587158,0.18524999916553497,0.18791699409484863,0.0,418032000
2004-02-04,0.16708438098430634,0.18266700208187103,0.0,0.1865829974412918,0.18241700530052185,0.18508300185203552,0.0,436800000
2004-02-05,0.1695997416973114,0.18541699647903442,0.0,0.1875,0.18250000476837158,0.18366700410842896,0.0,331980000
2004-02-06,0.1734873205423355,0.1896670013666153,0.0,0.19233299791812897,0.186832994222641,0.1878329962491989,0.0,471132000
2004-02-09,0.1722671389579773,0.18833300471305847,0.0,0.19416700303554535,0.18825000524520874,0.19108299911022186,0.0,373992000
2004-02-10,0.17859403789043427,0.195250004529953,0.0,0.19541700184345245,0.18883299827575684,0.18891699612140656,0.0,509700000
2004-02-11,0.18484416604042053,0.20208300650119781,0.0,0.20274999737739563,0.1970829963684082,0.1977500021457672,0.0,737808000
2004-02-12,0.17928004264831543,0.19599999487400055,0.0,0.20208300650119781,0.19291700422763824,0.20100000500679016,0.0,974892000
2004-02-13,0.17760340869426727,0.19416700303554535,0.0,0.19908300042152405,0.18916699290275574,0.19083300232887268,0.0,1747500000
2004-02-17,0.17958462238311768,0.19633300602436066,0.0,0.19691699743270874,0.19224999845027924,0.1949169933795929,0.0,575976000
2004-02-18,0.17958462238311768,0.19633300602436066,0.0,0.19791699945926666,0.19499999284744263,0.19691699743270874,0.0,320244000
2004-02-19,0.1795087605714798,0.19625000655651093,0.0,0.20225000381469727,0.1958329975605011,0.19875000417232513,0.0,631032000
2004-02-20,0.1840062290430069,0.2011670023202896,0.0,0.20166699588298798,0.19483299553394318,0.19591699540615082,0.0,618120000
2004-02-23,0.17760340869426727,0.19416700303554535,0.0,0.2011670023202896,0.1914999932050705,0.20083299279212952,0.0,853332000
2004-02-24,0.17051447927951813,0.18641699850559235,0.0,0.19325000047683716,0.18433299660682678,0.19083300232887268,0.0,708384000
2004-02-25,0.1715051382780075,0.1875,0.0,0.19108299911022186,0.18549999594688416,0.18758299946784973,0.0,652512000
2004-02-26,0.17264848947525024,0.1887499988079071,0.0,0.1905830055475235,0.18641699850559235,0.1902499943971634,0.0,344976000
2004-02-27,0.1695997416973114,0.18541699647903442,0.0,0.1893330067396164,0.1825830042362213,0.18916699290275574,0.0,595548000
2004-03-01,0.17211517691612244,0.188167005777359,0.0,0.18850000202655792,0.18466700613498688,0.18491700291633606,0.0,506628000
2004-03-02,0.168913796544075,0.18466700613498688,0.0,0.18975000083446503,0.18391700088977814,0.1884170025587082,0.0,813348000
2004-03-03,0.16670294106006622,0.1822499930858612,0.0,0.18416699767112732,0.17925000190734863,0.18416699767112732,0.0,552492000
2004-03-04,0.17036172747612,0.1862500011920929,0.0,0.1865829974412918,0.1825830042362213,0.1840829998254776,0.0,413352000
2004-03-05,0.1691424548625946,0.18491700291633606,0.0,0.18916699290275574,0.18141700327396393,0.18208299577236176,0.0,354888000
2004-03-08,0.1632729172706604,0.1784999966621399,0.0,0.1875,0.17708300054073334,0.1850000023841858,0.0,465168000
2004-03-09,0.1621294766664505,0.1772499978542328,0.0,0.18016700446605682,0.17425000667572021,0.18000000715255737,0.0,371232000
2004-03-10,0.15976695716381073,0.17466700077056885,0.0,0.1803330034017563,0.17341700196266174,0.17841699719429016,0.0,481692000
2004-03-11,0.15854664146900177,0.17333300411701202,0.0,0.1784999966621399,0.1723330020904541,0.1723330020904541,0.0,526872000
2004-03-12,0.1619008630514145,0.1770000010728836,0.0,0.1791670024394989,0.17374999821186066,0.17566700279712677,0.0,377952000
2004-03-15,0.15824201703071594,0.17299999296665192,0.0,0.1766670048236847,0.17191700637340546,0.17591699957847595,0.0,421224000
2004-03-16,0.16502635180950165,0.180417001247406,0.0,0.18125000596046448,0.17399999499320984,0.1751669943332672,0.0,597504000
2004-03-17,0.16906563937664032,0.18483300507068634,0.0,0.1865829974412918,0.1825830042362213,0.18333299458026886,0.0,524592000
2004-03-18,0.1709718257188797,0.1869170069694519,0.0,0.18916699290275574,0.18333299458026886,0.18383300304412842,0.0,528048000
2004-03-19,0.16898976266384125,0.1847500056028366,0.0,0.1878329962491989,0.18366700410842896,0.18591700494289398,0.0,452964000
2004-03-22,0.16769352555274963,0.18333299458026886,0.0,0.1847500056028366,0.1791670024394989,0.1819169968366623,0.0,576708000
2004-03-23,0.16837958991527557,0.1840829998254776,0.0,0.1878329962491989,0.18199999630451202,0.18583300709724426,0.0,576036000
2004-03-24,0.1759258210659027,0.19233299791812897,0.0,0.19541700184345245,0.18333299458026886,0.1837500035762787,0.0,787344000
2004-03-25,0.1861402541399002,0.20350000262260437,0.0,0.2045000046491623,0.19416700303554535,0.19449999928474426,0.0,997128000
2004-03-26,0.18560698628425598,0.20291699469089508,0.0,0.2060829997062683,0.2001670002937317,0.20291699469089508,0.0,551604000
2004-03-29,0.19361057877540588,0.211667001247406,0.0,0.2144169956445694,0.20541700720787048,0.20583300292491913,0.0,985764000
2004-03-30,0.1994033306837082,0.21799999475479126,0.0,0.21899999678134918,0.2100829929113388,0.21025000512599945,0.0,724956000
2004-03-31,0.20123271644115448,0.2199999988079071,0.0,0.22233299911022186,0.21791699528694153,0.2190829962491989,0.0,604752000
2004-04-01,0.19764982163906097,0.21608300507068634,0.0,0.22474999725818634,0.21058300137519836,0.2202499955892563,0.0,1319508000
2004-04-02,0.2004706859588623,0.21916699409484863,0.0,0.22224999964237213,0.21416699886322021,0.22083300352096558,0.0,649740000
2004-04-05,0.20763559639453888,0.22699999809265137,0.0,0.22791700065135956,0.21799999475479126,0.21799999475479126,0.0,576744000
2004-04-06,0.19925051927566528,0.2178329974412918,0.0,0.22408300638198853,0.21666699647903442,0.2224999964237213,0.0,624096000
2004-04-07,0.1981840282678604,0.21666699647903442,0.0,0.21958300471305847,0.2128330022096634,0.21950000524520874,0.0,447864000
2004-04-08,0.20382404327392578,0.22283299267292023,0.0,0.22499999403953552,0.21983300149440765,0.2214999943971634,0.0,447096000
2004-04-12,0.20001338422298431,0.21866700053215027,0.0,0.2255830019712448,0.21733300387859344,0.2245829999446869,0.0,443784000
2004-04-13,0.1953630894422531,0.21358299255371094,0.0,0.22083300352096558,0.21250000596046448,0.2206670045852661,0.0,442704000
2004-04-14,0.19635464251041412,0.21466700732707977,0.0,0.21866700053215027,0.2100829929113388,0.21250000596046448,0.0,512016000
2004-04-15,0.18606437742710114,0.20341700315475464,0.0,0.21266700327396393,0.20250000059604645,0.21175000071525574,0.0,828084000
2004-04-16,0.1799660623073578,0.1967500001192093,0.0,0.2026669979095459,0.19633300602436066,0.20258300006389618,0.0,654864000
2004-04-19,0.17973732948303223,0.1965000033378601,0.0,0.19791699945926666,0.19300000369548798,0.19658300280570984,0.0,522804000
2004-04-20,0.17211517691612244,0.188167005777359,0.0,0.19916699826717377,0.1880829930305481,0.19699999690055847,0.0,513804000
2004-04-21,0.17234383523464203,0.1884170025587082,0.0,0.19499999284744263,0.18700000643730164,0.18891699612140656,0.0,688812000
2004-04-22,0.17333458364009857,0.18950000405311584,0.0,0.19266700744628906,0.18275000154972076,0.18666699528694153,0.0,695520000
2004-04-23,0.1771460324525833,0.1936669945716858,0.0,0.19691699743270874,0.1912499964237213,0.1918330043554306,0.0,443928000
2004-04-26,0.17020894587039948,0.18608300387859344,0.0,0.1949169933795929,0.1855829954147339,0.19408300518989563,0.0,429912000
2004-04-27,0.16876108944416046,0.18449999392032623,0.0,0.19325000047683716,0.18383300304412842,0.18825000524520874,0.0,494568000
2004-04-28,0.16807501018047333,0.1837500035762787,0.0,0.18741700053215027,0.18233299255371094,0.18458299338817596,0.0,468768000
2004-04-29,0.16342566907405853,0.17866699397563934,0.0,0.18391700088977814,0.17624999582767487,0.18266700208187103,0.0,645048000
2004-04-30,0.15641270577907562,0.17100000381469727,0.0,0.17874999344348907,0.17033299803733826,0.17766700685024261,0.0,512928000
2004-05-03,0.1544305831193924,0.16883300244808197,0.0,0.17458300292491913,0.1658329963684082,0.17283299565315247,0.0,610668000
2004-05-04,0.1642635017633438,0.17958299815654755,0.0,0.18174999952316284,0.17083300650119781,0.17125000059604645,0.0,772380000
2004-05-05,0.16563557088375092,0.18108299374580383,0.0,0.18266700208187103,0.1782499998807907,0.179749995470047,0.0,464280000
2004-05-06,0.16700758039951324,0.1825830042362213,0.0,0.18400000035762787,0.1754170060157776,0.17925000190734863,0.0,711348000
2004-05-07,0.1683036983013153,0.18400000035762787,0.0,0.19141699373722076,0.18299999833106995,0.18791699409484863,0.0,956772000
2004-05-10,0.16174809634685516,0.17683300375938416,0.0,0.1809999942779541,0.17291699349880219,0.17908300459384918,0.0,669072000
2004-05-11,0.16571234166622162,0.18116700649261475,0.0,0.18291699886322021,0.17833299934864044,0.17908300459384918,0.0,399936000
2004-05-12,0.16342566907405853,0.17866699397563934,0.0,0.180417001247406,0.17241699993610382,0.18016700446605682,0.0,482328000
2004-05-13,0.16395893692970276,0.17925000190734863,0.0,0.18250000476837158,0.1766670048236847,0.17716699838638306,0.0,347952000
2004-05-14,0.16395893692970276,0.17925000190734863,0.0,0.1831669956445694,0.17833299934864044,0.18000000715255737,0.0,459000000
2004-05-17,0.1613675355911255,0.17641699314117432,0.0,0.17900000512599945,0.17374999821186066,0.1766670048236847,0.0,308340000
2004-05-18,0.16395893692970276,0.17925000190734863,0.0,0.1813330054283142,0.17733299732208252,0.17800000309944153,0.0,204420000
2004-05-19,0.16357748210430145,0.1788329929113388,0.0,0.18583300709724426,0.1779170036315918,0.18324999511241913,0.0,498276000
2004-05-20,0.16121484339237213,0.17624999582767487,0.0,0.18150000274181366,0.17533299326896667,0.1784999966621399,0.0,421488000
2004-05-21,0.16159626841545105,0.1766670048236847,0.0,0.17858299612998962,0.17425000667572021,0.17833299934864044,0.0,282096000
2004-05-24,0.16106203198432922,0.17608299851417542,0.0,0.17808300256729126,0.17399999499320984,0.1763329952955246,0.0,301620000
2004-05-25,0.16807501018047333,0.1837500035762787,0.0,0.18458299338817596,0.1732500046491623,0.17683300375938416,0.0,681264000
2004-05-26,0.1715051382780075,0.1875,0.0,0.1899999976158142,0.18266700208187103,0.1837500035762787,0.0,524568000
2004-05-27,0.17203836143016815,0.1880829930305481,0.0,0.1934169977903366,0.1878329962491989,0.1905830055475235,0.0,556548000
2004-05-28,0.17874675989151,0.19541700184345245,0.0,0.1965000033378601,0.18891699612140656,0.19041700661182404,0.0,637980000
2004-06-01,0.17859403789043427,0.195250004529953,0.0,0.19724999368190765,0.1918330043554306,0.19208300113677979,0.0,318420000
2004-06-02,0.17722195386886597,0.19374999403953552,0.0,0.20091700553894043,0.19358299672603607,0.20000000298023224,0.0,643800000
2004-06-03,0.16868513822555542,0.1844169944524765,0.0,0.19425000250339508,0.18383300304412842,0.19383299350738525,0.0,700824000
2004-06-04,0.16700758039951324,0.1825830042362213,0.0,0.18858300149440765,0.18241700530052185,0.188167005777359,0.0,649608000
2004-06-07,0.17104780673980713,0.18700000643730164,0.0,0.18908299505710602,0.18324999511241913,0.1855829954147339,0.0,571956000
2004-06-08,0.16799916326999664,0.18366700410842896,0.0,0.1862500011920929,0.18091699481010437,0.18591700494289398,0.0,615000000
2004-06-09,0.16014736890792847,0.1750829964876175,0.0,0.1850000023841858,0.1745000034570694,0.1847500056028366,0.0,498336000
2004-06-10,0.15854664146900177,0.17333300411701202,0.0,0.1782499998807907,0.1717499941587448,0.1779170036315918,0.0,564516000
2004-06-14,0.15359269082546234,0.16791699826717377,0.0,0.17241699993610382,0.16658300161361694,0.17241699993610382,0.0,424752000
2004-06-15,0.15587937831878662,0.17041699588298798,0.0,0.17299999296665192,0.16883300244808197,0.17075000703334808,0.0,394584000
2004-06-16,0.1534399837255478,0.16775000095367432,0.0,0.17100000381469727,0.1670829951763153,0.1699170023202896,0.0,252576000
2004-06-17,0.15039128065109253,0.16441699862480164,0.0,0.17075000703334808,0.16358299553394318,0.16666699945926666,0.0,482376000
2004-06-18,0.15061993896961212,0.16466699540615082,0.0,0.1692499965429306,0.16249999403953552,0.16533300280570984,0.0,534336000
2004-06-21,0.14795173704624176,0.16175000369548798,0.0,0.16750000417232513,0.16066700220108032,0.1649170070886612,0.0,266568000
2004-06-22,0.15214379131793976,0.16633300483226776,0.0,0.1670829951763153,0.16158300638198853,0.16266700625419617,0.0,430308000
2004-06-23,0.15473608672618866,0.16916699707508087,0.0,0.1698330044746399,0.16541700065135956,0.1658329963684082,0.0,264660000
2004-06-24,0.15336398780345917,0.16766700148582458,0.0,0.17425000667572021,0.16641700267791748,0.17366699874401093,0.0,590652000
2004-06-25,0.15435464680194855,0.16875000298023224,0.0,0.17075000703334808,0.16683299839496613,0.16883300244808197,0.0,329124000
2004-06-28,0.1530584692955017,0.16733300685882568,0.0,0.1717499941587448,0.16666699945926666,0.17116700112819672,0.0,299376000
2004-06-29,0.15831796824932098,0.17308300733566284,0.0,0.17333300411701202,0.16766700148582458,0.1683329939842224,0.0,363852000
2004-06-30,0.15603125095367432,0.17058299481868744,0.0,0.1732500046491623,0.16850000619888306,0.16850000619888306,0.0,329268000
2004-07-01,0.1488664448261261,0.1627500057220459,0.0,0.17274999618530273,0.16249999403953552,0.17249999940395355,0.0,505620000
2004-07-02,0.14680838584899902,0.16050000488758087,0.0,0.1645829975605011,0.15925000607967377,0.16449999809265137,0.0,294948000
2004-07-06,0.13819469511508942,0.15108299255371094,0.0,0.1602499932050705,0.14933300018310547,0.15858300030231476,0.0,575388000
2004-07-07,0.13888072967529297,0.15183299779891968,0.0,0.15616700053215027,0.15108299255371094,0.15299999713897705,0.0,344136000
2004-07-08,0.1346128135919571,0.14716699719429016,0.0,0.15291699767112732,0.14691700041294098,0.1504170000553131,0.0,430056000
2004-07-09,0.12881910800933838,0.14083300530910492,0.0,0.14716699719429016,0.13808299601078033,0.1469999998807907,0.0,1114500000
2004-07-12,0.12584629654884338,0.13758300244808197,0.0,0.14083300530910492,0.13574999570846558,0.13691699504852295,0.0,676044000
2004-07-13,0.12561769783496857,0.1373330056667328,0.0,0.14166699349880219,0.1358329951763153,0.1392499953508377,0.0,567108000
2004-07-14,0.12005358934402466,0.13124999403953552,0.0,0.1361670047044754,0.12858299911022186,0.13249999284744263,0.0,901608000
2004-07-15,0.11921482533216476,0.13033300638198853,0.0,0.1340000033378601,0.12950000166893005,0.13258300721645355,0.0,611352000
2004-07-16,0.11570879071950912,0.1264999955892563,0.0,0.13449999690055847,0.1264999955892563,0.13433299958705902,0.0,464700000
2004-07-19,0.11700492352247238,0.12791700661182404,0.0,0.1293330043554306,0.12508299946784973,0.1268330067396164,0.0,461088000
2004-07-20,0.11936759948730469,0.13050000369548798,0.0,0.13099999725818634,0.12658299505710602,0.12783299386501312,0.0,341544000
2004-07-21,0.11212598532438278,0.12258300185203552,0.0,0.13266700506210327,0.12216699868440628,0.13249999284744263,0.0,613416000
2004-07-22,0.11448953300714493,0.12516699731349945,0.0,0.12583300471305847,0.11999999731779099,0.12399999797344208,0.0,521460000
2004-07-23,0.11143986880779266,0.12183299660682678,0.0,0.12616699934005737,0.12099999934434891,0.12600000202655792,0.0,371496000
2004-07-26,0.10831530392169952,0.11841700226068497,0.0,0.12449999898672104,0.1172500029206276,0.12341699749231339,0.0,503208000
2004-07-27,0.11189726740121841,0.12233299762010574,0.0,0.12266699969768524,0.11533299833536148,0.11900000274181366,0.0,789888000
2004-07-28,0.10907725244760513,0.11924999952316284,0.0,0.12250000238418579,0.11583299934864044,0.12208300083875656,0.0,505116000
2004-07-29,0.11624204367399216,0.12708300352096558,0.0,0.13016700744628906,0.1203330010175705,0.12091699987649918,0.0,747360000
2004-07-30,0.1175381988286972,0.12849999964237213,0.0,0.1308329999446869,0.12524999678134918,0.12549999356269836,0.0,403956000
2004-08-02,0.11906300485134125,0.13016700744628906,0.0,0.13066700100898743,0.12641699612140656,0.12858299911022186,0.0,420984000
2004-08-03,0.11288879066705704,0.12341699749231339,0.0,0.1308329999446869,0.12241700291633606,0.13075000047683716,0.0,741540000
2004-08-04,0.11410808563232422,0.12475000321865082,0.0,0.1259170025587082,0.1219170019030571,0.12208300083875656,0.0,507816000
2004-08-05,0.11098259687423706,0.12133300304412842,0.0,0.12666699290275574,0.11916700005531311,0.12608300149440765,0.0,859920000
2004-08-06,0.07187940180301666,0.0785830020904541,0.0,0.08500000089406967,0.07750000059604645,0.08425000309944153,0.0,5088948000
2004-08-09,0.07508081942796707,0.08208300173282623,0.0,0.08391699939966202,0.07925000041723251,0.08058299869298935,0.0,1579212000
2004-08-10,0.08102632313966751,0.08858300000429153,0.0,0.08941700309515,0.08524999767541885,0.086667001247406,0.0,2051916000
2004-08-11,0.07866372913122177,0.0860000029206276,0.0,0.08741699904203415,0.0854170024394989,0.08741699904203415,0.0,963816000
2004-08-12,0.07683427631855011,0.08399999886751175,0.0,0.08649999648332596,0.0838330015540123,0.08624999970197678,0.0,654384000
2004-08-13,0.0800357237458229,0.08749999850988388,0.0,0.08808299899101257,0.08524999767541885,0.0860000029206276,0.0,815700000
2004-08-16,0.07927379757165909,0.086667001247406,0.0,0.08883299678564072,0.0860000029206276,0.08649999648332596,0.0,531732000
2004-08-17,0.08361857384443283,0.09141699969768524,0.0,0.0919170007109642,0.08775000274181366,0.08858300000429153,0.0,744912000
2004-08-18,0.08918267488479614,0.09749999642372131,0.0,0.09749999642372131,0.09108299762010574,0.09183300286531448,0.0,872424000
2004-08-19,0.08887805789709091,0.0971670001745224,0.0,0.09866700321435928,0.09566699713468552,0.09691700339317322,0.0,724404000
2004-08-20,0.09413758665323257,0.10291700065135956,0.0,0.10433299839496613,0.09633299708366394,0.09666699916124344,0.0,1199040000
2004-08-23,0.09619563072919846,0.10516700148582458,0.0,0.10625000298023224,0.10400000214576721,0.1045830026268959,0.0,800028000
2004-08-24,0.09261278808116913,0.10125000029802322,0.0,0.10716699808835983,0.09925000369548798,0.10666699707508087,0.0,939420000
2004-08-25,0.09657614678144455,0.10558299720287323,0.0,0.10633300244808197,0.10158299654722214,0.10350000113248825,0.0,721308000
2004-08-26,0.09680483490228653,0.10583300143480301,0.0,0.10649999976158142,0.1045830026268959,0.10541699826717377,0.0,612720000
2004-08-27,0.09863419085741043,0.10783299803733826,0.0,0.10933300107717514,0.10583300143480301,0.10591699928045273,0.0,565128000
2004-08-30,0.09535687416791916,0.1042499989271164,0.0,0.1080000028014183,0.10416699945926666,0.10741700232028961,0.0,628056000
2004-08-31,0.09497543424367905,0.10383299738168716,0.0,0.10516700148582458,0.10058300197124481,0.10466700047254562,0.0,587064000
2004-09-01,0.09680483490228653,0.10583300143480301,0.0,0.1073329970240593,0.10116700083017349,0.10249999910593033,0.0,591744000
2004-09-02,0.10076908767223358,0.110166996717453,0.0,0.11100000143051147,0.10533300042152405,0.10633300244808197,0.0,770088000
2004-09-03,0.09771949797868729,0.10683300346136093,0.0,0.10899999737739563,0.10591699928045273,0.10683300346136093,0.0,715056000
2004-09-07,0.09589017182588577,0.10483299940824509,0.0,0.10975000262260437,0.10341700166463852,0.10750000178813934,0.0,727332000
2004-09-08,0.09390889108181,0.10266699641942978,0.0,0.10583300143480301,0.1024169996380806,0.1049169972538948,0.0,834984000
2004-09-09,0.10328447073698044,0.11291699856519699,0.0,0.11474999785423279,0.10466700047254562,0.10516700148582458,0.0,1299324000
2004-09-10,0.10724786669015884,0.1172500029206276,0.0,0.11783300340175629,0.11066699773073196,0.11100000143051147,0.0,1039344000
2004-09-13,0.10930593311786652,0.11949999630451202,0.0,0.12183299660682678,0.11691699922084808,0.11708299815654755,0.0,967752000
2004-09-14,0.1097632646560669,0.11999999731779099,0.0,0.12083300203084946,0.11749999970197678,0.11841700226068497,0.0,683556000
2004-09-15,0.10366503149271011,0.11333300173282623,0.0,0.1166670024394989,0.11183299869298935,0.1163330003619194,0.0,1163904000
2004-09-16,0.10755245387554169,0.11758299916982651,0.0,0.11874999850988388,0.11483299732208252,0.11524999886751175,0.0,810024000
2004-09-17,0.11197409778833389,0.12241700291633606,0.0,0.12308300286531448,0.11749999970197678,0.1185000017285347,0.0,1003800000
2004-09-20,0.11182136088609695,0.12224999815225601,0.0,0.12575000524520874,0.1185000017285347,0.11999999731779099,0.0,794628000
2004-09-21,0.11479410529136658,0.12549999356269836,0.0,0.1264999955892563,0.12349999696016312,0.125,0.0,503904000
2004-09-22,0.10945868492126465,0.11966700106859207,0.0,0.12516699731349945,0.11908300220966339,0.12216699868440628,0.0,625920000
2004-09-23,0.11044932156801224,0.12075000256299973,0.0,0.12141700088977814,0.11758299916982651,0.12108299881219864,0.0,578664000
2004-09-24,0.10709507763385773,0.11708299815654755,0.0,0.12141700088977814,0.11533299833536148,0.12125000357627869,0.0,476316000
2004-09-27,0.10518979281187057,0.11500000208616257,0.0,0.11749999970197678,0.11291699856519699,0.11616700142621994,0.0,406020000
2004-09-28,0.10671459138393402,0.1166670024394989,0.0,0.11766699701547623,0.11316700279712677,0.11474999785423279,0.0,474840000
2004-09-29,0.10930593311786652,0.11949999630451202,0.0,0.1228329986333847,0.1150830015540123,0.11658299714326859,0.0,537228000
2004-09-30,0.11067797243595123,0.12099999934434891,0.0,0.1237500011920929,0.11858300119638443,0.12083300203084946,0.0,619680000
2004-10-01,0.11525145918130875,0.12600000202655792,0.0,0.12666699290275574,0.12099999934434891,0.1215829998254776,0.0,590412000
2004-10-04,0.11852877587080002,0.12958300113677979,0.0,0.13124999403953552,0.1268330067396164,0.12708300352096558,0.0,673932000
2004-10-05,0.11586154252290726,0.12666699290275574,0.0,0.12974999845027924,0.12549999356269836,0.12641699612140656,0.0,633180000
2004-10-06,0.11631894111633301,0.1271670013666153,0.0,0.1277499943971634,0.12349999696016312,0.12641699612140656,0.0,498504000
2004-10-07,0.11700492352247238,0.12791700661182404,0.0,0.1324169933795929,0.12725000083446503,0.12950000166893005,0.0,798072000
2004-10-08,0.11060205847024918,0.12091699987649918,0.0,0.12708300352096558,0.11983300000429153,0.12658299505710602,0.0,693420000
2004-10-11,0.11075390875339508,0.12108299881219864,0.0,0.12349999696016312,0.11891700327396393,0.12108299881219864,0.0,373848000
2004-10-12,0.10915318131446838,0.11933299899101257,0.0,0.12025000154972076,0.1150830015540123,0.11699999868869781,0.0,827232000
2004-10-13,0.10846718400716782,0.11858300119638443,0.0,0.12449999898672104,0.11758299916982651,0.12291699647903442,0.0,672816000
2004-10-14,0.10518979281187057,0.11500000208616257,0.0,0.11966700106859207,0.1141669973731041,0.11966700106859207,0.0,513264000
2004-10-15,0.10229300707578659,0.11183299869298935,0.0,0.1154170036315918,0.10899999737739563,0.11524999886751175,0.0,1280484000
2004-10-18,0.10412238538265228,0.1138330027461052,0.0,0.11500000208616257,0.11025000363588333,0.11116699874401093,0.0,573972000
2004-10-19,0.10343635082244873,0.11308299750089645,0.0,0.11758299916982651,0.11225000023841858,0.11641699820756912,0.0,618480000
2004-10-20,0.10465656965970993,0.11441700160503387,0.0,0.11491700261831284,0.11208300292491913,0.11275000125169754,0.0,540204000
2004-10-21,0.10701922327280045,0.11699999868869781,0.0,0.1185000017285347,0.11466699838638306,0.11558300256729126,0.0,1013964000
2004-10-22,0.10122646391391754,0.11066699773073196,0.0,0.11833299696445465,0.11033300310373306,0.11808300018310547,0.0,686460000
2004-10-25,0.10168381780385971,0.11116699874401093,0.0,0.11358299851417542,0.10949999839067459,0.10975000262260437,0.0,529164000
2004-10-26,0.11044932156801224,0.12075000256299973,0.0,0.12658299505710602,0.11808300018310547,0.12208300083875656,0.0,2455776000
2004-10-27,0.11349795758724213,0.12408299744129181,0.0,0.12633299827575684,0.11858300119638443,0.11858300119638443,0.0,1074036000
2004-10-28,0.11227869242429733,0.12274999916553497,0.0,0.125,0.1215829998254776,0.12241700291633606,0.0,561552000
2004-10-29,0.11029652506113052,0.12058299779891968,0.0,0.12325000017881393,0.11949999630451202,0.1215829998254776,0.0,742860000
2004-11-01,0.11266014724969864,0.1231670007109642,0.0,0.12325000017881393,0.12066700309515,0.12224999815225601,0.0,653892000
2004-11-02,0.11426085233688354,0.12491700053215027,0.0,0.1274999976158142,0.12183299660682678,0.1228329986333847,0.0,1095756000
2004-11-03,0.11532740294933319,0.12608300149440765,0.0,0.13041700422763824,0.12541699409484863,0.12999999523162842,0.0,910356000
2004-11-04,0.11746221035718918,0.1284170001745224,0.0,0.12999999523162842,0.12433300167322159,0.12700000405311584,0.0,995544000
2004-11-05,0.13446007668972015,0.1469999998807907,0.0,0.15641699731349945,0.14533300697803497,0.14833299815654755,0.0,3849012000
2004-11-08,0.13590797781944275,0.14858299493789673,0.0,0.15058299899101257,0.14474999904632568,0.1454170048236847,0.0,718620000
2004-11-09,0.13507016003131866,0.14766700565814972,0.0,0.14983299374580383,0.14624999463558197,0.1463329941034317,0.0,615936000
2004-11-10,0.13507016003131866,0.14766700565814972,0.0,0.1490830034017563,0.14683300256729126,0.14749999344348907,0.0,645912000
2004-11-11,0.13773733377456665,0.15058299899101257,0.0,0.15058299899101257,0.1475829929113388,0.14858299493789673,0.0,507000000
2004-11-12,0.137966126203537,0.15083299577236176,0.0,0.15333299338817596,0.14933300018310547,0.15291699767112732,0.0,647076000
2004-11-15,0.1400241106748581,0.15308299660682678,0.0,0.15416699647903442,0.14841699600219727,0.14933300018310547,0.0,536472000
2004-11-16,0.1395667940378189,0.15258300304412842,0.0,0.15524999797344208,0.1497499942779541,0.15358300507068634,0.0,472728000
2004-11-17,0.14193029701709747,0.15516699850559235,0.0,0.15925000607967377,0.1535000056028366,0.1550000011920929,0.0,602772000
2004-11-18,0.14375966787338257,0.1571670025587082,0.0,0.15850000083446503,0.15324999392032623,0.15649999678134918,0.0,532524000
2004-11-19,0.14452162384986877,0.15800000727176666,0.0,0.171083003282547,0.15674999356269836,0.16916699707508087,0.0,2126052000
2004-11-22,0.1486378312110901,0.16249999403953552,0.0,0.16249999403953552,0.15708300471305847,0.15858300030231476,0.0,733788000
2004-11-23,0.14924782514572144,0.16316699981689453,0.0,0.1649170070886612,0.15983299911022186,0.1611669957637787,0.0,676896000
2004-11-24,0.14985708892345428,0.16383300721645355,0.0,0.1665000021457672,0.16258299350738525,0.16300000250339508,0.0,428580000
2004-11-26,0.15138185024261475,0.1655000001192093,0.0,0.16699999570846558,0.16316699981689453,0.1645829975605011,0.0,350760000
2004-11-29,0.14840908348560333,0.16224999725818634,0.0,0.16791699826717377,0.16083300113677979,0.1667499989271164,0.0,704388000
2004-11-30,0.14581778645515442,0.15941700339317322,0.0,0.1630830019712448,0.15850000083446503,0.16291700303554535,0.0,576540000
2004-12-01,0.14947651326656342,0.1634169965982437,0.0,0.1634169965982437,0.1596670001745224,0.16083300113677979,0.0,514572000
2004-12-02,0.1514577716588974,0.16558299958705902,0.0,0.16683299839496613,0.1605830043554306,0.1618330031633377,0.0,758652000
2004-12-03,0.15801340341567993,0.17274999618530273,0.0,0.17499999701976776,0.16899999976158142,0.16958299279212952,0.0,1347312000
2004-12-06,0.16555960476398468,0.1809999942779541,0.0,0.18241700530052185,0.1704999953508377,0.1735830008983612,0.0,970500000
2004-12-07,0.17386774718761444,0.19008299708366394,0.0,0.20800000429153442,0.1878329962491989,0.19158299267292023,0.0,2927052000
2004-12-08,0.1759258210659027,0.19233299791812897,0.0,0.1958329975605011,0.19083300232887268,0.1927500069141388,0.0,872724000
2004-12-09,0.1743251085281372,0.1905830055475235,0.0,0.19258299469947815,0.18524999916553497,0.18891699612140656,0.0,869964000
2004-12-10,0.17767934501171112,0.19425000250339508,0.0,0.19633300602436066,0.1930830031633377,0.19499999284744263,0.0,652848000
2004-12-13,0.17280127108097076,0.18891699612140656,0.0,0.19383299350738525,0.18799999356269836,0.19133299589157104,0.0,738024000
2004-12-14,0.1763073205947876,0.1927500069141388,0.0,0.19291700422763824,0.1887499988079071,0.18908299505710602,0.0,512988000
2004-12-15,0.1779080182313919,0.19449999928474426,0.0,0.19508300721645355,0.19166700541973114,0.1946669965982437,0.0,432768000
2004-12-16,0.18027061223983765,0.1970829963684082,0.0,0.20716699957847595,0.1967500001192093,0.2001670002937317,0.0,1524036000
2004-12-17,0.17577409744262695,0.1921669989824295,0.0,0.20158299803733826,0.18991699814796448,0.20074999332427979,0.0,1214244000
2004-12-20,0.17386774718761444,0.19008299708366394,0.0,0.1974170058965683,0.18908299505710602,0.19441699981689453,0.0,898728000
2004-12-21,0.1751638501882553,0.1914999932050705,0.0,0.19283300638198853,0.18541699647903442,0.19008299708366394,0.0,899400000
2004-12-22,0.17539258301258087,0.19175000488758087,0.0,0.19625000655651093,0.19133299589157104,0.19533300399780273,0.0,421824000
2004-12-23,0.17584991455078125,0.19224999845027924,0.0,0.19441699981689453,0.18975000083446503,0.19066700339317322,0.0,366972000
2004-12-27,0.1743251085281372,0.1905830055475235,0.0,0.19574999809265137,0.18958300352096558,0.1949169933795929,0.0,308208000
2004-12-28,0.17341038584709167,0.18958300352096558,0.0,0.19249999523162842,0.18883299827575684,0.19099999964237213,0.0,291612000
2004-12-29,0.1749352067708969,0.1912499964237213,0.0,0.19358299672603607,0.18850000202655792,0.1889999955892563,0.0,294732000
2004-12-30,0.17424921691417694,0.19050000607967377,0.0,0.19291700422763824,0.1896670013666153,0.19133299589157104,0.0,259812000
2004-12-31,0.17958462238311768,0.19633300602436066,0.0,0.19733299314975739,0.19249999523162842,0.19325000047683716,0.0,575964000
2005-01-03,0.17973732948303223,0.1965000033378601,0.0,0.20600000023841858,0.19566699862480164,0.20316700637340546,0.0,1066716000
2005-01-04,0.17127639055252075,0.18725000321865082,0.0,0.19824999570846558,0.18424999713897705,0.19791699945926666,0.0,790224000
2005-01-05,0.17287714779376984,0.1889999955892563,0.0,0.1912499964237213,0.18424999713897705,0.18524999916553497,0.0,724812000
2005-01-06,0.17120052874088287,0.1871670037508011,0.0,0.194582998752594,0.18583300709724426,0.19233299791812897,0.0,563568000
2005-01-07,0.1679222285747528,0.18358300626277924,0.0,0.1889999955892563,0.18083299696445465,0.18758299946784973,0.0,763092000
2005-01-10,0.1683036983013153,0.18400000035762787,0.0,0.18583300709724426,0.18291699886322021,0.18416699767112732,0.0,579552000
2005-01-11,0.16312015056610107,0.17833299934864044,0.0,0.18324999511241913,0.17558300495147705,0.1822499930858612,0.0,1093380000
2005-01-12,0.16174809634685516,0.17683300375938416,0.0,0.18058300018310547,0.17249999940395355,0.17991699278354645,0.0,1057800000
2005-01-13,0.16342566907405853,0.17866699397563934,0.0,0.18333299458026886,0.17333300411701202,0.1772499978542328,0.0,898764000
2005-01-14,0.16395893692970276,0.17925000190734863,0.0,0.18241700530052185,0.17749999463558197,0.18199999630451202,0.0,573912000
2005-01-18,0.16655024886131287,0.18208299577236176,0.0,0.18250000476837158,0.17683300375938416,0.1772499978542328,0.0,464556000
2005-01-19,0.1627396047115326,0.1779170036315918,0.0,0.18333299458026886,0.17716699838638306,0.18291699886322021,0.0,336492000
2005-01-20,0.16312015056610107,0.17833299934864044,0.0,0.18266700208187103,0.17433300614356995,0.17433300614356995,0.0,640080000
2005-01-21,0.16342566907405853,0.17866699397563934,0.0,0.18216699361801147,0.17800000309944153,0.17858299612998962,0.0,596352000
2005-01-24,0.1568700522184372,0.17149999737739563,0.0,0.18025000393390656,0.1704999953508377,0.17766700685024261,0.0,463704000
2005-01-25,0.15961405634880066,0.1745000034570694,0.0,0.17691700160503387,0.17125000059604645,0.17225000262260437,0.0,439704000
2005-01-26,0.1616722047328949,0.17675000429153442,0.0,0.1791670024394989,0.17216700315475464,0.1750829964876175,0.0,429120000
2005-01-27,0.17463059723377228,0.1909170001745224,0.0,0.19175000488758087,0.17599999904632568,0.17708300054073334,0.0,1002912000
2005-01-28,0.17440196871757507,0.19066700339317322,0.0,0.1924169957637787,0.18649999797344208,0.19166700541973114,0.0,671052000
2005-01-31,0.1747065633535385,0.19099999964237213,0.0,0.194582998752594,0.18833300471305847,0.19224999845027924,0.0,562968000
2005-02-01,0.1779838651418686,0.194582998752594,0.0,0.19541700184345245,0.1896670013666153,0.19083300232887268,0.0,507180000
2005-02-02,0.18789371848106384,0.20541700720787048,0.0,0.2070000022649765,0.1965000033378601,0.20225000381469727,0.0,2035404000
2005-02-03,0.18591156601905823,0.2032500058412552,0.0,0.20466700196266174,0.20041699707508087,0.2032500058412552,0.0,690120000
2005-02-04,0.1965833306312561,0.21491700410842896,0.0,0.21549999713897705,0.2032500058412552,0.20333300530910492,0.0,806448000
2005-02-07,0.19421972334384918,0.21233299374580383,0.0,0.21916699409484863,0.2104170024394989,0.21516700088977814,0.0,521628000
2005-02-08,0.19612595438957214,0.2144169956445694,0.0,0.2178329974412918,0.21033300459384918,0.210999995470047,0.0,455772000
2005-02-09,0.18926581740379333,0.20691700279712677,0.0,0.2156669944524765,0.20583300292491913,0.2150000035762787,0.0,783756000
2005-02-10,0.19368641078472137,0.21175000071525574,0.0,0.2128330022096634,0.20724999904632568,0.20800000429153442,0.0,602376000
2005-02-11,0.19932739436626434,0.21791699528694153,0.0,0.21950000524520874,0.20966699719429016,0.2104170024394989,0.0,556512000
2005-02-14,0.19513441622257233,0.21333299577236176,0.0,0.21866700053215027,0.21250000596046448,0.2178329974412918,0.0,432900000
2005-02-15,0.19688789546489716,0.21525000035762787,0.0,0.22208300232887268,0.2144169956445694,0.2147500067949295,0.0,748500000
2005-02-16,0.1962018758058548,0.21449999511241913,0.0,0.21766699850559235,0.21066699922084808,0.21458299458026886,0.0,466464000
2005-02-17,0.19444847106933594,0.2125830054283142,0.0,0.2175000011920929,0.21091699600219727,0.21741700172424316,0.0,1017408000
2005-02-18,0.21548636257648468,0.23558300733566284,0.0,0.23583300411701202,0.22258299589157104,0.22891700267791748,0.0,3132120000
2005-02-22,0.2182305008172989,0.23858299851417542,0.0,0.2440830022096634,0.23191699385643005,0.23399999737739563,0.0,1420800000
2005-02-23,0.21114155650138855,0.2308329939842224,0.0,0.2376669943332672,0.22699999809265137,0.23475000262260437,0.0,1107840000
2005-02-24,0.21670657396316528,0.23691700398921967,0.0,0.23725000023841858,0.22766700387001038,0.22766700387001038,0.0,695496000
2005-02-25,0.219831183552742,0.24033300578594208,0.0,0.24158300459384918,0.23466700315475464,0.23725000023841858,0.0,525132000
2005-02-28,0.22097451984882355,0.24158300459384918,0.0,0.2416670024394989,0.23708300292491913,0.2391670048236847,0.0,758064000
2005-03-01,0.2204413115978241,0.2409999966621399,0.0,0.24666699767112732,0.23858299851417542,0.24266700446605682,0.0,737148000
2005-03-02,0.21396251022815704,0.2339169979095459,0.0,0.23966699838638306,0.23250000178813934,0.23833300173282623,0.0,947460000
2005-03-03,0.2110656052827835,0.23074999451637268,0.0,0.2348330020904541,0.22733299434185028,0.23333300650119781,0.0,761292000
2005-03-04,0.21015098690986633,0.22975000739097595,0.0,0.23341700434684753,0.22783300280570984,0.2314170002937317,0.0,593124000
2005-03-07,0.21228493750095367,0.23208299279212952,0.0,0.23691700398921967,0.22916699945926666,0.23074999451637268,0.0,511176000
2005-03-08,0.20153728127479553,0.22033299505710602,0.0,0.23199999332427979,0.21883299946784973,0.23149999976158142,0.0,1332384000
2005-03-09,0.19627781212329865,0.21458299458026886,0.0,0.22300000488758087,0.21391700208187103,0.21891699731349945,0.0,910140000
2005-03-10,0.1962018758058548,0.21449999511241913,0.0,0.21716700494289398,0.21108299493789673,0.21525000035762787,0.0,689280000
2005-03-11,0.1917811632156372,0.20966699719429016,0.0,0.21674999594688416,0.20774999260902405,0.21641699969768524,0.0,732180000
2005-03-14,0.19719243049621582,0.21558299660682678,0.0,0.21649999916553497,0.21250000596046448,0.21400000154972076,0.0,572148000
2005-03-15,0.19322915375232697,0.21125000715255737,0.0,0.21875,0.21108299493789673,0.21666699647903442,0.0,378108000
2005-03-16,0.18995173275470734,0.20766699314117432,0.0,0.21375000476837158,0.2075829952955246,0.2104170024394989,0.0,535356000
2005-03-17,0.18804554641246796,0.20558300614356995,0.0,0.20908300578594208,0.2050829976797104,0.20833300054073334,0.0,442584000
2005-03-18,0.18423496186733246,0.2014169991016388,0.0,0.2064169943332672,0.19766700267791748,0.2057500034570694,0.0,639012000
2005-03-21,0.190560981631279,0.20833300054073334,0.0,0.2088329941034317,0.20008300244808197,0.20133300125598907,0.0,654456000
2005-03-22,0.18713082373142242,0.20458300411701202,0.0,0.2104170024394989,0.20383299887180328,0.2084999978542328,0.0,622992000
2005-03-23,0.1911710798740387,0.20900000631809235,0.0,0.2104170024394989,0.203916996717453,0.20433300733566284,0.0,728784000
2005-03-24,0.19155243039131165,0.20941700041294098,0.0,0.21525000035762787,0.20925000309944153,0.20958299934864044,0.0,865356000
2005-03-28,0.18941758573055267,0.20708300173282623,0.0,0.21250000596046448,0.2050829976797104,0.2094999998807907,0.0,511188000
2005-03-29,0.18522557616233826,0.20250000059604645,0.0,0.2091670036315918,0.20158299803733826,0.20683300495147705,0.0,587400000
2005-03-30,0.18522557616233826,0.20250000059604645,0.0,0.20541700720787048,0.19558300077915192,0.20258300006389618,0.0,858708000
2005-03-31,0.18110939860343933,0.1979999989271164,0.0,0.20274999737739563,0.1970829963684082,0.20133300125598907,0.0,518316000
2005-04-01,0.17935587465763092,0.19608299434185028,0.0,0.20158299803733826,0.1949169933795929,0.20041699707508087,0.0,510756000
2005-04-04,0.17828941345214844,0.1949169933795929,0.0,0.19558300077915192,0.1905830055475235,0.19499999284744263,0.0,421428000
2005-04-05,0.1751638501882553,0.1914999932050705,0.0,0.19908300042152405,0.19033299386501312,0.19499999284744263,0.0,430128000
2005-04-06,0.17783212661743164,0.19441699981689453,0.0,0.1983329951763153,0.19374999403953552,0.19508300721645355,0.0,567468000
2005-04-07,0.18110939860343933,0.1979999989271164,0.0,0.20000000298023224,0.19208300113677979,0.19541700184345245,0.0,506352000
2005-04-08,0.17874675989151,0.19541700184345245,0.0,0.2032500058412552,0.19499999284744263,0.19883300364017487,0.0,621540000
2005-04-11,0.17523986101150513,0.19158299267292023,0.0,0.19750000536441803,0.19099999964237213,0.19683299958705902,0.0,328380000
2005-04-12,0.17737475037574768,0.19391700625419617,0.0,0.19425000250339508,0.18674999475479126,0.19099999964237213,0.0,512232000
2005-04-13,0.16998033225536346,0.18583300709724426,0.0,0.1946669965982437,0.18458299338817596,0.19416700303554535,0.0,498408000
2005-04-14,0.16860824823379517,0.18433299660682678,0.0,0.18799999356269836,0.18366700410842896,0.1862500011920929,0.0,352080000
2005-04-15,0.1627396047115326,0.1779170036315918,0.0,0.18333299458026886,0.17624999582767487,0.18199999630451202,0.0,630156000
2005-04-18,0.16159626841545105,0.1766670048236847,0.0,0.1806669980287552,0.17583300173282623,0.17683300375938416,0.0,473100000
2005-04-19,0.16723628342151642,0.1828330010175705,0.0,0.18416699767112732,0.17874999344348907,0.17958299815654755,0.0,365460000
2005-04-20,0.1621294766664505,0.1772499978542328,0.0,0.18708300590515137,0.17708300054073334,0.18591700494289398,0.0,564672000
2005-04-21,0.1711236983537674,0.18708300590515137,0.0,0.18774999678134918,0.17925000190734863,0.18083299696445465,0.0,538152000
2005-04-22,0.16952300071716309,0.1853329986333847,0.0,0.1871670037508011,0.1831669956445694,0.18591700494289398,0.0,336276000
2005-04-25,0.17219114303588867,0.18825000524520874,0.0,0.1896670013666153,0.1860000044107437,0.1869170069694519,0.0,318168000
2005-04-26,0.17142921686172485,0.18741700053215027,0.0,0.19224999845027924,0.18358300626277924,0.18833300471305847,0.0,353148000
2005-04-27,0.1648736298084259,0.18025000393390656,0.0,0.1831669956445694,0.17649999260902405,0.18250000476837158,0.0,609348000
2005-04-28,0.16540691256523132,0.18083299696445465,0.0,0.18324999511241913,0.1779170036315918,0.17966699600219727,0.0,372948000
2005-04-29,0.16716034710407257,0.18275000154972076,0.0,0.18400000035762787,0.17433300614356995,0.1825830042362213,0.0,478356000
2005-05-02,0.16655024886131287,0.18208299577236176,0.0,0.18700000643730164,0.17933300137519836,0.18491700291633606,0.0,334908000
2005-05-03,0.16563557088375092,0.18108299374580383,0.0,0.1855829954147339,0.1803330034017563,0.1822499930858612,0.0,439512000
2005-05-04,0.1708950400352478,0.186832994222641,0.0,0.188167005777359,0.1813330054283142,0.1819169968366623,0.0,468816000
2005-05-05,0.17424921691417694,0.19050000607967377,0.0,0.19283300638198853,0.1869170069694519,0.18791699409484863,0.0,619272000
2005-05-06,0.17661187052726746,0.1930830031633377,0.0,0.19316700100898743,0.18833300471305847,0.1927500069141388,0.0,355728000
2005-05-09,0.17989011108875275,0.19666700065135956,0.0,0.1979999989271164,0.1927500069141388,0.19391700625419617,0.0,745332000
2005-05-10,0.17287714779376984,0.1889999955892563,0.0,0.19425000250339508,0.186832994222641,0.19416700303554535,0.0,735120000
2005-05-11,0.16998033225536346,0.18583300709724426,0.0,0.19083300232887268,0.18549999594688416,0.1899999976158142,0.0,555420000
2005-05-12,0.17371593415737152,0.18991699814796448,0.0,0.1924169957637787,0.1856669932603836,0.18583300709724426,0.0,835584000
2005-05-13,0.19307640194892883,0.21108299493789673,0.0,0.2122499942779541,0.1983329951763153,0.20708300173282623,0.0,2650320000
2005-05-16,0.19376245141029358,0.21183300018310547,0.0,0.21324999630451202,0.2084999978542328,0.20858299732208252,0.0,664104000
2005-05-17,0.19589726626873016,0.21416699886322021,0.0,0.21516700088977814,0.2104170024394989,0.21058300137519836,0.0,639804000
2005-05-18,0.19734524190425873,0.21574999392032623,0.0,0.2162500023841858,0.21141700446605682,0.21366700530052185,0.0,550056000
2005-05-19,0.19696380198001862,0.2153329998254776,0.0,0.21716700494289398,0.2129170000553131,0.2162500023841858,0.0,452880000
2005-05-20,0.2004706859588623,0.21916699409484863,0.0,0.21924999356269836,0.2125830054283142,0.21508300304412842,0.0,517008000
2005-05-23,0.20512017607688904,0.22425000369548798,0.0,0.226500004529953,0.2199999988079071,0.2206670045852661,0.0,703668000
2005-05-24,0.2080170065164566,0.2274170070886612,0.0,0.22824999690055847,0.22208300232887268,0.22316700220108032,0.0,522192000
2005-05-25,0.20534881949424744,0.22450000047683716,0.0,0.22808299958705902,0.22233299911022186,0.22691699862480164,0.0,535272000
2005-05-26,0.21114155650138855,0.2308329939842224,0.0,0.23258300125598907,0.22608299553394318,0.226500004529953,0.0,788784000
2005-05-27,0.20976953208446503,0.22933299839496613,0.0,0.23149999976158142,0.22691699862480164,0.23149999976158142,0.0,322740000
2005-05-31,0.20656807720661163,0.225832998752594,0.0,0.23025000095367432,0.22208300232887268,0.2283329963684082,0.0,763176000
2005-06-01,0.2084743231534958,0.22791700065135956,0.0,0.23208299279212952,0.22166700661182404,0.2243330031633377,0.0,796632000
2005-06-02,0.2162492424249649,0.2364169955253601,0.0,0.2364169955253601,0.2270829975605011,0.2270829975605011,0.0,684348000
2005-06-03,0.21571506559848785,0.23583300411701202,0.0,0.23774999380111694,0.23333300650119781,0.23558300733566284,0.0,559620000
2005-06-06,0.21365700662136078,0.233583003282547,0.0,0.23616699874401093,0.2314170002937317,0.23158299922943115,0.0,512892000
2005-06-07,0.2084743231534958,0.22791700065135956,0.0,0.23583300411701202,0.2270829975605011,0.23199999332427979,0.0,974136000
2005-06-08,0.20702549815177917,0.22633300721645355,0.0,0.23166699707508087,0.22391700744628906,0.22849999368190765,0.0,618720000
2005-06-09,0.21571506559848785,0.23583300411701202,0.0,0.23591700196266174,0.2243330031633377,0.2245829999446869,0.0,619908000
2005-06-10,0.2132764458656311,0.23316699266433716,0.0,0.23583300411701202,0.23158299922943115,0.23558300733566284,0.0,465096000
2005-06-13,0.21800176799297333,0.23833300173282623,0.0,0.24491700530052185,0.2326669991016388,0.23333300650119781,0.0,1409916000
2005-06-14,0.20512017607688904,0.22425000369548798,0.0,0.24233299493789673,0.21674999594688416,0.23841699957847595,0.0,2408412000
2005-06-15,0.20451001822948456,0.22358299791812897,0.0,0.2245829999446869,0.2147500067949295,0.22283299267292023,0.0,1669788000
2005-06-16,0.20557749271392822,0.22474999725818634,0.0,0.22624999284744263,0.2202499955892563,0.22349999845027924,0.0,489240000
2005-06-17,0.20512017607688904,0.22425000369548798,0.0,0.22791700065135956,0.2236669957637787,0.22750000655651093,0.0,456348000
2005-06-20,0.2082456797361374,0.22766700387001038,0.0,0.22916699945926666,0.2205830067396164,0.22425000369548798,0.0,606060000
2005-06-21,0.21022693812847137,0.22983300685882568,0.0,0.23091700673103333,0.22699999809265137,0.22916699945926666,0.0,428172000
2005-06-22,0.20999817550182343,0.2295829951763153,0.0,0.23383300006389618,0.22675000131130219,0.23225000500679016,0.0,700668000
2005-06-23,0.2132764458656311,0.23316699266433716,0.0,0.23600000143051147,0.2283329963684082,0.22916699945926666,0.0,836976000
2005-06-24,0.20649218559265137,0.22574999928474426,0.0,0.23283299803733826,0.22450000047683716,0.23274999856948853,0.0,475632000
2005-06-27,0.20481552183628082,0.22391700744628906,0.0,0.2261669933795929,0.22191700339317322,0.2243330031633377,0.0,354588000
2005-06-28,0.20611071586608887,0.22533300518989563,0.0,0.22683300077915192,0.22233299911022186,0.22483299672603607,0.0,262308000
2005-06-29,0.20420542359352112,0.22325000166893005,0.0,0.225832998752594,0.22141699492931366,0.22541700303554535,0.0,283572000
2005-06-30,0.2036721557378769,0.22266699373722076,0.0,0.22683300077915192,0.2209170013666153,0.22474999725818634,0.0,593232000
2005-07-01,0.2045869380235672,0.2236669957637787,0.0,0.2240000069141388,0.21916699409484863,0.22191700339317322,0.0,315168000
2005-07-05,0.20778824388980865,0.22716699540615082,0.0,0.22808299958705902,0.22233299911022186,0.22450000047683716,0.0,388440000
2005-07-06,0.21335241198539734,0.23325000703334808,0.0,0.2342499941587448,0.22533300518989563,0.22791700065135956,0.0,703632000
2005-07-07,0.2118276059627533,0.23158299922943115,0.0,0.23333300650119781,0.22883300483226776,0.2295829951763153,0.0,465900000
2005-07-08,0.2144957333803177,0.2345000058412552,0.0,0.23524999618530273,0.23000000417232513,0.2329999953508377,0.0,408132000
2005-07-11,0.2176971733570099,0.23800000548362732,0.0,0.2404170036315918,0.23558300733566284,0.23658299446105957,0.0,399492000
2005-07-12,0.2164778709411621,0.23666700720787048,0.0,0.23849999904632568,0.23183299601078033,0.23783299326896667,0.0,564252000
2005-07-13,0.21678248047828674,0.2370000034570694,0.0,0.23833300173282623,0.2329999953508377,0.2376669943332672,0.0,594780000
2005-07-14,0.20717822015285492,0.226500004529953,0.0,0.2441670000553131,0.2261669933795929,0.2395000010728836,0.0,1871496000
2005-07-15,0.20496736466884613,0.22408300638198853,0.0,0.226500004529953,0.22016699612140656,0.225832998752594,0.0,1223352000
2005-07-18,0.19986070692539215,0.21850000321865082,0.0,0.22349999845027924,0.2162500023841858,0.2234169989824295,0.0,1044900000
2005-07-19,0.2026047259569168,0.2214999943971634,0.0,0.22200000286102295,0.2181670069694519,0.21983300149440765,0.0,517896000
2005-07-20,0.20565339922904968,0.22483299672603607,0.0,0.22574999928474426,0.21591700613498688,0.21891699731349945,0.0,526500000
2005-07-21,0.20214737951755524,0.22100000083446503,0.0,0.22291700541973114,0.21641699969768524,0.22191700339317322,0.0,594528000
2005-07-22,0.19688789546489716,0.21525000035762787,0.0,0.2252500057220459,0.21366700530052185,0.22208300232887268,0.0,699264000
2005-07-25,0.1980312615633011,0.21649999916553497,0.0,0.22316700220108032,0.21183300018310547,0.21275000274181366,0.0,974952000
2005-07-26,0.20214737951755524,0.22100000083446503,0.0,0.22133299708366394,0.2147500067949295,0.21558299660682678,0.0,759492000
2005-07-27,0.20626357197761536,0.22550000250339508,0.0,0.226500004529953,0.21758300065994263,0.22133299708366394,0.0,807828000
2005-07-28,0.2078641802072525,0.22724999487400055,0.0,0.2283329963684082,0.22200000286102295,0.22508299350738525,0.0,411240000
2005-07-29,0.20626357197761536,0.22550000250339508,0.0,0.22875000536441803,0.2236669957637787,0.22633300721645355,0.0,351660000
2005-08-01,0.20938903093338013,0.22891700267791748,0.0,0.2299170047044754,0.22533300518989563,0.22683300077915192,0.0,389040000
2005-08-02,0.21220898628234863,0.23199999332427979,0.0,0.23274999856948853,0.22883300483226776,0.22916699945926666,0.0,422652000
2005-08-03,0.21220898628234863,0.23199999332427979,0.0,0.23416699469089508,0.2299170047044754,0.23199999332427979,0.0,518256000
2005-08-04,0.20999817550182343,0.2295829951763153,0.0,0.23125000298023224,0.22908300161361694,0.23025000095367432,0.0,356424000
2005-08-05,0.21533454954624176,0.23541699349880219,0.0,0.23591700196266174,0.22766700387001038,0.2292499989271164,0.0,684096000
2005-08-08,0.21609649062156677,0.23624999821186066,0.0,0.24141700565814972,0.23458300530910492,0.2370000034570694,0.0,725544000
2005-08-09,0.21556316316127777,0.23566700518131256,0.0,0.23716700077056885,0.23308299481868744,0.23658299446105957,0.0,291900000
2005-08-10,0.21236181259155273,0.23216700553894043,0.0,0.23783299326896667,0.22975000739097595,0.23666700720787048,0.0,440556000
2005-08-11,0.21533454954624176,0.23541699349880219,0.0,0.23583300411701202,0.2299170047044754,0.23216700553894043,0.0,701556000
2005-08-12,0.2282920926809311,0.24958300590515137,0.0,0.25174999237060547,0.2407499998807907,0.24924999475479126,0.0,2295420000
2005-08-15,0.23408575356006622,0.2559170126914978,0.0,0.25850000977516174,0.2472500056028366,0.25041699409484863,0.0,882804000
2005-08-16,0.23012150824069977,0.2515830099582672,0.0,0.25575000047683716,0.24975000321865082,0.2535000145435333,0.0,637488000
2005-08-17,0.23012150824069977,0.2515830099582672,0.0,0.2546670138835907,0.2503330111503601,0.25049999356269836,0.0,607572000
2005-08-18,0.22417595982551575,0.2450830042362213,0.0,0.250916987657547,0.24400000274181366,0.2496670037508011,0.0,822732000
2005-08-19,0.22257523238658905,0.24333299696445465,0.0,0.2462500035762787,0.2425830066204071,0.24549999833106995,0.0,422232000
2005-08-22,0.22074583172798157,0.2413329929113388,0.0,0.24683299660682678,0.23849999904632568,0.242917001247406,0.0,547224000
2005-08-23,0.22219470143318176,0.242917001247406,0.0,0.2441670000553131,0.24025000631809235,0.24108299612998962,0.0,254460000
2005-08-24,0.22234658896923065,0.24308300018310547,0.0,0.24824999272823334,0.24016700685024261,0.2413329929113388,0.0,514620000
2005-08-25,0.22387132048606873,0.2447499930858612,0.0,0.24608300626277924,0.24208299815654755,0.2441670000553131,0.0,296484000
2005-08-26,0.2204413115978241,0.2409999966621399,0.0,0.24500000476837158,0.23866699635982513,0.24500000476837158,0.0,323436000
2005-08-29,0.22082269191741943,0.24141700565814972,0.0,0.2416670024394989,0.23683300614356995,0.23874999582767487,0.0,343392000
2005-08-30,0.22874945402145386,0.25008299946784973,0.0,0.250667005777359,0.24066700041294098,0.2409999966621399,0.0,948852000
2005-08-31,0.2338571399450302,0.2556670010089874,0.0,0.25883299112319946,0.2487500011920929,0.24950000643730164,0.0,906804000
2005-09-01,0.23393301665782928,0.25575000047683716,0.0,0.2580829858779907,0.25358301401138306,0.2549169957637787,0.0,556884000
2005-09-02,0.23012150824069977,0.2515830099582672,0.0,0.2562499940395355,0.25075000524520874,0.2562499940395355,0.0,469800000
2005-09-06,0.23202764987945557,0.2536669969558716,0.0,0.2549999952316284,0.24866700172424316,0.2524999976158142,0.0,423096000
2005-09-07,0.23942117393016815,0.2617500126361847,0.0,0.2624169886112213,0.25266700983047485,0.2533330023288727,0.0,588012000
2005-09-08,0.24224114418029785,0.264833003282547,0.0,0.26808300614356995,0.2601670026779175,0.2601670026779175,0.0,646116000
2005-09-09,0.24536669254302979,0.2682499885559082,0.0,0.2688330113887787,0.2633329927921295,0.2676669955253601,0.0,454236000
2005-09-12,0.2445278912782669,0.2673330008983612,0.0,0.26933300495147705,0.26416701078414917,0.2685000002384186,0.0,556584000
2005-09-13,0.2519223392009735,0.2754170000553131,0.0,0.27674999833106995,0.2660830020904541,0.2660830020904541,0.0,854724000
2005-09-14,0.24887260794639587,0.27208301424980164,0.0,0.2770000100135803,0.27083298563957214,0.27333301305770874,0.0,503448000
2005-09-15,0.25329434871673584,0.2769170105457306,0.0,0.2800000011920929,0.27458301186561584,0.2762500047683716,0.0,759756000
2005-09-16,0.2534462809562683,0.27708300948143005,0.0,0.28075000643730164,0.27483299374580383,0.27924999594688416,0.0,519828000
2005-09-19,0.24986428022384644,0.2731670141220093,0.0,0.27766698598861694,0.2716670036315918,0.27674999833106995,0.0,428316000
2005-09-20,0.254742294549942,0.2784999907016754,0.0,0.2815830111503601,0.27491700649261475,0.27524998784065247,0.0,522192000
2005-09-21,0.25253137946128845,0.27608299255371094,0.0,0.28291699290275574,0.27366700768470764,0.27741700410842896,0.0,625656000
2005-09-22,0.24574804306030273,0.2686670124530792,0.0,0.27674999833106995,0.26374998688697815,0.27674999833106995,0.0,739152000
2005-09-23,0.2493300437927246,0.2725830078125,0.0,0.27491700649261475,0.2658329904079437,0.26808300614356995,0.0,314640000
2005-09-26,0.2513881027698517,0.27483299374580383,0.0,0.27674999833106995,0.2697499990463257,0.27466699481010437,0.0,406776000
2005-09-27,0.252226859331131,0.2757500112056732,0.0,0.2784169912338257,0.27366700768470764,0.2759999930858612,0.0,404160000
2005-09-28,0.2537517249584198,0.27741700410842896,0.0,0.2781670093536377,0.27341699600219727,0.2765829861164093,0.0,353556000
2005-09-29,0.2590111494064331,0.2831670045852661,0.0,0.2833330035209656,0.27524998784065247,0.2775000035762787,0.0,513372000
2005-09-30,0.26129791140556335,0.2856670022010803,0.0,0.28824999928474426,0.2827500104904175,0.2833330035209656,0.0,458832000
2005-10-03,0.2684627175331116,0.29350000619888306,0.0,0.29558300971984863,0.28666698932647705,0.289000004529953,0.0,549888000
2005-10-04,0.2649567425251007,0.289667010307312,0.0,0.29958298802375793,0.289000004529953,0.29475000500679016,0.0,514476000
2005-10-05,0.25619035959243774,0.2800830006599426,0.0,0.28999999165534973,0.27833300828933716,0.28999999165534973,0.0,599184000
2005-10-06,0.25527554750442505,0.2790830135345459,0.0,0.2840830087661743,0.2706669867038727,0.2797499895095825,0.0,685512000
2005-10-07,0.25199827551841736,0.27549999952316284,0.0,0.2824169993400574,0.27333301305770874,0.27958300709724426,0.0,551952000
2005-10-10,0.2455952763557434,0.2685000002384186,0.0,0.27741700410842896,0.26841700077056885,0.2769170105457306,0.0,459216000
2005-10-11,0.2425467073917389,0.2651669979095459,0.0,0.27183300256729126,0.2620829939842224,0.2694999873638153,0.0,540048000
2005-10-12,0.24544253945350647,0.26833298802375793,0.0,0.27241700887680054,0.26408299803733826,0.26441699266433716,0.0,657660000
2005-10-13,0.24414733052253723,0.26691699028015137,0.0,0.26816698908805847,0.25666698813438416,0.26774999499320984,0.0,509304000
2005-10-14,0.24414733052253723,0.26691699028015137,0.0,0.27216699719429016,0.26249998807907104,0.2688330113887787,0.0,311256000
2005-10-17,0.24650999903678894,0.2694999873638153,0.0,0.27216699719429016,0.26708298921585083,0.26708298921585083,0.0,243912000
2005-10-18,0.24246981739997864,0.265082985162735,0.0,0.2709999978542328,0.2633329927921295,0.2705000042915344,0.0,299832000
2005-10-19,0.24041172862052917,0.26283299922943115,0.0,0.2632499933242798,0.2542499899864197,0.26166701316833496,0.0,635952000
2005-10-20,0.24208936095237732,0.26466700434684753,0.0,0.2701669931411743,0.2620829939842224,0.2632499933242798,0.0,359520000
2005-10-21,0.24346137046813965,0.266167014837265,0.0,0.27000001072883606,0.26433300971984863,0.2691670060157776,0.0,298368000
2005-10-24,0.25009286403656006,0.27341699600219727,0.0,0.27341699600219727,0.2660830020904541,0.2685000002384186,0.0,291012000
2005-10-25,0.25169357657432556,0.27516698837280273,0.0,0.2759999930858612,0.2704170048236847,0.2715829908847809,0.0,334680000
2005-10-26,0.24483342468738556,0.2676669955253601,0.0,0.27583301067352295,0.2672500014305115,0.27524998784065247,0.0,415344000
2005-10-27,0.23972564935684204,0.2620829939842224,0.0,0.26899999380111694,0.26124998927116394,0.26816698908805847,0.0,227784000
2005-10-28,0.24712009727954865,0.2701669931411743,0.0,0.2706669867038727,0.2562499940395355,0.2627499997615814,0.0,464640000
2005-10-31,0.25573286414146423,0.27958300709724426,0.0,0.2815000116825104,0.27125000953674316,0.27125000953674316,0.0,432420000
2005-11-01,0.2526082992553711,0.27616700530052185,0.0,0.28166699409484863,0.27399998903274536,0.27958300709724426,0.0,400488000
2005-11-02,0.267243355512619,0.2921670079231262,0.0,0.29249998927116394,0.2750000059604645,0.2762500047683716,0.0,523668000
2005-11-03,0.26411792635917664,0.2887499928474426,0.0,0.2958329916000366,0.28641700744628906,0.29416701197624207,0.0,465072000
2005-11-04,0.2596203088760376,0.28383299708366394,0.0,0.2895829975605011,0.28083300590515137,0.28891700506210327,0.0,570276000
2005-11-07,0.25847697257995605,0.28258299827575684,0.0,0.28633299469947815,0.28141701221466064,0.2853330075740814,0.0,370824000
2005-11-08,0.25367486476898193,0.27733299136161804,0.0,0.28391700983047485,0.27608299255371094,0.2836669981479645,0.0,538968000
2005-11-09,0.26510852575302124,0.2898330092430115,0.0,0.29166701436042786,0.2747499942779541,0.2779169976711273,0.0,818880000
2005-11-10,0.25527554750442505,0.2790830135345459,0.0,0.30641698837280273,0.27366700768470764,0.2999170124530792,0.0,2503620000
2005-11-11,0.2594684958457947,0.2836669981479645,0.0,0.28700000047683716,0.28025001287460327,0.2815000116825104,0.0,545928000
2005-11-14,0.2649567425251007,0.289667010307312,0.0,0.29166701436042786,0.2794170081615448,0.2837499976158142,0.0,493668000
2005-11-15,0.2655659317970276,0.29033300280570984,0.0,0.29416701197624207,0.28941699862480164,0.2914170026779175,0.0,496200000
2005-11-16,0.2646511197090149,0.2893329858779907,0.0,0.29225000739097595,0.2836669981479645,0.29066699743270874,0.0,455280000
2005-11-17,0.2763902544975281,0.30216699838638306,0.0,0.30241701006889343,0.288332998752594,0.2917500138282776,0.0,703260000
2005-11-18,0.27585604786872864,0.3015829920768738,0.0,0.3056670129299164,0.29566699266433716,0.3031669855117798,0.0,465768000
2005-11-21,0.2807351052761078,0.3069170117378235,0.0,0.30741700530052185,0.2999170124530792,0.3019169867038727,0.0,454704000
2005-11-22,0.28820446133613586,0.31508299708366394,0.0,0.3180829882621765,0.30608299374580383,0.3084999918937683,0.0,731700000
2005-11-23,0.287366658449173,0.31416699290275574,0.0,0.3187499940395355,0.3125,0.31541699171066284,0.0,411948000
2005-11-25,0.29018673300743103,0.31725001335144043,0.0,0.3177500069141388,0.31349998712539673,0.3156670033931732,0.0,116676000
2005-11-28,0.28873878717422485,0.3156670033931732,0.0,0.3208329975605011,0.3100000023841858,0.3180829882621765,0.0,424524000
2005-11-29,0.2704448699951172,0.29566699266433716,0.0,0.305417001247406,0.29433301091194153,0.296999990940094,0.0,1043136000
2005-11-30,0.27555152773857117,0.30125001072883606,0.0,0.30274999141693115,0.29350000619888306,0.2935830056667328,0.0,575448000
2005-12-01,0.2788289487361908,0.30483299493789673,0.0,0.3062500059604645,0.3005000054836273,0.30375000834465027,0.0,562032000
2005-12-02,0.2789057493209839,0.30491700768470764,0.0,0.3070000112056732,0.30083298683166504,0.3062500059604645,0.0,334476000
2005-12-05,0.2737220525741577,0.2992500066757202,0.0,0.30558300018310547,0.2982499897480011,0.30558300018310547,0.0,387708000
2005-12-06,0.2748655676841736,0.3005000054836273,0.0,0.30458301305770874,0.29933300614356995,0.2997500002384186,0.0,375252000
2005-12-07,0.27532291412353516,0.3009999990463257,0.0,0.3034999966621399,0.2958329916000366,0.3016670048236847,0.0,352668000
2005-12-08,0.27311214804649353,0.2985830008983612,0.0,0.30333301424980164,0.2951669991016388,0.29941698908805847,0.0,386664000
2005-12-09,0.2769995927810669,0.3028329908847809,0.0,0.3032500147819519,0.29533299803733826,0.2994999885559082,0.0,262896000
2005-12-12,0.28103968501091003,0.3072499930858612,0.0,0.3079169988632202,0.3031669855117798,0.30366700887680054,0.0,281136000
2005-12-13,0.28469860553741455,0.3112500011920929,0.0,0.31391701102256775,0.30558300018310547,0.3078329861164093,0.0,443412000
2005-12-14,0.282030314207077,0.30833300948143005,0.0,0.3104169964790344,0.30466699600219727,0.30891698598861694,0.0,287472000
2005-12-15,0.2784484326839447,0.3044170141220093,0.0,0.3104169964790344,0.30125001072883606,0.3080829977989197,0.0,332724000
2005-12-16,0.28088706731796265,0.30708301067352295,0.0,0.3084169924259186,0.3025830090045929,0.30550000071525574,0.0,1065600000
2005-12-19,0.2762376368045807,0.3019999861717224,0.0,0.3100000023841858,0.30125001072883606,0.30774998664855957,0.0,292296000
2005-12-20,0.27608489990234375,0.30183300375938416,0.0,0.3062500059604645,0.29783299565315247,0.3016670048236847,0.0,304356000
2005-12-21,0.27555152773857117,0.30125001072883606,0.0,0.3057500123977661,0.2985000014305115,0.3032500147819519,0.0,289380000
2005-12-22,0.283936470746994,0.3104169964790344,0.0,0.31075000762939453,0.30091699957847595,0.3009999990463257,0.0,318336000
2005-12-23,0.2861465513706207,0.3128330111503601,0.0,0.31325000524520874,0.3091669976711273,0.3112500011920929,0.0,214536000
2005-12-27,0.28790000081062317,0.31474998593330383,0.0,0.3181670010089874,0.31150001287460327,0.3125,0.0,367968000
2005-12-28,0.29056811332702637,0.31766700744628906,0.0,0.3186669945716858,0.3127500116825104,0.31474998593330383,0.0,264420000
2005-12-29,0.28408846259117126,0.3105829954147339,0.0,0.31850001215934753,0.30924999713897705,0.3174999952316284,0.0,310464000
2005-12-30,0.2786770164966583,0.30466699600219727,0.0,0.30891698598861694,0.30341699719429016,0.3088330030441284,0.0,229608000
2006-01-03,0.2913300693035126,0.31850001215934753,0.0,0.3208329975605011,0.305417001247406,0.30641698837280273,0.0,472812000
2006-01-04,0.29948627948760986,0.3274169862270355,0.0,0.3279170095920563,0.31758299469947815,0.320917010307312,0.0,510072000
2006-01-05,0.3062697649002075,0.3348329961299896,0.0,0.3354170024394989,0.32691699266433716,0.32749998569488525,0.0,646092000
2006-01-06,0.3113005459308624,0.3403330147266388,0.0,0.3415830135345459,0.32541701197624207,0.33866700530052185,0.0,623388000
2006-01-09,0.3199901580810547,0.34983301162719727,0.0,0.35166698694229126,0.3394170105457306,0.34016698598861694,0.0,560484000
2006-01-10,0.3200669586658478,0.3499169945716858,0.0,0.3499169945716858,0.34375,0.3481670022010803,0.0,339660000
2006-01-11,0.33165255188941956,0.3625830113887787,0.0,0.36458298563957214,0.3496670126914978,0.3502500057220459,0.0,626304000
2006-01-12,0.3269272446632385,0.3574169874191284,0.0,0.36808300018310547,0.3548330068588257,0.36250001192092896,0.0,495504000
2006-01-13,0.32403039932250977,0.3542500138282776,0.0,0.359499990940094,0.3492499887943268,0.35658299922943115,0.0,421296000
2006-01-17,0.323801726102829,0.3540000021457672,0.0,0.35416701436042786,0.34474998712539673,0.3494170010089874,0.0,329232000
2006-01-18,0.32547831535339355,0.3558329939842224,0.0,0.3569999933242798,0.3400000035762787,0.34325000643730164,0.0,459948000
2006-01-19,0.34354349970817566,0.3755829930305481,0.0,0.3804999887943268,0.359917014837265,0.36058300733566284,0.0,914760000
2006-01-20,0.33393916487693787,0.3650830090045929,0.0,0.3804999887943268,0.36500000953674316,0.3761669993400574,0.0,461604000
2006-01-23,0.33584538102149963,0.36716699600219727,0.0,0.37024998664855957,0.3629170060157776,0.367917001247406,0.0,334884000
2006-01-24,0.3375221788883209,0.36899998784065247,0.0,0.37666699290275574,0.367000013589859,0.36800000071525574,0.0,388896000
2006-01-25,0.3345493674278259,0.3657500147819519,0.0,0.37325000762939453,0.3613330125808716,0.37083300948143005,0.0,400236000
2006-01-26,0.34598296880722046,0.37825000286102295,0.0,0.37858301401138306,0.3687500059604645,0.37108299136161804,0.0,448836000
2006-01-27,0.3525386154651642,0.38541701436042786,0.0,0.38966700434684753,0.3799999952316284,0.38316699862480164,0.0,385044000
2006-01-30,0.34857437014579773,0.38108301162719727,0.0,0.38749998807907104,0.3793329894542694,0.3870829939842224,0.0,315780000
2006-01-31,0.3427056074142456,0.3746669888496399,0.0,0.3812499940395355,0.37174999713897705,0.37916699051856995,0.0,384456000
2006-02-01,0.34293437004089355,0.37491700053215027,0.0,0.37641701102256775,0.36649999022483826,0.367917001247406,0.0,450852000
2006-02-02,0.332491397857666,0.3634999990463257,0.0,0.37858301401138306,0.3629170060157776,0.3783330023288727,0.0,473736000
2006-02-03,0.33553996682167053,0.36683300137519836,0.0,0.3713330030441284,0.36000001430511475,0.3611670136451721,0.0,504252000
2006-02-06,0.3449924886226654,0.3771669864654541,0.0,0.37758299708366394,0.3642500042915344,0.36583301424980164,0.0,363468000
2006-02-07,0.33271995186805725,0.36375001072883606,0.0,0.37791699171066284,0.3635829985141754,0.37791699171066284,0.0,399408000
2006-02-08,0.3423241972923279,0.37424999475479126,0.0,0.37424999475479126,0.3648329973220825,0.3648329973220825,0.0,393072000
2006-02-09,0.33653151988983154,0.367917001247406,0.0,0.3812499940395355,0.36558300256729126,0.37541699409484863,0.0,437100000
2006-02-10,0.33462533354759216,0.36583301424980164,0.0,0.3709169924259186,0.35725000500679016,0.36924999952316284,0.0,414996000
2006-02-13,0.33576852083206177,0.36708301305770874,0.0,0.3696669936180115,0.36216700077056885,0.36466699838638306,0.0,280740000
2006-02-14,0.336378812789917,0.36774998903274536,0.0,0.3690829873085022,0.3629170060157776,0.36708301305770874,0.0,342348000
2006-02-15,0.3428575396537781,0.37483298778533936,0.0,0.37583300471305847,0.3660829961299896,0.367000013589859,0.0,493296000
2006-02-16,0.3597792983055115,0.39333298802375793,0.0,0.3941670060157776,0.3792499899864197,0.3818329870700836,0.0,1305888000
2006-02-17,0.3618374466896057,0.39558300375938416,0.0,0.422666996717453,0.39333298802375793,0.42225000262260437,0.0,2356956000
2006-02-21,0.3541393280029297,0.3871670067310333,0.0,0.3954170048236847,0.38374999165534973,0.3947499990463257,0.0,684060000
2006-02-22,0.35352927446365356,0.3865000009536743,0.0,0.3895829916000366,0.3725000023841858,0.38166698813438416,0.0,939756000
2006-02-23,0.34811702370643616,0.3805829882621765,0.0,0.38791701197624207,0.37950000166893005,0.38533300161361694,0.0,385128000
2006-02-24,0.3480411171913147,0.3804999887943268,0.0,0.3868330121040344,0.3785000145435333,0.38225001096725464,0.0,416412000
2006-02-27,0.3621428906917572,0.39591699838638306,0.0,0.39833301305770874,0.3794170022010803,0.383417010307312,0.0,666468000
2006-02-28,0.35924622416496277,0.39274999499320984,0.0,0.39750000834465027,0.3889169991016388,0.3941670060157776,0.0,563316000
2006-03-01,0.3728905916213989,0.40766701102256775,0.0,0.4099999964237213,0.3916670083999634,0.3941670060157776,0.0,703932000
2006-03-02,0.37342381477355957,0.40825000405311584,0.0,0.414000004529953,0.40299999713897705,0.40724998712539673,0.0,545460000
2006-03-03,0.3747200071811676,0.4096669852733612,0.0,0.4167500138282776,0.4037500023841858,0.40450000762939453,0.0,595800000
2006-03-06,0.373957097530365,0.40883299708366394,0.0,0.42041701078414917,0.4068329930305481,0.4176670014858246,0.0,529020000
2006-03-07,0.367554247379303,0.4018329977989197,0.0,0.4120829999446869,0.39375001192092896,0.40891700983047485,0.0,606204000
2006-03-08,0.3657248616218567,0.39983299374580383,0.0,0.40400001406669617,0.3855000138282776,0.4019170105457306,0.0,670800000
2006-03-09,0.36763104796409607,0.4019170105457306,0.0,0.41141700744628906,0.4016669988632202,0.4046669900417328,0.0,536700000
2006-03-10,0.36122816801071167,0.39491701126098633,0.0,0.4065830111503601,0.3913330137729645,0.40149998664855957,0.0,521580000
2006-03-13,0.365572988986969,0.39966699481010437,0.0,0.4015829861164093,0.39591699838638306,0.39891698956489563,0.0,372132000
2006-03-14,0.37571054697036743,0.41075000166893005,0.0,0.4124169945716858,0.398499995470047,0.4000000059604645,0.0,627792000
2006-03-15,0.3817319869995117,0.4173330068588257,0.0,0.41791701316833496,0.4099999964237213,0.4115830063819885,0.0,510600000
2006-03-16,0.36877453327178955,0.4031670093536377,0.0,0.4185830056667328,0.40174999833106995,0.4180830121040344,0.0,568416000
2006-03-17,0.3717471659183502,0.40641701221466064,0.0,0.4074999988079071,0.39524999260902405,0.4012500047683716,0.0,618588000
2006-03-20,0.3689263164997101,0.40333300828933716,0.0,0.41008299589157104,0.4029169976711273,0.4099999964237213,0.0,293772000
2006-03-21,0.3871442377567291,0.4232499897480011,0.0,0.43083301186561584,0.4121670126914978,0.4232499897480011,0.0,1235472000
2006-03-22,0.37601515650749207,0.41108301281929016,0.0,0.41449999809265137,0.4018329977989197,0.4124999940395355,0.0,1158576000
2006-03-23,0.3830280900001526,0.41874998807907104,0.0,0.42041701078414917,0.4078330099582672,0.4124999940395355,0.0,661992000
2006-03-24,0.3959866464138031,0.4329169988632202,0.0,0.43366700410842896,0.41916701197624207,0.4198330044746399,0.0,687936000
2006-03-27,0.40665727853775024,0.444582998752594,0.0,0.4449169933795929,0.4318329989910126,0.4332500100135803,0.0,651444000
2006-03-28,0.4129083752632141,0.4514169991016388,0.0,0.4573329985141754,0.44166699051856995,0.44258299469947815,0.0,795204000
2006-03-29,0.43508973717689514,0.47566699981689453,0.0,0.476500004529953,0.4495829939842224,0.4533329904079437,0.0,987096000
2006-03-30,0.438062459230423,0.4789170026779175,0.0,0.4814999997615814,0.4675830006599426,0.4761669933795929,0.0,1063308000
2006-03-31,0.436461865901947,0.477167010307312,0.0,0.48524999618530273,0.4742499887943268,0.4785830080509186,0.0,835560000
2006-04-03,0.4413398802280426,0.48249998688697815,0.0,0.4891670048236847,0.4736669957637787,0.4796670079231262,0.0,968916000
2006-04-04,0.4619964063167572,0.5050830245018005,0.0,0.5058330297470093,0.4826669991016388,0.48316699266433716,0.0,1200612000
2006-04-05,0.4657321274280548,0.5091670155525208,0.0,0.511667013168335,0.49341699481010437,0.5041670203208923,0.0,1112976000
2006-04-06,0.4666467607021332,0.5101670026779175,0.0,0.5139999985694885,0.5008329749107361,0.5078330039978027,0.0,789312000
2006-04-07,0.46542641520500183,0.5088329911231995,0.0,0.512499988079071,0.4988330006599426,0.5080000162124634,2.0,682674000
2006-04-10,0.45734703540802,0.5,0.0,0.5106670260429382,0.49616700410842896,0.5076670050621033,0.0,634230000
2006-04-11,0.4462178647518158,0.4878329932689667,0.0,0.5016670227050781,0.4848330020904541,0.5016670227050781,0.0,702072000
2006-04-12,0.4642072916030884,0.5074999928474426,0.0,0.5101670026779175,0.48833298683166504,0.4909999966621399,0.0,598308000
2006-04-13,0.4512486755847931,0.49333301186561584,0.0,0.5023329854011536,0.4913330078125,0.4966669976711273,0.0,738360000
2006-04-17,0.45246902108192444,0.4946669936180115,0.0,0.5070000290870667,0.4906669855117798,0.4925000071525574,0.0,443868000
2006-04-18,0.44179728627204895,0.4830000102519989,0.0,0.4860000014305115,0.46983298659324646,0.48583298921585083,0.0,1165488000
2006-04-19,0.444541335105896,0.4860000014305115,0.0,0.4913330078125,0.4733330011367798,0.47999998927116394,0.0,517476000
2006-04-20,0.4439312815666199,0.48533299565315247,0.0,0.49399998784065247,0.4736669957637787,0.48166701197624207,0.0,552684000
2006-04-21,0.42792412638664246,0.467833012342453,0.0,0.4888330101966858,0.46216699481010437,0.48683300614356995,0.0,770016000
2006-04-24,0.4410352408885956,0.48216700553894043,0.0,0.48683300614356995,0.4625000059604645,0.4708330035209656,0.0,676848000
2006-04-25,0.4407298266887665,0.48183301091194153,0.0,0.4830000102519989,0.46833300590515137,0.47666698694229126,0.0,719766000
2006-04-26,0.43768110871315,0.47850000858306885,0.0,0.4909999966621399,0.4733330011367798,0.4836669862270355,0.0,330528000
2006-04-27,0.44469407200813293,0.4861670136451721,0.0,0.4906669855117798,0.4663330018520355,0.47666698694229126,0.0,462966000
2006-04-28,0.44545596837997437,0.4869999885559082,0.0,0.4931670129299164,0.4823330044746399,0.48649999499320984,0.0,284736000
2006-05-01,0.47106727957725525,0.5149999856948853,0.0,0.5245000123977661,0.4903329908847809,0.4903329908847809,0.0,902472000
2006-05-02,0.4704573154449463,0.5143330097198486,0.0,0.5249999761581421,0.5055000185966492,0.5188329815864563,0.0,539700000
2006-05-03,0.47350695729255676,0.5176669955253601,0.0,0.5233330130577087,0.5080000162124634,0.5084999799728394,0.0,378114000
2006-05-04,0.4704573154449463,0.5143330097198486,0.0,0.5199999809265137,0.5048329830169678,0.5074999928474426,0.0,511128000
2006-05-05,0.4768601059913635,0.5213329792022705,0.0,0.5231670141220093,0.5098329782485962,0.5170000195503235,0.0,338184000
2006-05-08,0.4747261703014374,0.5189999938011169,0.0,0.5313330292701721,0.5141670107841492,0.5199999809265137,0.0,503622000
2006-05-09,0.46024391055107117,0.5031669735908508,0.0,0.5210000276565552,0.5024999976158142,0.5183330178260803,0.0,561648000
2006-05-10,0.45002955198287964,0.492000013589859,0.0,0.503000020980835,0.4869999885559082,0.4971669912338257,0.0,753264000
2006-05-11,0.43402236700057983,0.47450000047683716,0.0,0.5016670227050781,0.4706670045852661,0.4970000088214874,0.0,1201110000
2006-05-12,0.4013979434967041,0.43883299827575684,0.0,0.46549999713897705,0.42899999022483826,0.4631670117378235,0.0,1568172000
2006-05-15,0.407191663980484,0.44516700506210327,0.0,0.4490000009536743,0.4341669976711273,0.43799999356269836,0.0,553380000
2006-05-16,0.39651983976364136,0.4334999918937683,0.0,0.44783300161361694,0.4306670129299164,0.4476670026779175,0.0,497532000
2006-05-17,0.3805127441883087,0.41600000858306885,0.0,0.4345000088214874,0.4083330035209656,0.4320000112056732,0.0,841074000
2006-05-18,0.3632863759994507,0.39716699719429016,0.0,0.42333298921585083,0.3966670036315918,0.41933301091194153,0.0,686730000
2006-05-19,0.3709084689617157,0.40549999475479126,0.0,0.41499999165534973,0.39683300256729126,0.40083301067352295,0.0,932808000
2006-05-22,0.365877628326416,0.4000000059604645,0.0,0.4041669964790344,0.3889999985694885,0.40333300828933716,0.0,734886000
2006-05-23,0.36191418766975403,0.3956669867038727,0.0,0.41783300042152405,0.39399999380111694,0.4083330035209656,0.0,532314000
2006-05-24,0.366639643907547,0.40083301067352295,0.0,0.41266700625419617,0.3901669979095459,0.399167001247406,0.0,579522000
2006-05-25,0.36465832591056824,0.39866700768470764,0.0,0.4143329858779907,0.39649999141693115,0.4083330035209656,0.0,423666000
2006-05-26,0.3654201924800873,0.3995000123977661,0.0,0.4028330147266388,0.3953329920768738,0.40016698837280273,0.0,294642000
2006-05-30,0.3501751720905304,0.38283300399780273,0.0,0.4003329873085022,0.38266700506210327,0.40016698837280273,0.0,448788000
2006-05-31,0.3503277003765106,0.382999986410141,0.0,0.3916670083999634,0.3806670010089874,0.3880000114440918,0.0,598422000
2006-06-01,0.36862173676490784,0.40299999713897705,0.0,0.40299999713897705,0.38133299350738525,0.3873330056667328,0.0,537126000
2006-06-02,0.3632863759994507,0.39716699719429016,0.0,0.4115000069141388,0.39316698908805847,0.40950000286102295,0.0,673710000
2006-06-05,0.3480411171913147,0.3804999887943268,0.0,0.40233299136161804,0.3793329894542694,0.39500001072883606,0.0,581052000
2006-06-06,0.3387414515018463,0.3703329861164093,0.0,0.38566699624061584,0.36000001430511475,0.38533300161361694,0.0,824130000
2006-06-07,0.3326440751552582,0.36366701126098633,0.0,0.375,0.36083298921585083,0.374332994222641,0.0,565380000
2006-06-08,0.3265458345413208,0.3569999933242798,0.0,0.3641670048236847,0.34266701340675354,0.359499990940094,0.0,730572000
2006-06-09,0.32547831535339355,0.3558329939842224,0.0,0.3678329885005951,0.35283300280570984,0.3616670072078705,0.0,433824000
2006-06-12,0.30748996138572693,0.33616700768470764,0.0,0.3543330132961273,0.3341670036315918,0.3496670126914978,0.0,463230000
2006-06-13,0.3027637004852295,0.3310000002384186,0.0,0.342833012342453,0.32783299684524536,0.335999995470047,0.0,532548000
2006-06-14,0.3116060793399811,0.3406670093536377,0.0,0.3416669964790344,0.3294999897480011,0.3330000042915344,0.0,480492000
2006-06-15,0.3388940989971161,0.37049999833106995,0.0,0.3716669976711273,0.35033300518989563,0.35316699743270874,0.0,837336000
2006-06-16,0.330204576253891,0.3610000014305115,0.0,0.36899998784065247,0.35749998688697815,0.36800000071525574,0.0,503448000
2006-06-19,0.32029563188552856,0.35016700625419617,0.0,0.36683300137519836,0.3493329882621765,0.36500000953674316,0.0,388044000
2006-06-20,0.3152647912502289,0.344666987657547,0.0,0.35249999165534973,0.3391669988632202,0.34049999713897705,0.0,535818000
2006-06-21,0.31877079606056213,0.34850001335144043,0.0,0.3540000021457672,0.3431670069694519,0.3431670069694519,0.0,441174000
2006-06-22,0.3094712495803833,0.33833301067352295,0.0,0.3533329963684082,0.335999995470047,0.3523330092430115,0.0,532338000
2006-06-23,0.30962395668029785,0.3384999930858612,0.0,0.34549999237060547,0.3345000147819519,0.33766698837280273,0.0,335202000
2006-06-26,0.3067270815372467,0.335332989692688,0.0,0.3416669964790344,0.33366701006889343,0.33799999952316284,0.0,281736000
2006-06-27,0.29697105288505554,0.3246670067310333,0.0,0.33766698837280273,0.32016700506210327,0.33733299374580383,0.0,608514000
2006-06-28,0.31343552470207214,0.34266701340675354,0.0,0.3479999899864197,0.3186669945716858,0.32716700434684753,0.0,833376000
2006-06-29,0.3276132345199585,0.35816699266433716,0.0,0.35816699266433716,0.33216699957847595,0.33333298563957214,0.0,687666000
2006-06-30,0.324563592672348,0.3548330068588257,0.0,0.36733299493789673,0.352167010307312,0.3616670072078705,0.0,468240000
2006-07-03,0.32928988337516785,0.36000001430511475,0.0,0.36333298683166504,0.35749998688697815,0.3630000054836273,0.0,174696000
2006-07-05,0.3145020008087158,0.34383299946784973,0.0,0.35749998688697815,0.34383299946784973,0.3543330132961273,0.0,459708000
2006-07-06,0.3047458529472351,0.3331669867038727,0.0,0.3471669852733612,0.32966700196266174,0.34383299946784973,0.0,470634000
2006-07-07,0.29529353976249695,0.32283300161361694,0.0,0.33616700768470764,0.31916698813438416,0.33550000190734863,0.0,541230000
2006-07-10,0.2824876308441162,0.3088330030441284,0.0,0.32600000500679016,0.3059999942779541,0.3236669898033142,0.0,449922000
2006-07-11,0.2919401526451111,0.31916698813438416,0.0,0.32033300399780273,0.30333301424980164,0.3078329861164093,0.0,600582000
2006-07-12,0.27791422605514526,0.3038330078125,0.0,0.32166698575019836,0.3034999966621399,0.3179999887943268,0.0,461034000
2006-07-13,0.27074944972991943,0.29600000381469727,0.0,0.3066670000553131,0.2944999933242798,0.2991670072078705,0.0,540582000
2006-07-14,0.26937735080718994,0.2944999933242798,0.0,0.3031669855117798,0.2861669957637787,0.30149999260902405,0.0,572148000
2006-07-17,0.2715114951133728,0.29683300852775574,0.0,0.3001669943332672,0.29166701436042786,0.29316699504852295,0.0,502806000
2006-07-18,0.2862991392612457,0.31299999356269836,0.0,0.3161669969558716,0.29600000381469727,0.3070000112056732,0.0,979332000
2006-07-19,0.2988002896308899,0.32666701078414917,0.0,0.33066698908805847,0.3093329966068268,0.31166699528694153,0.0,1055550000
2006-07-20,0.29285481572151184,0.32016700506210327,0.0,0.33833301067352295,0.3196670114994049,0.33250001072883606,0.0,505602000
2006-07-21,0.27090218663215637,0.2961669862270355,0.0,0.3106670081615448,0.2938329875469208,0.3093329966068268,0.0,633918000
2006-07-24,0.29819032549858093,0.32600000500679016,0.0,0.3334999978542328,0.30550000071525574,0.3071669936180115,0.0,983178000
2006-07-25,0.3087092936038971,0.3375000059604645,0.0,0.3409999907016754,0.3251670002937317,0.33000001311302185,0.0,574104000
2006-07-26,0.3087092936038971,0.3375000059604645,0.0,0.34150001406669617,0.32749998569488525,0.3375000059604645,0.0,495318000
2006-07-27,0.3131299912929535,0.34233298897743225,0.0,0.3558329939842224,0.33616700768470764,0.3418329954147339,0.0,694338000
2006-07-28,0.3456015884876251,0.3778330087661743,0.0,0.3785000145435333,0.34916698932647705,0.3511669933795929,0.0,815298000
2006-07-31,0.3375221788883209,0.36899998784065247,0.0,0.37766700983047485,0.36800000071525574,0.3738330006599426,0.0,594762000
2006-08-01,0.32395437359809875,0.35416701436042786,0.0,0.3651669919490814,0.3474999964237213,0.3644999861717224,0.0,600966000
2006-08-02,0.34880295395851135,0.38133299350738525,0.0,0.38316699862480164,0.3611670136451721,0.3619999885559082,0.0,756774000
2006-08-03,0.37075579166412354,0.405333012342453,0.0,0.41566699743270874,0.3746669888496399,0.3799999952316284,0.0,890568000
2006-08-04,0.3657248616218567,0.39983299374580383,0.0,0.41666701436042786,0.3894999921321869,0.41600000858306885,0.0,818232000
2006-08-07,0.36145690083503723,0.3951669931411743,0.0,0.40016698837280273,0.38749998807907104,0.39283299446105957,0.0,436146000
2006-08-08,0.3710611164569855,0.4056670069694519,0.0,0.41416698694229126,0.3973329961299896,0.39833301305770874,0.0,619806000
2006-08-09,0.3709084689617157,0.40549999475479126,0.0,0.42500001192092896,0.4025000035762787,0.4136669933795929,0.0,584706000
2006-08-10,0.36831724643707275,0.40266698598861694,0.0,0.4050000011920929,0.3941670060157776,0.4009999930858612,0.0,1072140000
2006-08-11,0.35673069953918457,0.38999998569488525,0.0,0.40016698837280273,0.3720000088214874,0.37333300709724426,0.0,1603272000
2006-08-14,0.35490119457244873,0.3880000114440918,0.0,0.3988330066204071,0.3858329951763153,0.3948329985141754,0.0,809412000
2006-08-15,0.38904955983161926,0.4253329932689667,0.0,0.42750000953674316,0.3941670060157776,0.39800000190734863,0.0,902172000
2006-08-16,0.4169476628303528,0.45583298802375793,0.0,0.4576669931411743,0.41666701436042786,0.4276669919490814,0.0,1029246000
2006-08-17,0.4103930592536926,0.4486669898033142,0.0,0.4620000123977661,0.44416698813438416,0.4501670002937317,0.0,814224000
2006-08-18,0.41710057854652405,0.4560000002384186,0.0,0.45833298563957214,0.4334999918937683,0.44916701316833496,0.0,665898000
2006-08-21,0.40170350670814514,0.43916699290275574,0.0,0.44999998807907104,0.438167005777359,0.44916701316833496,0.0,500220000
2006-08-22,0.40109336376190186,0.43849998712539673,0.0,0.45066699385643005,0.4375,0.4378330111503601,0.0,473928000
2006-08-23,0.4007887542247772,0.438167005777359,0.0,0.44633299112319946,0.4284999966621399,0.4418329894542694,0.0,485412000
2006-08-24,0.4049050211906433,0.44266700744628906,0.0,0.4449999928474426,0.43233299255371094,0.4393329918384552,0.0,260802000
2006-08-25,0.4036846458911896,0.44133299589157104,0.0,0.44916701316833496,0.4350000023841858,0.4393329918384552,0.0,238314000
2006-08-28,0.417557954788208,0.45649999380111694,0.0,0.46950000524520874,0.44783300161361694,0.4486669898033142,0.0,764562000
2006-08-29,0.436461865901947,0.477167010307312,0.0,0.4793330132961273,0.45750001072883606,0.46083301305770874,0.0,727962000
2006-08-30,0.44545596837997437,0.4869999885559082,0.0,0.492000013589859,0.4786669909954071,0.4798330068588257,0.0,681564000
2006-08-31,0.44377925992012024,0.485166996717453,0.0,0.4880000054836273,0.4746670126914978,0.48583298921585083,0.0,511278000
2006-09-01,0.42518001794815063,0.46483299136161804,0.0,0.48183301091194153,0.46299999952316284,0.4779999852180481,0.0,605742000
2006-09-05,0.43447962403297424,0.4749999940395355,0.0,0.4768329858779907,0.4595000147819519,0.4663330018520355,0.0,549354000
2006-09-06,0.4126798212528229,0.4511669874191284,0.0,0.46733298897743225,0.44999998807907104,0.4666669964790344,0.0,493572000
2006-09-07,0.420911967754364,0.4601669907569885,0.0,0.4703330099582672,0.4390000104904175,0.44383299350738525,0.0,742836000
2006-09-08,0.42228400707244873,0.461667001247406,0.0,0.46950000524520874,0.4514999985694885,0.4675000011920929,0.0,447978000
2006-09-11,0.4288387894630432,0.46883299946784973,0.0,0.47416698932647705,0.4461669921875,0.4513329863548279,0.0,598266000
2006-09-12,0.4401205778121948,0.4811669886112213,0.0,0.4841670095920563,0.46549999713897705,0.4666669964790344,0.0,498432000
2006-09-13,0.44362664222717285,0.48500001430511475,0.0,0.4913330078125,0.4808329939842224,0.4823330044746399,0.0,476286000
2006-09-14,0.44194987416267395,0.48316699266433716,0.0,0.4916670024394989,0.4768329858779907,0.4826669991016388,0.0,428814000
2006-09-15,0.4506396949291229,0.49266698956489563,0.0,0.4950000047683716,0.48249998688697815,0.4848330020904541,0.0,649764000
2006-09-18,0.467713326215744,0.5113329887390137,0.0,0.5121669769287109,0.4925000071525574,0.49399998784065247,0.0,793896000
2006-09-19,0.45551761984825134,0.49799999594688416,0.0,0.511667013168335,0.4938330054283142,0.5080000162124634,0.0,708054000
2006-09-20,0.47213488817214966,0.5161669850349426,0.0,0.5168330073356628,0.5034999847412109,0.5044999718666077,0.0,511884000
2006-09-21,0.4683234691619873,0.5120000243186951,0.0,0.5208330154418945,0.5071669816970825,0.5156670212745667,0.0,539106000
2006-09-22,0.45445016026496887,0.4968329966068268,0.0,0.5136669874191284,0.49116700887680054,0.5105000138282776,0.0,653334000
2006-09-25,0.47076281905174255,0.5146669745445251,0.0,0.5168330073356628,0.4906669855117798,0.5043330192565918,0.0,684486000
2006-09-26,0.4608529508113861,0.503832995891571,0.0,0.515500009059906,0.49733299016952515,0.5141670107841492,0.0,516120000
2006-09-27,0.45948100090026855,0.5023329854011536,0.0,0.5183330178260803,0.4975000023841858,0.5023329854011536,0.0,578142000
2006-09-28,0.4507913291454315,0.4928329885005951,0.0,0.49483299255371094,0.4805000126361847,0.4826669991016388,0.0,647346000
2006-09-29,0.4510969817638397,0.4931670129299164,0.0,0.5,0.49050000309944153,0.49616700410842896,0.0,373890000
2006-10-02,0.439663290977478,0.48066699504852295,0.0,0.49399998784065247,0.47666698694229126,0.49083301424980164,0.0,647442000
2006-10-03,0.43143099546432495,0.47166699171066284,0.0,0.47533300518989563,0.46116700768470764,0.47166699171066284,0.0,907692000
2006-10-04,0.47381144762039185,0.5180000066757202,0.0,0.5181670188903809,0.47099998593330383,0.47233301401138306,0.0,1460382000
2006-10-05,0.4603956639766693,0.5033329725265503,0.0,0.521166980266571,0.5019999742507935,0.515999972820282,0.0,662682000
2006-10-06,0.47152483463287354,0.515500009059906,0.0,0.5208330154418945,0.5026670098304749,0.5041670203208923,0.0,593610000
2006-10-09,0.5018624663352966,0.5486670136451721,0.0,0.5554999709129333,0.5128329992294312,0.5143330097198486,0.0,932304000
2006-10-10,0.49042871594429016,0.5361670255661011,0.0,0.5479999780654907,0.5299999713897705,0.5458329916000366,0.0,624648000
2006-10-11,0.49317285418510437,0.5391669869422913,0.0,0.5486670136451721,0.5251669883728027,0.5333330035209656,0.0,481944000
2006-10-12,0.4951539933681488,0.541333019733429,0.0,0.5525000095367432,0.5335000157356262,0.5421670079231262,0.0,414720000
2006-10-13,0.5148200392723083,0.5628330111503601,0.0,0.5659999847412109,0.5306670069694519,0.5394999980926514,0.0,584190000
2006-10-16,0.51390540599823,0.5618330240249634,0.0,0.5738329887390137,0.5518329739570618,0.5646669864654541,0.0,478968000
2006-10-17,0.49423930048942566,0.5403329730033875,0.0,0.5565000176429749,0.5350000262260437,0.5526670217514038,0.0,526506000
2006-10-18,0.4811289608478546,0.5260000228881836,0.0,0.5541669726371765,0.5221670269966125,0.5483329892158508,0.0,822750000
2006-10-19,0.49027591943740845,0.5360000133514404,0.0,0.5400000214576721,0.5198330283164978,0.5239999890327454,0.0,473040000
2006-10-20,0.48463523387908936,0.5298330187797546,0.0,0.5404999852180481,0.5221670269966125,0.540166974067688,0.0,359478000
2006-10-23,0.481433629989624,0.5263329744338989,0.0,0.5414999723434448,0.5249999761581421,0.5286669731140137,0.0,280248000
2006-10-24,0.495459645986557,0.5416669845581055,0.0,0.5476670265197754,0.525833010673523,0.5273330211639404,0.0,519288000
2006-10-25,0.5000329613685608,0.5466669797897339,0.0,0.5550000071525574,0.5376669764518738,0.5468329787254333,0.0,389436000
2006-10-26,0.5158876180648804,0.5640000104904175,0.0,0.5658329725265503,0.5479999780654907,0.5479999780654907,0.0,366690000
2006-10-27,0.49363040924072266,0.539667010307312,0.0,0.5764999985694885,0.5333330035209656,0.5640000104904175,0.0,566988000
2006-10-30,0.49957552552223206,0.5461670160293579,0.0,0.5558329820632935,0.5375000238418579,0.5433329939842224,0.0,479592000
2006-10-31,0.5315901041030884,0.5811669826507568,0.0,0.5811669826507568,0.5553330183029175,0.5581669807434082,0.0,996174000
2006-11-01,0.49058064818382263,0.5363330245018005,0.0,0.5788329839706421,0.5283330082893372,0.5734999775886536,0.0,1176540000
2006-11-02,0.4872274398803711,0.5326669812202454,0.0,0.5504999756813049,0.5253329873085022,0.5388330221176147,0.0,862944000
2006-11-03,0.4969835579395294,0.5433329939842224,0.0,0.5440000295639038,0.5299999713897705,0.5386670231819153,0.0,548070000
2006-11-06,0.5120757818222046,0.5598329901695251,0.0,0.5673329830169678,0.5379999876022339,0.5448330044746399,0.0,739602000
2006-11-07,0.5198508501052856,0.5683330297470093,0.0,0.5743330121040344,0.5608329772949219,0.5640000104904175,0.0,553254000
2006-11-08,0.5274739861488342,0.5766670107841492,0.0,0.583666980266571,0.5630000233650208,0.5643330216407776,0.0,648324000
2006-11-09,0.5379930734634399,0.5881670117378235,0.0,0.6033329963684082,0.5831670165061951,0.5885000228881836,0.0,1207758000
2006-11-10,0.5250343680381775,0.5740000009536743,0.0,0.5860000252723694,0.559499979019165,0.5831670165061951,0.0,1317192000
2006-11-13,0.5488163232803345,0.6000000238418579,0.0,0.6016669869422913,0.574999988079071,0.5751670002937317,0.0,852282000
2006-11-14,0.5543044209480286,0.6060000061988831,0.0,0.6071670055389404,0.5849999785423279,0.597832977771759,0.0,628530000
2006-11-15,0.5451576709747314,0.5960000157356262,0.0,0.612500011920929,0.5926669836044312,0.6041669845581055,0.0,491892000
2006-11-16,0.5521707534790039,0.6036670207977295,0.0,0.6058329939842224,0.5933330059051514,0.5985000133514404,0.0,457182000
2006-11-17,0.5536943674087524,0.6053329706192017,0.0,0.6069999933242798,0.5958330035209656,0.5995000004768372,0.0,361608000
2006-11-20,0.5588781237602234,0.6110000014305115,0.0,0.6143329739570618,0.5933330059051514,0.597832977771759,0.0,608634000
2006-11-21,0.5501884818077087,0.6014999747276306,0.0,0.6138330101966858,0.5973330140113831,0.6128330230712891,0.0,387384000
2006-11-22,0.5596399307250977,0.6118329763412476,0.0,0.612500011920929,0.6004999876022339,0.6036670207977295,0.0,240258000
2006-11-24,0.563755989074707,0.6163330078125,0.0,0.617667019367218,0.6033329963684082,0.6088330149650574,0.0,144336000
2006-11-27,0.5382973551750183,0.5885000228881836,0.0,0.6208329796791077,0.5843330025672913,0.6126670241355896,0.0,585294000
2006-11-28,0.5483588576316833,0.5995000004768372,0.0,0.6048330068588257,0.5773329734802246,0.5864999890327454,0.0,480966000
2006-11-29,0.5564383268356323,0.6083329916000366,0.0,0.6156669855117798,0.602666974067688,0.6050000190734863,0.0,579792000
2006-11-30,0.5639092326164246,0.6165000200271606,0.0,0.6215000152587891,0.6010000109672546,0.6083329916000366,0.0,583632000
2006-12-01,0.5418034791946411,0.5923330187797546,0.0,0.6104999780654907,0.5870000123977661,0.6096670031547546,0.0,785010000
2006-12-04,0.563755989074707,0.6163330078125,0.0,0.6240000128746033,0.597832977771759,0.6000000238418579,0.0,621570000
2006-12-05,0.5579633712768555,0.6100000143051147,0.0,0.6134999990463257,0.6031669974327087,0.6098330020904541,0.0,663354000
2006-12-06,0.5572014451026917,0.6091669797897339,0.0,0.6119999885559082,0.600832998752594,0.6119999885559082,0.0,478242000
2006-12-07,0.5437856316566467,0.5945000052452087,0.0,0.612500011920929,0.5891669988632202,0.6091669797897339,0.0,486894000
2006-12-08,0.5419561862945557,0.5924999713897705,0.0,0.6006669998168945,0.5816670060157776,0.5901669859886169,0.0,564858000
2006-12-11,0.551256000995636,0.602666974067688,0.0,0.6098330020904541,0.5913329720497131,0.5926669836044312,0.0,515484000
2006-12-12,0.545615017414093,0.5964999794960022,0.0,0.6001669764518738,0.5885000228881836,0.5981670022010803,0.0,568116000
2006-12-13,0.5520178079605103,0.6035000085830688,0.0,0.6083329916000366,0.6013330221176147,0.6013330221176147,0.0,491952000
2006-12-14,0.5617749691009521,0.6141669750213623,0.0,0.6218330264091492,0.6078330278396606,0.6083329916000366,0.0,715380000
2006-12-15,0.5716837644577026,0.625,0.0,0.625,0.6143329739570618,0.618166983127594,0.0,746094000
2006-12-18,0.5815925598144531,0.6358330249786377,0.0,0.6433330178260803,0.6253330111503601,0.6256669759750366,0.0,688356000
2006-12-19,0.5899776220321655,0.6449999809265137,0.0,0.6483330130577087,0.6268330216407776,0.6276670098304749,0.0,545622000
2006-12-20,0.5832701921463013,0.6376670002937317,0.0,0.6493330001831055,0.6371669769287109,0.6416670083999634,0.0,306594000
2006-12-21,0.5782392621040344,0.6321669816970825,0.0,0.6430000066757202,0.625,0.6411669850349426,0.0,367920000
2006-12-22,0.5645190477371216,0.6171669960021973,0.0,0.6333330273628235,0.6141669750213623,0.6311669945716858,0.0,370170000
2006-12-26,0.5643661022186279,0.6169999837875366,0.0,0.6259999871253967,0.6144999861717224,0.6205000281333923,0.0,228192000
2006-12-27,0.5718367099761963,0.6251670122146606,0.0,0.6273329854011536,0.6196669936180115,0.6196669936180115,0.0,264954000
2006-12-28,0.5677202343940735,0.6206669807434082,0.0,0.6265000104904175,0.6178330183029175,0.6258329749107361,0.0,213912000
2006-12-29,0.5642135739326477,0.616832971572876,0.0,0.6336669921875,0.6161670088768005,0.6206669807434082,0.0,386094000
2007-01-03,0.5500357151031494,0.6013330221176147,0.0,0.6253330111503601,0.5798329710960388,0.6178330183029175,0.0,1154820000
2007-01-04,0.5474441051483154,0.5985000133514404,0.0,0.6013330221176147,0.5838329792022705,0.599166989326477,0.0,797298000
2007-01-05,0.5131433010101318,0.5609999895095825,0.0,0.586667001247406,0.5569999814033508,0.5843330025672913,0.0,1243344000
2007-01-08,0.5169548988342285,0.5651670098304749,0.0,0.5759999752044678,0.5533329844474792,0.5630000233650208,0.0,657270000
2007-01-09,0.5068933963775635,0.5541669726371765,0.0,0.569832980632782,0.5534999966621399,0.5659999847412109,0.0,764166000
2007-01-10,0.5318946242332458,0.5814999938011169,0.0,0.586667001247406,0.5400000214576721,0.5483329892158508,0.0,1108746000
2007-01-11,0.5299126505851746,0.5793330073356628,0.0,0.5860000252723694,0.569832980632782,0.5814999938011169,0.0,924504000
2007-01-12,0.5370780825614929,0.5871670246124268,0.0,0.5895000100135803,0.5680000185966492,0.570667028427124,0.0,698190000
2007-01-16,0.5379930734634399,0.5881670117378235,0.0,0.5920000076293945,0.5814999938011169,0.5916669964790344,0.0,711864000
2007-01-17,0.5267111659049988,0.5758330225944519,0.0,0.5835000276565552,0.5736669898033142,0.5799999833106995,0.0,707934000
2007-01-18,0.4831112027168274,0.5281670093536377,0.0,0.5708330273628235,0.5210000276565552,0.5708330273628235,0.0,1501638000
2007-01-19,0.48600709438323975,0.5313330292701721,0.0,0.5423330068588257,0.5188329815864563,0.5224999785423279,0.0,942606000
2007-01-22,0.48600709438323975,0.5313330292701721,0.0,0.5450000166893005,0.5293329954147339,0.5363330245018005,0.0,730644000
2007-01-23,0.48615965247154236,0.531499981880188,0.0,0.5400000214576721,0.5189999938011169,0.5288329720497131,0.0,630354000
2007-01-24,0.501252293586731,0.5479999780654907,0.0,0.555167019367218,0.5358330011367798,0.538332998752594,0.0,685722000
2007-01-25,0.48372042179107666,0.5288329720497131,0.0,0.5550000071525574,0.5261669754981995,0.5529999732971191,0.0,616284000
2007-01-26,0.47975724935531616,0.5245000123977661,0.0,0.5385000109672546,0.5149999856948853,0.5333330035209656,0.0,829584000
2007-01-29,0.46009117364883423,0.503000020980835,0.0,0.5224999785423279,0.4984999895095825,0.5221670269966125,0.0,1258284000
2007-01-30,0.46893349289894104,0.5126670002937317,0.0,0.515999972820282,0.5018330216407776,0.5063329935073853,0.0,636174000
2007-01-31,0.46725594997406006,0.5108330249786377,0.0,0.5156670212745667,0.503832995891571,0.5101670026779175,0.0,467976000
2007-02-01,0.47320136427879333,0.5173329710960388,0.0,0.5199999809265137,0.5049999952316284,0.5059999823570251,0.0,650898000
2007-02-02,0.4855498969554901,0.5308330059051514,0.0,0.5333330035209656,0.5158330202102661,0.5201669931411743,0.0,586590000
2007-02-05,0.49347734451293945,0.5394999980926514,0.0,0.5440000295639038,0.5325000286102295,0.5333330035209656,0.0,579906000
2007-02-06,0.5110093951225281,0.558667004108429,0.0,0.5656669735908508,0.5435000061988831,0.5516669750213623,0.0,775386000
2007-02-07,0.5309800505638123,0.5805000066757202,0.0,0.581833004951477,0.5598329901695251,0.5631669759750366,0.0,761058000
2007-02-08,0.5241196155548096,0.5730000138282776,0.0,0.5811669826507568,0.5666670203208923,0.5716670155525208,0.0,726276000
2007-02-09,0.4977461099624634,0.5441669821739197,0.0,0.5806670188903809,0.5419999957084656,0.5758330225944519,0.0,937956000
2007-02-12,0.508722722530365,0.5561670064926147,0.0,0.5680000185966492,0.5423330068588257,0.5481669902801514,0.0,789360000
2007-02-13,0.518326997756958,0.5666670203208923,0.0,0.5711669921875,0.559499979019165,0.5651670098304749,0.0,849732000
2007-02-14,0.5114666819572449,0.5591670274734497,0.0,0.574999988079071,0.5578330159187317,0.5716670155525208,0.0,1081848000
2007-02-15,0.5145155191421509,0.5625,0.0,0.5653330087661743,0.5534999966621399,0.5588330030441284,0.0,488682000
2007-02-16,0.49881288409233093,0.5453330278396606,0.0,0.5608329772949219,0.5436670184135437,0.5601670145988464,0.0,915060000
2007-02-20,0.5032345056533813,0.5501670241355896,0.0,0.5531669855117798,0.5423330068588257,0.5461670160293579,0.0,625578000
2007-02-21,0.4957640767097473,0.5419999957084656,0.0,0.5515000224113464,0.5364999771118164,0.5456669926643372,0.0,655332000
2007-02-22,0.49896571040153503,0.5454999804496765,0.0,0.5593330264091492,0.5441669821739197,0.5504999756813049,0.0,655452000
2007-02-23,0.4977461099624634,0.5441669821739197,0.0,0.5509999990463257,0.5440000295639038,0.5506669878959656,0.0,403050000
2007-02-26,0.49012327194213867,0.5358330011367798,0.0,0.5498329997062683,0.5350000262260437,0.5456669926643372,0.0,494070000
2007-02-27,0.47533634305000305,0.5196670293807983,0.0,0.5425000190734863,0.5188329815864563,0.5299999713897705,0.0,714630000
2007-02-28,0.47259214520454407,0.5166670083999634,0.0,0.5278329849243164,0.5118330121040344,0.5181670188903809,0.0,780048000
2007-03-01,0.46679842472076416,0.5103330016136169,0.0,0.5198330283164978,0.4988330006599426,0.5055000185966492,0.0,837228000
2007-03-02,0.45384103059768677,0.49616700410842896,0.0,0.5120000243186951,0.49516698718070984,0.5058330297470093,0.0,682728000
2007-03-05,0.43844303488731384,0.4793330132961273,0.0,0.4971669912338257,0.4776670038700104,0.48750001192092896,0.0,663558000
2007-03-06,0.46435990929603577,0.5076670050621033,0.0,0.5131670236587524,0.4878329932689667,0.4898329973220825,0.0,805974000
2007-03-07,0.4512486755847931,0.49333301186561584,0.0,0.5074999928474426,0.49116700887680054,0.5051670074462891,0.0,811656000
2007-03-08,0.46984800696372986,0.5136669874191284,0.0,0.519333004951477,0.5033329725265503,0.5036669969558716,0.0,770622000
2007-03-09,0.4651219844818115,0.5084999799728394,0.0,0.5266669988632202,0.5026670098304749,0.5208330154418945,0.0,555306000
2007-03-12,0.46237778663635254,0.5055000185966492,0.0,0.5128329992294312,0.5019999742507935,0.5026670098304749,0.0,428010000
2007-03-13,0.44286465644836426,0.4841670095920563,0.0,0.5033329725265503,0.483832985162735,0.5003330111503601,0.0,617070000
2007-03-14,0.4407298266887665,0.48183301091194153,0.0,0.48833298683166504,0.46733298897743225,0.4855000078678131,0.0,971610000
2007-03-15,0.43630900979042053,0.47699999809265137,0.0,0.48500001430511475,0.469666987657547,0.48066699504852295,0.0,655752000
2007-03-16,0.43219298124313354,0.4724999964237213,0.0,0.47816699743270874,0.46916699409484863,0.4773330092430115,0.0,525648000
2007-03-19,0.43432697653770447,0.47483301162719727,0.0,0.48249998688697815,0.4733330011367798,0.4749999940395355,0.0,461508000
2007-03-20,0.43219298124313354,0.4724999964237213,0.0,0.4841670095920563,0.4706670045852661,0.4733330011367798,0.0,656490000
2007-03-21,0.45688968896865845,0.49950000643730164,0.0,0.507332980632782,0.4823330044746399,0.4916670024394989,0.0,1268376000
2007-03-22,0.4669514298439026,0.5105000138282776,0.0,0.5134999752044678,0.49766701459884644,0.5,0.0,810954000
2007-03-23,0.4617675840854645,0.5048329830169678,0.0,0.5156670212745667,0.5011669993400574,0.5066670179367065,0.0,524640000
2007-03-26,0.46268248558044434,0.5058330297470093,0.0,0.5099999904632568,0.4966669976711273,0.5051670074462891,0.0,447336000
2007-03-27,0.4539928436279297,0.4963330030441284,0.0,0.505666971206665,0.49583300948143005,0.5046669840812683,0.0,469020000
2007-03-28,0.4453032314777374,0.48683300614356995,0.0,0.4963330030441284,0.4860000014305115,0.49216699600219727,0.0,459504000
2007-03-29,0.4375283420085907,0.4783329963684082,0.0,0.49483299255371094,0.47049999237060547,0.4941670000553131,0.0,719016000
2007-03-30,0.4387485086917877,0.4796670079231262,0.0,0.48833298683166504,0.477167010307312,0.4848330020904541,0.0,581244000
2007-04-02,0.4382912218570709,0.47916701436042786,0.0,0.48249998688697815,0.47133299708366394,0.47850000858306885,0.0,400830000
2007-04-03,0.4366137385368347,0.4773330092430115,0.0,0.484499990940094,0.4728330075740814,0.47916701436042786,0.0,473724000
2007-04-04,0.43569883704185486,0.47633299231529236,0.0,0.4805000126361847,0.4749999940395355,0.47666698694229126,0.0,361692000
2007-04-05,0.47106727957725525,0.5149999856948853,0.0,0.515500009059906,0.4783329963684082,0.4783329963684082,0.0,1332900000
2007-04-09,0.46253058314323425,0.505666971206665,0.0,0.5208330154418945,0.5046669840812683,0.5149999856948853,0.0,640950000
2007-04-10,0.4578043520450592,0.5005000233650208,0.0,0.5108330249786377,0.49950000643730164,0.5049999952316284,0.0,794220000
2007-04-11,0.44957202672958374,0.49149999022483826,0.0,0.5065000057220459,0.4898329973220825,0.5015000104904175,0.0,810150000
2007-04-12,0.46237778663635254,0.5055000185966492,0.0,0.5070000290870667,0.48566699028015137,0.4888330101966858,0.0,743640000
2007-04-13,0.466189444065094,0.5096669793128967,0.0,0.5106670260429382,0.49766701459884644,0.503832995891571,0.0,638694000
2007-04-16,0.4637499153614044,0.5070000290870667,0.0,0.5121669769287109,0.5005000233650208,0.5083330273628235,0.0,671838000
2007-04-17,0.46817055344581604,0.5118330121040344,0.0,0.5316669940948486,0.5093330144882202,0.5198330283164978,0.0,1059108000
2007-04-18,0.47396421432495117,0.5181670188903809,0.0,0.5226669907569885,0.5083330273628235,0.5109999775886536,0.0,683802000
2007-04-19,0.48051905632019043,0.5253329873085022,0.0,0.5283330082893372,0.512499988079071,0.5139999985694885,0.0,568056000
2007-04-20,0.48615965247154236,0.531499981880188,0.0,0.5333330035209656,0.5245000123977661,0.5329999923706055,0.0,590052000
2007-04-23,0.478232204914093,0.522832989692688,0.0,0.5299999713897705,0.5213329792022705,0.5289999842643738,0.0,595272000
2007-04-24,0.4962216317653656,0.5425000190734863,0.0,0.5473330020904541,0.5281670093536377,0.5316669940948486,0.0,1028088000
2007-04-25,0.5047584772109985,0.5518329739570618,0.0,0.5548329949378967,0.5391669869422913,0.5416669845581055,0.0,509640000
2007-04-26,0.5110093951225281,0.558667004108429,0.0,0.5628330111503601,0.5468329787254333,0.5518329739570618,0.0,500070000
2007-04-27,0.5041491389274597,0.5511670112609863,0.0,0.5630000233650208,0.5423330068588257,0.556833028793335,0.0,554058000
2007-04-30,0.5014051198959351,0.5481669902801514,0.0,0.5656669735908508,0.5479999780654907,0.558667004108429,0.0,563388000
2007-05-01,0.5067406892776489,0.5540000200271606,0.0,0.5618330240249634,0.5494999885559082,0.5581669807434082,0.0,544554000
2007-05-02,0.5007948875427246,0.5475000143051147,0.0,0.5591670274734497,0.5446670055389404,0.556833028793335,0.0,659658000
2007-05-03,0.5102466940879822,0.5578330159187317,0.0,0.5615000128746033,0.5516669750213623,0.5526670217514038,0.0,500250000
2007-05-04,0.51390540599823,0.5618330240249634,0.0,0.5646669864654541,0.5554999709129333,0.5608329772949219,0.0,405246000
2007-05-07,0.5036916136741638,0.5506669878959656,0.0,0.5763329863548279,0.550000011920929,0.5699999928474426,0.0,557100000
2007-05-08,0.5075024962425232,0.5548329949378967,0.0,0.5561670064926147,0.536666989326477,0.5473330020904541,0.0,737100000
2007-05-09,0.509789228439331,0.5573329925537109,0.0,0.5605000257492065,0.5444999933242798,0.550832986831665,0.0,417870000
2007-05-10,0.5003378391265869,0.546999990940094,0.0,0.5669999718666077,0.5421670079231262,0.5596669912338257,0.0,802584000
2007-05-11,0.5357059836387634,0.5856670141220093,0.0,0.5913329720497131,0.5676670074462891,0.5764999985694885,0.0,1530630000
2007-05-14,0.5303696393966675,0.5798329710960388,0.0,0.5888329744338989,0.5743330121040344,0.5833330154418945,0.0,731568000
2007-05-15,0.5256446003913879,0.5746669769287109,0.0,0.5849999785423279,0.5733330249786377,0.5814999938011169,0.0,621360000
2007-05-16,0.5323519110679626,0.5820000171661377,0.0,0.5820000171661377,0.5641670227050781,0.5751670002937317,0.0,523104000
2007-05-17,0.5235095024108887,0.5723329782485962,0.0,0.5833330154418945,0.5690000057220459,0.5803329944610596,0.0,443664000
2007-05-18,0.5338766574859619,0.583666980266571,0.0,0.585332989692688,0.5718330144882202,0.5766670107841492,0.0,604266000
2007-05-21,0.5355532169342041,0.5855000019073486,0.0,0.6000000238418579,0.5791670083999634,0.5820000171661377,0.0,645768000
2007-05-22,0.538450300693512,0.5886669754981995,0.0,0.593999981880188,0.5764999985694885,0.5860000252723694,0.0,401736000
2007-05-23,0.5241196155548096,0.5730000138282776,0.0,0.5924999713897705,0.5713329911231995,0.5889999866485596,0.0,448248000
2007-05-24,0.505215585231781,0.5523329973220825,0.0,0.5773329734802246,0.550000011920929,0.5756670236587524,0.0,607800000
2007-05-25,0.5131433010101318,0.5609999895095825,0.0,0.5638329982757568,0.5546669960021973,0.5563330054283142,0.0,308976000
2007-05-29,0.5186315774917603,0.5669999718666077,0.0,0.5688329935073853,0.5569999814033508,0.558667004108429,0.0,316242000
2007-05-30,0.5198508501052856,0.5683330297470093,0.0,0.5683330297470093,0.5533329844474792,0.5603330135345459,0.0,331650000
2007-05-31,0.5280829668045044,0.5773329734802246,0.0,0.5808330178260803,0.569832980632782,0.5724999904632568,0.0,481572000
2007-06-01,0.5317416787147522,0.5813329815864563,0.0,0.5924999713897705,0.5803329944610596,0.5838329792022705,0.0,429084000
2007-06-04,0.5346388220787048,0.5845000147819519,0.0,0.5878329873085022,0.5736669898033142,0.5759999752044678,0.0,322002000
2007-06-05,0.5504929423332214,0.6018329858779907,0.0,0.6028329730033875,0.5851669907569885,0.5861669778823853,0.0,698586000
2007-06-06,0.5546090602874756,0.6063330173492432,0.0,0.6159999966621399,0.5951669812202454,0.5976669788360596,0.0,950736000
2007-06-07,0.5486634969711304,0.5998330116271973,0.0,0.612500011920929,0.5996670126914978,0.6035000085830688,0.0,791862000
2007-06-08,0.5572014451026917,0.6091669797897339,0.0,0.6100000143051147,0.5874999761581421,0.5948330163955688,0.0,533268000
2007-06-11,0.5591827630996704,0.6113330125808716,0.0,0.6150000095367432,0.6058329939842224,0.6091669797897339,0.0,434634000
2007-06-12,0.5533899068832397,0.6050000190734863,0.0,0.6166669726371765,0.6046670079231262,0.6081669926643372,0.0,526770000
2007-06-13,0.5666532516479492,0.6194999814033508,0.0,0.6196669936180115,0.603833019733429,0.6116669774055481,0.0,587232000
2007-06-14,0.5767145156860352,0.6305000185966492,0.0,0.6328330039978027,0.6158329844474792,0.6166669726371765,0.0,508548000
2007-06-15,0.6029362082481384,0.6591669917106628,0.0,0.6641669869422913,0.637499988079071,0.6376670002937317,0.0,1081998000
2007-06-18,0.6032410860061646,0.659500002861023,0.0,0.668166995048523,0.6541669964790344,0.6658329963684082,0.0,685662000
2007-06-19,0.6070521473884583,0.6636670231819153,0.0,0.665166974067688,0.650833010673523,0.6553329825401306,0.0,491952000
2007-06-20,0.607661247253418,0.6643329858779907,0.0,0.6700000166893005,0.6598330140113831,0.6666669845581055,0.0,822792000
2007-06-21,0.6552255153656006,0.7163329720497131,0.0,0.7221670150756836,0.671999990940094,0.6771669983863831,0.0,1297326000
2007-06-22,0.664982795715332,0.7269999980926514,0.0,0.7311670184135437,0.7058330178260803,0.7166669964790344,0.0,882618000
2007-06-25,0.6474506258964539,0.7078329920768738,0.0,0.7239999771118164,0.7001670002937317,0.7066670060157776,0.0,819702000
2007-06-26,0.6174185872077942,0.675000011920929,0.0,0.7080000042915344,0.6733329892158508,0.7059999704360962,0.0,868482000
2007-06-27,0.6340359449386597,0.693166971206665,0.0,0.6940000057220459,0.6716669797897339,0.675000011920929,0.0,613140000
2007-06-28,0.6401329636573792,0.6998329758644104,0.0,0.7073330283164978,0.6883329749107361,0.6951670050621033,0.0,597534000
2007-06-29,0.6297669410705566,0.6884999871253967,0.0,0.7046669721603394,0.6881669759750366,0.7045000195503235,0.0,516570000
2007-07-02,0.655988335609436,0.7171670198440552,0.0,0.7174999713897705,0.6961669921875,0.6983330249786377,0.0,563850000
2007-07-03,0.6570548415184021,0.7183330059051514,0.0,0.7239999771118164,0.7108330130577087,0.7166669964790344,0.0,238770000
2007-07-05,0.6640678644180298,0.7260000109672546,0.0,0.7283329963684082,0.7149999737739563,0.718500018119812,0.0,373290000
2007-07-06,0.6672692894935608,0.7294999957084656,0.0,0.7323330044746399,0.7236670255661011,0.7250000238418579,0.0,282720000
2007-07-09,0.6866304874420166,0.7506669759750366,0.0,0.7541670203208923,0.7319999933242798,0.7321670055389404,0.0,536784000
2007-07-10,0.6933383345603943,0.7580000162124634,0.0,0.762499988079071,0.7388330101966858,0.7468330264091492,0.0,552654000
2007-07-11,0.6902894377708435,0.7546669840812683,0.0,0.7630000114440918,0.7441669702529907,0.7578330039978027,0.0,582612000
2007-07-12,0.7035526037216187,0.7691670060157776,0.0,0.7699999809265137,0.7546669840812683,0.7599999904632568,0.0,438732000
2007-07-13,0.6992837190628052,0.7645000219345093,0.0,0.7761669754981995,0.7636669874191284,0.7670000195503235,0.0,372630000
2007-07-16,0.7119364738464355,0.7783330082893372,0.0,0.781499981880188,0.7649999856948853,0.7651669979095459,0.0,541710000
2007-07-17,0.7088878154754639,0.7749999761581421,0.0,0.7971670031547546,0.7743330001831055,0.781499981880188,0.0,643812000
2007-07-18,0.6959295272827148,0.7608330249786377,0.0,0.7661669850349426,0.7458329796791077,0.7638329863548279,0.0,550656000
2007-07-19,0.6951674818992615,0.7599999904632568,0.0,0.7754999995231628,0.7546669840812683,0.7716670036315918,0.0,407376000
2007-07-20,0.6875452995300293,0.7516670227050781,0.0,0.7676669955253601,0.7480000257492065,0.7649999856948853,0.0,505650000
2007-07-23,0.6944055557250977,0.7591670155525208,0.0,0.7746670246124268,0.7473329901695251,0.7490000128746033,0.0,360474000
2007-07-24,0.6761117577552795,0.7391669750213623,0.0,0.762499988079071,0.734499990940094,0.7561669945716858,0.0,457560000
2007-07-25,0.6729100942611694,0.7356669902801514,0.0,0.7498329877853394,0.7186669707298279,0.7393329739570618,0.0,437196000
2007-07-26,0.6762633919715881,0.7393329739570618,0.0,0.7496669888496399,0.7179999947547913,0.7278329730033875,0.0,710268000
2007-07-27,0.6745869517326355,0.737500011920929,0.0,0.7714999914169312,0.7371670007705688,0.737500011920929,0.0,615480000
2007-07-30,0.693490743637085,0.758167028427124,0.0,0.7593330144882202,0.7400000095367432,0.7401670217514038,0.0,538158000
2007-07-31,0.6976068615913391,0.7626670002937317,0.0,0.7988330125808716,0.761667013168335,0.7881669998168945,0.0,711492000
2007-08-01,0.6924234628677368,0.7570000290870667,0.0,0.7701669931411743,0.7216669917106628,0.7516670227050781,0.0,705828000
2007-08-02,0.6893744468688965,0.7536669969558716,0.0,0.7663329839706421,0.7434999942779541,0.7656670212745667,0.0,468606000
2007-08-03,0.648517906665802,0.7089999914169312,0.0,0.7566670179367065,0.708666980266571,0.7511669993400574,0.0,623412000
2007-08-06,0.6540059447288513,0.7149999737739563,0.0,0.7203329801559448,0.6949999928474426,0.7149999737739563,0.0,524724000
2007-08-07,0.664372444152832,0.7263330221176147,0.0,0.7381669878959656,0.7055000066757202,0.7149999737739563,0.0,565764000
2007-08-08,0.6950147151947021,0.7598329782485962,0.0,0.7825000286102295,0.7338330149650574,0.7394999861717224,0.0,660744000
2007-08-09,0.7032470107078552,0.7688329815864563,0.0,0.7900000214576721,0.7475000023841858,0.7649999856948853,0.0,1251834000
2007-08-10,0.6706236004829407,0.7331669926643372,0.0,0.7381669878959656,0.6898329854011536,0.7058330178260803,0.0,1141014000
2007-08-13,0.663305938243866,0.7251669764518738,0.0,0.7440000176429749,0.7099999785423279,0.7390000224113464,0.0,700410000
2007-08-14,0.689069390296936,0.7533329725265503,0.0,0.7649999856948853,0.7279999852180481,0.7301669716835022,0.0,1092174000
2007-08-15,0.6599516272544861,0.7214999794960022,0.0,0.7599999904632568,0.7204999923706055,0.7493330240249634,0.0,695142000
2007-08-16,0.6489753723144531,0.7095000147819519,0.0,0.7195000052452087,0.675000011920929,0.7143329977989197,0.0,780030000
2007-08-17,0.687239944934845,0.7513329982757568,0.0,0.7519999742507935,0.7064999938011169,0.7291669845581055,0.0,728712000
2007-08-20,0.684495747089386,0.7483329772949219,0.0,0.7599999904632568,0.7391669750213623,0.7518330216407776,0.0,519684000
2007-08-21,0.7215408682823181,0.7888330221176147,0.0,0.7948330044746399,0.7416669726371765,0.7528330087661743,0.0,715338000
2007-08-22,0.7380052804946899,0.806833028793335,0.0,0.8115000128746033,0.7925000190734863,0.8088330030441284,0.0,566154000
2007-08-23,0.731755256652832,0.800000011920929,0.0,0.8201670050621033,0.796500027179718,0.8106669783592224,0.0,667986000
2007-08-24,0.7355667352676392,0.8041669726371765,0.0,0.805666983127594,0.7918329834938049,0.7976670265197754,0.0,361644000
2007-08-27,0.7521830201148987,0.8223329782485962,0.0,0.8308330178260803,0.8004999756813049,0.8041669726371765,0.0,635946000
2007-08-28,0.7062963843345642,0.7721670269966125,0.0,0.8283330202102661,0.7703329920768738,0.824999988079071,0.0,560022000
2007-08-29,0.7463901042938232,0.8159999847412109,0.0,0.8169999718666077,0.786666989326477,0.788332998752594,0.0,538560000
2007-08-30,0.7421213388442993,0.8113330006599426,0.0,0.8314999938011169,0.8078330159187317,0.8081669807434082,0.0,465660000
2007-08-31,0.779929518699646,0.852666974067688,0.0,0.8558329939842224,0.8238329887390137,0.8283330202102661,0.0,720834000
2007-09-04,0.8040160536766052,0.8790000081062317,0.0,0.8826670050621033,0.8431670069694519,0.8565000295639038,0.0,683268000
2007-09-05,0.7979176640510559,0.8723329901695251,0.0,0.8999999761581421,0.8716670274734497,0.8751670122146606,0.0,656274000
2007-09-06,0.8014248013496399,0.8761669993400574,0.0,0.8911669850349426,0.8725000023841858,0.883167028427124,0.0,425496000
2007-09-07,0.7721544504165649,0.8441669940948486,0.0,0.8606669902801514,0.8278329968452454,0.8518329858779907,0.0,602304000
2007-09-10,0.7742884755134583,0.8464999794960022,0.0,0.8774999976158142,0.8395000100135803,0.862500011920929,0.0,872112000
2007-09-11,0.7907528877258301,0.8644999861717224,0.0,0.8709999918937683,0.8477500081062317,0.8567500114440918,1.5,405424000
2007-09-12,0.759653627872467,0.8305000066757202,0.0,0.878000020980835,0.8220000267028809,0.8737499713897705,0.0,554452000
2007-09-13,0.7598819732666016,0.8307499885559082,0.0,0.8472499847412109,0.8247500061988831,0.8462499976158142,0.0,452864000
2007-09-14,0.7374722361564636,0.8062499761581421,0.0,0.8234999775886536,0.8037499785423279,0.8224999904632568,0.0,487308000
2007-09-17,0.7358713746070862,0.8044999837875366,0.0,0.8159999847412109,0.7957500219345093,0.8075000047683716,0.0,374828000
2007-09-18,0.8003573417663574,0.875,0.0,0.887499988079071,0.8117499947547913,0.8130000233650208,0.0,844740000
2007-09-19,0.7857221364974976,0.859000027179718,0.0,0.8999999761581421,0.8504999876022339,0.8830000162124634,0.0,521360000
2007-09-20,0.7811486124992371,0.8539999723434448,0.0,0.8687499761581421,0.8445000052452087,0.859499990940094,0.0,324172000
2007-09-21,0.7886949181556702,0.8622499704360962,0.0,0.875,0.8539999723434448,0.862500011920929,0.0,457532000
2007-09-24,0.8088181018829346,0.8842499852180481,0.0,0.8974999785423279,0.8612499833106995,0.8675000071525574,0.0,456360000
2007-09-25,0.8191086053848267,0.8955000042915344,0.0,0.8992499709129333,0.8765000104904175,0.8790000081062317,0.0,360748000
2007-09-26,0.8385457396507263,0.9167500138282776,0.0,0.918749988079071,0.8977500200271606,0.8999999761581421,0.0,518032000
2007-09-27,0.8410612344741821,0.9194999933242798,0.0,0.9300000071525574,0.9097499847412109,0.9254999756813049,0.0,378280000
2007-09-28,0.8287128806114197,0.906000018119812,0.0,0.9282500147819519,0.9039999842643738,0.925000011920929,0.0,404292000
2007-10-01,0.8636998534202576,0.9442499876022339,0.0,0.9487500190734863,0.9127500057220459,0.9137499928474426,0.0,398200000
2007-10-02,0.8554674983024597,0.9352499842643738,0.0,0.9437500238418579,0.921500027179718,0.9419999718666077,0.0,284960000
2007-10-03,0.8191086053848267,0.8955000042915344,0.0,0.918749988079071,0.8807500004768372,0.918749988079071,0.0,467196000
2007-10-04,0.8227672576904297,0.8995000123977661,0.0,0.9047499895095825,0.8687499761581421,0.8945000171661377,0.0,378976000
2007-10-05,0.8444911241531372,0.9232500195503235,0.0,0.9282500147819519,0.9039999842643738,0.9137499928474426,0.0,344840000
2007-10-08,0.8582116961479187,0.9382500052452087,0.0,0.9397500157356262,0.918749988079071,0.9297500252723694,0.0,252484000
2007-10-09,0.8431192636489868,0.921750009059906,0.0,0.9424999952316284,0.9079999923706055,0.9382500052452087,0.0,403008000
2007-10-10,0.8440338969230652,0.9227499961853027,0.0,0.9279999732971191,0.9004999995231628,0.9279999732971191,0.0,389136000
2007-10-11,0.806531548500061,0.8817499876022339,0.0,0.9257500171661377,0.871749997138977,0.9142500162124634,0.0,529104000
2007-10-12,0.8261972665786743,0.903249979019165,0.0,0.903249979019165,0.8777499794960022,0.8914999961853027,0.0,409952000
2007-10-15,0.8321428894996643,0.9097499847412109,0.0,0.921500027179718,0.9020000100135803,0.90625,0.0,355900000
2007-10-16,0.8396890759468079,0.9179999828338623,0.0,0.934249997138977,0.9054999947547913,0.9087499976158142,0.0,276360000
2007-10-17,0.9041750431060791,0.9884999990463257,0.0,0.9912499785423279,0.952750027179718,0.9537500143051147,0.0,717944000
2007-10-18,0.9034891724586487,0.9877499938011169,0.0,0.9917500019073486,0.9605000019073486,0.9852499961853027,0.0,340620000
2007-10-19,0.8550100922584534,0.9347500205039978,0.0,0.9860000014305115,0.934499979019165,0.9854999780654907,0.0,505768000
2007-10-22,0.8954852819442749,0.9789999723434448,0.0,0.9810000061988831,0.9212499856948853,0.9287499785423279,0.0,537656000
2007-10-23,0.8998304605484009,0.9837499856948853,0.0,0.9917500019073486,0.9570000171661377,0.9917500019073486,0.0,294292000
2007-10-24,0.8694165945053101,0.9505000114440918,0.0,0.9624999761581421,0.9037500023841858,0.9624999761581421,0.0,565500000
2007-10-25,0.7934970855712891,0.8675000071525574,0.0,0.9300000071525574,0.8397499918937683,0.9212499856948853,0.0,806192000
2007-10-26,0.7866368293762207,0.8600000143051147,0.0,0.9010000228881836,0.8475000262260437,0.8949999809265137,0.0,616580000
2007-10-29,0.7681145668029785,0.8397499918937683,0.0,0.84375,0.8140000104904175,0.8305000066757202,0.0,813896000
2007-10-30,0.796241283416748,0.8705000281333923,0.0,0.8882499933242798,0.8324999809265137,0.8464999794960022,0.0,525212000
2007-10-31,0.8090468049049377,0.8845000267028809,0.0,0.8849999904632568,0.8485000133514404,0.8757500052452087,0.0,455188000
2007-11-01,0.8090468049049377,0.8845000267028809,0.0,0.9022499918937683,0.8587499856948853,0.8707500100135803,0.0,587236000
2007-11-02,0.8401467204093933,0.9185000061988831,0.0,0.925000011920929,0.8842499852180481,0.8967499732971191,0.0,491844000
2007-11-05,0.8401467204093933,0.9185000061988831,0.0,0.940500020980835,0.9049999713897705,0.9107499718666077,0.0,436636000
2007-11-06,0.8666728138923645,0.9474999904632568,0.0,0.9549999833106995,0.9229999780654907,0.9272500276565552,0.0,554620000
2007-11-07,0.8255112767219543,0.9024999737739563,0.0,0.9507499933242798,0.8949999809265137,0.9470000267028809,0.0,546768000
2007-11-08,0.7738311290740967,0.8460000157356262,0.0,0.9100000262260437,0.8202499747276306,0.893750011920929,0.0,996824000
2007-11-09,0.7628549933433533,0.8339999914169312,0.0,0.8700000047683716,0.8162500262260437,0.8637499809265137,0.0,871056000
2007-11-12,0.68670654296875,0.7507500052452087,0.0,0.8397499918937683,0.7507500052452087,0.8337500095367432,0.0,715732000
2007-11-13,0.7473050951957703,0.8169999718666077,0.0,0.8177499771118164,0.7507500052452087,0.7630000114440918,0.0,726696000
2007-11-14,0.7356426119804382,0.8042500019073486,0.0,0.8457499742507935,0.800000011920929,0.8377500176429749,0.0,666720000
2007-11-15,0.725809633731842,0.7935000061988831,0.0,0.8065000176429749,0.7749999761581421,0.7990000247955322,0.0,496436000
2007-11-16,0.742045521736145,0.8112499713897705,0.0,0.8134999871253967,0.7935000061988831,0.800000011920929,0.0,423592000
2007-11-19,0.6919659376144409,0.7565000057220459,0.0,0.8037499785423279,0.7522500157356262,0.7997499704360962,0.0,568412000
2007-11-20,0.68670654296875,0.7507500052452087,0.0,0.7720000147819519,0.7277500033378601,0.7707499861717224,0.0,622628000
2007-11-21,0.6793889403343201,0.7427499890327454,0.0,0.7605000138282776,0.7327499985694885,0.7350000143051147,0.0,648452000
2007-11-23,0.6910514235496521,0.7555000185966492,0.0,0.7587500214576721,0.7384999990463257,0.7480000257492065,0.0,141976000
2007-11-26,0.6750443577766418,0.7379999756813049,0.0,0.7705000042915344,0.7365000247955322,0.7549999952316284,0.0,385896000
2007-11-27,0.7040860056877136,0.7697499990463257,0.0,0.7720000147819519,0.7427499890327454,0.7484999895095825,0.0,458856000
2007-11-28,0.7511924505233765,0.8212500214576721,0.0,0.8322499990463257,0.7902500033378601,0.7940000295639038,0.0,574548000
2007-11-29,0.7573666572570801,0.828000009059906,0.0,0.8525000214576721,0.8165000081062317,0.8199999928474426,0.0,489084000
2007-11-30,0.7212363481521606,0.7885000109672546,0.0,0.8550000190734863,0.7860000133514404,0.8550000190734863,0.0,652656000
2007-12-03,0.731755256652832,0.800000011920929,0.0,0.8147500157356262,0.7877500057220459,0.800000011920929,0.0,490688000
2007-12-04,0.7310690879821777,0.7992500066757202,0.0,0.8062499761581421,0.7837499976158142,0.8034999966621399,0.0,371712000
2007-12-05,0.769028902053833,0.840749979019165,0.0,0.856249988079071,0.8195000290870667,0.8297500014305115,0.0,666704000
2007-12-06,0.784578800201416,0.8577499985694885,0.0,0.8604999780654907,0.831250011920929,0.8387500047683716,0.0,371152000
2007-12-07,0.7747456431388855,0.847000002861023,0.0,0.8622499704360962,0.8382499814033508,0.8612499833106995,0.0,320292000
2007-12-10,0.7832069396972656,0.856249988079071,0.0,0.8662499785423279,0.8472499847412109,0.8497499823570251,0.0,336360000
2007-12-11,0.784121572971344,0.8572499752044678,0.0,0.890500009059906,0.8552500009536743,0.8744999766349792,0.0,582436000
2007-12-12,0.8111050128936768,0.8867499828338623,0.0,0.9022499918937683,0.8694999814033508,0.8934999704360962,0.0,617504000
2007-12-13,0.7889235615730286,0.862500011920929,0.0,0.8817499876022339,0.8370000123977661,0.8759999871253967,0.0,500364000
2007-12-14,0.8019578456878662,0.8767499923706055,0.0,0.8862500190734863,0.8527500033378601,0.8585000038146973,0.0,354016000
2007-12-17,0.7610254883766174,0.8320000171661377,0.0,0.8757500052452087,0.8299999833106995,0.8675000071525574,0.0,507408000
2007-12-18,0.7804628014564514,0.8532500267028809,0.0,0.862500011920929,0.8362500071525574,0.8447499871253967,0.0,396896000
2007-12-19,0.7877799868583679,0.8612499833106995,0.0,0.8692499995231628,0.846750020980835,0.8502500057220459,0.0,253536000
2007-12-20,0.8042449355125427,0.8792499899864197,0.0,0.8812500238418579,0.8567500114440918,0.875,0.0,279940000
2007-12-21,0.8040160536766052,0.8790000081062317,0.0,0.8974999785423279,0.8709999918937683,0.8897500038146973,0.0,433408000
2007-12-24,0.8181938529014587,0.8945000171661377,0.0,0.8987500071525574,0.8790000081062317,0.8855000138282776,0.0,104008000
2007-12-26,0.8291703462600708,0.906499981880188,0.0,0.906499981880188,0.887499988079071,0.8962500095367432,0.0,215340000
2007-12-27,0.8035588264465332,0.8784999847412109,0.0,0.9100000262260437,0.8762500286102295,0.9049999713897705,0.0,241368000
2007-12-28,0.795555055141449,0.8697500228881836,0.0,0.887499988079071,0.8622499704360962,0.8769999742507935,0.0,262064000
2007-12-31,0.7779473066329956,0.8504999876022339,0.0,0.8784999847412109,0.8502500057220459,0.8627499938011169,0.0,276236000
2008-01-02,0.7548514604568481,0.8252500295639038,0.0,0.856249988079071,0.8140000104904175,0.8529999852180481,0.0,483964000
2008-01-03,0.7489057779312134,0.8187500238418579,0.0,0.8464999794960022,0.815750002861023,0.8299999833106995,0.0,475308000
2008-01-04,0.68602055311203,0.75,0.0,0.7982500195503235,0.7450000047683716,0.7942500114440918,0.0,736092000
2008-01-07,0.6151319146156311,0.6725000143051147,0.0,0.7612500190734863,0.6587499976158142,0.7549999952316284,0.0,1006800000
2008-01-08,0.6281663179397583,0.6867499947547913,0.0,0.7322499752044678,0.6604999899864197,0.6762499809265137,0.0,1106956000
2008-01-09,0.6606376767158508,0.7222499847412109,0.0,0.7225000262260437,0.6857500076293945,0.6959999799728394,0.0,741036000
2008-01-10,0.6469175219535828,0.7072499990463257,0.0,0.718500018119812,0.6932500004768372,0.7024999856948853,0.0,554432000
2008-01-11,0.6185618042945862,0.6762499809265137,0.0,0.7049999833106995,0.6712499856948853,0.690500020980835,0.0,572612000
2008-01-14,0.6597231030464172,0.7212499976158142,0.0,0.7222499847412109,0.6752499938011169,0.6862499713897705,0.0,539188000
2008-01-15,0.6112443208694458,0.6682500243186951,0.0,0.7020000219345093,0.656499981880188,0.6937500238418579,0.0,725692000
2008-01-16,0.5421848893165588,0.5927500128746033,0.0,0.6340000033378601,0.5789999961853027,0.6262500286102295,0.0,1464472000
2008-01-17,0.5328091979026794,0.5824999809265137,0.0,0.6179999709129333,0.5809999704360962,0.6019999980926514,0.0,1133900000
2008-01-18,0.5680249333381653,0.6209999918937683,0.0,0.6242499947547913,0.5630000233650208,0.5842499732971191,0.0,920428000
2008-01-22,0.5396696329116821,0.5899999737739563,0.0,0.6044999957084656,0.5582500100135803,0.5617499947547913,0.0,709092000
2008-01-23,0.549502432346344,0.6007500290870667,0.0,0.6184999942779541,0.5605000257492065,0.5659999847412109,0.0,929880000
2008-01-24,0.5915783047676086,0.6467499732971191,0.0,0.6470000147819519,0.6067500114440918,0.612500011920929,0.0,597092000
2008-01-25,0.570540189743042,0.6237499713897705,0.0,0.6865000128746033,0.6207500100135803,0.671500027179718,0.0,688012000
2008-01-28,0.5636800527572632,0.6162499785423279,0.0,0.6277499794960022,0.6029999852180481,0.6215000152587891,0.0,577608000
2008-01-29,0.581059455871582,0.6352499723434448,0.0,0.6377500295639038,0.6110000014305115,0.6272500157356262,0.0,414484000
2008-01-30,0.57602858543396,0.6297500133514404,0.0,0.6392499804496765,0.6117500066757202,0.625,0.0,530476000
2008-01-31,0.562308132648468,0.6147500276565552,0.0,0.6262500286102295,0.5957499742507935,0.6159999966621399,0.0,588708000
2008-02-01,0.614217221736908,0.671500027179718,0.0,0.675000011920929,0.6082500219345093,0.6134999990463257,0.0,593104000
2008-02-04,0.5950084328651428,0.6504999995231628,0.0,0.6897500157356262,0.6470000147819519,0.6859999895095825,0.0,565128000
2008-02-05,0.5577344298362732,0.609749972820282,0.0,0.6377500295639038,0.609499990940094,0.637499988079071,0.0,494928000
2008-02-06,0.5559054017066956,0.6077499985694885,0.0,0.6332499980926514,0.5964999794960022,0.6162499785423279,0.0,557380000
2008-02-07,0.5613934397697449,0.6137499809265137,0.0,0.6309999823570251,0.5774999856948853,0.5902500152587891,0.0,664128000
2008-02-08,0.5714550614356995,0.624750018119812,0.0,0.6294999718666077,0.6000000238418579,0.6079999804496765,0.0,393932000
2008-02-11,0.5732845067977905,0.6267499923706055,0.0,0.640250027179718,0.6225000023841858,0.6299999952316284,0.0,503732000
2008-02-12,0.5945513248443604,0.6499999761581421,0.0,0.6589999794960022,0.6327499747276306,0.6362500190734863,0.0,609688000
2008-02-13,0.6178757548332214,0.6754999756813049,0.0,0.6775000095367432,0.6480000019073486,0.6549999713897705,0.0,742312000
2008-02-14,0.5170308351516724,0.5652499794960022,0.0,0.65625,0.5637500286102295,0.6557499766349792,0.0,2184296000
2008-02-15,0.5092557668685913,0.5567499995231628,0.0,0.578249990940094,0.5477499961853027,0.5630000233650208,0.0,817364000
2008-02-19,0.5017099380493164,0.5485000014305115,0.0,0.5680000185966492,0.543749988079071,0.5669999718666077,0.0,558608000
2008-02-20,0.4980509579181671,0.5444999933242798,0.0,0.5525000095367432,0.5302500128746033,0.5325000286102295,0.0,759016000
2008-02-21,0.48684588074684143,0.5322499871253967,0.0,0.5527499914169312,0.5289999842643738,0.550000011920929,0.0,644272000
2008-02-22,0.5103994607925415,0.5580000281333923,0.0,0.5590000152587891,0.5325000286102295,0.5364999771118164,0.0,723052000
2008-02-25,0.5101704001426697,0.5577499866485596,0.0,0.5640000104904175,0.5429999828338623,0.5575000047683716,0.0,671784000
2008-02-26,0.5145155191421509,0.5625,0.0,0.5709999799728394,0.5460000038146973,0.5544999837875366,0.0,565420000
2008-02-27,0.5225191116333008,0.5712500214576721,0.0,0.5757499933242798,0.5562499761581421,0.5597500205039978,0.0,537816000
2008-02-28,0.5028530359268188,0.5497499704360962,0.0,0.5672500133514404,0.5497499704360962,0.5662500262260437,0.0,503608000
2008-02-29,0.48913270235061646,0.5347499847412109,0.0,0.5479999780654907,0.5325000286102295,0.5407500267028809,0.0,540576000
2008-03-03,0.4834158420562744,0.5285000205039978,0.0,0.5377500057220459,0.5214999914169312,0.5339999794960022,0.0,449028000
2008-03-04,0.47861361503601074,0.5232499837875366,0.0,0.5260000228881836,0.5027499794960022,0.5249999761581421,0.0,778888000
2008-03-05,0.4841017425060272,0.5292500257492065,0.0,0.5417500138282776,0.5227500200271606,0.528249979019165,0.0,644656000
2008-03-06,0.45368829369544983,0.4959999918937683,0.0,0.5262500047683716,0.49524998664855957,0.5227500200271606,0.0,1075284000
2008-03-07,0.44705671072006226,0.48875001072883606,0.0,0.5080000162124634,0.4749999940395355,0.4869999885559082,0.0,767500000
2008-03-10,0.4214453101158142,0.460750013589859,0.0,0.48875001072883606,0.46000000834465027,0.4827499985694885,0.0,776100000
2008-03-11,0.4353943467140198,0.47600001096725464,0.0,0.4807499945163727,0.4560000002384186,0.4749999940395355,0.0,857940000
2008-03-12,0.4235032796859741,0.46299999952316284,0.0,0.48475000262260437,0.45899999141693115,0.4805000126361847,0.0,743320000
2008-03-13,0.4504867494106293,0.4925000071525574,0.0,0.49950000643730164,0.453000009059906,0.4557499885559082,0.0,1220528000
2008-03-14,0.4189298450946808,0.4580000042915344,0.0,0.49549999833106995,0.4544999897480011,0.4950000047683716,0.0,1154972000
2008-03-17,0.40841084718704224,0.4465000033378601,0.0,0.4620000123977661,0.43274998664855957,0.43799999356269836,0.0,800952000
2008-03-18,0.43379369378089905,0.4742499887943268,0.0,0.4749999940395355,0.4440000057220459,0.4569999873638153,0.0,1075256000
2008-03-19,0.4038373529911041,0.4415000081062317,0.0,0.46974998712539673,0.4415000081062317,0.4632500112056732,0.0,880476000
2008-03-20,0.4235032796859741,0.46299999952316284,0.0,0.46399998664855957,0.4387499988079071,0.4467499852180481,0.0,633460000
2008-03-24,0.45803302526474,0.5007500052452087,0.0,0.5034999847412109,0.4715000092983246,0.47325000166893005,0.0,887440000
2008-03-25,0.46466463804244995,0.5080000162124634,0.0,0.5174999833106995,0.49825000762939453,0.503000020980835,0.0,735388000
2008-03-26,0.44980084896087646,0.49175000190734863,0.0,0.5047500133514404,0.48625001311302185,0.5012500286102295,0.0,721652000
2008-03-27,0.44339796900749207,0.48475000262260437,0.0,0.49799999594688416,0.476749986410141,0.484250009059906,0.0,601308000
2008-03-28,0.45002955198287964,0.492000013589859,0.0,0.5047500133514404,0.4884999990463257,0.4934999942779541,0.0,561788000
2008-03-31,0.4525449275970459,0.4947499930858612,0.0,0.5065000057220459,0.4884999990463257,0.4972499907016754,0.0,569992000
2008-04-01,0.48021435737609863,0.5249999761581421,0.0,0.5262500047683716,0.5022500157356262,0.5095000267028809,0.0,676872000
2008-04-02,0.46557939052581787,0.5090000033378601,0.0,0.5264999866485596,0.5049999952316284,0.5264999866485596,0.0,616536000
2008-04-03,0.45688968896865845,0.49950000643730164,0.0,0.5055000185966492,0.48475000262260437,0.5047500133514404,0.0,841984000
2008-04-04,0.4294489026069641,0.46950000524520874,0.0,0.492000013589859,0.46825000643730164,0.4894999861717224,0.0,1535528000
2008-04-07,0.4397391378879547,0.4807499945163727,0.0,0.4880000054836273,0.47699999809265137,0.48100000619888306,0.0,729496000
2008-04-08,0.43722373247146606,0.4779999852180481,0.0,0.4934999942779541,0.4749999940395355,0.4749999940395355,0.0,639476000
2008-04-09,0.4459134638309479,0.48750001192092896,0.0,0.4925000071525574,0.4790000021457672,0.48350000381469727,0.0,675232000
2008-04-10,0.4546029567718506,0.4970000088214874,0.0,0.5127500295639038,0.48225000500679016,0.49274998903274536,0.0,1092184000
2008-04-11,0.4237320125102997,0.4632500112056732,0.0,0.49050000309944153,0.46024999022483826,0.48750001192092896,0.0,1106280000
2008-04-14,0.40955430269241333,0.4477500021457672,0.0,0.4625000059604645,0.4449999928474426,0.46149998903274536,0.0,780004000
2008-04-15,0.41435644030570984,0.453000009059906,0.0,0.4547500014305115,0.4402500092983246,0.44999998807907104,0.0,439916000
2008-04-16,0.43082085251808167,0.47099998593330383,0.0,0.47699999809265137,0.4620000123977661,0.4702500104904175,0.0,646836000
2008-04-17,0.4248753786087036,0.4645000100135803,0.0,0.4662500023841858,0.4490000009536743,0.4492500126361847,0.0,596968000
2008-04-18,0.4349369406700134,0.4754999876022339,0.0,0.4830000102519989,0.4690000116825104,0.47874999046325684,0.0,573540000
2008-04-21,0.45437416434288025,0.49674999713897705,0.0,0.5,0.4717499911785126,0.4717499911785126,0.0,679892000
2008-04-22,0.4459134638309479,0.48750001192092896,0.0,0.49300000071525574,0.47699999809265137,0.48774999380111694,0.0,587668000
2008-04-23,0.4674086570739746,0.5109999775886536,0.0,0.5164999961853027,0.48774999380111694,0.49424999952316284,0.0,1020496000
2008-04-24,0.4562036693096161,0.4987500011920929,0.0,0.5164999961853027,0.49125000834465027,0.5139999985694885,0.0,655764000
2008-04-25,0.4607771337032318,0.5037500262260437,0.0,0.5049999952316284,0.48774999380111694,0.5034999847412109,0.0,552208000
2008-04-28,0.4525449275970459,0.4947499930858612,0.0,0.5090000033378601,0.49274998903274536,0.5015000104904175,0.0,535700000
2008-04-29,0.4619205892086029,0.5049999952316284,0.0,0.5112500190734863,0.4892500042915344,0.4892500042915344,0.0,573408000
2008-04-30,0.4699239134788513,0.5137500166893005,0.0,0.5192499756813049,0.5074999928474426,0.5109999775886536,0.0,1068320000
2008-05-01,0.4916478991508484,0.5375000238418579,0.0,0.5387499928474426,0.5174999833106995,0.5199999809265137,0.0,1014624000
2008-05-02,0.5149726867675781,0.5630000233650208,0.0,0.5630000233650208,0.5440000295639038,0.5522500276565552,0.0,1131016000
2008-05-05,0.5021668672561646,0.5490000247955322,0.0,0.5617499947547913,0.5477499961853027,0.559249997138977,0.0,943392000
2008-05-06,0.5152014493942261,0.5632500052452087,0.0,0.5644999742507935,0.5389999747276306,0.5475000143051147,0.0,729036000
2008-05-07,0.5033103227615356,0.5502499938011169,0.0,0.5722500085830688,0.5454999804496765,0.5647500157356262,0.0,715632000
2008-05-08,0.5019387006759644,0.5487499833106995,0.0,0.5562499761581421,0.5252500176429749,0.5544999837875366,0.0,1360000000
2008-05-09,0.5152014493942261,0.5632500052452087,0.0,0.5857499837875366,0.5492500066757202,0.5502499938011169,0.0,2030352000
2008-05-12,0.5005663633346558,0.547249972820282,0.0,0.5705000162124634,0.5417500138282776,0.5705000162124634,0.0,1006652000
2008-05-13,0.49027591943740845,0.5360000133514404,0.0,0.550000011920929,0.5320000052452087,0.550000011920929,0.0,854108000
2008-05-14,0.5046826004981995,0.5517500042915344,0.0,0.5659999847412109,0.5360000133514404,0.5427500009536743,0.0,751148000
2008-05-15,0.5437856316566467,0.5945000052452087,0.0,0.597000002861023,0.5479999780654907,0.5504999756813049,0.0,1165464000
2008-05-16,0.558192253112793,0.6102499961853027,0.0,0.6115000247955322,0.590749979019165,0.6044999957084656,0.0,1091556000
2008-05-19,0.5465298891067505,0.5975000262260437,0.0,0.6327499747276306,0.5932499766349792,0.6104999780654907,0.0,1158532000
2008-05-20,0.5323519110679626,0.5820000171661377,0.0,0.5879999995231628,0.5752500295639038,0.581250011920929,0.0,771404000
2008-05-21,0.5280070304870605,0.5772500038146973,0.0,0.6060000061988831,0.5759999752044678,0.5835000276565552,0.0,1066660000
2008-05-22,0.540812611579895,0.5912500023841858,0.0,0.5960000157356262,0.5762500166893005,0.5855000019073486,0.0,693108000
2008-05-23,0.5284646153450012,0.577750027179718,0.0,0.5950000286102295,0.5692499876022339,0.5902500152587891,0.0,802672000
2008-05-27,0.5341814160346985,0.5839999914169312,0.0,0.5847499966621399,0.5677499771118164,0.5787500143051147,0.0,832856000
2008-05-28,0.539212167263031,0.5895000100135803,0.0,0.6014999747276306,0.5827500224113464,0.6000000238418579,0.0,751736000
2008-05-29,0.5378403067588806,0.5879999995231628,0.0,0.590749979019165,0.5772500038146973,0.5897499918937683,0.0,693460000
2008-05-30,0.5648234486579895,0.6175000071525574,0.0,0.6194999814033508,0.6029999852180481,0.6047499775886536,0.0,830244000
2008-06-02,0.5671102404594421,0.6200000047683716,0.0,0.624750018119812,0.6107500195503235,0.6175000071525574,0.0,734660000
2008-06-03,0.5479016900062561,0.5989999771118164,0.0,0.6230000257492065,0.5917500257492065,0.621999979019165,0.0,840696000
2008-06-04,0.5543044209480286,0.6060000061988831,0.0,0.6072499752044678,0.5824999809265137,0.5857499837875366,0.0,831724000
2008-06-05,0.5682535171508789,0.6212499737739563,0.0,0.6337500214576721,0.6142500042915344,0.6269999742507935,0.0,827860000
2008-06-06,0.5501884818077087,0.6014999747276306,0.0,0.6144999861717224,0.5979999899864197,0.6137499809265137,0.0,784876000
2008-06-09,0.5417276620864868,0.5922499895095825,0.0,0.606249988079071,0.5802500247955322,0.5979999899864197,0.0,637916000
2008-06-10,0.5097134709358215,0.5572500228881836,0.0,0.5770000219345093,0.5534999966621399,0.5762500166893005,0.0,1225208000
2008-06-11,0.48593103885650635,0.53125,0.0,0.5707499980926514,0.5304999947547913,0.5572500228881836,0.0,999428000
2008-06-12,0.48890385031700134,0.534500002861023,0.0,0.5537499785423279,0.5299999713897705,0.5432500243186951,0.0,825992000
2008-06-13,0.4873031973838806,0.5327500104904175,0.0,0.5414999723434448,0.5170000195503235,0.5352500081062317,0.0,705748000
2008-06-16,0.4806717336177826,0.5254999995231628,0.0,0.5320000052452087,0.5212500095367432,0.5270000100135803,0.0,630496000
2008-06-17,0.4690093696117401,0.5127500295639038,0.0,0.5332499742507935,0.5115000009536743,0.5329999923706055,0.0,687912000
2008-06-18,0.45528897643089294,0.49775001406669617,0.0,0.5249999761581421,0.4894999861717224,0.5074999928474426,0.0,1065272000
2008-06-19,0.45414555072784424,0.4964999854564667,0.0,0.5074999928474426,0.484499990940094,0.5005000233650208,0.0,784928000
2008-06-20,0.45185887813568115,0.49399998784065247,0.0,0.49950000643730164,0.48524999618530273,0.4855000078678131,0.0,741008000
2008-06-23,0.44248321652412415,0.48374998569488525,0.0,0.49825000762939453,0.4794999957084656,0.49775001406669617,0.0,776616000
2008-06-24,0.4571184515953064,0.4997499883174896,0.0,0.5112500190734863,0.48100000619888306,0.48100000619888306,0.0,1078928000
2008-06-25,0.4596337080001831,0.5024999976158142,0.0,0.5112500190734863,0.4945000112056732,0.5074999928474426,0.0,900976000
2008-06-26,0.4360802471637726,0.476749986410141,0.0,0.49125000834465027,0.476749986410141,0.48750001192092896,0.0,845532000
2008-06-27,0.4408826231956482,0.4819999933242798,0.0,0.48475000262260437,0.46775001287460327,0.47874999046325684,0.0,584140000
2008-06-30,0.4280768930912018,0.46799999475479126,0.0,0.4807499945163727,0.4647499918937683,0.476500004529953,0.0,653940000
2008-07-01,0.42876285314559937,0.46875,0.0,0.46924999356269836,0.45399999618530273,0.4625000059604645,0.0,881464000
2008-07-02,0.4122982919216156,0.4507499933242798,0.0,0.46950000524520874,0.44999998807907104,0.46650001406669617,0.0,763196000
2008-07-03,0.285613089799881,0.3122499883174896,0.0,0.328249990940094,0.3100000023841858,0.3244999945163727,0.0,2987520000
2008-07-07,0.2766949534416199,0.30250000953674316,0.0,0.3190000057220459,0.2939999997615814,0.31700000166893005,0.0,2202692000
2008-07-08,0.27509424090385437,0.3007499873638153,0.0,0.31200000643730164,0.29499998688697815,0.304500013589859,0.0,1805288000
2008-07-09,0.27029210329055786,0.2955000102519989,0.0,0.3059999942779541,0.2955000102519989,0.30149999260902405,0.0,1413168000
2008-07-10,0.2696060836315155,0.29475000500679016,0.0,0.3005000054836273,0.289249986410141,0.296999990940094,0.0,1056992000
2008-07-11,0.26686203479766846,0.2917500138282776,0.0,0.29899999499320984,0.28299999237060547,0.2887499928474426,0.0,807760000
2008-07-14,0.254742294549942,0.2784999907016754,0.0,0.29624998569488525,0.27649998664855957,0.2939999997615814,0.0,882316000
2008-07-15,0.25748634338378906,0.2815000116825104,0.0,0.28725001215934753,0.26750001311302185,0.2759999930858612,0.0,1122484000
2008-07-16,0.25885844230651855,0.28299999237060547,0.0,0.2904999852180481,0.2747499942779541,0.2824999988079071,0.0,1034392000
2008-07-17,0.2597730755805969,0.2840000092983246,0.0,0.2874999940395355,0.27300000190734863,0.2874999940395355,0.0,862080000
2008-07-18,0.26434656977653503,0.289000004529953,0.0,0.29074999690055847,0.27399998903274536,0.28200000524520874,0.0,899720000
2008-07-21,0.2659473121166229,0.29074999690055847,0.0,0.29774999618530273,0.28824999928474426,0.29350000619888306,0.0,571636000
2008-07-22,0.2602304220199585,0.28450000286102295,0.0,0.289249986410141,0.27900001406669617,0.2879999876022339,0.0,555924000
2008-07-23,0.26800546050071716,0.2930000126361847,0.0,0.29600000381469727,0.2852500081062317,0.2865000069141388,0.0,594876000
2008-07-24,0.252226859331131,0.2757500112056732,0.0,0.2927500009536743,0.2750000059604645,0.28999999165534973,0.0,705628000
2008-07-25,0.26434656977653503,0.289000004529953,0.0,0.28999999165534973,0.27274999022483826,0.2784999907016754,0.0,1039600000
2008-07-28,0.2636605203151703,0.28824999928474426,0.0,0.29774999618530273,0.2840000092983246,0.2852500081062317,0.0,734808000
2008-07-29,0.2664045989513397,0.29124999046325684,0.0,0.2985000014305115,0.2854999899864197,0.2887499928474426,0.0,764636000
2008-07-30,0.26251718401908875,0.28700000047683716,0.0,0.29750001430511475,0.28049999475479126,0.296999990940094,0.0,588492000
2008-07-31,0.2616024911403656,0.28600001335144043,0.0,0.29225000739097595,0.28299999237060547,0.2862499952316284,0.0,487236000
2008-08-01,0.24788203835487366,0.2709999978542328,0.0,0.27950000762939453,0.26750001311302185,0.2784999907016754,0.0,881060000
2008-08-04,0.2419365495443344,0.2644999921321869,0.0,0.27250000834465027,0.26374998688697815,0.2709999978542328,0.0,522052000
2008-08-05,0.25588566064834595,0.2797499895095825,0.0,0.2797499895095825,0.26649999618530273,0.2694999873638153,0.0,685844000
2008-08-06,0.26274585723876953,0.28725001215934753,0.0,0.28975000977516174,0.27149999141693115,0.28049999475479126,0.0,814864000
2008-08-07,0.25862982869148254,0.2827500104904175,0.0,0.29750001430511475,0.27950000762939453,0.2847500145435333,0.0,819232000
2008-08-08,0.25154098868370056,0.2750000059604645,0.0,0.2874999940395355,0.27399998903274536,0.2849999964237213,0.0,853764000
2008-08-11,0.2568003833293915,0.28075000643730164,0.0,0.2874999940395355,0.2759999930858612,0.2770000100135803,0.0,1196436000
2008-08-12,0.25314146280288696,0.27674999833106995,0.0,0.2837499976158142,0.27274999022483826,0.28299999237060547,0.0,1410868000
2008-08-13,0.2803537845611572,0.30649998784065247,0.0,0.3109999895095825,0.2915000021457672,0.29875001311302185,0.0,2095260000
2008-08-14,0.2972756624221802,0.32499998807907104,0.0,0.3372499942779541,0.30425000190734863,0.30425000190734863,0.0,1635304000
2008-08-15,0.29636090993881226,0.3240000009536743,0.0,0.3345000147819519,0.3217499852180481,0.3307499885559082,0.0,777652000
2008-08-18,0.3023064136505127,0.3305000066757202,0.0,0.3334999978542328,0.3227500021457672,0.32624998688697815,0.0,893968000
2008-08-19,0.3068799674510956,0.33550000190734863,0.0,0.3375000059604645,0.32374998927116394,0.32374998927116394,0.0,1014140000
2008-08-20,0.3219722807407379,0.35199999809265137,0.0,0.3529999852180481,0.33799999952316284,0.34049999713897705,0.0,1143692000
2008-08-21,0.31145337224006653,0.34049999713897705,0.0,0.34850001335144043,0.3334999978542328,0.34575000405311584,0.0,1021560000
2008-08-22,0.3112246096134186,0.3402499854564667,0.0,0.34700000286102295,0.3330000042915344,0.34299999475479126,0.0,459264000
2008-08-25,0.3066512942314148,0.33524999022483826,0.0,0.3462499976158142,0.33425000309944153,0.3382500112056732,0.0,471600000
2008-08-26,0.29933351278305054,0.32725000381469727,0.0,0.3372499942779541,0.32374998927116394,0.3370000123977661,0.0,613112000
2008-08-27,0.3016205430030823,0.3297500014305115,0.0,0.33375000953674316,0.3167499899864197,0.31975001096725464,0.0,454620000
2008-08-28,0.30047696828842163,0.32850000262260437,0.0,0.33375000953674316,0.3252499997615814,0.33024999499320984,0.0,365192000
2008-08-29,0.28904324769973755,0.3160000145435333,0.0,0.32499998807907104,0.3149999976158142,0.3240000009536743,0.0,516004000
2008-09-02,0.28172576427459717,0.30799999833106995,0.0,0.3240000009536743,0.30375000834465027,0.32124999165534973,0.0,693928000
2008-09-03,0.26663336157798767,0.2915000021457672,0.0,0.3050000071525574,0.2887499928474426,0.30375000834465027,0.0,714856000
2008-09-04,0.2629745304584503,0.2874999940395355,0.0,0.29124999046325684,0.28575000166893005,0.28824999928474426,0.0,716128000
2008-09-05,0.26686203479766846,0.2917500138282776,0.0,0.29249998927116394,0.2847500145435333,0.2849999964237213,0.0,791100000
2008-09-08,0.25588566064834595,0.2797499895095825,0.0,0.2944999933242798,0.2750000059604645,0.2944999933242798,0.0,1314840000
2008-09-09,0.24719606339931488,0.27024999260902405,0.0,0.2957499921321869,0.2692500054836273,0.2787500023841858,0.0,1098296000
2008-09-10,0.24742469191551208,0.2705000042915344,0.0,0.27900001406669617,0.26875001192092896,0.273499995470047,0.0,644284000
2008-09-11,0.23553363978862762,0.2574999928474426,0.0,0.2630000114440918,0.24899999797344208,0.2549999952316284,0.0,1066976000
2008-09-12,0.23301824927330017,0.25475001335144043,0.0,0.25699999928474426,0.24025000631809235,0.2552500069141388,0.0,1209200000
2008-09-15,0.21266639232635498,0.23250000178813934,0.0,0.24950000643730164,0.22949999570846558,0.24574999511241913,0.0,863984000
2008-09-16,0.219297856092453,0.2397499978542328,0.0,0.24150000512599945,0.2199999988079071,0.22425000369548798,0.0,1240840000
2008-09-17,0.22867351770401,0.25,0.0,0.2554999887943268,0.23199999332427979,0.2342499941587448,0.0,1392580000
2008-09-18,0.24902547895908356,0.2722499966621399,0.0,0.2854999899864197,0.2524999976158142,0.2529999911785126,0.0,1611060000
2008-09-19,0.260916531085968,0.2852500081062317,0.0,0.2874999940395355,0.27250000834465027,0.2852500081062317,0.0,1107344000
2008-09-22,0.2554283142089844,0.27924999594688416,0.0,0.29124999046325684,0.2777499854564667,0.28299999237060547,0.0,700072000
2008-09-23,0.2481108158826828,0.27125000953674316,0.0,0.28725001215934753,0.27024999260902405,0.2770000100135803,0.0,821468000
2008-09-24,0.25725775957107544,0.28125,0.0,0.2867499887943268,0.26625001430511475,0.26774999499320984,0.0,866036000
2008-09-25,0.2622884511947632,0.2867499887943268,0.0,0.29350000619888306,0.27649998664855957,0.28125,0.0,588328000
2008-09-26,0.2673194110393524,0.29225000739097595,0.0,0.2942500114440918,0.2745000123977661,0.2797499895095825,0.0,646852000
2008-09-29,0.23096029460430145,0.2524999976158142,0.0,0.2879999876022339,0.25,0.28450000286102295,0.0,975240000
2008-09-30,0.24490930140018463,0.26774999499320984,0.0,0.27024999260902405,0.2537499964237213,0.2565000057220459,0.0,659044000
2008-10-01,0.23804911971092224,0.2602500021457672,0.0,0.2685000002384186,0.2554999887943268,0.26374998688697815,0.0,557208000
2008-10-02,0.21335241198539734,0.23325000703334808,0.0,0.2619999945163727,0.23199999332427979,0.2619999945163727,0.0,787728000
2008-10-03,0.20649218559265137,0.22574999928474426,0.0,0.24375000596046448,0.22425000369548798,0.2370000034570694,0.0,915828000
2008-10-06,0.1795087605714798,0.19625000655651093,0.0,0.21549999713897705,0.18275000154972076,0.2150000035762787,0.0,1677440000
2008-10-07,0.16555960476398468,0.1809999942779541,0.0,0.20374999940395355,0.17949999868869781,0.2032500058412552,0.0,1059984000
2008-10-08,0.16898976266384125,0.1847500056028366,0.0,0.19550000131130219,0.17274999618530273,0.1745000034570694,0.0,1219456000
2008-10-09,0.15824201703071594,0.17299999296665192,0.0,0.19425000250339508,0.17100000381469727,0.1914999932050705,0.0,909636000
2008-10-10,0.15572668612003326,0.17024999856948853,0.0,0.18324999511241913,0.15700000524520874,0.15800000727176666,0.0,1200252000
2008-10-13,0.18408216536045074,0.20125000178813934,0.0,0.20149999856948853,0.18250000476837158,0.1847500056028366,0.0,916536000
2008-10-14,0.1799660623073578,0.1967500001192093,0.0,0.20999999344348907,0.1912499964237213,0.20874999463558197,0.0,1209012000
2008-10-15,0.1605287790298462,0.17550000548362732,0.0,0.1965000033378601,0.17550000548362732,0.19550000131130219,0.0,854064000
2008-10-16,0.17607860267162323,0.19249999523162842,0.0,0.19349999725818634,0.17249999940395355,0.18074999749660492,0.0,1019820000
2008-10-17,0.1749352067708969,0.1912499964237213,0.0,0.20225000381469727,0.1835000067949295,0.18700000643730164,0.0,839416000
2008-10-20,0.17836534976959229,0.19499999284744263,0.0,0.1992499977350235,0.1902499943971634,0.1977500021457672,0.0,595764000
2008-10-21,0.16464494168758392,0.18000000715255737,0.0,0.19325000047683716,0.17900000512599945,0.1912499964237213,0.0,659116000
2008-10-22,0.1584707498550415,0.1732500046491623,0.0,0.1850000023841858,0.16850000619888306,0.17749999463558197,0.0,600996000
2008-10-23,0.14955249428749084,0.16349999606609344,0.0,0.1770000010728836,0.15649999678134918,0.17274999618530273,0.0,832192000
2008-10-24,0.15115320682525635,0.1652500033378601,0.0,0.17374999821186066,0.14925000071525574,0.15000000596046448,0.0,798336000
2008-10-27,0.15938539803028107,0.17425000667572021,0.0,0.18449999392032623,0.1589999943971634,0.16425000131130219,0.0,698936000
2008-10-28,0.18339617550373077,0.2004999965429306,0.0,0.20074999332427979,0.18025000393390656,0.1835000067949295,0.0,849920000
2008-10-29,0.18934166431427002,0.2070000022649765,0.0,0.2199999988079071,0.19824999570846558,0.1992499977350235,0.0,977284000
2008-10-30,0.19734524190425873,0.21574999392032623,0.0,0.2199999988079071,0.20250000059604645,0.21875,0.0,657176000
2008-10-31,0.20031799376010895,0.21899999678134918,0.0,0.22325000166893005,0.2084999978542328,0.20900000631809235,0.0,608672000
2008-11-03,0.1930004507303238,0.210999995470047,0.0,0.2277500033378601,0.20749999582767487,0.22374999523162842,0.0,723924000
2008-11-04,0.20534881949424744,0.22450000047683716,0.0,0.22450000047683716,0.21250000596046448,0.21825000643730164,0.0,619560000
2008-11-05,0.1946011781692505,0.21275000274181366,0.0,0.2224999964237213,0.21275000274181366,0.2162500023841858,0.0,787620000
2008-11-06,0.17424921691417694,0.19050000607967377,0.0,0.20774999260902405,0.1899999976158142,0.20024999976158142,0.0,797936000
2008-11-07,0.1994033306837082,0.21799999475479126,0.0,0.22675000131130219,0.20250000059604645,0.21699999272823334,0.0,1132068000
2008-11-10,0.1865975260734558,0.20399999618530273,0.0,0.22750000655651093,0.1992499977350235,0.22624999284744263,0.0,576396000
2008-11-11,0.17836534976959229,0.19499999284744263,0.0,0.20250000059604645,0.19300000369548798,0.20100000500679016,0.0,576484000
2008-11-12,0.16784639656543732,0.1835000067949295,0.0,0.19349999725818634,0.18125000596046448,0.1889999955892563,0.0,646092000
2008-11-13,0.1815667748451233,0.19850000739097595,0.0,0.19875000417232513,0.17149999737739563,0.17499999701976776,0.0,797228000
2008-11-14,0.16395893692970276,0.17925000190734863,0.0,0.1914999932050705,0.1784999966621399,0.19050000607967377,0.0,741024000
2008-11-17,0.1605287790298462,0.17550000548362732,0.0,0.1822499930858612,0.17374999821186066,0.17749999463558197,0.0,388224000
2008-11-18,0.1552693098783493,0.16975000500679016,0.0,0.18000000715255737,0.164000004529953,0.17900000512599945,0.0,564488000
2008-11-19,0.1424635499715805,0.15575000643730164,0.0,0.17249999940395355,0.1550000011920929,0.16824999451637268,0.0,500220000
2008-11-20,0.13491740822792053,0.14749999344348907,0.0,0.16224999725818634,0.1457500010728836,0.15449999272823334,0.0,847036000
2008-11-21,0.14589370787143707,0.15950000286102295,0.0,0.15950000286102295,0.14374999701976776,0.1522500067949295,0.0,599064000
2008-11-24,0.15549799799919128,0.17000000178813934,0.0,0.1720000058412552,0.1599999964237213,0.1692499965429306,0.0,600308000
2008-11-25,0.15984275937080383,0.17475000023841858,0.0,0.17800000309944153,0.16975000500679016,0.17749999463558197,0.0,528256000
2008-11-26,0.17402055859565735,0.1902499943971634,0.0,0.19075000286102295,0.17075000703334808,0.1717499941587448,0.0,600792000
2008-11-28,0.17081913352012634,0.18674999475479126,0.0,0.1899999976158142,0.18424999713897705,0.18725000321865082,0.0,175248000
2008-12-01,0.15618401765823364,0.17075000703334808,0.0,0.1809999942779541,0.1704999953508377,0.17925000190734863,0.0,547112000
2008-12-02,0.1648736298084259,0.18025000393390656,0.0,0.18250000476837158,0.1717499941587448,0.17399999499320984,0.0,479988000
2008-12-03,0.17333458364009857,0.18950000405311584,0.0,0.18975000083446503,0.1717499941587448,0.1732500046491623,0.0,584632000
2008-12-04,0.1619008630514145,0.1770000010728836,0.0,0.19499999284744263,0.17274999618530273,0.18574999272823334,0.0,466292000
2008-12-05,0.1683036983013153,0.18400000035762787,0.0,0.1847500056028366,0.16850000619888306,0.17149999737739563,0.0,438484000
2008-12-08,0.16281552612781525,0.17800000309944153,0.0,0.1912499964237213,0.17374999821186066,0.1875,0.0,707992000
2008-12-09,0.17859403789043427,0.195250004529953,0.0,0.20225000381469727,0.17374999821186066,0.1757500022649765,0.0,829760000
2008-12-10,0.19551588594913483,0.21375000476837158,0.0,0.21875,0.19574999809265137,0.19900000095367432,0.0,961124000
2008-12-11,0.18728359043598175,0.20475000143051147,0.0,0.2199999988079071,0.20225000381469727,0.21250000596046448,0.0,582700000
2008-12-12,0.19665920734405518,0.2150000035762787,0.0,0.2162500023841858,0.19474999606609344,0.19875000417232513,0.0,679268000
2008-12-15,0.19025637209415436,0.20800000429153442,0.0,0.2175000011920929,0.20125000178813934,0.2162500023841858,0.0,476996000
2008-12-16,0.20306210219860077,0.22200000286102295,0.0,0.2224999964237213,0.20800000429153442,0.20999999344348907,0.0,521940000
2008-12-17,0.21312370896339417,0.2329999953508377,0.0,0.23624999821186066,0.2150000035762787,0.21799999475479126,0.0,674180000
2008-12-18,0.19345778226852417,0.21150000393390656,0.0,0.23225000500679016,0.20874999463558197,0.23149999976158142,0.0,550808000
2008-12-19,0.19482985138893127,0.21299999952316284,0.0,0.2224999964237213,0.2122499942779541,0.21424999833106995,0.0,593120000
2008-12-22,0.18339617550373077,0.2004999965429306,0.0,0.21674999594688416,0.1927500069141388,0.2162500023841858,0.0,522464000
2008-12-23,0.18088078498840332,0.1977500021457672,0.0,0.20600000023841858,0.19474999606609344,0.2017499953508377,0.0,377452000
2008-12-24,0.1765359491109848,0.19300000369548798,0.0,0.19850000739097595,0.1889999955892563,0.19374999403953552,0.0,146616000
2008-12-26,0.1717337816953659,0.18774999678134918,0.0,0.19550000131130219,0.18250000476837158,0.19300000369548798,0.0,226156000
2008-12-29,0.17722195386886597,0.19374999403953552,0.0,0.19374999403953552,0.17800000309944153,0.1902499943971634,0.0,460168000
2008-12-30,0.18339617550373077,0.2004999965429306,0.0,0.20350000262260437,0.19175000488758087,0.19625000655651093,0.0,409860000
2008-12-31,0.1845395565032959,0.2017499953508377,0.0,0.20675000548362732,0.19449999928474426,0.1979999989271164,0.0,441580000
2009-01-02,0.1991746425628662,0.21774999797344208,0.0,0.21924999356269836,0.20100000500679016,0.2017499953508377,0.0,497124000
2009-01-05,0.20283342897891998,0.22175000607967377,0.0,0.22675000131130219,0.21375000476837158,0.21525000035762787,0.0,705736000
2009-01-06,0.20969359576702118,0.2292499989271164,0.0,0.2357500046491623,0.22325000166893005,0.22824999690055847,0.0,657904000
2009-01-07,0.19711655378341675,0.21549999713897705,0.0,0.2240000069141388,0.20774999260902405,0.2240000069141388,0.0,870096000
2009-01-08,0.19208574295043945,0.20999999344348907,0.0,0.21275000274181366,0.19699999690055847,0.21275000274181366,0.0,1014496000
2009-01-09,0.18133804202079773,0.19824999570846558,0.0,0.20999999344348907,0.1977500021457672,0.20999999344348907,0.0,761352000
2009-01-12,0.17402055859565735,0.1902499943971634,0.0,0.1992499977350235,0.1875,0.19824999570846558,0.0,645532000
2009-01-13,0.1749352067708969,0.1912499964237213,0.0,0.19850000739097595,0.18025000393390656,0.1837500035762787,0.0,1824424000
2009-01-14,0.16716034710407257,0.18275000154972076,0.0,0.18674999475479126,0.18000000715255737,0.18449999392032623,0.0,974908000
2009-01-15,0.1731058657169342,0.18925000727176666,0.0,0.19224999845027924,0.18000000715255737,0.1837500035762787,0.0,998204000
2009-01-16,0.18271009624004364,0.19975000619888306,0.0,0.20149999856948853,0.18825000524520874,0.19449999928474426,0.0,831324000
2009-01-20,0.1648736298084259,0.18025000393390656,0.0,0.20000000298023224,0.17874999344348907,0.1992499977350235,0.0,705788000
2009-01-21,0.17287714779376984,0.1889999955892563,0.0,0.1902499943971634,0.1770000010728836,0.1837500035762787,0.0,648472000
2009-01-22,0.16967569291591644,0.18549999594688416,0.0,0.19050000607967377,0.17874999344348907,0.18299999833106995,0.0,547656000
2009-01-23,0.1763073205947876,0.1927500069141388,0.0,0.19850000739097595,0.18000000715255737,0.18025000393390656,0.0,633616000
2009-01-26,0.18225280940532684,0.1992499977350235,0.0,0.20499999821186066,0.19050000607967377,0.19374999403953552,0.0,581748000
2009-01-27,0.1930004507303238,0.210999995470047,0.0,0.21250000596046448,0.2017499953508377,0.20250000059604645,0.0,725300000
2009-01-28,0.2010040134191513,0.21975000202655792,0.0,0.22325000166893005,0.21150000393390656,0.21850000321865082,0.0,723752000
2009-01-29,0.18934166431427002,0.2070000022649765,0.0,0.2150000035762787,0.20600000023841858,0.21250000596046448,0.0,413128000
2009-01-30,0.18179544806480408,0.19875000417232513,0.0,0.210999995470047,0.19625000655651093,0.20550000667572021,0.0,506760000
2009-02-02,0.19162842631340027,0.2094999998807907,0.0,0.21175000071525574,0.19474999606609344,0.19574999809265137,0.0,577992000
2009-02-03,0.1939152032136917,0.21199999749660492,0.0,0.21375000476837158,0.20424999296665192,0.20999999344348907,0.0,396948000
2009-02-04,0.1994033306837082,0.21799999475479126,0.0,0.22875000536441803,0.21250000596046448,0.21250000596046448,0.0,779232000
2009-02-05,0.2140384465456009,0.23399999737739563,0.0,0.23649999499320984,0.20999999344348907,0.2122499942779541,0.0,919192000
2009-02-06,0.2257007658481598,0.24674999713897705,0.0,0.24824999272823334,0.23074999451637268,0.23475000262260437,0.0,1157880000
2009-02-09,0.22272798418998718,0.2434999942779541,0.0,0.24924999475479126,0.23675000667572021,0.24574999511241913,0.0,716128000
2009-02-10,0.21312370896339417,0.2329999953508377,0.0,0.24650000035762787,0.22849999368190765,0.24324999749660492,0.0,1129664000
2009-02-11,0.18636895716190338,0.20374999940395355,0.0,0.22224999964237213,0.1965000033378601,0.21449999511241913,0.0,1983400000
2009-02-12,0.19025637209415436,0.20800000429153442,0.0,0.20925000309944153,0.1965000033378601,0.1992499977350235,0.0,1024020000
2009-02-13,0.19002769887447357,0.20774999260902405,0.0,0.21025000512599945,0.2017499953508377,0.2032500058412552,0.0,764304000
2009-02-17,0.17905136942863464,0.19574999809265137,0.0,0.20475000143051147,0.19499999284744263,0.20000000298023224,0.0,779576000
2009-02-18,0.18385355174541473,0.20100000500679016,0.0,0.20749999582767487,0.19550000131130219,0.19574999809265137,0.0,646252000
2009-02-19,0.16967569291591644,0.18549999594688416,0.0,0.20675000548362732,0.18549999594688416,0.20499999821186066,0.0,743988000
2009-02-20,0.17402055859565735,0.1902499943971634,0.0,0.19325000047683716,0.18125000596046448,0.18299999833106995,0.0,770056000
2009-02-23,0.16601696610450745,0.18150000274181366,0.0,0.19449999928474426,0.18025000393390656,0.19349999725818634,0.0,679548000
2009-02-24,0.18088078498840332,0.1977500021457672,0.0,0.1979999989271164,0.1822499930858612,0.18250000476837158,0.0,659524000
2009-02-25,0.182938814163208,0.20000000298023224,0.0,0.20600000023841858,0.19050000607967377,0.19724999368190765,0.0,702360000
2009-02-26,0.18888428807258606,0.20649999380111694,0.0,0.2134999930858612,0.20399999618530273,0.2070000022649765,0.0,1117556000
2009-02-27,0.18934166431427002,0.2070000022649765,0.0,0.21175000071525574,0.19975000619888306,0.20125000178813934,0.0,755444000
2009-03-02,0.17333458364009857,0.18950000405311584,0.0,0.20624999701976776,0.1887499988079071,0.20200000703334808,0.0,700064000
2009-03-03,0.1801947057247162,0.19699999690055847,0.0,0.2045000046491623,0.18674999475479126,0.19300000369548798,0.0,1041372000
2009-03-04,0.19345778226852417,0.21150000393390656,0.0,0.2175000011920929,0.2004999965429306,0.20225000381469727,0.0,1108668000
2009-03-05,0.18888428807258606,0.20649999380111694,0.0,0.21699999272823334,0.20550000667572021,0.2084999978542328,0.0,955252000
2009-03-06,0.19185705482959747,0.2097499966621399,0.0,0.2172500044107437,0.20374999940395355,0.20649999380111694,0.0,974756000
2009-03-09,0.1897989958524704,0.20749999582767487,0.0,0.2240000069141388,0.2070000022649765,0.2082500010728836,0.0,682768000
2009-03-10,0.20694948732852936,0.22624999284744263,0.0,0.23025000095367432,0.21299999952316284,0.2150000035762787,0.0,1254800000
2009-03-11,0.21266639232635498,0.23250000178813934,0.0,0.29624998569488525,0.2224999964237213,0.22624999284744263,0.0,864916000
2009-03-12,0.22524337470531464,0.2462500035762787,0.0,0.2487500011920929,0.22875000536441803,0.2317499965429306,0.0,1604604000
2009-03-13,0.2241000384092331,0.24500000476837158,0.0,0.2485000044107437,0.23874999582767487,0.24275000393390656,0.0,1195156000
2009-03-16,0.21541042625904083,0.23549999296665192,0.0,0.24774999916553497,0.23350000381469727,0.2475000023841858,0.0,699344000
2009-03-17,0.22615808248519897,0.2472500056028366,0.0,0.24774999916553497,0.23325000703334808,0.23624999821186066,0.0,1005384000
2009-03-18,0.23324699699878693,0.2549999952316284,0.0,0.26225000619888306,0.24324999749660492,0.2434999942779541,0.0,1359560000
2009-03-19,0.2305029183626175,0.25200000405311584,0.0,0.2567499876022339,0.2502500116825104,0.2567499876022339,0.0,822648000
2009-03-20,0.21792592108249664,0.2382500022649765,0.0,0.25600001215934753,0.2317499965429306,0.25575000047683716,0.0,1093672000
2009-03-23,0.2337043285369873,0.2554999887943268,0.0,0.25600001215934753,0.24025000631809235,0.24574999511241913,0.0,816048000
2009-03-24,0.2236427217721939,0.24449999630451202,0.0,0.2515000104904175,0.24324999749660492,0.24924999475479126,0.0,1114868000
2009-03-25,0.2273014783859253,0.2485000044107437,0.0,0.25999999046325684,0.23899999260902405,0.25200000405311584,0.0,1243852000
2009-03-26,0.24147923290729523,0.2639999985694885,0.0,0.2644999921321869,0.24975000321865082,0.2524999976158142,0.0,1333664000
2009-03-27,0.23919256031513214,0.2615000009536743,0.0,0.26774999499320984,0.2574999928474426,0.26124998927116394,0.0,731892000
2009-03-30,0.22387132048606873,0.2447499930858612,0.0,0.25475001335144043,0.24124999344348907,0.2515000104904175,0.0,780052000
2009-03-31,0.2254721075296402,0.24650000035762787,0.0,0.2524999976158142,0.2447499930858612,0.2485000044107437,0.0,805272000
2009-04-01,0.23118889331817627,0.2527500092983246,0.0,0.2549999952316284,0.2342499941587448,0.2434999942779541,0.0,887920000
2009-04-02,0.2419365495443344,0.2644999921321869,0.0,0.2692500054836273,0.25850000977516174,0.26225000619888306,0.0,1002860000
2009-04-03,0.25885844230651855,0.28299999237060547,0.0,0.2837499976158142,0.2602500021457672,0.26475000381469727,0.0,1003208000
2009-04-06,0.2595444917678833,0.2837499976158142,0.0,0.2862499952316284,0.2745000123977661,0.2782500088214874,0.0,887288000
2009-04-07,0.2506261467933655,0.27399998903274536,0.0,0.28125,0.2722499966621399,0.2782500088214874,0.0,607804000
2009-04-08,0.260916531085968,0.2852500081062317,0.0,0.28600001335144043,0.2747499942779541,0.2770000100135803,0.0,731652000
2009-04-09,0.27532291412353516,0.3009999990463257,0.0,0.3019999861717224,0.2902500033378601,0.29249998927116394,0.0,904412000
2009-04-13,0.2664045989513397,0.29124999046325684,0.0,0.29750001430511475,0.2847500145435333,0.29725000262260437,0.0,767628000
2009-04-14,0.26800546050071716,0.2930000126361847,0.0,0.30000001192092896,0.28600001335144043,0.28725001215934753,0.0,711960000
2009-04-15,0.26045918464660645,0.2847500145435333,0.0,0.28600001335144043,0.27274999022483826,0.2827500104904175,0.0,1045368000
2009-04-16,0.26709070801734924,0.2919999957084656,0.0,0.2955000102519989,0.27900001406669617,0.28999999165534973,0.0,1038772000
2009-04-17,0.2689201533794403,0.2939999997615814,0.0,0.296750009059906,0.2849999964237213,0.2919999957084656,0.0,695764000
2009-04-20,0.25268417596817017,0.2762500047683716,0.0,0.2852500081062317,0.2747499942779541,0.2827500104904175,0.0,590660000
2009-04-21,0.25199827551841736,0.27549999952316284,0.0,0.28700000047683716,0.2685000002384186,0.27250000834465027,0.0,932184000
2009-04-22,0.2595444917678833,0.2837499976158142,0.0,0.2952499985694885,0.2685000002384186,0.27300000190734863,0.0,916404000
2009-04-23,0.2554283142089844,0.27924999594688416,0.0,0.289000004529953,0.2705000042915344,0.2865000069141388,0.0,753952000
2009-04-24,0.261373907327652,0.28575000166893005,0.0,0.2877500057220459,0.27524998784065247,0.28200000524520874,0.0,759508000
2009-04-27,0.25199827551841736,0.27549999952316284,0.0,0.28999999165534973,0.2737500071525574,0.28200000524520874,0.0,787024000
2009-04-28,0.25268417596817017,0.2762500047683716,0.0,0.28200000524520874,0.2694999873638153,0.2720000147819519,0.0,634392000
2009-04-29,0.24879693984985352,0.2720000147819519,0.0,0.2787500023841858,0.26875001192092896,0.2775000035762787,0.0,859668000
2009-04-30,0.26251718401908875,0.28700000047683716,0.0,0.29499998688697815,0.2750000059604645,0.2772499918937683,0.0,1110276000
2009-05-01,0.26686203479766846,0.2917500138282776,0.0,0.2985000014305115,0.28600001335144043,0.2862499952316284,0.0,840548000
2009-05-04,0.2812683582305908,0.3075000047683716,0.0,0.3097499907016754,0.2927500009536743,0.296750009059906,0.0,927704000
2009-05-05,0.26983481645584106,0.29499998688697815,0.0,0.30274999141693115,0.2887499928474426,0.3007499873638153,0.0,837076000
2009-05-06,0.26434656977653503,0.289000004529953,0.0,0.3009999990463257,0.28325000405311584,0.2982499897480011,0.0,935088000
2009-05-07,0.24536669254302979,0.2682499885559082,0.0,0.2955000102519989,0.2644999921321869,0.2955000102519989,0.0,1289196000
2009-05-08,0.21152302622795105,0.23125000298023224,0.0,0.26249998807907104,0.2277500033378601,0.26249998807907104,0.0,2930564000
2009-05-11,0.21563908457756042,0.2357500046491623,0.0,0.24150000512599945,0.22550000250339508,0.22750000655651093,0.0,1038596000
2009-05-12,0.20534881949424744,0.22450000047683716,0.0,0.2409999966621399,0.2199999988079071,0.2409999966621399,0.0,1201384000
2009-05-13,0.19208574295043945,0.20999999344348907,0.0,0.22425000369548798,0.2082500010728836,0.22300000488758087,0.0,1305608000
2009-05-14,0.19482985138893127,0.21299999952316284,0.0,0.2175000011920929,0.2082500010728836,0.2097499966621399,0.0,1017864000
2009-05-15,0.19986070692539215,0.21850000321865082,0.0,0.22599999606609344,0.21199999749660492,0.21449999511241913,0.0,780308000
2009-05-18,0.21198032796382904,0.2317499965429306,0.0,0.23325000703334808,0.22349999845027924,0.2240000069141388,0.0,938320000
2009-05-19,0.21609649062156677,0.23624999821186066,0.0,0.23899999260902405,0.22949999570846558,0.23325000703334808,0.0,859768000
2009-05-20,0.2224993109703064,0.24324999749660492,0.0,0.2562499940395355,0.2395000010728836,0.24050000309944153,0.0,1309436000
2009-05-21,0.22112728655338287,0.24175000190734863,0.0,0.24500000476837158,0.23499999940395355,0.24025000631809235,0.0,965600000
2009-05-22,0.22455738484859467,0.24549999833106995,0.0,0.24899999797344208,0.23725000023841858,0.24175000190734863,0.0,718260000
2009-05-26,0.23667706549167633,0.25874999165534973,0.0,0.2607499957084656,0.2407499998807907,0.24324999749660492,0.0,865540000
2009-05-27,0.2371344268321991,0.2592499852180481,0.0,0.2669999897480011,0.2549999952316284,0.2574999928474426,0.0,814152000
2009-05-28,0.2403358668088913,0.2627499997615814,0.0,0.26499998569488525,0.2515000104904175,0.2632499933242798,0.0,995288000
2009-05-29,0.238506481051445,0.2607499957084656,0.0,0.26350000500679016,0.25174999237060547,0.2630000114440918,0.0,834232000
2009-06-01,0.25016891956329346,0.273499995470047,0.0,0.2750000059604645,0.2627499997615814,0.26374998688697815,0.0,1022764000
2009-06-02,0.2481108158826828,0.27125000953674316,0.0,0.27950000762939453,0.26625001430511475,0.273499995470047,0.0,907984000
2009-06-03,0.2403358668088913,0.2627499997615814,0.0,0.26875001192092896,0.2562499940395355,0.26774999499320984,0.0,735688000
2009-06-04,0.24902547895908356,0.2722499966621399,0.0,0.27274999022483826,0.2632499933242798,0.26350000500679016,0.0,673180000
2009-06-05,0.24765340983867645,0.2707499861717224,0.0,0.2772499918937683,0.26750001311302185,0.2772499918937683,0.0,559992000
2009-06-08,0.2462814897298813,0.2692500054836273,0.0,0.27300000190734863,0.26249998807907104,0.26875001192092896,0.0,473948000
2009-06-09,0.2597730755805969,0.2840000092983246,0.0,0.28700000047683716,0.2709999978542328,0.27300000190734863,0.0,725032000
2009-06-10,0.26800546050071716,0.2930000126361847,0.0,0.29475000500679016,0.27924999594688416,0.2854999899864197,0.0,833320000
2009-06-11,0.2645753026008606,0.289249986410141,0.0,0.3050000071525574,0.2874999940395355,0.29374998807907104,0.0,835156000
2009-06-12,0.2632032632827759,0.2877500057220459,0.0,0.2887499928474426,0.2784999907016754,0.2849999964237213,0.0,595000000
2009-06-15,0.25885844230651855,0.28299999237060547,0.0,0.2862499952316284,0.27799999713897705,0.2824999988079071,0.0,445164000
2009-06-16,0.2517695426940918,0.27524998784065247,0.0,0.2865000069141388,0.27125000953674316,0.28299999237060547,0.0,594912000
2009-06-17,0.2579438090324402,0.28200000524520874,0.0,0.2847500145435333,0.26875001192092896,0.27950000762939453,0.0,799016000
2009-06-18,0.25291281938552856,0.27649998664855957,0.0,0.2862499952316284,0.273499995470047,0.2809999883174896,0.0,566376000
2009-06-19,0.2556569576263428,0.27950000762939453,0.0,0.2865000069141388,0.2757500112056732,0.27924999594688416,0.0,747564000
2009-06-22,0.24125050008296967,0.26374998688697815,0.0,0.28049999475479126,0.2627499997615814,0.28049999475479126,0.0,574864000
2009-06-23,0.24010717868804932,0.26249998807907104,0.0,0.2667500078678131,0.25224998593330383,0.26625001430511475,0.0,589764000
2009-06-24,0.2481108158826828,0.27125000953674316,0.0,0.2775000035762787,0.265749990940094,0.265749990940094,0.0,515096000
2009-06-25,0.26114508509635925,0.2854999899864197,0.0,0.28600001335144043,0.26600000262260437,0.26875001192092896,0.0,870444000
2009-06-26,0.2645753026008606,0.289249986410141,0.0,0.2902500033378601,0.28174999356269836,0.2842499911785126,0.0,513956000
2009-06-29,0.2645753026008606,0.289249986410141,0.0,0.2944999933242798,0.2862499952316284,0.28999999165534973,0.0,510056000
2009-06-30,0.2581724226474762,0.28224998712539673,0.0,0.29225000739097595,0.2770000100135803,0.28824999928474426,0.0,589844000
2009-07-01,0.2593157887458801,0.28349998593330383,0.0,0.28725001215934753,0.2787500023841858,0.2840000092983246,0.0,696420000
2009-07-02,0.24925416707992554,0.27250000834465027,0.0,0.2777499854564667,0.26875001192092896,0.27425000071525574,0.0,552312000
2009-07-06,0.24125050008296967,0.26374998688697815,0.0,0.27250000834465027,0.2592499852180481,0.2722499966621399,0.0,752456000
2009-07-07,0.2307315468788147,0.25224998593330383,0.0,0.26625001430511475,0.2515000104904175,0.26475000381469727,0.0,1072996000
2009-07-08,0.23118889331817627,0.2527500092983246,0.0,0.25450000166893005,0.24275000393390656,0.2537499964237213,0.0,1205860000
2009-07-09,0.23621973395347595,0.25824999809265137,0.0,0.26249998807907104,0.2562499940395355,0.25699999928474426,0.0,714564000
2009-07-10,0.2371344268321991,0.2592499852180481,0.0,0.26100000739097595,0.2527500092983246,0.25824999809265137,0.0,520008000
2009-07-13,0.23987862467765808,0.26225000619888306,0.0,0.2644999921321869,0.2487500011920929,0.2644999921321869,0.0,556012000
2009-07-14,0.24490930140018463,0.26774999499320984,0.0,0.26875001192092896,0.26124998927116394,0.2642500102519989,0.0,452568000
2009-07-15,0.254970908164978,0.2787500023841858,0.0,0.2842499911785126,0.2750000059604645,0.2775000035762787,0.0,1022808000
2009-07-16,0.26823410391807556,0.2932499945163727,0.0,0.2942500114440918,0.28025001287460327,0.28174999356269836,0.0,952076000
2009-07-17,0.2760089039802551,0.3017500042915344,0.0,0.30274999141693115,0.2902500033378601,0.2932499945163727,0.0,850356000
2009-07-20,0.2794390618801117,0.30550000071525574,0.0,0.3087500035762787,0.30024999380111694,0.30425000190734863,0.0,782756000
2009-07-21,0.2737220525741577,0.2992500066757202,0.0,0.3059999942779541,0.29225000739097595,0.304749995470047,0.0,941296000
2009-07-22,0.28058233857154846,0.30674999952316284,0.0,0.3095000088214874,0.29124999046325684,0.2932499945163727,0.0,600908000
2009-07-23,0.2972756624221802,0.32499998807907104,0.0,0.32600000500679016,0.30399999022483826,0.3072499930858612,0.0,1046120000
2009-07-24,0.29636090993881226,0.3240000009536743,0.0,0.32499998807907104,0.31299999356269836,0.3149999976158142,0.0,650592000
2009-07-27,0.2977328896522522,0.3255000114440918,0.0,0.33024999499320984,0.3179999887943268,0.32100000977516174,0.0,677484000
2009-07-28,0.29819032549858093,0.32600000500679016,0.0,0.3294999897480011,0.320499986410141,0.3232499957084656,0.0,563180000
2009-07-29,0.2922448515892029,0.31949999928474426,0.0,0.3242500126361847,0.3162499964237213,0.32225000858306885,0.0,373972000
2009-07-30,0.2945314049720764,0.32199999690055847,0.0,0.3292500078678131,0.3192499876022339,0.32499998807907104,0.0,468444000
2009-07-31,0.29567477107048035,0.3232499957084656,0.0,0.32774999737739563,0.31450000405311584,0.32199999690055847,0.0,541560000
2009-08-03,0.3036784529685974,0.3319999873638153,0.0,0.335750013589859,0.32475000619888306,0.3310000002384186,0.0,471900000
2009-08-04,0.3057365119457245,0.33425000309944153,0.0,0.3400000035762787,0.3257499933242798,0.32624998688697815,0.0,695380000
2009-08-05,0.30642250180244446,0.33500000834465027,0.0,0.3375000059604645,0.328249990940094,0.3322499990463257,0.0,610768000
2009-08-06,0.30001965165138245,0.328000009059906,0.0,0.3422499895095825,0.32600000500679016,0.3362500071525574,0.0,957588000
2009-08-07,0.31351137161254883,0.34275001287460327,0.0,0.3557499945163727,0.33799999952316284,0.34575000405311584,0.0,1401872000
2009-08-10,0.30322107672691345,0.33149999380111694,0.0,0.3502500057220459,0.3294999897480011,0.3452500104904175,0.0,693312000
2009-08-11,0.2961321175098419,0.32374998927116394,0.0,0.33425000309944153,0.32199999690055847,0.3292500078678131,0.0,481884000
2009-08-12,0.307108610868454,0.335750013589859,0.0,0.33924999833106995,0.32374998927116394,0.3240000009536743,0.0,634940000
2009-08-13,0.31625548005104065,0.34575000405311584,0.0,0.34700000286102295,0.3322499990463257,0.3382500112056732,0.0,564028000
2009-08-14,0.3068799674510956,0.33550000190734863,0.0,0.34575000405311584,0.3310000002384186,0.3452500104904175,0.0,427148000
2009-08-17,0.29407423734664917,0.3215000033378601,0.0,0.32624998688697815,0.3179999887943268,0.3252499997615814,0.0,465032000
2009-08-18,0.30482175946235657,0.3332499861717224,0.0,0.3370000123977661,0.32124999165534973,0.3215000033378601,0.0,636200000
2009-08-19,0.3013916611671448,0.3294999897480011,0.0,0.33149999380111694,0.32499998807907104,0.328249990940094,0.0,552996000
2009-08-20,0.31328269839286804,0.3425000011920929,0.0,0.3440000116825104,0.32725000381469727,0.328000009059906,0.0,819840000
2009-08-21,0.3185423016548157,0.34825000166893005,0.0,0.3487499952316284,0.3382500112056732,0.3452500104904175,0.0,607324000
2009-08-24,0.30962395668029785,0.3384999930858612,0.0,0.3499999940395355,0.33649998903274536,0.3462499976158142,0.0,461456000
2009-08-25,0.3123680353164673,0.34150001406669617,0.0,0.3449999988079071,0.3345000147819519,0.3402499854564667,0.0,444088000
2009-08-26,0.31602680683135986,0.34549999237060547,0.0,0.3462499976158142,0.3395000100135803,0.3407500088214874,0.0,434308000
2009-08-27,0.3203716576099396,0.3502500057220459,0.0,0.351749986410141,0.34325000643730164,0.34700000286102295,0.0,551072000
2009-08-28,0.33683618903160095,0.3682500123977661,0.0,0.37575000524520874,0.359250009059906,0.35975000262260437,0.0,883992000
2009-08-31,0.3320339322090149,0.3630000054836273,0.0,0.3657500147819519,0.3582499921321869,0.36399999260902405,0.0,431796000
2009-09-01,0.32082894444465637,0.35074999928474426,0.0,0.37299999594688416,0.3487499952316284,0.36274999380111694,0.0,736856000
2009-09-02,0.3254024386405945,0.3557499945163727,0.0,0.359250009059906,0.3492499887943268,0.3512499928474426,0.0,404656000
2009-09-03,0.3331773281097412,0.3642500042915344,0.0,0.3647499978542328,0.35475000739097595,0.3557499945163727,0.0,534020000
2009-09-04,0.34552571177482605,0.3777500092983246,0.0,0.3802500069141388,0.36274999380111694,0.36274999380111694,0.0,513048000
2009-09-08,0.35512998700141907,0.3882499933242798,0.0,0.3882499933242798,0.3774999976158142,0.3804999887943268,0.0,549712000
2009-09-09,0.3649629056453705,0.39899998903274536,0.0,0.3997499942779541,0.38199999928474426,0.38749998807907104,0.0,571684000
2009-09-10,0.3766252398490906,0.4117499887943268,0.0,0.41225001215934753,0.3957499861717224,0.40024998784065247,0.0,607952000
2009-09-11,0.3731950521469116,0.40799999237060547,0.0,0.41225001215934753,0.4050000011920929,0.41075000166893005,0.0,712732000
2009-09-14,0.36702102422714233,0.4012500047683716,0.0,0.40525001287460327,0.39774999022483826,0.4020000100135803,0.0,490516000
2009-09-15,0.3745671808719635,0.40950000286102295,0.0,0.41449999809265137,0.4012500047683716,0.4050000011920929,0.0,546136000
2009-09-16,0.3645056188106537,0.398499995470047,0.0,0.4092499911785126,0.39250001311302185,0.40849998593330383,0.0,707064000
2009-09-17,0.3484984338283539,0.38100001215934753,0.0,0.39750000834465027,0.37424999475479126,0.39750000834465027,0.0,923096000
2009-09-18,0.3480411171913147,0.3804999887943268,0.0,0.38749998807907104,0.3774999976158142,0.38475000858306885,0.0,604740000
2009-09-21,0.3464403450489044,0.3787499964237213,0.0,0.3852500021457672,0.37275001406669617,0.37599998712539673,0.0,588776000
2009-09-22,0.34712642431259155,0.37950000166893005,0.0,0.38374999165534973,0.3765000104904175,0.3815000057220459,0.0,361388000
2009-09-23,0.3416382670402527,0.3734999895095825,0.0,0.38499999046325684,0.37299999594688416,0.3817499876022339,0.0,478936000
2009-09-24,0.3370647132396698,0.3684999942779541,0.0,0.37975001335144043,0.367249995470047,0.37975001335144043,0.0,552876000
2009-09-25,0.3315765857696533,0.36250001192092896,0.0,0.3682500123977661,0.35975000262260437,0.36649999022483826,0.0,377556000
2009-09-28,0.3391227424144745,0.3707500100135803,0.0,0.3799999952316284,0.36375001072883606,0.36375001072883606,0.0,467708000
2009-09-29,0.3329487144947052,0.36399999260902405,0.0,0.3774999976158142,0.3632499873638153,0.37299999594688416,0.0,470928000
2009-09-30,0.3436964750289917,0.37575000524520874,0.0,0.3802500069141388,0.3632499873638153,0.3714999854564667,0.0,875956000
2009-10-01,0.3192281126976013,0.3490000069141388,0.0,0.37450000643730164,0.3487499952316284,0.37450000643730164,0.0,999960000
2009-10-02,0.3167129158973694,0.3462499976158142,0.0,0.35374999046325684,0.3434999883174896,0.34549999237060547,0.0,612476000
2009-10-05,0.3151121735572815,0.34450000524520874,0.0,0.3512499928474426,0.3384999930858612,0.3499999940395355,0.0,754276000
2009-10-06,0.3203716576099396,0.3502500057220459,0.0,0.35624998807907104,0.3462499976158142,0.3487499952316284,0.0,761272000
2009-10-07,0.31785619258880615,0.3474999964237213,0.0,0.351500004529953,0.34375,0.3477500081062317,0.0,459608000
2009-10-08,0.319914311170578,0.34975001215934753,0.0,0.3504999876022339,0.3372499942779541,0.34950000047683716,0.0,1241524000
2009-10-09,0.32403039932250977,0.3542500138282776,0.0,0.35475000739097595,0.3472500145435333,0.3477500081062317,0.0,618540000
2009-10-12,0.3203716576099396,0.3502500057220459,0.0,0.3569999933242798,0.3479999899864197,0.34825000166893005,0.0,499008000
2009-10-13,0.3192281126976013,0.3490000069141388,0.0,0.35624998807907104,0.34575000405311584,0.35225000977516174,0.0,602124000
2009-10-14,0.31877079606056213,0.34850001335144043,0.0,0.36250001192092896,0.3467499911785126,0.36250001192092896,0.0,1101948000
2009-10-15,0.30939531326293945,0.3382500112056732,0.0,0.3512499928474426,0.335999995470047,0.3479999899864197,0.0,1092196000
2009-10-16,0.3023064136505127,0.3305000066757202,0.0,0.33500000834465027,0.3244999945163727,0.33399999141693115,0.0,1018832000
2009-10-19,0.31328269839286804,0.3425000011920929,0.0,0.3452500104904175,0.3305000066757202,0.3332499861717224,0.0,695588000
2009-10-20,0.31351137161254883,0.34275001287460327,0.0,0.35074999928474426,0.3400000035762787,0.34825000166893005,0.0,660180000
2009-10-21,0.30596500635147095,0.3345000147819519,0.0,0.3467499911785126,0.33274999260902405,0.34150001406669617,0.0,503956000
2009-10-22,0.30802321434020996,0.33675000071525574,0.0,0.3384999930858612,0.3269999921321869,0.33274999260902405,0.0,379328000
2009-10-23,0.3007056415081024,0.32875001430511475,0.0,0.3412500023841858,0.3267500102519989,0.3412500023841858,0.0,429528000
2009-10-26,0.29681816697120667,0.3244999945163727,0.0,0.3362500071525574,0.3227500021457672,0.33125001192092896,0.0,481652000
2009-10-27,0.2867564857006073,0.31349998712539673,0.0,0.32774999737739563,0.31025001406669617,0.3230000138282776,0.0,591836000
2009-10-28,0.2748655676841736,0.3005000054836273,0.0,0.31349998712539673,0.29899999499320984,0.30649998784065247,0.0,773632000
2009-10-29,0.2869853377342224,0.3137499988079071,0.0,0.3152500092983246,0.30250000953674316,0.30524998903274536,0.0,637100000
2009-10-30,0.2734934985637665,0.29899999499320984,0.0,0.31349998712539673,0.29750001430511475,0.3122499883174896,0.0,604144000
2009-11-02,0.2760089039802551,0.3017500042915344,0.0,0.3082500100135803,0.2932499945163727,0.2985000014305115,0.0,593136000
2009-11-03,0.2746368646621704,0.30024999380111694,0.0,0.3017500042915344,0.289000004529953,0.2919999957084656,0.0,876472000
2009-11-04,0.27395084500312805,0.2994999885559082,0.0,0.3057500123977661,0.2982499897480011,0.30250000953674316,0.0,916840000
2009-11-05,0.28058233857154846,0.30674999952316284,0.0,0.3097499907016754,0.3019999861717224,0.30300000309944153,0.0,955156000
2009-11-06,0.3009341359138489,0.32899999618530273,0.0,0.335750013589859,0.32199999690055847,0.32600000500679016,0.0,1641112000
2009-11-09,0.30779439210891724,0.33649998903274536,0.0,0.3412500023841858,0.3332499861717224,0.3334999978542328,0.0,818124000
2009-11-10,0.30024829506874084,0.328249990940094,0.0,0.33774998784065247,0.3240000009536743,0.33774998784065247,0.0,781472000
2009-11-11,0.3087092936038971,0.3375000059604645,0.0,0.34549999237060547,0.3332499861717224,0.33375000953674316,0.0,871512000
2009-11-12,0.30779439210891724,0.33649998903274536,0.0,0.3462499976158142,0.33550000190734863,0.34049999713897705,0.0,505864000
2009-11-13,0.3100813031196594,0.33899998664855957,0.0,0.3407500088214874,0.3347499966621399,0.3362500071525574,0.0,388524000
2009-11-16,0.3144260346889496,0.34375,0.0,0.3477500081062317,0.3402499854564667,0.34200000762939453,0.0,402820000
2009-11-17,0.313968688249588,0.34325000643730164,0.0,0.3440000116825104,0.33675000071525574,0.3440000116825104,0.0,350124000
2009-11-18,0.3091665804386139,0.33799999952316284,0.0,0.3412500023841858,0.3322499990463257,0.3400000035762787,0.0,455516000
2009-11-19,0.29681816697120667,0.3244999945163727,0.0,0.3307499885559082,0.31850001215934753,0.3307499885559082,0.0,833840000
2009-11-20,0.29498881101608276,0.32249999046325684,0.0,0.3240000009536743,0.3162499964237213,0.31700000166893005,0.0,426748000
2009-11-23,0.2972756624221802,0.32499998807907104,0.0,0.3332499861717224,0.32350000739097595,0.32725000381469727,0.0,390924000
2009-11-24,0.29544612765312195,0.3230000138282776,0.0,0.3257499933242798,0.3177500069141388,0.32350000739097595,0.0,418504000
2009-11-25,0.2988763153553009,0.3267500102519989,0.0,0.33125001192092896,0.3244999945163727,0.3267500102519989,0.0,441760000
2009-11-27,0.2924734652042389,0.31975001096725464,0.0,0.32350000739097595,0.31325000524520874,0.3149999976158142,0.0,279932000
2009-11-30,0.29864758253097534,0.3264999985694885,0.0,0.3267500102519989,0.3174999952316284,0.32100000977516174,0.0,509836000
2009-12-01,0.30459311604499817,0.3330000042915344,0.0,0.33675000071525574,0.3264999985694885,0.328249990940094,0.0,461936000
2009-12-02,0.3137401044368744,0.34299999475479126,0.0,0.34375,0.3317500054836273,0.33375000953674316,0.0,602292000
2009-12-03,0.31625548005104065,0.34575000405311584,0.0,0.35324999690055847,0.3452500104904175,0.34700000286102295,0.0,660036000
2009-12-04,0.3260883688926697,0.3564999997615814,0.0,0.3580000102519989,0.3467499911785126,0.35225000977516174,0.0,824564000
2009-12-07,0.3679356873035431,0.4022499918937683,0.0,0.4112499952316284,0.3774999976158142,0.39625000953674316,0.0,2732184000
2009-12-08,0.3500991761684418,0.382750004529953,0.0,0.39750000834465027,0.3804999887943268,0.3957499861717224,0.0,1075512000
2009-12-09,0.35878869891166687,0.3922500014305115,0.0,0.39524999260902405,0.382999986410141,0.3867500126361847,0.0,671588000
2009-12-10,0.3523857593536377,0.3852500021457672,0.0,0.39750000834465027,0.3840000033378601,0.39500001072883606,0.0,417012000
2009-12-11,0.34781238436698914,0.3802500069141388,0.0,0.3889999985694885,0.3792499899864197,0.38850000500679016,0.0,416744000
2009-12-14,0.35833144187927246,0.3917500078678131,0.0,0.3930000066757202,0.3815000057220459,0.3857499957084656,0.0,405488000
2009-12-15,0.3578740656375885,0.39125001430511475,0.0,0.39774999022483826,0.3880000114440918,0.3889999985694885,0.0,446152000
2009-12-16,0.38668686151504517,0.42274999618530273,0.0,0.4272499978542328,0.40299999713897705,0.40525001287460327,0.0,1683400000
2009-12-17,0.3848574459552765,0.4207499921321869,0.0,0.43700000643730164,0.41449999809265137,0.42399999499320984,0.0,1016132000
2009-12-18,0.3846288025379181,0.4205000102519989,0.0,0.4257499873638153,0.4154999852180481,0.4242500066757202,0.0,812828000
2009-12-21,0.3983492851257324,0.43549999594688416,0.0,0.4372499883174896,0.42250001430511475,0.4230000078678131,0.0,427792000
2009-12-22,0.40886828303337097,0.44699999690055847,0.0,0.4514999985694885,0.4350000023841858,0.43549999594688416,0.0,793044000
2009-12-23,0.4145851731300354,0.453249990940094,0.0,0.4544999897480011,0.445499986410141,0.45124998688697815,0.0,442196000
2009-12-24,0.4136703908443451,0.45225000381469727,0.0,0.45524999499320984,0.4505000114440918,0.4544999897480011,0.0,136812000
2009-12-28,0.4070388674736023,0.4449999928474426,0.0,0.4555000066757202,0.4404999911785126,0.4514999985694885,0.0,465760000
2009-12-29,0.412069708108902,0.4505000114440918,0.0,0.4517500102519989,0.4424999952316284,0.44350001215934753,0.0,475848000
2009-12-30,0.42693331837654114,0.46674999594688416,0.0,0.46950000524520874,0.4514999985694885,0.4547500014305115,0.0,704008000
2009-12-31,0.42716217041015625,0.46700000762939453,0.0,0.4737499952316284,0.46650001406669617,0.46775001287460327,0.0,700340000
2010-01-04,0.4228172302246094,0.4622499942779541,0.0,0.46549999713897705,0.45274999737739563,0.46274998784065247,0.0,800204000
2010-01-05,0.4289914667606354,0.4690000116825104,0.0,0.4740000069141388,0.46050000190734863,0.46050000190734863,0.0,728648000
2010-01-06,0.4317356050014496,0.47200000286102295,0.0,0.4729999899864197,0.46424999833106995,0.46875,0.0,649168000
2010-01-07,0.42327457666397095,0.46274998784065247,0.0,0.4715000092983246,0.45925000309944153,0.46950000524520874,0.0,547792000
2010-01-08,0.4241892099380493,0.4637500047683716,0.0,0.46700000762939453,0.45625001192092896,0.45899999141693115,0.0,478168000
2010-01-11,0.4182438254356384,0.4572499990463257,0.0,0.46825000643730164,0.4507499933242798,0.4662500023841858,0.0,556612000
2010-01-12,0.4040660560131073,0.4417499899864197,0.0,0.45225000381469727,0.4322499930858612,0.4505000114440918,0.0,627432000
2010-01-13,0.40955430269241333,0.4477500021457672,0.0,0.4492500126361847,0.42750000953674316,0.44475001096725464,0.0,508868000
2010-01-14,0.4031514823436737,0.44075000286102295,0.0,0.445499986410141,0.4332500100135803,0.44225001335144043,0.0,608524000
2010-01-15,0.3912603557109833,0.42774999141693115,0.0,0.4412499964237213,0.421999990940094,0.4375,0.0,818192000
2010-01-19,0.3985779881477356,0.43575000762939453,0.0,0.43849998712539673,0.4232499897480011,0.4244999885559082,0.0,545328000
2010-01-20,0.39697715640068054,0.4339999854564667,0.0,0.43575000762939453,0.4244999885559082,0.43024998903274536,0.0,719728000
2010-01-21,0.38988837599754333,0.42625001072883606,0.0,0.4415000081062317,0.42225000262260437,0.4337500035762787,0.0,608632000
2010-01-22,0.37639668583869934,0.4115000069141388,0.0,0.42899999022483826,0.4090000092983246,0.42124998569488525,0.0,1067916000
2010-01-25,0.3827993869781494,0.41850000619888306,0.0,0.42649999260902405,0.4152500033378601,0.4182499945163727,0.0,643676000
2010-01-26,0.370679646730423,0.40525001287460327,0.0,0.4192500114440918,0.4050000011920929,0.4165000021457672,0.0,714636000
2010-01-27,0.3807413876056671,0.41624999046325684,0.0,0.4177500009536743,0.40049999952316284,0.4050000011920929,0.0,812504000
2010-01-28,0.3679356873035431,0.4022499918937683,0.0,0.42100000381469727,0.39649999141693115,0.4194999933242798,0.0,687764000
2010-01-29,0.35192856192588806,0.38475000858306885,0.0,0.4112499952316284,0.3787499964237213,0.40674999356269836,0.0,774700000
2010-02-01,0.3789120614528656,0.414249986410141,0.0,0.41499999165534973,0.382999986410141,0.38624998927116394,0.0,949832000
2010-02-02,0.3827993869781494,0.41850000619888306,0.0,0.42375001311302185,0.4115000069141388,0.4127500057220459,0.0,849812000
2010-02-03,0.3860009014606476,0.421999990940094,0.0,0.42375001311302185,0.4127500057220459,0.41475000977516174,0.0,562296000
2010-02-04,0.36359089612960815,0.39750000834465027,0.0,0.4182499945163727,0.3930000066757202,0.4182499945163727,0.0,783480000
2010-02-05,0.3709084689617157,0.40549999475479126,0.0,0.4065000116825104,0.38999998569488525,0.3970000147819519,0.0,604856000
2010-02-08,0.3702223300933838,0.4047499895095825,0.0,0.41449999809265137,0.39675000309944153,0.40424999594688416,0.0,445160000
2010-02-09,0.3672497272491455,0.40149998664855957,0.0,0.41324999928474426,0.39750000834465027,0.4112499952316284,0.0,930144000
2010-02-10,0.3743385672569275,0.4092499911785126,0.0,0.4129999876022339,0.4012500047683716,0.40400001406669617,0.0,535828000
2010-02-11,0.39148902893066406,0.42800000309944153,0.0,0.4325000047683716,0.4127500057220459,0.41574999690055847,0.0,695980000
2010-02-12,0.39674854278564453,0.4337500035762787,0.0,0.4424999952316284,0.4202499985694885,0.42500001192092896,0.0,780212000
2010-02-16,0.4040660560131073,0.4417499899864197,0.0,0.44350001215934753,0.43424999713897705,0.43950000405311584,0.0,457024000
2010-02-17,0.40795350074768066,0.44600000977516174,0.0,0.44749999046325684,0.4332500100135803,0.44725000858306885,0.0,876560000
2010-02-18,0.38119861483573914,0.4167500138282776,0.0,0.42375001311302185,0.40525001287460327,0.42149999737739563,0.0,1515508000
2010-02-19,0.37914061546325684,0.41449999809265137,0.0,0.4194999933242798,0.4124999940395355,0.41499999165534973,0.0,510548000
2010-02-22,0.3798268139362335,0.4152500033378601,0.0,0.42250001430511475,0.4124999940395355,0.41624999046325684,0.0,458084000
2010-02-23,0.370679646730423,0.40525001287460327,0.0,0.4182499945163727,0.4009999930858612,0.4165000021457672,0.0,489764000
2010-02-24,0.37845471501350403,0.4137499928474426,0.0,0.4177500009536743,0.4074999988079071,0.4087499976158142,0.0,445868000
2010-02-25,0.3750245273113251,0.4099999964237213,0.0,0.41100001335144043,0.39399999380111694,0.40424999594688416,0.0,576972000
2010-02-26,0.3704511523246765,0.4050000011920929,0.0,0.41100001335144043,0.4025000035762787,0.40799999237060547,0.0,393396000
2010-03-01,0.3853148818016052,0.42124998569488525,0.0,0.4232499897480011,0.4020000100135803,0.40525001287460327,0.0,555868000
2010-03-02,0.3850862681865692,0.42100000381469727,0.0,0.43024998903274536,0.4180000126361847,0.42500001192092896,0.0,538648000
2010-03-03,0.38028407096862793,0.41574999690055847,0.0,0.4257499873638153,0.41225001215934753,0.4235000014305115,0.0,399300000
2010-03-04,0.3809700012207031,0.4165000021457672,0.0,0.4207499921321869,0.4112499952316284,0.41749998927116394,0.0,557396000
2010-03-05,0.3926323652267456,0.42925000190734863,0.0,0.4322499930858612,0.41350001096725464,0.41350001096725464,0.0,632832000
2010-03-08,0.38691556453704834,0.4230000078678131,0.0,0.4307500123977661,0.42124998569488525,0.429500013589859,0.0,439312000
2010-03-09,0.40132203698158264,0.4387499988079071,0.0,0.4429999887943268,0.4269999861717224,0.4272499978542328,0.0,830832000
2010-03-10,0.4022366404533386,0.43974998593330383,0.0,0.44449999928474426,0.4372499883174896,0.4375,0.0,418520000
2010-03-11,0.39308977127075195,0.429749995470047,0.0,0.4377500116825104,0.42800000309944153,0.4362500011920929,0.0,540660000
2010-03-12,0.3944617807865143,0.4312500059604645,0.0,0.43575000762939453,0.42899999022483826,0.4345000088214874,0.0,520352000
2010-03-15,0.3924037516117096,0.42899999022483826,0.0,0.4350000023841858,0.42500001192092896,0.4307500123977661,0.0,358904000
2010-03-16,0.40612420439720154,0.4440000057220459,0.0,0.4465000033378601,0.4284999966621399,0.42875000834465027,0.0,664988000
2010-03-17,0.4138989746570587,0.45249998569488525,0.0,0.4584999978542328,0.4465000033378601,0.4465000033378601,0.0,651168000
2010-03-18,0.3992639482021332,0.43650001287460327,0.0,0.453249990940094,0.4325000047683716,0.453249990940094,0.0,740964000
2010-03-19,0.3944617807865143,0.4312500059604645,0.0,0.4442499876022339,0.4257499873638153,0.4429999887943268,0.0,584612000
2010-03-22,0.40086472034454346,0.43825000524520874,0.0,0.4399999976158142,0.4257499873638153,0.4257499873638153,0.0,435336000
2010-03-23,0.40909692645072937,0.44725000858306885,0.0,0.4494999945163727,0.43849998712539673,0.4415000081062317,0.0,493612000
2010-03-24,0.39537644386291504,0.4322499930858612,0.0,0.44475001096725464,0.43149998784065247,0.44350001215934753,0.0,436252000
2010-03-25,0.39651983976364136,0.4334999918937683,0.0,0.4412499964237213,0.4325000047683716,0.43849998712539673,0.0,495184000
2010-03-26,0.39651983976364136,0.4334999918937683,0.0,0.4417499899864197,0.4300000071525574,0.4372499883174896,0.0,344676000
2010-03-29,0.4015507698059082,0.4390000104904175,0.0,0.4399999976158142,0.43024998903274536,0.4362500011920929,0.0,394456000
2010-03-30,0.4031514823436737,0.44075000286102295,0.0,0.44624999165534973,0.4332500100135803,0.4440000057220459,0.0,324104000
2010-03-31,0.39789190888404846,0.4350000023841858,0.0,0.4410000145435333,0.43274998664855957,0.4390000104904175,0.0,389840000
2010-04-01,0.3937757909297943,0.43050000071525574,0.0,0.44200000166893005,0.4259999990463257,0.43700000643730164,0.0,339664000
2010-04-05,0.3997214138507843,0.43700000643730164,0.0,0.4377500116825104,0.43274998664855957,0.4332500100135803,0.0,413636000
2010-04-06,0.38988837599754333,0.42625001072883606,0.0,0.4325000047683716,0.41874998807907104,0.43149998784065247,0.0,809260000
2010-04-07,0.3924037516117096,0.42899999022483826,0.0,0.4362500011920929,0.41999998688697815,0.4235000014305115,0.0,817468000
2010-04-08,0.3860009014606476,0.421999990940094,0.0,0.429500013589859,0.41975000500679016,0.42625001072883606,0.0,1037600000
2010-04-09,0.38851624727249146,0.4247500002384186,0.0,0.42625001072883606,0.41874998807907104,0.42100000381469727,0.0,817572000
2010-04-12,0.395605206489563,0.4325000047683716,0.0,0.43424999713897705,0.4244999885559082,0.42524999380111694,0.0,546460000
2010-04-13,0.4038373529911041,0.4415000081062317,0.0,0.4429999887943268,0.4325000047683716,0.43424999713897705,0.0,648696000
2010-04-14,0.40886828303337097,0.44699999690055847,0.0,0.453249990940094,0.4399999976158142,0.45100000500679016,0.0,900720000
2010-04-15,0.41184094548225403,0.4502499997615814,0.0,0.453000009059906,0.4440000057220459,0.44850000739097595,0.0,957596000
2010-04-16,0.3901169002056122,0.42649999260902405,0.0,0.4337500035762787,0.4169999957084656,0.4320000112056732,0.0,1917736000
2010-04-19,0.38828760385513306,0.4244999885559082,0.0,0.4257499873638153,0.4102500081062317,0.4232499897480011,0.0,1094492000
2010-04-20,0.38965970277786255,0.4259999990463257,0.0,0.4320000112056732,0.4205000102519989,0.42750000953674316,0.0,678188000
2010-04-21,0.3795979917049408,0.41499999165534973,0.0,0.42875000834465027,0.4099999964237213,0.4282500147819519,0.0,895908000
2010-04-22,0.38119861483573914,0.4167500138282776,0.0,0.4180000126361847,0.4025000035762787,0.40825000405311584,0.0,656932000
2010-04-23,0.3759392499923706,0.41100001335144043,0.0,0.4165000021457672,0.4037500023841858,0.4154999852180481,0.0,752916000
2010-04-26,0.3795979917049408,0.41499999165534973,0.0,0.41999998688697815,0.41075000166893005,0.4115000069141388,0.0,491092000
2010-04-27,0.3688504099845886,0.4032500088214874,0.0,0.41624999046325684,0.4020000100135803,0.41200000047683716,0.0,606704000
2010-04-28,0.36953645944595337,0.40400001406669617,0.0,0.4097500145435333,0.3957499861717224,0.40299999713897705,0.0,672164000
2010-04-29,0.3807413876056671,0.41624999046325684,0.0,0.4167500138282776,0.39925000071525574,0.40525001287460327,0.0,987128000
2010-04-30,0.35924622416496277,0.39274999499320984,0.0,0.41200000047683716,0.39250001311302185,0.4112499952316284,0.0,1068048000
2010-05-03,0.35535869002342224,0.38850000500679016,0.0,0.3970000147819519,0.3824999928474426,0.3947499990463257,0.0,1078972000
2010-05-04,0.33729347586631775,0.3687500059604645,0.0,0.38324999809265137,0.3632499873638153,0.3824999928474426,0.0,1311376000
2010-05-05,0.3315765857696533,0.36250001192092896,0.0,0.37174999713897705,0.3580000102519989,0.36125001311302185,0.0,1330840000
2010-05-06,0.32471638917922974,0.35499998927116394,0.0,0.3675000071525574,0.32600000500679016,0.36000001430511475,0.0,1002888000
2010-05-07,0.3192281126976013,0.3490000069141388,0.0,0.3582499921321869,0.33649998903274536,0.3582499921321869,0.0,1153712000
2010-05-10,0.3329487144947052,0.36399999260902405,0.0,0.37450000643730164,0.36000001430511475,0.3700000047683716,0.0,979156000
2010-05-11,0.32928988337516785,0.36000001430511475,0.0,0.367249995470047,0.35725000500679016,0.3605000078678131,0.0,829124000
2010-05-12,0.33569279313087463,0.367000013589859,0.0,0.36899998784065247,0.36024999618530273,0.36250001192092896,0.0,901236000
2010-05-13,0.33500662446022034,0.36625000834465027,0.0,0.38225001096725464,0.36274999380111694,0.36550000309944153,0.0,1252000000
2010-05-14,0.29636090993881226,0.3240000009536743,0.0,0.3425000011920929,0.3149999976158142,0.34150001406669617,0.0,2493068000
2010-05-17,0.29704686999320984,0.32475000619888306,0.0,0.32875001430511475,0.31450000405311584,0.3244999945163727,0.0,856060000
2010-05-18,0.2872139513492584,0.3140000104904175,0.0,0.3294999897480011,0.3122499883174896,0.32749998569488525,0.0,674112000
2010-05-19,0.29178741574287415,0.3190000057220459,0.0,0.31949999928474426,0.31025001406669617,0.3125,0.0,826520000
2010-05-20,0.284927099943161,0.31150001287460327,0.0,0.3190000057220459,0.30024999380111694,0.3097499907016754,0.0,1129136000
2010-05-21,0.291101336479187,0.31825000047683716,0.0,0.3269999921321869,0.30250000953674316,0.30250000953674316,0.0,1069600000
2010-05-24,0.2826404273509979,0.3089999854564667,0.0,0.32100000977516174,0.30799999833106995,0.31725001335144043,0.0,664564000
2010-05-25,0.29018673300743103,0.31725001335144043,0.0,0.3187499940395355,0.29624998569488525,0.2992500066757202,0.0,966652000
2010-05-26,0.2915588319301605,0.3187499940395355,0.0,0.3362500071525574,0.3177500069141388,0.33000001311302185,0.0,995028000
2010-05-27,0.3087092936038971,0.3375000059604645,0.0,0.3375000059604645,0.32600000500679016,0.3267500102519989,0.0,713560000
2010-05-28,0.30047696828842163,0.32850000262260437,0.0,0.3370000123977661,0.32350000739097595,0.3370000123977661,0.0,545116000
2010-06-01,0.28767129778862,0.31450000405311584,0.0,0.32774999737739563,0.31424999237060547,0.3240000009536743,0.0,527492000
2010-06-02,0.290872722864151,0.3179999887943268,0.0,0.31850001215934753,0.31299999356269836,0.3149999976158142,0.0,649088000
2010-06-03,0.2904154360294342,0.3174999952316284,0.0,0.31825000047683716,0.31049999594688416,0.31150001287460327,0.0,586360000
2010-06-04,0.2766949534416199,0.30250000953674316,0.0,0.3137499988079071,0.3007499873638153,0.3082500100135803,0.0,671456000
2010-06-07,0.2629745304584503,0.2874999940395355,0.0,0.3057500123977661,0.2862499952316284,0.30375000834465027,0.0,577248000
2010-06-08,0.2556569576263428,0.27950000762939453,0.0,0.2862499952316284,0.2722499966621399,0.2862499952316284,0.0,967636000
2010-06-09,0.24948285520076752,0.27274999022483826,0.0,0.28850001096725464,0.27175000309944153,0.2809999883174896,0.0,697152000
2010-06-10,0.2595444917678833,0.2837499976158142,0.0,0.2849999964237213,0.2775000035762787,0.2782500088214874,0.0,611768000
2010-06-11,0.26549002528190613,0.2902500033378601,0.0,0.2915000021457672,0.2800000011920929,0.28075000643730164,0.0,442104000
2010-06-14,0.2597730755805969,0.2840000092983246,0.0,0.29499998688697815,0.28325000405311584,0.2944999933242798,0.0,375080000
2010-06-15,0.2725788354873657,0.2980000078678131,0.0,0.2994999885559082,0.2867499887943268,0.28725001215934753,0.0,528632000
2010-06-16,0.26914867758750916,0.2942500114440918,0.0,0.29875001311302185,0.2902500033378601,0.29600000381469727,0.0,366480000
2010-06-17,0.2794390618801117,0.30550000071525574,0.0,0.3062500059604645,0.2939999997615814,0.304500013589859,0.0,859068000
2010-06-18,0.2812683582305908,0.3075000047683716,0.0,0.3112500011920929,0.3050000071525574,0.3072499930858612,0.0,932832000
2010-06-21,0.2746368646621704,0.30024999380111694,0.0,0.31474998593330383,0.29750001430511475,0.3140000104904175,0.0,579836000
2010-06-22,0.26434656977653503,0.289000004529953,0.0,0.30774998664855957,0.2874999940395355,0.30399999022483826,0.0,818164000
2010-06-23,0.2673194110393524,0.29225000739097595,0.0,0.2952499985694885,0.28349998593330383,0.2917500138282776,0.0,614060000
2010-06-24,0.2540562152862549,0.2777499854564667,0.0,0.2919999957084656,0.27674999833106995,0.2904999852180481,0.0,725028000
2010-06-25,0.25337034463882446,0.2770000100135803,0.0,0.2800000011920929,0.27250000834465027,0.2797499895095825,0.0,507220000
2010-06-28,0.2538275420665741,0.2775000035762787,0.0,0.2815000116825104,0.27250000834465027,0.27900001406669617,0.0,372008000
2010-06-29,0.23964981734752655,0.2619999945163727,0.0,0.27175000309944153,0.2602500021457672,0.27149999141693115,0.0,660808000
2010-06-30,0.2334757149219513,0.2552500069141388,0.0,0.26524999737739563,0.2552500069141388,0.26249998807907104,0.0,623072000
2010-07-01,0.2373630851507187,0.25949999690055847,0.0,0.26124998927116394,0.24824999272823334,0.25600001215934753,0.0,737008000
2010-07-02,0.23439037799835205,0.2562499940395355,0.0,0.26100000739097595,0.2475000023841858,0.2605000138282776,0.0,737096000
2010-07-06,0.2318749576807022,0.2535000145435333,0.0,0.26350000500679016,0.2512499988079071,0.2552500069141388,0.0,712020000
2010-07-07,0.24307982623577118,0.265749990940094,0.0,0.2672500014305115,0.2540000081062317,0.25450000166893005,0.0,608412000
2010-07-08,0.23576241731643677,0.257750004529953,0.0,0.26774999499320984,0.25450000166893005,0.26750001311302185,0.0,783272000
2010-07-09,0.23667706549167633,0.25874999165534973,0.0,0.2605000138282776,0.2554999887943268,0.2590000033378601,0.0,571516000
2010-07-12,0.24102187156677246,0.26350000500679016,0.0,0.2667500078678131,0.25850000977516174,0.25874999165534973,0.0,565396000
2010-07-13,0.24971139430999756,0.27300000190734863,0.0,0.2747499942779541,0.26625001430511475,0.26774999499320984,0.0,723316000
2010-07-14,0.252226859331131,0.2757500112056732,0.0,0.28700000047683716,0.27175000309944153,0.2849999964237213,0.0,1355664000
2010-07-15,0.24513795971870422,0.2680000066757202,0.0,0.2762500047683716,0.26475000381469727,0.2759999930858612,0.0,953088000
2010-07-16,0.22981685400009155,0.2512499988079071,0.0,0.26875001192092896,0.2502500116825104,0.2680000066757202,0.0,1288604000
2010-07-19,0.23919256031513214,0.2615000009536743,0.0,0.26249998807907104,0.2529999911785126,0.25475001335144043,0.0,798440000
2010-07-20,0.24513795971870422,0.2680000066757202,0.0,0.2694999873638153,0.2524999976158142,0.25475001335144043,0.0,1160988000
2010-07-21,0.2371344268321991,0.2592499852180481,0.0,0.2707499861717224,0.2567499876022339,0.2705000042915344,0.0,624940000
2010-07-22,0.24102187156677246,0.26350000500679016,0.0,0.26625001430511475,0.2605000138282776,0.2619999945163727,0.0,462612000
2010-07-23,0.23690572381019592,0.2590000033378601,0.0,0.26350000500679016,0.2565000057220459,0.2632499933242798,0.0,817604000
2010-07-26,0.24125050008296967,0.26374998688697815,0.0,0.26475000381469727,0.2542499899864197,0.25824999809265137,0.0,683548000
2010-07-27,0.23919256031513214,0.2615000009536743,0.0,0.26499998569488525,0.25824999809265137,0.2644999921321869,0.0,683472000
2010-07-28,0.23164623975753784,0.25325000286102295,0.0,0.2617500126361847,0.2524999976158142,0.25725001096725464,0.0,1320808000
2010-07-29,0.208778977394104,0.22824999690055847,0.0,0.23999999463558197,0.22675000131130219,0.23499999940395355,0.0,2664476000
2010-07-30,0.21015098690986633,0.22975000739097595,0.0,0.23375000059604645,0.22300000488758087,0.226500004529953,0.0,984288000
2010-08-02,0.20992226898670197,0.22949999570846558,0.0,0.23475000262260437,0.22849999368190765,0.23375000059604645,0.0,917020000
2010-08-03,0.20443414151668549,0.22349999845027924,0.0,0.2280000001192093,0.22175000607967377,0.2277500033378601,0.0,955444000
2010-08-04,0.21312370896339417,0.2329999953508377,0.0,0.23375000059604645,0.22450000047683716,0.22550000250339508,0.0,855496000
2010-08-05,0.2158678025007248,0.23600000143051147,0.0,0.23649999499320984,0.22949999570846558,0.23375000059604645,0.0,800504000
2010-08-06,0.21838322281837463,0.23874999582767487,0.0,0.24124999344348907,0.2329999953508377,0.23499999940395355,0.0,739904000
2010-08-09,0.2204413115978241,0.2409999966621399,0.0,0.24150000512599945,0.23524999618530273,0.24124999344348907,0.0,466456000
2010-08-10,0.21129432320594788,0.23100000619888306,0.0,0.23749999701976776,0.23000000417232513,0.2370000034570694,0.0,772560000
2010-08-11,0.20306210219860077,0.22200000286102295,0.0,0.22624999284744263,0.2212499976158142,0.22624999284744263,0.0,796148000
2010-08-12,0.20489147305488586,0.2240000069141388,0.0,0.2290000021457672,0.2162500023841858,0.21799999475479126,0.0,1343584000
2010-08-13,0.21472445130348206,0.23475000262260437,0.0,0.23800000548362732,0.23074999451637268,0.23125000298023224,0.0,1797392000
2010-08-16,0.20923630893230438,0.22875000536441803,0.0,0.23624999821186066,0.22574999928474426,0.23149999976158142,0.0,814008000
2010-08-17,0.21198032796382904,0.2317499965429306,0.0,0.23600000143051147,0.22875000536441803,0.23100000619888306,0.0,481224000
2010-08-18,0.21312370896339417,0.2329999953508377,0.0,0.23499999940395355,0.22949999570846558,0.23100000619888306,0.0,352920000
2010-08-19,0.22592943906784058,0.24699999392032623,0.0,0.24774999916553497,0.2342499941587448,0.23549999296665192,0.0,1615100000
2010-08-20,0.22798746824264526,0.24924999475479126,0.0,0.2552500069141388,0.24500000476837158,0.24525000154972076,0.0,1305308000
2010-08-23,0.22455738484859467,0.24549999833106995,0.0,0.2562499940395355,0.2447499930858612,0.25,0.0,748620000
2010-08-24,0.222270667552948,0.24300000071525574,0.0,0.24549999833106995,0.2370000034570694,0.23749999701976776,0.0,641332000
2010-08-25,0.22684414684772491,0.24799999594688416,0.0,0.25,0.23899999260902405,0.24025000631809235,0.0,757532000
2010-08-26,0.2241000384092331,0.24500000476837158,0.0,0.2540000081062317,0.24500000476837158,0.2512499988079071,0.0,657596000
2010-08-27,0.23141758143901825,0.2529999911785126,0.0,0.2549999952316284,0.24025000631809235,0.24650000035762787,0.0,1060416000
2010-08-30,0.2204413115978241,0.2409999966621399,0.0,0.25200000405311584,0.2409999966621399,0.25,0.0,602804000
2010-08-31,0.21335241198539734,0.23325000703334808,0.0,0.24500000476837158,0.23250000178813934,0.23749999701976776,0.0,931488000
2010-09-01,0.21495312452316284,0.23499999940395355,0.0,0.2397499978542328,0.23375000059604645,0.23675000667572021,0.0,851440000
2010-09-02,0.218840554356575,0.23925000429153442,0.0,0.23999999463558197,0.23350000381469727,0.2357500046491623,0.0,596292000
2010-09-03,0.22638680040836334,0.2475000023841858,0.0,0.24824999272823334,0.24199999868869781,0.24500000476837158,0.0,566484000
2010-09-07,0.22844484448432922,0.24975000321865082,0.0,0.2554999887943268,0.2462500035762787,0.24674999713897705,0.0,899820000
2010-09-08,0.23599106073379517,0.257999986410141,0.0,0.25975000858306885,0.2475000023841858,0.2502500116825104,0.0,1224156000
2010-09-09,0.23278969526290894,0.25450000166893005,0.0,0.2615000009536743,0.2512499988079071,0.26124998927116394,0.0,697748000
2010-09-10,0.2302742302417755,0.25174999237060547,0.0,0.25699999928474426,0.24950000643730164,0.2562499940395355,0.0,609292000
2010-09-13,0.24330857396125793,0.26600000262260437,0.0,0.2692500054836273,0.2562499940395355,0.2562499940395355,0.0,1015792000
2010-09-14,0.24102187156677246,0.26350000500679016,0.0,0.2669999897480011,0.26124998927116394,0.26374998688697815,0.0,698536000
2010-09-15,0.24147923290729523,0.2639999985694885,0.0,0.2642500102519989,0.2574999928474426,0.26100000739097595,0.0,555572000
2010-09-16,0.2417079210281372,0.2642500102519989,0.0,0.26649999618530273,0.2605000138282776,0.2605000138282776,0.0,365280000
2010-09-17,0.24125050008296967,0.26374998688697815,0.0,0.2669999897480011,0.2630000114440918,0.2667500078678131,0.0,416884000
2010-09-20,0.24490930140018463,0.26774999499320984,0.0,0.26875001192092896,0.26124998927116394,0.26374998688697815,0.0,443168000
2010-09-21,0.2581724226474762,0.28224998712539673,0.0,0.2867499887943268,0.26625001430511475,0.26625001430511475,0.0,1779624000
2010-09-22,0.26045918464660645,0.2847500145435333,0.0,0.28725001215934753,0.27950000762939453,0.28125,0.0,999996000
2010-09-23,0.2657184600830078,0.2904999852180481,0.0,0.2994999885559082,0.2854999899864197,0.2879999876022339,0.0,1240872000
2010-09-24,0.2803537845611572,0.30649998784065247,0.0,0.3075000047683716,0.29475000500679016,0.296999990940094,0.0,1086976000
2010-09-27,0.27440816164016724,0.30000001192092896,0.0,0.3089999854564667,0.29600000381469727,0.3087500035762787,0.0,999504000
2010-09-28,0.2737220525741577,0.2992500066757202,0.0,0.3034999966621399,0.2939999997615814,0.30024999380111694,0.0,723192000
2010-09-29,0.2716641426086426,0.296999990940094,0.0,0.3057500123977661,0.29374998807907104,0.29649999737739563,0.0,974904000
2010-09-30,0.26709070801734924,0.2919999957084656,0.0,0.30425000190734863,0.28949999809265137,0.3007499873638153,0.0,787632000
2010-10-01,0.2595444917678833,0.2837499976158142,0.0,0.296750009059906,0.2815000116825104,0.29624998569488525,0.0,999120000
2010-10-04,0.2570289671421051,0.2809999883174896,0.0,0.28575000166893005,0.27524998784065247,0.2809999883174896,0.0,749500000
2010-10-05,0.25885844230651855,0.28299999237060547,0.0,0.2874999940395355,0.28224998712539673,0.28700000047683716,0.0,753588000
2010-10-06,0.24650999903678894,0.2694999873638153,0.0,0.2842499911785126,0.2667500078678131,0.28299999237060547,0.0,1057604000
2010-10-07,0.24468068778514862,0.26750001311302185,0.0,0.2709999978542328,0.25949999690055847,0.2707499861717224,0.0,761488000
2010-10-08,0.2483394294977188,0.27149999141693115,0.0,0.2737500071525574,0.2627499997615814,0.26649999618530273,0.0,706932000
2010-10-11,0.24719606339931488,0.27024999260902405,0.0,0.2750000059604645,0.26899999380111694,0.27274999022483826,0.0,442680000
2010-10-12,0.25199827551841736,0.27549999952316284,0.0,0.27674999833106995,0.265749990940094,0.2680000066757202,0.0,605208000
2010-10-13,0.2593157887458801,0.28349998593330383,0.0,0.2874999940395355,0.2770000100135803,0.2800000011920929,0.0,968732000
2010-10-14,0.25519973039627075,0.27900001406669617,0.0,0.2842499911785126,0.2777499854564667,0.2837499976158142,0.0,599172000
2010-10-15,0.2581724226474762,0.28224998712539673,0.0,0.2867499887943268,0.27900001406669617,0.28349998593330383,0.0,639940000
2010-10-18,0.2597730755805969,0.2840000092983246,0.0,0.2852500081062317,0.2775000035762787,0.2824999988079071,0.0,448156000
2010-10-19,0.2581724226474762,0.28224998712539673,0.0,0.2842499911785126,0.27549999952316284,0.2777499854564667,0.0,866136000
2010-10-20,0.2581724226474762,0.28224998712539673,0.0,0.28999999165534973,0.2775000035762787,0.2824999988079071,0.0,763532000
2010-10-21,0.25359877943992615,0.2772499918937683,0.0,0.28299999237060547,0.27300000190734863,0.2824999988079071,0.0,1014428000
2010-10-22,0.26983481645584106,0.29499998688697815,0.0,0.29725000262260437,0.2759999930858612,0.27900001406669617,0.0,1322676000
2010-10-25,0.27235016226768494,0.29774999618530273,0.0,0.30000001192092896,0.2944999933242798,0.29725000262260437,0.0,673136000
2010-10-26,0.27143552899360657,0.296750009059906,0.0,0.30125001072883606,0.2917500138282776,0.2942500114440918,0.0,675248000
2010-10-27,0.27532291412353516,0.3009999990463257,0.0,0.3019999861717224,0.2932499945163727,0.2939999997615814,0.0,496796000
2010-10-28,0.27555152773857117,0.30125001072883606,0.0,0.3059999942779541,0.2985000014305115,0.3050000071525574,0.0,704448000
2010-10-29,0.2748655676841736,0.3005000054836273,0.0,0.30375000834465027,0.29750001430511475,0.3007499873638153,0.0,554664000
2010-11-01,0.27532291412353516,0.3009999990463257,0.0,0.3072499930858612,0.2985000014305115,0.30250000953674316,0.0,473920000
2010-11-02,0.28103968501091003,0.3072499930858612,0.0,0.3122499883174896,0.3005000054836273,0.3022499978542328,0.0,581036000
2010-11-03,0.28309786319732666,0.3095000088214874,0.0,0.31150001287460327,0.30125001072883606,0.30924999713897705,0.0,671748000
2010-11-04,0.28355512022972107,0.3100000023841858,0.0,0.31575000286102295,0.3095000088214874,0.3125,0.0,700016000
2010-11-05,0.2883572578430176,0.3152500092983246,0.0,0.3179999887943268,0.31075000762939453,0.3122499883174896,0.0,735116000
2010-11-08,0.2895006537437439,0.3165000081062317,0.0,0.3192499876022339,0.3125,0.3149999976158142,0.0,605156000
2010-11-09,0.28790000081062317,0.31474998593330383,0.0,0.3190000057220459,0.31299999356269836,0.3165000081062317,0.0,633964000
2010-11-10,0.2913300693035126,0.31850001215934753,0.0,0.31850001215934753,0.3125,0.31700000166893005,0.0,521016000
2010-11-11,0.2883572578430176,0.3152500092983246,0.0,0.320499986410141,0.30674999952316284,0.3109999895095825,0.0,1089980000
2010-11-12,0.30322107672691345,0.33149999380111694,0.0,0.34200000762939453,0.3257499933242798,0.32725000381469727,0.0,2142560000
2010-11-15,0.2995623052120209,0.32749998569488525,0.0,0.33774998784065247,0.3267500102519989,0.3330000042915344,0.0,733548000
2010-11-16,0.29064393043518066,0.3177500069141388,0.0,0.3264999985694885,0.31725001335144043,0.32199999690055847,0.0,739356000
2010-11-17,0.29544612765312195,0.3230000138282776,0.0,0.3267500102519989,0.31450000405311584,0.3174999952316284,0.0,551764000
2010-11-18,0.30459311604499817,0.3330000042915344,0.0,0.3362500071525574,0.32725000381469727,0.32725000381469727,0.0,993120000
2010-11-19,0.3144260346889496,0.34375,0.0,0.3449999988079071,0.3317500054836273,0.3322499990463257,0.0,716484000
2010-11-22,0.3146549165248871,0.3440000116825104,0.0,0.34599998593330383,0.3384999930858612,0.34150001406669617,0.0,462668000
2010-11-23,0.30733710527420044,0.335999995470047,0.0,0.3434999883174896,0.3334999978542328,0.3400000035762787,0.0,457832000
2010-11-24,0.3148834705352783,0.34424999356269836,0.0,0.34549999237060547,0.33924999833106995,0.3395000100135803,0.0,397784000
2010-11-26,0.31099599599838257,0.3400000035762787,0.0,0.34599998593330383,0.3400000035762787,0.3440000116825104,0.0,143104000
2010-11-29,0.3144260346889496,0.34375,0.0,0.3449999988079071,0.3370000123977661,0.3384999930858612,0.0,468192000
2010-11-30,0.3112246096134186,0.3402499854564667,0.0,0.34200000762939453,0.33399999141693115,0.3384999930858612,0.0,720936000
2010-12-01,0.32494497299194336,0.3552500009536743,0.0,0.35749998688697815,0.3465000092983246,0.34700000286102295,0.0,626536000
2010-12-02,0.3288325369358063,0.359499990940094,0.0,0.3617500066757202,0.35499998927116394,0.3552500009536743,0.0,529316000
2010-12-03,0.33820822834968567,0.3697499930858612,0.0,0.3697499930858612,0.3569999933242798,0.3577499985694885,0.0,606044000
2010-12-06,0.3318052887916565,0.36274999380111694,0.0,0.37174999713897705,0.36125001311302185,0.3709999918937683,0.0,438424000
2010-12-07,0.3425527811050415,0.37450000643730164,0.0,0.38324999809265137,0.37049999833106995,0.3712500035762787,0.0,1026812000
2010-12-08,0.34552571177482605,0.3777500092983246,0.0,0.3817499876022339,0.3712500035762787,0.37400001287460327,0.0,613252000
2010-12-09,0.3398089110851288,0.3714999854564667,0.0,0.37400001287460327,0.3634999990463257,0.3687500059604645,0.0,942408000
2010-12-10,0.3418668210506439,0.3737500011920929,0.0,0.37724998593330383,0.37049999833106995,0.3714999854564667,0.0,451900000
2010-12-13,0.3331773281097412,0.3642500042915344,0.0,0.37599998712539673,0.3632499873638153,0.3752500116825104,0.0,609108000
2010-12-14,0.3336346447467804,0.3647499978542328,0.0,0.3779999911785126,0.3642500042915344,0.3712500035762787,0.0,755160000
2010-12-15,0.32631704211235046,0.3567500114440918,0.0,0.3700000047683716,0.35624998807907104,0.36550000309944153,0.0,624176000
2010-12-16,0.3267744779586792,0.35725000500679016,0.0,0.36250001192092896,0.35624998807907104,0.3605000078678131,0.0,631872000
2010-12-17,0.3286038637161255,0.359250009059906,0.0,0.36125001311302185,0.35324999690055847,0.35749998688697815,0.0,593156000
2010-12-20,0.32723182439804077,0.3577499985694885,0.0,0.3622500002384186,0.35749998688697815,0.3605000078678131,0.0,344088000
2010-12-21,0.3400375247001648,0.37174999713897705,0.0,0.37174999713897705,0.3610000014305115,0.36125001311302185,0.0,466952000
2010-12-22,0.3436964750289917,0.37575000524520874,0.0,0.3762499988079071,0.3675000071525574,0.3709999918937683,0.0,477988000
2010-12-23,0.3411810100078583,0.37299999594688416,0.0,0.37575000524520874,0.3714999854564667,0.37575000524520874,0.0,273784000
2010-12-27,0.343010276556015,0.375,0.0,0.3777500092983246,0.36524999141693115,0.3720000088214874,0.0,255500000
2010-12-28,0.3416382670402527,0.3734999895095825,0.0,0.3774999976158142,0.3712500035762787,0.375,0.0,194260000
2010-12-29,0.3416382670402527,0.3734999895095825,0.0,0.3762499988079071,0.3700000047683716,0.37325000762939453,0.0,177660000
2010-12-30,0.34278154373168945,0.3747499883174896,0.0,0.37700000405311584,0.37174999713897705,0.37299999594688416,0.0,174488000
2010-12-31,0.35215720534324646,0.38499999046325684,0.0,0.3855000138282776,0.37450000643730164,0.375,0.0,391252000
2011-01-03,0.36176156997680664,0.3955000042915344,0.0,0.39925000071525574,0.38749998807907104,0.3880000114440918,0.0,817448000
2011-01-04,0.3606181740760803,0.3942500054836273,0.0,0.39800000190734863,0.3855000138282776,0.39625000953674316,0.0,651384000
2011-01-05,0.38828760385513306,0.4244999885559082,0.0,0.42500001192092896,0.39750000834465027,0.40149998664855957,0.0,1428216000
2011-01-06,0.44202589988708496,0.4832499921321869,0.0,0.48350000381469727,0.43424999713897705,0.43549999594688416,0.0,3493312000
2011-01-07,0.45437416434288025,0.49674999713897705,0.0,0.49825000762939453,0.46700000762939453,0.4777500033378601,0.0,2579984000
2011-01-10,0.47175347805023193,0.515749990940094,0.0,0.5167499780654907,0.48399999737739563,0.48774999380111694,0.0,1750348000
2011-01-11,0.4644359350204468,0.5077499747276306,0.0,0.5277500152587891,0.49674999713897705,0.5227500200271606,0.0,2711088000
2011-01-12,0.5339527130126953,0.5837500095367432,0.0,0.5842499732971191,0.5062500238418579,0.5080000162124634,0.0,3431896000
2011-01-13,0.5348672270774841,0.5847499966621399,0.0,0.5960000157356262,0.559499979019165,0.5774999856948853,0.0,2695192000
2011-01-14,0.5394408702850342,0.5897499918937683,0.0,0.5995000004768372,0.5712500214576721,0.5747500061988831,0.0,1595352000
2011-01-18,0.5268638134002686,0.5759999752044678,0.0,0.5857499837875366,0.5617499947547913,0.5817499756813049,0.0,1813348000
2011-01-19,0.512457549571991,0.5602499842643738,0.0,0.5899999737739563,0.5590000152587891,0.5762500166893005,0.0,1197896000
2011-01-20,0.5129145979881287,0.5607500076293945,0.0,0.5640000104904175,0.5447499752044678,0.5547500252723694,0.0,1111408000
2011-01-21,0.5081124305725098,0.5554999709129333,0.0,0.5747500061988831,0.5544999837875366,0.5667499899864197,0.0,739244000
2011-01-24,0.5655094385147095,0.6182500123977661,0.0,0.6262500286102295,0.5745000243186951,0.5809999704360962,0.0,2056900000
2011-01-25,0.5481306314468384,0.5992500185966492,0.0,0.621999979019165,0.5952500104904175,0.6154999732971191,0.0,1086856000
2011-01-26,0.5611646771430969,0.6134999990463257,0.0,0.625,0.6012499928474426,0.6054999828338623,0.0,1074660000
2011-01-27,0.5595641136169434,0.6117500066757202,0.0,0.6237499713897705,0.6000000238418579,0.6222500205039978,0.0,657396000
2011-01-28,0.5433282852172852,0.593999981880188,0.0,0.6234999895095825,0.5799999833106995,0.6132500171661377,0.0,1094796000
2011-01-31,0.546986997127533,0.5979999899864197,0.0,0.606249988079071,0.5852500200271606,0.5950000286102295,0.0,750160000
2011-02-01,0.5595641136169434,0.6117500066757202,0.0,0.6162499785423279,0.5992500185966492,0.6032500267028809,0.0,654104000
2011-02-02,0.5849469304084778,0.6395000219345093,0.0,0.6542500257492065,0.6082500219345093,0.6082500219345093,0.0,1606616000
2011-02-03,0.5739706754684448,0.6274999976158142,0.0,0.640500009059906,0.6137499809265137,0.640500009059906,0.0,1030776000
2011-02-04,0.5870049595832825,0.6417499780654907,0.0,0.6467499732971191,0.6337500214576721,0.6362500190734863,0.0,872900000
2011-02-07,0.5625367164611816,0.6150000095367432,0.0,0.6357499957084656,0.6127499938011169,0.6330000162124634,0.0,934236000
2011-02-08,0.5458436608314514,0.596750020980835,0.0,0.6197500228881836,0.593999981880188,0.6157500147819519,0.0,1076584000
2011-02-09,0.5325807332992554,0.5822499990463257,0.0,0.6050000190734863,0.5715000033378601,0.5989999771118164,0.0,1277520000
2011-02-10,0.521833062171936,0.5705000162124634,0.0,0.5802500247955322,0.5649999976158142,0.5692499876022339,0.0,1042352000
2011-02-11,0.5366967916488647,0.5867499709129333,0.0,0.6052500009536743,0.559249997138977,0.5684999823570251,0.0,1359276000
2011-02-14,0.5284646153450012,0.577750027179718,0.0,0.612500011920929,0.5755000114440918,0.59375,0.0,1287828000
2011-02-15,0.5156589150428772,0.5637500286102295,0.0,0.5807499885559082,0.5612499713897705,0.5787500143051147,0.0,886980000
2011-02-16,0.5346388220787048,0.5845000147819519,0.0,0.5927500128746033,0.5692499876022339,0.5712500214576721,0.0,1318364000
2011-02-17,0.5872335433959961,0.6420000195503235,0.0,0.6502500176429749,0.5652499794960022,0.5680000185966492,0.0,3470096000
2011-02-18,0.5860902667045593,0.640749990940094,0.0,0.6487500071525574,0.6307500004768372,0.6384999752044678,0.0,1394412000
2011-02-22,0.5307512879371643,0.5802500247955322,0.0,0.6215000152587891,0.578249990940094,0.6197500228881836,0.0,1396648000
2011-02-23,0.5055973529815674,0.5527499914169312,0.0,0.5857499837875366,0.5444999933242798,0.5802500247955322,0.0,1491604000
2011-02-24,0.5179454684257507,0.5662500262260437,0.0,0.5759999752044678,0.5515000224113464,0.5554999709129333,0.0,1246120000
2011-02-25,0.5286931395530701,0.578000009059906,0.0,0.5874999761581421,0.5734999775886536,0.5814999938011169,0.0,775652000
2011-02-28,0.5181741714477539,0.5665000081062317,0.0,0.5877500176429749,0.5534999966621399,0.5874999761581421,0.0,903696000
2011-03-01,0.4950781464576721,0.5412499904632568,0.0,0.5747500061988831,0.5412499904632568,0.5674999952316284,0.0,988448000
2011-03-02,0.4744977355003357,0.518750011920929,0.0,0.5507500171661377,0.5062500238418579,0.5404999852180481,0.0,1718140000
2011-03-03,0.477241575717926,0.5217499732971191,0.0,0.5337499976158142,0.5059999823570251,0.5307499766349792,0.0,1593704000
2011-03-04,0.4747261703014374,0.5189999938011169,0.0,0.5274999737739563,0.5132499933242798,0.5222499966621399,0.0,959760000
2011-03-07,0.4680945575237274,0.5117499828338623,0.0,0.5245000123977661,0.4987500011920929,0.5227500200271606,0.0,1019140000
2011-03-08,0.44705671072006226,0.48875001072883606,0.0,0.5199999809265137,0.4779999852180481,0.5172500014305115,0.0,1947184000
2011-03-09,0.43768110871315,0.47850000858306885,0.0,0.492000013589859,0.4742499887943268,0.4872500002384186,0.0,1318976000
2011-03-10,0.40978294610977173,0.4480000138282776,0.0,0.47099998593330383,0.44749999046325684,0.4675000011920929,0.0,1722736000
2011-03-11,0.4127556383609772,0.45124998688697815,0.0,0.4637500047683716,0.4415000081062317,0.4517500102519989,0.0,1486832000
2011-03-14,0.41618576645851135,0.45500001311302185,0.0,0.4662500023841858,0.44749999046325684,0.4547500014305115,0.0,1003360000
2011-03-15,0.4038373529911041,0.4415000081062317,0.0,0.4490000009536743,0.42524999380111694,0.43274998664855957,0.0,1256280000
2011-03-16,0.40086472034454346,0.43825000524520874,0.0,0.45875000953674316,0.4325000047683716,0.4375,0.0,1476520000
2011-03-17,0.40841084718704224,0.4465000033378601,0.0,0.4507499933242798,0.4300000071525574,0.44999998807907104,0.0,1238516000
2011-03-18,0.40292271971702576,0.4404999911785126,0.0,0.45500001311302185,0.4399999976158142,0.45350000262260437,0.0,886960000
2011-03-21,0.40612420439720154,0.4440000057220459,0.0,0.4544999897480011,0.43950000405311584,0.44999998807907104,0.0,751832000
2011-03-22,0.3990352749824524,0.4362500011920929,0.0,0.44699999690055847,0.43424999713897705,0.4427500069141388,0.0,718332000
2011-03-23,0.4072675406932831,0.445250004529953,0.0,0.4465000033378601,0.4259999990463257,0.43549999594688416,0.0,782396000
2011-03-24,0.4397391378879547,0.4807499945163727,0.0,0.48625001311302185,0.45375001430511475,0.4547500014305115,0.0,1780592000
2011-03-25,0.4260185956954956,0.4657500088214874,0.0,0.48625001311302185,0.4650000035762787,0.48500001430511475,0.0,1196392000
2011-03-28,0.44179728627204895,0.4830000102519989,0.0,0.4909999966621399,0.4724999964237213,0.476749986410141,0.0,1204284000
2011-03-29,0.43836718797683716,0.4792500138282776,0.0,0.48475000262260437,0.4727500081062317,0.4830000102519989,0.0,715764000
2011-03-30,0.42190271615982056,0.4612500071525574,0.0,0.48500001430511475,0.45524999499320984,0.4830000102519989,0.0,1176320000
2011-03-31,0.422131210565567,0.46149998903274536,0.0,0.46700000762939453,0.453000009059906,0.4620000123977661,0.0,655112000
2011-04-01,0.41618576645851135,0.45500001311302185,0.0,0.46799999475479126,0.44874998927116394,0.4675000011920929,0.0,850072000
2011-04-04,0.40132203698158264,0.4387499988079071,0.0,0.45625001192092896,0.43549999594688416,0.45500001311302185,0.0,924328000
2011-04-05,0.4020080268383026,0.43950000405311584,0.0,0.44874998927116394,0.43849998712539673,0.445250004529953,0.0,821076000
2011-04-06,0.3992639482021332,0.43650001287460327,0.0,0.44325000047683716,0.43274998664855957,0.4427500069141388,0.0,856984000
2011-04-07,0.4138989746570587,0.45249998569488525,0.0,0.45524999499320984,0.43575000762939453,0.4375,0.0,1021208000
2011-04-08,0.40132203698158264,0.4387499988079071,0.0,0.4560000002384186,0.4375,0.4560000002384186,0.0,746552000
2011-04-11,0.3960625231266022,0.43299999833106995,0.0,0.4427500069141388,0.4282500147819519,0.4404999911785126,0.0,546208000
2011-04-12,0.3972058594226837,0.43424999713897705,0.0,0.4372499883174896,0.4207499921321869,0.42875000834465027,0.0,840756000
2011-04-13,0.40612420439720154,0.4440000057220459,0.0,0.4467499852180481,0.4332500100135803,0.4387499988079071,0.0,749588000
2011-04-14,0.42327457666397095,0.46274998784065247,0.0,0.46299999952316284,0.4375,0.4399999976158142,0.0,1254704000
2011-04-15,0.4278481602668762,0.46775001287460327,0.0,0.47350001335144043,0.4569999873638153,0.45925000309944153,0.0,969720000
2011-04-18,0.4136703908443451,0.45225000381469727,0.0,0.4597499966621399,0.4449999928474426,0.4567500054836273,0.0,743584000
2011-04-19,0.412069708108902,0.4505000114440918,0.0,0.4542500078678131,0.43825000524520874,0.45249998569488525,0.0,659860000
2011-04-20,0.4246467053890228,0.46424999833106995,0.0,0.4737499952316284,0.4567500054836273,0.46700000762939453,0.0,650516000
2011-04-21,0.4235032796859741,0.46299999952316284,0.0,0.4722500145435333,0.4620000123977661,0.46924999356269836,0.0,421300000
2011-04-25,0.43013492226600647,0.4702500104904175,0.0,0.4779999852180481,0.4647499918937683,0.4650000035762787,0.0,619612000
2011-04-26,0.4413398802280426,0.48249998688697815,0.0,0.4872500002384186,0.46950000524520874,0.4742499887943268,0.0,676000000
2011-04-27,0.4413398802280426,0.48249998688697815,0.0,0.48500001430511475,0.4724999964237213,0.48500001430511475,0.0,450004000
2011-04-28,0.4461420774459839,0.48774999380111694,0.0,0.4975000023841858,0.47699999809265137,0.48249998688697815,0.0,684000000
2011-04-29,0.45734703540802,0.5,0.0,0.5109999775886536,0.49024999141693115,0.4909999966621399,0.0,836000000
2011-05-02,0.4511728882789612,0.4932500123977661,0.0,0.5107499957084656,0.4907500147819519,0.5105000138282776,0.0,613824000
2011-05-03,0.42967748641967773,0.46974998712539673,0.0,0.48899999260902405,0.4637500047683716,0.48750001192092896,0.0,808000000
2011-05-04,0.4264761805534363,0.4662500023841858,0.0,0.476500004529953,0.45750001072883606,0.4712499976158142,0.0,639356000
2011-05-05,0.4267048239707947,0.46650001406669617,0.0,0.47200000286102295,0.45625001192092896,0.4625000059604645,0.0,544000000
2011-05-06,0.44179728627204895,0.4830000102519989,0.0,0.48750001192092896,0.4724999964237213,0.4762499928474426,0.0,841080000
2011-05-09,0.45163023471832275,0.4937500059604645,0.0,0.4962500035762787,0.4832499921321869,0.484499990940094,0.0,706328000
2011-05-10,0.45231616497039795,0.4945000112056732,0.0,0.49825000762939453,0.4894999861717224,0.49775001406669617,0.0,690976000
2011-05-11,0.45437416434288025,0.49674999713897705,0.0,0.5019999742507935,0.49000000953674316,0.4970000088214874,0.0,616000000
2011-05-12,0.4687807559967041,0.512499988079071,0.0,0.5130000114440918,0.4937500059604645,0.4950000047683716,0.0,1224000000
2011-05-13,0.417557954788208,0.45649999380111694,0.0,0.48124998807907104,0.453000009059906,0.47999998927116394,0.0,2025192000
2011-05-16,0.40475213527679443,0.4424999952316284,0.0,0.45625001192092896,0.44225001335144043,0.45524999499320984,0.0,728188000
2011-05-17,0.4031514823436737,0.44075000286102295,0.0,0.4412499964237213,0.42800000309944153,0.4410000145435333,0.0,1420364000
2011-05-18,0.4125271439552307,0.45100000500679016,0.0,0.4547500014305115,0.4410000145435333,0.4424999952316284,0.0,658844000
2011-05-19,0.4065815508365631,0.44449999928474426,0.0,0.4547500014305115,0.4377500116825104,0.4544999897480011,0.0,650884000
2011-05-20,0.4136703908443451,0.45225000381469727,0.0,0.453249990940094,0.4415000081062317,0.44350001215934753,0.0,575820000
2011-05-23,0.4132130742073059,0.4517500102519989,0.0,0.45500001311302185,0.4399999976158142,0.44574999809265137,0.0,588000000
2011-05-24,0.41481372714042664,0.45350000262260437,0.0,0.4717499911785126,0.45274999737739563,0.45399999618530273,0.0,720372000
2011-05-25,0.41984453797340393,0.45899999141693115,0.0,0.4620000123977661,0.4467499852180481,0.45124998688697815,0.0,545312000
2011-05-26,0.43036362528800964,0.47049999237060547,0.0,0.47450000047683716,0.45774999260902405,0.45899999141693115,0.0,706436000
2011-05-27,0.4459134638309479,0.48750001192092896,0.0,0.4882499873638153,0.47200000286102295,0.4724999964237213,0.0,658824000
2011-05-31,0.45826172828674316,0.5009999871253967,0.0,0.5012500286102295,0.48500001430511475,0.4970000088214874,0.0,1200716000
2011-06-01,0.43768110871315,0.47850000858306885,0.0,0.49950000643730164,0.47749999165534973,0.4987500011920929,0.0,762208000
2011-06-02,0.4356229901313782,0.4762499928474426,0.0,0.4827499985694885,0.47049999237060547,0.4792500138282776,0.0,607592000
2011-06-03,0.422131210565567,0.46149998903274536,0.0,0.4749999940395355,0.45925000309944153,0.47075000405311584,0.0,549300000
2011-06-06,0.4132130742073059,0.4517500102519989,0.0,0.4650000035762787,0.45124998688697815,0.460750013589859,0.0,435988000
2011-06-07,0.41298437118530273,0.4514999985694885,0.0,0.45774999260902405,0.4494999945163727,0.45524999499320984,0.0,433956000
2011-06-08,0.4017794132232666,0.43924999237060547,0.0,0.4519999921321869,0.43575000762939453,0.4492500126361847,0.0,569288000
2011-06-09,0.3972058594226837,0.43424999713897705,0.0,0.4399999976158142,0.41850000619888306,0.4390000104904175,0.0,741632000
2011-06-10,0.39148902893066406,0.42800000309944153,0.0,0.4377500116825104,0.4244999885559082,0.4350000023841858,0.0,493548000
2011-06-13,0.38874495029449463,0.42500001192092896,0.0,0.4334999918937683,0.421999990940094,0.42800000309944153,0.0,574760000
2011-06-14,0.391946405172348,0.4284999966621399,0.0,0.43799999356269836,0.4267500042915344,0.42875000834465027,0.0,534576000
2011-06-15,0.38348546624183655,0.4192500114440918,0.0,0.42524999380111694,0.4104999899864197,0.42274999618530273,0.0,935916000
2011-06-16,0.3702223300933838,0.4047499895095825,0.0,0.4259999990463257,0.3987500071525574,0.4194999933242798,0.0,1024908000
2011-06-17,0.3615327775478363,0.39524999260902405,0.0,0.4097500145435333,0.382750004529953,0.40950000286102295,0.0,1467884000
2011-06-20,0.35718807578086853,0.390500009059906,0.0,0.4000000059604645,0.38749998807907104,0.3917500078678131,0.0,745960000
2011-06-21,0.3649629056453705,0.39899998903274536,0.0,0.4020000100135803,0.3882499933242798,0.3919999897480011,0.0,704276000
2011-06-22,0.3599321246147156,0.3935000002384186,0.0,0.40149998664855957,0.39274999499320984,0.39625000953674316,0.0,651720000
2011-06-23,0.370679646730423,0.40525001287460327,0.0,0.40799999237060547,0.38499999046325684,0.38850000500679016,0.0,744024000
2011-06-24,0.3599321246147156,0.3935000002384186,0.0,0.40674999356269836,0.39100000262260437,0.4032500088214874,0.0,529052000
2011-06-27,0.3523857593536377,0.3852500021457672,0.0,0.3959999978542328,0.3714999854564667,0.3935000002384186,0.0,1142152000
2011-06-28,0.35444390773773193,0.38749998807907104,0.0,0.3919999897480011,0.3824999928474426,0.3852500021457672,0.0,692200000
2011-06-29,0.3599321246147156,0.3935000002384186,0.0,0.39750000834465027,0.3765000104904175,0.38999998569488525,0.0,960544000
2011-06-30,0.3645056188106537,0.398499995470047,0.0,0.4027499854564667,0.38850000500679016,0.3944999873638153,0.0,652300000
2011-07-01,0.3693077266216278,0.4037500023841858,0.0,0.40525001287460327,0.390500009059906,0.398499995470047,0.0,540804000
2011-07-05,0.3631335496902466,0.3970000147819519,0.0,0.40700000524520874,0.3935000002384186,0.4032500088214874,0.0,535296000
2011-07-06,0.35833144187927246,0.3917500078678131,0.0,0.39750000834465027,0.3869999945163727,0.39675000309944153,0.0,529580000
2011-07-07,0.35970354080200195,0.3932499885559082,0.0,0.3957499861717224,0.38624998927116394,0.39375001192092896,0.0,986136000
2011-07-08,0.35284316539764404,0.3857499957084656,0.0,0.390500009059906,0.3824999928474426,0.3877499997615814,0.0,619516000
2011-07-11,0.340494841337204,0.3722499907016754,0.0,0.3799999952316284,0.3712500035762787,0.3785000145435333,0.0,714388000
2011-07-12,0.33592143654823303,0.367249995470047,0.0,0.37400001287460327,0.3610000014305115,0.37049999833106995,0.0,867604000
2011-07-13,0.3352353572845459,0.36649999022483826,0.0,0.3747499883174896,0.3630000054836273,0.3722499907016754,0.0,634368000
2011-07-14,0.3219722807407379,0.35199999809265137,0.0,0.37024998664855957,0.3502500057220459,0.36800000071525574,0.0,1088996000
2011-07-15,0.32242968678474426,0.35249999165534973,0.0,0.35624998807907104,0.3452500104904175,0.3540000021457672,0.0,827736000
2011-07-18,0.31556937098503113,0.3449999988079071,0.0,0.351749986410141,0.34049999713897705,0.34975001215934753,0.0,818200000
2011-07-19,0.3251737654209137,0.3555000126361847,0.0,0.35624998807907104,0.34599998593330383,0.34599998593330383,0.0,602224000
2011-07-20,0.3210575580596924,0.35100001096725464,0.0,0.35874998569488525,0.3499999940395355,0.3567500114440918,0.0,662956000
2011-07-21,0.33615002036094666,0.3675000071525574,0.0,0.3700000047683716,0.3462499976158142,0.351500004529953,0.0,1143420000
2011-07-22,0.343010276556015,0.375,0.0,0.3762499988079071,0.3659999966621399,0.3707500100135803,0.0,737192000
2011-07-25,0.3375221788883209,0.36899998784065247,0.0,0.3707500100135803,0.36375001072883606,0.36924999952316284,0.0,566920000
2011-07-26,0.32928988337516785,0.36000001430511475,0.0,0.3675000071525574,0.35475000739097595,0.35850000381469727,0.0,698276000
2011-07-27,0.316941499710083,0.3465000092983246,0.0,0.3567500114440918,0.34549999237060547,0.35499998927116394,0.0,652212000
2011-07-28,0.31625548005104065,0.34575000405311584,0.0,0.3529999852180481,0.3397499918937683,0.3452500104904175,0.0,648176000
2011-07-29,0.31625548005104065,0.34575000405311584,0.0,0.3490000069141388,0.34049999713897705,0.3422499895095825,0.0,677656000
2011-08-01,0.3331773281097412,0.3642500042915344,0.0,0.36524999141693115,0.35074999928474426,0.35374999046325684,0.0,1019620000
2011-08-02,0.3297472596168518,0.3605000078678131,0.0,0.38449999690055847,0.3605000078678131,0.3617500066757202,0.0,1356432000
2011-08-03,0.3386654555797577,0.37024998664855957,0.0,0.3714999854564667,0.3577499985694885,0.36125001311302185,0.0,765236000
2011-08-04,0.30642250180244446,0.33500000834465027,0.0,0.3634999990463257,0.33500000834465027,0.3634999990463257,0.0,979732000
2011-08-05,0.2961321175098419,0.32374998927116394,0.0,0.34700000286102295,0.3149999976158142,0.34275001287460327,0.0,1270588000
2011-08-08,0.2728075087070465,0.2982499897480011,0.0,0.3190000057220459,0.29624998569488525,0.30799999833106995,0.0,1084180000
2011-08-09,0.29567477107048035,0.3232499957084656,0.0,0.32374998927116394,0.30000001192092896,0.30399999022483826,0.0,1329832000
2011-08-10,0.28218305110931396,0.3084999918937683,0.0,0.3227500021457672,0.30674999952316284,0.3137499988079071,0.0,1140052000
2011-08-11,0.3066512942314148,0.33524999022483826,0.0,0.3397499918937683,0.3084999918937683,0.3084999918937683,0.0,1078792000
2011-08-12,0.2945314049720764,0.32199999690055847,0.0,0.3714999854564667,0.3167499899864197,0.3709999918937683,0.0,3195784000
2011-08-15,0.3057365119457245,0.33425000309944153,0.0,0.33500000834465027,0.32350000739097595,0.3252499997615814,0.0,864152000
2011-08-16,0.29704686999320984,0.32475000619888306,0.0,0.33500000834465027,0.3187499940395355,0.3305000066757202,0.0,716868000
2011-08-17,0.2929307520389557,0.320250004529953,0.0,0.33125001192092896,0.3160000145435333,0.3257499933242798,0.0,553328000
2011-08-18,0.2730361223220825,0.2985000014305115,0.0,0.3087500035762787,0.29499998688697815,0.3057500123977661,0.0,802564000
2011-08-19,0.26823410391807556,0.2932499945163727,0.0,0.3097499907016754,0.29124999046325684,0.29350000619888306,0.0,761332000
2011-08-22,0.2730361223220825,0.2985000014305115,0.0,0.3050000071525574,0.2952499985694885,0.30149999260902405,0.0,611876000
2011-08-23,0.3025350868701935,0.3307499885559082,0.0,0.3310000002384186,0.30524998903274536,0.3057500123977661,0.0,938312000
2011-08-24,0.29819032549858093,0.32600000500679016,0.0,0.3310000002384186,0.3174999952316284,0.33000001311302185,0.0,687500000
2011-08-25,0.28538453578948975,0.31200000643730164,0.0,0.3252499997615814,0.31150001287460327,0.31949999928474426,0.0,690968000
2011-08-26,0.2975042164325714,0.3252499997615814,0.0,0.32850000262260437,0.30524998903274536,0.31075000762939453,0.0,732660000
2011-08-29,0.3055078387260437,0.33399999141693115,0.0,0.33524999022483826,0.3267500102519989,0.3345000147819519,0.0,601528000
2011-08-30,0.31282541155815125,0.34200000762939453,0.0,0.34474998712539673,0.3294999897480011,0.3317500054836273,0.0,684760000
2011-08-31,0.3043643832206726,0.33274999260902405,0.0,0.3479999899864197,0.33000001311302185,0.34450000524520874,0.0,705808000
2011-09-01,0.3036784529685974,0.3319999873638153,0.0,0.34450000524520874,0.3317500054836273,0.3372499942779541,0.0,762312000
2011-09-02,0.29544612765312195,0.3230000138282776,0.0,0.32899999618530273,0.320499986410141,0.3244999945163727,0.0,471356000
2011-09-06,0.3013916611671448,0.3294999897480011,0.0,0.33024999499320984,0.3095000088214874,0.3125,0.0,696248000
2011-09-07,0.32585984468460083,0.35624998807907104,0.0,0.3659999966621399,0.3465000092983246,0.35624998807907104,0.0,1606620000
2011-09-08,0.324258953332901,0.3544999957084656,0.0,0.36125001311302185,0.3487499952316284,0.3527500033378601,0.0,880164000
2011-09-09,0.3173987567424774,0.34700000286102295,0.0,0.3610000014305115,0.3440000116825104,0.351500004529953,0.0,869828000
2011-09-12,0.32494497299194336,0.3552500009536743,0.0,0.3582499921321869,0.3422499895095825,0.3422499895095825,0.0,916480000
2011-09-13,0.3322625160217285,0.3632499873638153,0.0,0.36500000953674316,0.3527500033378601,0.3582499921321869,0.0,853836000
2011-09-14,0.349413126707077,0.38199999928474426,0.0,0.3867500126361847,0.3725000023841858,0.37275001406669617,0.0,1547192000
2011-09-15,0.35444390773773193,0.38749998807907104,0.0,0.39250001311302185,0.3840000033378601,0.390500009059906,0.0,752908000
2011-09-16,0.35352927446365356,0.3865000009536743,0.0,0.4025000035762787,0.38449999690055847,0.3882499933242798,0.0,1391588000
2011-09-19,0.3462117314338684,0.3785000145435333,0.0,0.382750004529953,0.3687500059604645,0.3799999952316284,0.0,968204000
2011-09-20,0.33729347586631775,0.3687500059604645,0.0,0.38475000858306885,0.367000013589859,0.38324999809265137,0.0,792436000
2011-09-21,0.33089056611061096,0.3617500066757202,0.0,0.37724998593330383,0.36149999499320984,0.3707500100135803,0.0,715252000
2011-09-22,0.3089378774166107,0.33774998784065247,0.0,0.3479999899864197,0.33125001192092896,0.3474999964237213,0.0,1314632000
2011-09-23,0.3153407573699951,0.34474998712539673,0.0,0.3544999957084656,0.33375000953674316,0.335750013589859,0.0,1011440000
2011-09-26,0.31602680683135986,0.34549999237060547,0.0,0.3499999940395355,0.33000001311302185,0.3490000069141388,0.0,972124000
2011-09-27,0.3164840340614319,0.34599998593330383,0.0,0.35725000500679016,0.34325000643730164,0.3542500138282776,0.0,781388000
2011-09-28,0.3068799674510956,0.33550000190734863,0.0,0.3555000126361847,0.33000001311302185,0.3467499911785126,0.0,1236532000
2011-09-29,0.29933351278305054,0.32725000381469727,0.0,0.3472500145435333,0.3187499940395355,0.34150001406669617,0.0,866416000
2011-09-30,0.2860705256462097,0.3127500116825104,0.0,0.32374998927116394,0.3122499883174896,0.32199999690055847,0.0,677784000
2011-10-03,0.2700634002685547,0.2952499985694885,0.0,0.31850001215934753,0.2952499985694885,0.3087500035762787,0.0,949896000
2011-10-04,0.29498881101608276,0.32249999046325684,0.0,0.32249999046325684,0.2867499887943268,0.2879999876022339,0.0,1361548000
2011-10-05,0.3055078387260437,0.33399999141693115,0.0,0.3370000123977661,0.3152500092983246,0.3217499852180481,0.0,856708000
2011-10-06,0.31762754917144775,0.3472500145435333,0.0,0.34825000166893005,0.33524999022483826,0.335750013589859,0.0,773192000
2011-10-07,0.32357293367385864,0.35374999046325684,0.0,0.35899999737739563,0.34150001406669617,0.3487499952316284,0.0,806976000
2011-10-10,0.3379795253276825,0.3695000112056732,0.0,0.3695000112056732,0.35899999737739563,0.35975000262260437,0.0,534376000
2011-10-11,0.33432069420814514,0.36550000309944153,0.0,0.3725000023841858,0.3642500042915344,0.36649999022483826,0.0,816080000
2011-10-12,0.3340919017791748,0.36524999141693115,0.0,0.37275001406669617,0.36500000953674316,0.3725000023841858,0.0,612064000
2011-10-13,0.35352927446365356,0.3865000009536743,0.0,0.38725000619888306,0.36250001192092896,0.3634999990463257,0.0,854832000
2011-10-14,0.35947465896606445,0.3930000066757202,0.0,0.3972499966621399,0.38350000977516174,0.3932499885559082,0.0,702452000
2011-10-17,0.3416382670402527,0.3734999895095825,0.0,0.38850000500679016,0.3714999854564667,0.38850000500679016,0.0,611780000
2011-10-18,0.35398662090301514,0.3869999945163727,0.0,0.3880000114440918,0.36924999952316284,0.3714999854564667,0.0,590916000
2011-10-19,0.34689757227897644,0.3792499899864197,0.0,0.3942500054836273,0.37825000286102295,0.38749998807907104,0.0,557568000
2011-10-20,0.32951849699020386,0.36024999618530273,0.0,0.37049999833106995,0.34599998593330383,0.36899998784065247,0.0,990308000
2011-10-21,0.33111920952796936,0.3619999885559082,0.0,0.3707500100135803,0.35600000619888306,0.3647499978542328,0.0,628428000
2011-10-24,0.3434675633907318,0.37549999356269836,0.0,0.3812499940395355,0.36274999380111694,0.3634999990463257,0.0,535256000
2011-10-25,0.33043327927589417,0.36125001311302185,0.0,0.37325000762939453,0.3605000078678131,0.37024998664855957,0.0,577996000
2011-10-26,0.33432069420814514,0.36550000309944153,0.0,0.37024998664855957,0.35499998927116394,0.3682500123977661,0.0,503116000
2011-10-27,0.34872713685035706,0.3812499940395355,0.0,0.38499999046325684,0.37049999833106995,0.3790000081062317,0.0,577732000
2011-10-28,0.35673069953918457,0.38999998569488525,0.0,0.3935000002384186,0.37700000405311584,0.3779999911785126,0.0,490156000
2011-10-31,0.3384368121623993,0.3700000047683716,0.0,0.37975001335144043,0.3700000047683716,0.3774999976158142,0.0,519984000
2011-11-01,0.3215150237083435,0.351500004529953,0.0,0.35749998688697815,0.3479999899864197,0.3564999997615814,0.0,790824000
2011-11-02,0.31602680683135986,0.34549999237060547,0.0,0.3567500114440918,0.3382500112056732,0.35499998927116394,0.0,961608000
2011-11-03,0.33500662446022034,0.36625000834465027,0.0,0.367000013589859,0.3400000035762787,0.3492499887943268,0.0,749372000
2011-11-04,0.3388940989971161,0.37049999833106995,0.0,0.37174999713897705,0.35725000500679016,0.3630000054836273,0.0,654840000
2011-11-07,0.3370647132396698,0.3684999942779541,0.0,0.37400001287460327,0.36000001430511475,0.36774998903274536,0.0,613536000
2011-11-08,0.3448396325111389,0.37700000405311584,0.0,0.3792499899864197,0.367249995470047,0.37325000762939453,0.0,549728000
2011-11-09,0.3274604380130768,0.3580000102519989,0.0,0.37299999594688416,0.3564999997615814,0.3682500123977661,0.0,532244000
2011-11-10,0.33089056611061096,0.3617500066757202,0.0,0.37049999833106995,0.3527500033378601,0.36675000190734863,0.0,990484000
2011-11-11,0.3425527811050415,0.37450000643730164,0.0,0.3774999976158142,0.351749986410141,0.3720000088214874,0.0,1751560000
2011-11-14,0.33592143654823303,0.367249995470047,0.0,0.37825000286102295,0.36625000834465027,0.37450000643730164,0.0,500292000
2011-11-15,0.3402661085128784,0.3720000088214874,0.0,0.3747499883174896,0.36274999380111694,0.36375001072883606,0.0,505660000
2011-11-16,0.33340588212013245,0.3644999861717224,0.0,0.3747499883174896,0.3632499873638153,0.36500000953674316,0.0,512420000
2011-11-17,0.3215150237083435,0.351500004529953,0.0,0.3647499978542328,0.3449999988079071,0.36375001072883606,0.0,657504000
2011-11-18,0.3185423016548157,0.34825000166893005,0.0,0.35350000858306885,0.34450000524520874,0.35350000858306885,0.0,501352000
2011-11-21,0.3345493674278259,0.3657500147819519,0.0,0.36924999952316284,0.3375000059604645,0.34275001287460327,0.0,1330788000
2011-11-22,0.3448396325111389,0.37700000405311584,0.0,0.3790000081062317,0.36774998903274536,0.3697499930858612,0.0,1287480000
2011-11-23,0.330204576253891,0.3610000014305115,0.0,0.37575000524520874,0.3607499897480011,0.37299999594688416,0.0,825340000
2011-11-25,0.3210575580596924,0.35100001096725464,0.0,0.3644999861717224,0.3499999940395355,0.35624998807907104,0.0,406620000
2011-11-28,0.3391227424144745,0.3707500100135803,0.0,0.3762499988079071,0.36250001192092896,0.36250001192092896,0.0,690616000
2011-11-29,0.34095215797424316,0.37275001406669617,0.0,0.3774999976158142,0.36675000190734863,0.37024998664855957,0.0,623440000
2011-11-30,0.3574165999889374,0.390749990940094,0.0,0.3917500078678131,0.38075000047683716,0.3840000033378601,0.0,730324000
2011-12-01,0.36176156997680664,0.3955000042915344,0.0,0.39649999141693115,0.3857499957084656,0.38749998807907104,0.0,529760000
2011-12-02,0.35947465896606445,0.3930000066757202,0.0,0.4012500047683716,0.3892500102519989,0.3997499942779541,0.0,546464000
2011-12-05,0.35398662090301514,0.3869999945163727,0.0,0.4000000059604645,0.38374999165534973,0.3995000123977661,0.0,644696000
2011-12-06,0.34895575046539307,0.3815000057220459,0.0,0.38999998569488525,0.3774999976158142,0.3892500102519989,0.0,573832000
2011-12-07,0.34689757227897644,0.3792499899864197,0.0,0.38199999928474426,0.3712500035762787,0.3790000081062317,0.0,510016000
2011-12-08,0.33592143654823303,0.367249995470047,0.0,0.3817499876022339,0.3659999966621399,0.37549999356269836,0.0,491488000
2011-12-09,0.34072345495224,0.3725000023841858,0.0,0.37549999356269836,0.359499990940094,0.3644999861717224,0.0,555840000
2011-12-12,0.3322625160217285,0.3632499873638153,0.0,0.3659999966621399,0.3564999997615814,0.3644999861717224,0.0,573208000
2011-12-13,0.32311564683914185,0.35324999690055847,0.0,0.3725000023841858,0.35100001096725464,0.36800000071525574,0.0,516596000
2011-12-14,0.3105386197566986,0.3395000100135803,0.0,0.35225000977516174,0.335750013589859,0.3502500057220459,0.0,636020000
2011-12-15,0.30779439210891724,0.33649998903274536,0.0,0.3474999964237213,0.335750013589859,0.3452500104904175,0.0,435148000
2011-12-16,0.3089378774166107,0.33774998784065247,0.0,0.34575000405311584,0.3362500071525574,0.33924999833106995,0.0,619116000
2011-12-19,0.3009341359138489,0.32899999618530273,0.0,0.34325000643730164,0.32774999737739563,0.33924999833106995,0.0,463276000
2011-12-20,0.31785619258880615,0.3474999964237213,0.0,0.3487499952316284,0.33649998903274536,0.33649998903274536,0.0,445208000
2011-12-21,0.3137401044368744,0.34299999475479126,0.0,0.3492499887943268,0.3362500071525574,0.34549999237060547,0.0,548424000
2011-12-22,0.32723182439804077,0.3577499985694885,0.0,0.35874998569488525,0.3440000116825104,0.3440000116825104,0.0,576560000
2011-12-23,0.32403039932250977,0.3542500138282776,0.0,0.36000001430511475,0.3512499928474426,0.359499990940094,0.0,248948000
2011-12-27,0.3215150237083435,0.351500004529953,0.0,0.3569999933242798,0.3504999876022339,0.3527500033378601,0.0,195712000
2011-12-28,0.31351137161254883,0.34275001287460327,0.0,0.35225000977516174,0.3425000011920929,0.351500004529953,0.0,233960000
2011-12-29,0.31945690512657166,0.3492499887943268,0.0,0.3499999940395355,0.3412500023841858,0.3462499976158142,0.0,211112000
2011-12-30,0.316941499710083,0.3465000092983246,0.0,0.351749986410141,0.34599998593330383,0.3479999899864197,0.0,186956000
2012-01-03,0.3210575580596924,0.35100001096725464,0.0,0.36000001430511475,0.3502500057220459,0.35749998688697815,0.0,468044000
2012-01-04,0.32471638917922974,0.35499998927116394,0.0,0.3564999997615814,0.3479999899864197,0.3512499928474426,0.0,347372000
2012-01-05,0.336378812789917,0.36774998903274536,0.0,0.3695000112056732,0.351749986410141,0.35324999690055847,0.0,563548000
2012-01-06,0.332491397857666,0.3634999990463257,0.0,0.36774998903274536,0.359250009059906,0.3675000071525574,0.0,533252000
2012-01-09,0.332491397857666,0.3634999990463257,0.0,0.37049999833106995,0.3610000014305115,0.36375001072883606,0.0,508244000
2012-01-10,0.33111920952796936,0.3619999885559082,0.0,0.36924999952316284,0.359499990940094,0.36899998784065247,0.0,546328000
2012-01-11,0.32448768615722656,0.35475000739097595,0.0,0.3619999885559082,0.35324999690055847,0.35874998569488525,0.0,484272000
2012-01-12,0.32242968678474426,0.35249999165534973,0.0,0.3557499945163727,0.34474998712539673,0.3555000126361847,0.0,652364000
2012-01-13,0.313968688249588,0.34325000643730164,0.0,0.35074999928474426,0.34150001406669617,0.3499999940395355,0.0,504300000
2012-01-17,0.3091665804386139,0.33799999952316284,0.0,0.34850001335144043,0.3375000059604645,0.34850001335144043,0.0,627176000
2012-01-18,0.31968551874160767,0.34950000047683716,0.0,0.35225000977516174,0.34275001287460327,0.34450000524520874,0.0,632676000
2012-01-19,0.32814642786979675,0.35874998569488525,0.0,0.359250009059906,0.3487499952316284,0.35249999165534973,0.0,608312000
2012-01-20,0.3251737654209137,0.3555000126361847,0.0,0.36250001192092896,0.3542500138282776,0.3582499921321869,0.0,546272000
2012-01-23,0.3340919017791748,0.36524999141693115,0.0,0.36550000309944153,0.3512499928474426,0.3557499945163727,0.0,562792000
2012-01-24,0.3416382670402527,0.3734999895095825,0.0,0.375,0.36250001192092896,0.36274999380111694,0.0,730920000
2012-01-25,0.33958014845848083,0.3712500035762787,0.0,0.3722499907016754,0.3529999852180481,0.3634999990463257,0.0,1274152000
2012-01-26,0.336378812789917,0.36774998903274536,0.0,0.38100001215934753,0.3657500147819519,0.37674999237060547,0.0,799672000
2012-01-27,0.34095215797424316,0.37275001406669617,0.0,0.3747499883174896,0.36250001192092896,0.36550000309944153,0.0,449996000
2012-01-30,0.3384368121623993,0.3700000047683716,0.0,0.37174999713897705,0.3607499897480011,0.36625000834465027,0.0,399076000
2012-01-31,0.33775079250335693,0.36924999952316284,0.0,0.3712500035762787,0.36274999380111694,0.3709999918937683,0.0,357900000
2012-02-01,0.3414096534252167,0.37325000762939453,0.0,0.3774999976158142,0.3682500123977661,0.3734999895095825,0.0,428020000
2012-02-02,0.3542152941226959,0.38725000619888306,0.0,0.38874998688697815,0.3714999854564667,0.3752500116825104,0.0,696236000
2012-02-03,0.36176156997680664,0.3955000042915344,0.0,0.3987500071525574,0.3922500014305115,0.3930000066757202,0.0,495232000
2012-02-06,0.3590175211429596,0.39250001311302185,0.0,0.39399999380111694,0.3889999985694885,0.3935000002384186,0.0,278868000
2012-02-07,0.3599321246147156,0.3935000002384186,0.0,0.3957499861717224,0.3865000009536743,0.3930000066757202,0.0,410296000
2012-02-08,0.3729665279388428,0.4077500104904175,0.0,0.4154999852180481,0.39149999618530273,0.3935000002384186,0.0,847612000
2012-02-09,0.37273791432380676,0.4074999988079071,0.0,0.41499999165534973,0.40674999356269836,0.4127500057220459,0.0,561944000
2012-02-10,0.36359089612960815,0.39750000834465027,0.0,0.4050000011920929,0.39524999260902405,0.4034999907016754,0.0,440268000
2012-02-13,0.3693077266216278,0.4037500023841858,0.0,0.4090000092983246,0.3955000042915344,0.4074999988079071,0.0,610668000
2012-02-14,0.3713657259941101,0.4059999883174896,0.0,0.40950000286102295,0.40024998784065247,0.4037500023841858,0.0,453756000
2012-02-15,0.36976510286331177,0.40424999594688416,0.0,0.42250001430511475,0.4032500088214874,0.4097500145435333,0.0,1110856000
2012-02-16,0.3761679232120514,0.4112499952316284,0.0,0.41449999809265137,0.375,0.3765000104904175,0.0,1888588000
2012-02-17,0.3624475598335266,0.39625000953674316,0.0,0.414249986410141,0.39250001311302185,0.4115000069141388,0.0,1020360000
2012-02-21,0.3642769753932953,0.398250013589859,0.0,0.40799999237060547,0.39524999260902405,0.3959999978542328,0.0,518176000
2012-02-22,0.36176156997680664,0.3955000042915344,0.0,0.4059999883174896,0.39500001072883606,0.39625000953674316,0.0,492432000
2012-02-23,0.36381953954696655,0.39774999022483826,0.0,0.4000000059604645,0.38999998569488525,0.39625000953674316,0.0,323968000
2012-02-24,0.3610755503177643,0.3947499990463257,0.0,0.3995000123977661,0.3930000066757202,0.39899998903274536,0.0,366668000
2012-02-27,0.3537578880786896,0.3867500126361847,0.0,0.39149999618530273,0.3812499940395355,0.38975000381469727,0.0,745268000
2012-02-28,0.35055649280548096,0.38324999809265137,0.0,0.39125001430511475,0.3792499899864197,0.3867500126361847,0.0,699884000
2012-02-29,0.3464403450489044,0.3787499964237213,0.0,0.39100000262260437,0.3785000145435333,0.38449999690055847,0.0,689196000
2012-03-01,0.34872713685035706,0.3812499940395355,0.0,0.3857499957084656,0.3787499964237213,0.3802500069141388,0.0,449944000
2012-03-02,0.3516998291015625,0.38449999690055847,0.0,0.38999998569488525,0.3799999952316284,0.3799999952316284,0.0,684076000
2012-03-05,0.3398089110851288,0.3714999854564667,0.0,0.3824999928474426,0.3687500059604645,0.3817499876022339,0.0,514848000
2012-03-06,0.3366073966026306,0.36800000071525574,0.0,0.37024998664855957,0.36149999499320984,0.367249995470047,0.0,471400000
2012-03-07,0.3386654555797577,0.37024998664855957,0.0,0.37174999713897705,0.36500000953674316,0.3700000047683716,0.0,441984000
2012-03-08,0.3398089110851288,0.3714999854564667,0.0,0.3752500116825104,0.36924999952316284,0.3712500035762787,0.0,430852000
2012-03-09,0.3388940989971161,0.37049999833106995,0.0,0.3752500116825104,0.3684999942779541,0.3725000023841858,0.0,367836000
2012-03-12,0.3336346447467804,0.3647499978542328,0.0,0.37450000643730164,0.36375001072883606,0.3720000088214874,0.0,299948000
2012-03-13,0.33820822834968567,0.3697499930858612,0.0,0.37174999713897705,0.3644999861717224,0.36625000834465027,0.0,553288000
2012-03-14,0.3286038637161255,0.359250009059906,0.0,0.37049999833106995,0.3580000102519989,0.3697499930858612,0.0,735708000
2012-03-15,0.33340588212013245,0.3644999861717224,0.0,0.36649999022483826,0.35899999737739563,0.36024999618530273,0.0,382380000
2012-03-16,0.3338632881641388,0.36500000953674316,0.0,0.36649999022483826,0.36274999380111694,0.3647499978542328,0.0,428340000
2012-03-19,0.33477795124053955,0.3659999966621399,0.0,0.3687500059604645,0.3642500042915344,0.367000013589859,0.0,405400000
2012-03-20,0.32928988337516785,0.36000001430511475,0.0,0.36399999260902405,0.3567500114440918,0.36399999260902405,0.0,449616000
2012-03-21,0.3306617736816406,0.36149999499320984,0.0,0.3647499978542328,0.35600000619888306,0.36000001430511475,0.0,467840000
2012-03-22,0.330204576253891,0.3610000014305115,0.0,0.36399999260902405,0.3577499985694885,0.35874998569488525,0.0,425372000
2012-03-23,0.33271995186805725,0.36375001072883606,0.0,0.3647499978542328,0.35749998688697815,0.36000001430511475,0.0,315456000
2012-03-26,0.3366073966026306,0.36800000071525574,0.0,0.3697499930858612,0.36375001072883606,0.367249995470047,0.0,288600000
2012-03-27,0.3388940989971161,0.37049999833106995,0.0,0.375,0.3687500059604645,0.3695000112056732,0.0,419968000
2012-03-28,0.34666916728019714,0.3790000081062317,0.0,0.3840000033378601,0.3725000023841858,0.3752500116825104,0.0,892448000
2012-03-29,0.3482697606086731,0.38075000047683716,0.0,0.38374999165534973,0.3737500011920929,0.3785000145435333,0.0,372700000
2012-03-30,0.35215720534324646,0.38499999046325684,0.0,0.38725000619888306,0.3785000145435333,0.3840000033378601,0.0,527240000
2012-04-02,0.35055649280548096,0.38324999809265137,0.0,0.38725000619888306,0.3777500092983246,0.3840000033378601,0.0,407776000
2012-04-03,0.3448396325111389,0.37700000405311584,0.0,0.3865000009536743,0.375,0.38600000739097595,0.0,430476000
2012-04-04,0.33500662446022034,0.36625000834465027,0.0,0.37599998712539673,0.36399999260902405,0.3712500035762787,0.0,495896000
2012-04-05,0.3345493674278259,0.3657500147819519,0.0,0.3712500035762787,0.3644999861717224,0.36675000190734863,0.0,369424000
2012-04-09,0.330204576253891,0.3610000014305115,0.0,0.3622500002384186,0.3540000021457672,0.36000001430511475,0.0,365504000
2012-04-10,0.323801726102829,0.3540000021457672,0.0,0.3644999861717224,0.35225000977516174,0.359499990940094,0.0,470360000
2012-04-11,0.3279178738594055,0.35850000381469727,0.0,0.36625000834465027,0.35749998688697815,0.35874998569488525,0.0,372960000
2012-04-12,0.33569279313087463,0.367000013589859,0.0,0.36899998784065247,0.35749998688697815,0.35899999737739563,0.0,384868000
2012-04-13,0.323801726102829,0.3540000021457672,0.0,0.3657500147819519,0.35374999046325684,0.36375001072883606,0.0,311324000
2012-04-16,0.319914311170578,0.34975001215934753,0.0,0.35749998688697815,0.3440000116825104,0.3564999997615814,0.0,463468000
2012-04-17,0.3206002414226532,0.3504999876022339,0.0,0.35499998927116394,0.3492499887943268,0.35074999928474426,0.0,460696000
2012-04-18,0.3171701729297638,0.3467499911785126,0.0,0.3499999940395355,0.3425000011920929,0.34825000166893005,0.0,400764000
2012-04-19,0.3123680353164673,0.34150001406669617,0.0,0.3552500009536743,0.3397499918937683,0.3422499895095825,0.0,667188000
2012-04-20,0.30619382858276367,0.3347499966621399,0.0,0.34450000524520874,0.33399999141693115,0.3434999883174896,0.0,509592000
2012-04-23,0.3025350868701935,0.3307499885559082,0.0,0.3322499990463257,0.3227500021457672,0.32899999618530273,0.0,706244000
2012-04-24,0.29315951466560364,0.320499986410141,0.0,0.3345000147819519,0.3187499940395355,0.3317500054836273,0.0,730440000
2012-04-25,0.2991049885749817,0.3269999921321869,0.0,0.3294999897480011,0.3192499876022339,0.3252499997615814,0.0,727112000
2012-04-26,0.29933351278305054,0.32725000381469727,0.0,0.33000001311302185,0.3244999945163727,0.3267500102519989,0.0,539208000
2012-04-27,0.29681816697120667,0.3244999945163727,0.0,0.32875001430511475,0.32100000977516174,0.3267500102519989,0.0,475356000
2012-04-30,0.2972756624221802,0.32499998807907104,0.0,0.3267500102519989,0.320499986410141,0.3227500021457672,0.0,262268000
2012-05-01,0.3025350868701935,0.3307499885559082,0.0,0.33425000309944153,0.3232499957084656,0.3232499957084656,0.0,408680000
2012-05-02,0.29384544491767883,0.32124999165534973,0.0,0.3307499885559082,0.31949999928474426,0.3294999897480011,0.0,684008000
2012-05-03,0.2888146936893463,0.31575000286102295,0.0,0.3240000009536743,0.3137499988079071,0.32199999690055847,0.0,419536000
2012-05-04,0.2803537845611572,0.30649998784065247,0.0,0.3154999911785126,0.30649998784065247,0.3137499988079071,0.0,545092000
2012-05-07,0.28515589237213135,0.31174999475479126,0.0,0.31725001335144043,0.30924999713897705,0.31200000643730164,0.0,604440000
2012-05-08,0.284927099943161,0.31150001287460327,0.0,0.31349998712539673,0.3034999966621399,0.3089999854564667,0.0,462312000
2012-05-09,0.2860705256462097,0.3127500116825104,0.0,0.3152500092983246,0.30300000309944153,0.3059999942779541,0.0,520608000
2012-05-10,0.28401246666908264,0.31049999594688416,0.0,0.3162499964237213,0.30550000071525574,0.31575000286102295,0.0,597092000
2012-05-11,0.3020777106285095,0.33024999499320984,0.0,0.34200000762939453,0.32899999618530273,0.3362500071525574,0.0,1435140000
2012-05-14,0.30024829506874084,0.328249990940094,0.0,0.3332499861717224,0.32074999809265137,0.32749998569488525,0.0,437472000
2012-05-15,0.2972756624221802,0.32499998807907104,0.0,0.33550000190734863,0.32350000739097595,0.328249990940094,0.0,599940000
2012-05-16,0.2913300693035126,0.31850001215934753,0.0,0.3292500078678131,0.3174999952316284,0.3255000114440918,0.0,470484000
2012-05-17,0.28927192091941833,0.3162499964237213,0.0,0.3227500021457672,0.3162499964237213,0.31975001096725464,0.0,335364000
2012-05-18,0.2762376368045807,0.3019999861717224,0.0,0.31850001215934753,0.3005000054836273,0.31700000166893005,0.0,567288000
2012-05-21,0.28103968501091003,0.3072499930858612,0.0,0.3087500035762787,0.3005000054836273,0.30250000953674316,0.0,416260000
2012-05-22,0.27760961651802063,0.3034999966621399,0.0,0.3075000047683716,0.29899999499320984,0.3070000112056732,0.0,410140000
2012-05-23,0.2844698429107666,0.3109999895095825,0.0,0.31150001287460327,0.2957499921321869,0.30024999380111694,0.0,496000000
2012-05-24,0.27692362666130066,0.30274999141693115,0.0,0.31325000524520874,0.3005000054836273,0.3127500116825104,0.0,520420000
2012-05-25,0.28355512022972107,0.3100000023841858,0.0,0.3125,0.30250000953674316,0.30250000953674316,0.0,391752000
2012-05-29,0.290872722864151,0.3179999887943268,0.0,0.3199999928474426,0.3137499988079071,0.3149999976158142,0.0,310000000
2012-05-30,0.28744256496429443,0.31424999237060547,0.0,0.3167499899864197,0.3087500035762787,0.31450000405311584,0.0,379792000
2012-05-31,0.28424108028411865,0.31075000762939453,0.0,0.3154999911785126,0.30674999952316284,0.31424999237060547,0.0,358192000
2012-06-01,0.27395084500312805,0.2994999885559082,0.0,0.3072499930858612,0.29899999499320984,0.30425000190734863,0.0,440984000
2012-06-04,0.26823410391807556,0.2932499945163727,0.0,0.30274999141693115,0.29074999690055847,0.3009999990463257,0.0,432856000
2012-06-05,0.2760089039802551,0.3017500042915344,0.0,0.30250000953674316,0.2917500138282776,0.2917500138282776,0.0,365224000
2012-06-06,0.2833266258239746,0.3097499907016754,0.0,0.31049999594688416,0.3017500042915344,0.30399999022483826,0.0,368968000
2012-06-07,0.27189281582832336,0.29725000262260437,0.0,0.3160000145435333,0.296999990940094,0.31424999237060547,0.0,526780000
2012-06-08,0.2771522104740143,0.30300000309944153,0.0,0.30399999022483826,0.29774999618530273,0.2982499897480011,0.0,370308000
2012-06-11,0.2803537845611572,0.30649998784065247,0.0,0.31825000047683716,0.3057500123977661,0.3127500116825104,0.0,839080000
2012-06-12,0.2860705256462097,0.3127500116825104,0.0,0.31575000286102295,0.3095000088214874,0.3100000023841858,0.0,496128000
2012-06-13,0.27852436900138855,0.304500013589859,0.0,0.31325000524520874,0.30300000309944153,0.3125,0.0,494276000
2012-06-14,0.27509424090385437,0.3007499873638153,0.0,0.30649998784065247,0.29774999618530273,0.30399999022483826,0.0,589884000
2012-06-15,0.28103968501091003,0.3072499930858612,0.0,0.3075000047683716,0.30024999380111694,0.30300000309944153,0.0,385288000
2012-06-18,0.28355512022972107,0.3100000023841858,0.0,0.3125,0.30250000953674316,0.3050000071525574,0.0,304424000
2012-06-19,0.3027637004852295,0.3310000002384186,0.0,0.335750013589859,0.32124999165534973,0.3227500021457672,0.0,960476000
2012-06-20,0.30756595730781555,0.3362500071525574,0.0,0.3425000011920929,0.3322499990463257,0.33425000309944153,0.0,972720000
2012-06-21,0.29361677169799805,0.32100000977516174,0.0,0.335999995470047,0.320250004529953,0.335999995470047,0.0,516376000
2012-06-22,0.2972756624221802,0.32499998807907104,0.0,0.32875001430511475,0.320499986410141,0.32499998807907104,0.0,865360000
2012-06-25,0.28790000081062317,0.31474998593330383,0.0,0.32624998688697815,0.31349998712539673,0.3252499997615814,0.0,494616000
2012-06-26,0.291101336479187,0.31825000047683716,0.0,0.320499986410141,0.31200000643730164,0.3165000081062317,0.0,437152000
2012-06-27,0.30047696828842163,0.32850000262260437,0.0,0.3307499885559082,0.31850001215934753,0.31850001215934753,0.0,506064000
2012-06-28,0.3027637004852295,0.3310000002384186,0.0,0.3330000042915344,0.3227500021457672,0.3255000114440918,0.0,545896000
2012-06-29,0.31602680683135986,0.34549999237060547,0.0,0.3462499976158142,0.3384999930858612,0.3387500047683716,0.0,616508000
2012-07-02,0.30756595730781555,0.3362500071525574,0.0,0.3474999964237213,0.3334999978542328,0.3472500145435333,0.0,581684000
2012-07-03,0.31556937098503113,0.3449999988079071,0.0,0.34575000405311584,0.335999995470047,0.3362500071525574,0.0,219284000
2012-07-05,0.3123680353164673,0.34150001406669617,0.0,0.34424999356269836,0.3362500071525574,0.34275001287460327,0.0,280076000
2012-07-06,0.30642250180244446,0.33500000834465027,0.0,0.3400000035762787,0.33125001192092896,0.33899998664855957,0.0,382760000
2012-07-09,0.3023064136505127,0.3305000066757202,0.0,0.3345000147819519,0.32774999737739563,0.3330000042915344,0.0,306336000
2012-07-10,0.29315951466560364,0.320499986410141,0.0,0.33675000071525574,0.3179999887943268,0.3269999921321869,0.0,512028000
2012-07-11,0.2883572578430176,0.3152500092983246,0.0,0.3255000114440918,0.3137499988079071,0.3215000033378601,0.0,485216000
2012-07-12,0.28355512022972107,0.3100000023841858,0.0,0.3122499883174896,0.3072499930858612,0.31174999475479126,0.0,472160000
2012-07-13,0.2872139513492584,0.3140000104904175,0.0,0.3154999911785126,0.3082500100135803,0.31025001406669617,0.0,324260000
2012-07-16,0.2881285846233368,0.3149999976158142,0.0,0.3174999952316284,0.3089999854564667,0.31200000643730164,0.0,334460000
2012-07-17,0.2828691303730011,0.30924999713897705,0.0,0.3177500069141388,0.30399999022483826,0.3160000145435333,0.0,447476000
2012-07-18,0.29864758253097534,0.3264999985694885,0.0,0.3310000002384186,0.3070000112056732,0.3084999918937683,0.0,616008000
2012-07-19,0.3016205430030823,0.3297500014305115,0.0,0.33399999141693115,0.3264999985694885,0.32875001430511475,0.0,403036000
2012-07-20,0.2929307520389557,0.320250004529953,0.0,0.33000001311302185,0.3167499899864197,0.32774999737739563,0.0,451000000
2012-07-23,0.29681816697120667,0.3244999945163727,0.0,0.3267500102519989,0.3082500100135803,0.31174999475479126,0.0,451584000
2012-07-24,0.29361677169799805,0.32100000977516174,0.0,0.3269999921321869,0.31725001335144043,0.32499998807907104,0.0,351164000
2012-07-25,0.29933351278305054,0.32725000381469727,0.0,0.3305000066757202,0.31850001215934753,0.3199999928474426,0.0,415044000
2012-07-26,0.3007056415081024,0.32875001430511475,0.0,0.3370000123977661,0.32624998688697815,0.3332499861717224,0.0,338440000
2012-07-27,0.30825191736221313,0.3370000123977661,0.0,0.33799999952316284,0.32749998569488525,0.33000001311302185,0.0,376516000
2012-07-30,0.30482175946235657,0.3332499861717224,0.0,0.3412500023841858,0.3305000066757202,0.3370000123977661,0.0,363552000
2012-07-31,0.30962395668029785,0.3384999930858612,0.0,0.34325000643730164,0.33274999260902405,0.3332499861717224,0.0,387788000
2012-08-01,0.30619382858276367,0.3347499966621399,0.0,0.34375,0.3332499861717224,0.34049999713897705,0.0,335912000
2012-08-02,0.30733710527420044,0.335999995470047,0.0,0.3409999907016754,0.32749998569488525,0.3330000042915344,0.0,367912000
2012-08-03,0.3137401044368744,0.34299999475479126,0.0,0.3465000092983246,0.3332499861717224,0.3412500023841858,0.0,326548000
2012-08-06,0.3203716576099396,0.3502500057220459,0.0,0.35199999809265137,0.34575000405311584,0.3462499976158142,0.0,360324000
2012-08-07,0.32357293367385864,0.35374999046325684,0.0,0.35749998688697815,0.351749986410141,0.3544999957084656,0.0,407340000
2012-08-08,0.3254024386405945,0.3557499945163727,0.0,0.359499990940094,0.35249999165534973,0.35350000858306885,0.0,517064000
2012-08-09,0.336378812789917,0.36774998903274536,0.0,0.3684999942779541,0.3557499945163727,0.35624998807907104,0.0,822300000
2012-08-10,0.33432069420814514,0.36550000309944153,0.0,0.3804999887943268,0.3607499897480011,0.3774999976158142,0.0,1278744000
2012-08-13,0.3386654555797577,0.37024998664855957,0.0,0.37049999833106995,0.3644999861717224,0.3659999966621399,0.0,447244000
2012-08-14,0.3336346447467804,0.3647499978542328,0.0,0.3720000088214874,0.3632499873638153,0.3714999854564667,0.0,388828000
2012-08-15,0.33111920952796936,0.3619999885559082,0.0,0.36899998784065247,0.36024999618530273,0.3659999966621399,0.0,594404000
2012-08-16,0.3379795253276825,0.3695000112056732,0.0,0.3707500100135803,0.36399999260902405,0.36524999141693115,0.0,371008000
2012-08-17,0.33500662446022034,0.36625000834465027,0.0,0.3695000112056732,0.3630000054836273,0.3695000112056732,0.0,309864000
2012-08-20,0.33500662446022034,0.36625000834465027,0.0,0.36675000190734863,0.3607499897480011,0.36500000953674316,0.0,314392000
2012-08-21,0.3340919017791748,0.36524999141693115,0.0,0.3697499930858612,0.36149999499320984,0.3675000071525574,0.0,340248000
2012-08-22,0.33477795124053955,0.3659999966621399,0.0,0.3675000071525574,0.3617500066757202,0.3630000054836273,0.0,313556000
2012-08-23,0.32723182439804077,0.3577499985694885,0.0,0.36550000309944153,0.35624998807907104,0.36524999141693115,0.0,379040000
2012-08-24,0.3338632881641388,0.36500000953674316,0.0,0.36675000190734863,0.3569999933242798,0.3577499985694885,0.0,347724000
2012-08-27,0.32814642786979675,0.35874998569488525,0.0,0.3657500147819519,0.35850000381469727,0.3647499978542328,0.0,340944000
2012-08-28,0.3267744779586792,0.35725000500679016,0.0,0.3607499897480011,0.3552500009536743,0.35600000619888306,0.0,310764000
2012-08-29,0.3274604380130768,0.3580000102519989,0.0,0.36024999618530273,0.35624998807907104,0.3569999933242798,0.0,250412000
2012-08-30,0.32128626108169556,0.3512499928474426,0.0,0.35850000381469727,0.34950000047683716,0.35725000500679016,0.0,307488000
2012-08-31,0.32082894444465637,0.35074999928474426,0.0,0.35624998807907104,0.3472500145435333,0.35374999046325684,0.0,485064000
2012-09-04,0.3036784529685974,0.3319999873638153,0.0,0.3462499976158142,0.32875001430511475,0.3449999988079071,0.0,694452000
2012-09-05,0.30459311604499817,0.3330000042915344,0.0,0.33799999952316284,0.3294999897480011,0.3332499861717224,0.0,480256000
2012-09-06,0.313968688249588,0.34325000643730164,0.0,0.35225000977516174,0.33524999022483826,0.33550000190734863,0.0,657296000
2012-09-07,0.30642250180244446,0.33500000834465027,0.0,0.3372499942779541,0.32374998927116394,0.3345000147819519,0.0,781064000
2012-09-10,0.3036784529685974,0.3319999873638153,0.0,0.33899998664855957,0.33125001192092896,0.33425000309944153,0.0,371108000
2012-09-11,0.30733710527420044,0.335999995470047,0.0,0.3412500023841858,0.3305000066757202,0.3317500054836273,0.0,382808000
2012-09-12,0.31076720356941223,0.3397499918937683,0.0,0.34150001406669617,0.33550000190734863,0.3387500047683716,0.0,322608000
2012-09-13,0.31282541155815125,0.34200000762939453,0.0,0.3440000116825104,0.33550000190734863,0.34275001287460327,0.0,433836000
2012-09-14,0.3164840340614319,0.34599998593330383,0.0,0.35199999809265137,0.34174999594688416,0.34174999594688416,0.0,339468000
2012-09-17,0.30779439210891724,0.33649998903274536,0.0,0.3467499911785126,0.33274999260902405,0.3467499911785126,0.0,493348000
2012-09-18,0.30985257029533386,0.3387500047683716,0.0,0.34275001287460327,0.33250001072883606,0.33274999260902405,0.0,359952000
2012-09-19,0.31351137161254883,0.34275001287460327,0.0,0.3474999964237213,0.33550000190734863,0.3395000100135803,0.0,451936000
2012-09-20,0.3112246096134186,0.3402499854564667,0.0,0.34375,0.3375000059604645,0.34200000762939453,0.0,320596000
2012-09-21,0.31259670853614807,0.34174999594688416,0.0,0.34375,0.3395000100135803,0.3407500088214874,0.0,340136000
2012-09-24,0.3123680353164673,0.34150001406669617,0.0,0.34200000762939453,0.335750013589859,0.3362500071525574,0.0,357832000
2012-09-25,0.3066512942314148,0.33524999022483826,0.0,0.3474999964237213,0.3347499966621399,0.34599998593330383,0.0,481544000
2012-09-26,0.3013916611671448,0.3294999897480011,0.0,0.33425000309944153,0.3255000114440918,0.33399999141693115,0.0,436812000
2012-09-27,0.3036784529685974,0.3319999873638153,0.0,0.33250001072883606,0.32749998569488525,0.33024999499320984,0.0,558888000
2012-09-28,0.3050505816936493,0.3334999978542328,0.0,0.3382500112056732,0.32624998688697815,0.3305000066757202,0.0,485508000
2012-10-01,0.30001965165138245,0.328000009059906,0.0,0.3370000123977661,0.3267500102519989,0.33500000834465027,0.0,504236000
2012-10-02,0.3011630177497864,0.3292500078678131,0.0,0.33024999499320984,0.3255000114440918,0.33024999499320984,0.0,295492000
2012-10-03,0.29819032549858093,0.32600000500679016,0.0,0.3310000002384186,0.3242500126361847,0.33000001311302185,0.0,430872000
2012-10-04,0.31145337224006653,0.34049999713897705,0.0,0.3425000011920929,0.32499998807907104,0.3267500102519989,0.0,502608000
2012-10-05,0.3041357398033142,0.33250001072883606,0.0,0.3449999988079071,0.33125001192092896,0.34150001406669617,0.0,483068000
2012-10-08,0.3011630177497864,0.3292500078678131,0.0,0.33274999260902405,0.3267500102519989,0.33125001192092896,0.0,240596000
2012-10-09,0.2947602868080139,0.32225000858306885,0.0,0.3297500014305115,0.32124999165534973,0.32875001430511475,0.0,366360000
2012-10-10,0.28972938656806946,0.3167499899864197,0.0,0.32225000858306885,0.3154999911785126,0.32074999809265137,0.0,326568000
2012-10-11,0.2913300693035126,0.31850001215934753,0.0,0.32074999809265137,0.3160000145435333,0.31975001096725464,0.0,320516000
2012-10-12,0.2888146936893463,0.31575000286102295,0.0,0.3187499940395355,0.3137499988079071,0.3162499964237213,0.0,260696000
2012-10-15,0.2924734652042389,0.31975001096725464,0.0,0.3199999928474426,0.3125,0.3162499964237213,0.0,249580000
2012-10-16,0.3009341359138489,0.32899999618530273,0.0,0.33000001311302185,0.31949999928474426,0.32249999046325684,0.0,367696000
2012-10-17,0.29864758253097534,0.3264999985694885,0.0,0.328000009059906,0.3217499852180481,0.32499998807907104,0.0,391752000
2012-10-18,0.29407423734664917,0.3215000033378601,0.0,0.3257499933242798,0.320250004529953,0.3257499933242798,0.0,254772000
2012-10-19,0.27692362666130066,0.30274999141693115,0.0,0.3190000057220459,0.3009999990463257,0.3167499899864197,0.0,709412000
2012-10-22,0.2737220525741577,0.2992500066757202,0.0,0.3057500123977661,0.296750009059906,0.30399999022483826,0.0,480840000
2012-10-23,0.2819546163082123,0.3082500100135803,0.0,0.31025001406669617,0.2957499921321869,0.29649999737739563,0.0,573948000
2012-10-24,0.2782958149909973,0.30425000190734863,0.0,0.31150001287460327,0.30125001072883606,0.31025001406669617,0.0,332916000
2012-10-25,0.27852436900138855,0.304500013589859,0.0,0.3100000023841858,0.3032500147819519,0.30674999952316284,0.0,307356000
2012-10-26,0.27555152773857117,0.30125001072883606,0.0,0.30674999952316284,0.30125001072883606,0.3050000071525574,0.0,389376000
2012-10-31,0.27395084500312805,0.2994999885559082,0.0,0.3050000071525574,0.29875001311302185,0.30250000953674316,0.0,347112000
2012-11-01,0.2869853377342224,0.3137499988079071,0.0,0.3140000104904175,0.3007499873638153,0.3009999990463257,0.0,473220000
2012-11-02,0.285613089799881,0.3122499883174896,0.0,0.3174999952316284,0.31025001406669617,0.31700000166893005,0.0,256700000
2012-11-05,0.2977328896522522,0.3255000114440918,0.0,0.3267500102519989,0.31150001287460327,0.31150001287460327,0.0,444840000
2012-11-06,0.2975042164325714,0.3252499997615814,0.0,0.32624998688697815,0.31975001096725464,0.32624998688697815,0.0,350804000
2012-11-07,0.2883572578430176,0.3152500092983246,0.0,0.32475000619888306,0.3137499988079071,0.3227500021457672,0.0,324620000
2012-11-08,0.28995802998542786,0.31700000166893005,0.0,0.3269999921321869,0.3162499964237213,0.3187499940395355,0.0,839024000
2012-11-09,0.27875301241874695,0.304749995470047,0.0,0.32249999046325684,0.30375000834465027,0.3187499940395355,0.0,846280000
2012-11-12,0.2725788354873657,0.2980000078678131,0.0,0.30649998784065247,0.29499998688697815,0.30524998903274536,0.0,643624000
2012-11-13,0.27052077651023865,0.2957499921321869,0.0,0.3032500147819519,0.2955000102519989,0.29649999737739563,0.0,492120000
2012-11-14,0.26388928294181824,0.28850001096725464,0.0,0.3005000054836273,0.28824999928474426,0.29750001430511475,0.0,619300000
2012-11-15,0.265032559633255,0.28975000977516174,0.0,0.29774999618530273,0.2877500057220459,0.2902500033378601,0.0,466688000
2012-11-16,0.2602304220199585,0.28450000286102295,0.0,0.29074999690055847,0.2787500023841858,0.28975000977516174,0.0,624552000
2012-11-19,0.26754799485206604,0.29249998927116394,0.0,0.29350000619888306,0.2862499952316284,0.28975000977516174,0.0,404092000
2012-11-20,0.26444104313850403,0.28725001215934753,0.001875,0.29074999690055847,0.2842499911785126,0.28949999809265137,0.0,336976000
2012-11-21,0.2720359265804291,0.2955000102519989,0.0,0.29624998569488525,0.28700000047683716,0.28725001215934753,0.0,422312000
2012-11-23,0.2738770544528961,0.29750001430511475,0.0,0.3009999990463257,0.2952499985694885,0.296750009059906,0.0,276932000
2012-11-26,0.27871018648147583,0.30274999141693115,0.0,0.3034999966621399,0.29750001430511475,0.2980000078678131,0.0,364600000
2012-11-27,0.2798609137535095,0.30399999022483826,0.0,0.3084999918937683,0.29899999499320984,0.30149999260902405,0.0,451404000
2012-11-28,0.28216248750686646,0.30649998784065247,0.0,0.30799999833106995,0.29899999499320984,0.30274999141693115,0.0,398332000
2012-11-29,0.2770991325378418,0.3009999990463257,0.0,0.3084999918937683,0.30000001192092896,0.3070000112056732,0.0,488688000
2012-11-30,0.27548813819885254,0.2992500066757202,0.0,0.30300000309944153,0.29750001430511475,0.3007499873638153,0.0,460504000
2012-12-03,0.27042484283447266,0.29374998807907104,0.0,0.30300000309944153,0.2930000126361847,0.30300000309944153,0.0,391380000
2012-12-04,0.27848008275032043,0.30250000953674316,0.0,0.30300000309944153,0.29249998927116394,0.2942500114440918,0.0,528068000
2012-12-05,0.27525803446769714,0.29899999499320984,0.0,0.3019999861717224,0.29475000500679016,0.30000001192092896,0.0,633024000
2012-12-06,0.27571821212768555,0.2994999885559082,0.0,0.30149999260902405,0.29725000262260437,0.2982499897480011,0.0,412896000
2012-12-07,0.27525803446769714,0.29899999499320984,0.0,0.30125001072883606,0.2955000102519989,0.2997500002384186,0.0,338288000
2012-12-10,0.28446394205093384,0.3089999854564667,0.0,0.3112500011920929,0.2982499897480011,0.29899999499320984,0.0,513644000
2012-12-11,0.2911382019519806,0.3162499964237213,0.0,0.320250004529953,0.30924999713897705,0.3100000023841858,0.0,816724000
2012-12-12,0.2881462574005127,0.31299999356269836,0.0,0.3190000057220459,0.31174999475479126,0.31725001335144043,0.0,399404000
2012-12-13,0.28837645053863525,0.31325000524520874,0.0,0.3192499876022339,0.31025001406669617,0.3125,0.0,377556000
2012-12-14,0.28975731134414673,0.31474998593330383,0.0,0.3179999887943268,0.3122499883174896,0.31450000405311584,0.0,338660000
2012-12-17,0.28860655426979065,0.31349998712539673,0.0,0.31575000286102295,0.3087500035762787,0.3140000104904175,0.0,445232000
2012-12-18,0.2890669107437134,0.3140000104904175,0.0,0.3174999952316284,0.3125,0.31349998712539673,0.0,416436000
2012-12-19,0.2911382019519806,0.3162499964237213,0.0,0.3199999928474426,0.3149999976158142,0.3162499964237213,0.0,458544000
2012-12-20,0.29090815782546997,0.3160000145435333,0.0,0.3177500069141388,0.3125,0.3174999952316284,0.0,334332000
2012-12-21,0.2842337191104889,0.3087500035762787,0.0,0.31174999475479126,0.30524998903274536,0.31174999475479126,0.0,462172000
2012-12-24,0.28193235397338867,0.3062500059604645,0.0,0.3095000088214874,0.30524998903274536,0.3084999918937683,0.0,127376000
2012-12-26,0.2817021608352661,0.3059999942779541,0.0,0.31049999594688416,0.304749995470047,0.30550000071525574,0.0,196740000
2012-12-27,0.2798609137535095,0.30399999022483826,0.0,0.3070000112056732,0.3005000054836273,0.30649998784065247,0.0,299804000
2012-12-28,0.27848008275032043,0.30250000953674316,0.0,0.3072499930858612,0.3007499873638153,0.30125001072883606,0.0,220600000
2012-12-31,0.28216248750686646,0.30649998784065247,0.0,0.30774998664855957,0.3007499873638153,0.30149999260902405,0.0,326460000
2013-01-02,0.2927493751049042,0.3179999887943268,0.0,0.31825000047683716,0.3127500116825104,0.3140000104904175,0.0,478836000
2013-01-03,0.29297935962677,0.31825000047683716,0.0,0.3217499852180481,0.31450000405311584,0.3179999887943268,0.0,298888000
2013-01-04,0.3026456832885742,0.32875001430511475,0.0,0.3297500014305115,0.3177500069141388,0.3187499940395355,0.0,524968000
2013-01-07,0.2938999831676483,0.3192499876022339,0.0,0.3294999897480011,0.31700000166893005,0.32850000262260437,0.0,610732000
2013-01-08,0.2874559164047241,0.3122499883174896,0.0,0.32100000977516174,0.3100000023841858,0.3199999928474426,0.0,466424000
2013-01-09,0.2810116410255432,0.30524998903274536,0.0,0.3162499964237213,0.3032500147819519,0.31474998593330383,0.0,695020000
2013-01-10,0.2814720869064331,0.3057500123977661,0.0,0.3095000088214874,0.30399999022483826,0.30799999833106995,0.0,506368000
2013-01-11,0.2810116410255432,0.30524998903274536,0.0,0.3072499930858612,0.3022499978542328,0.3070000112056732,0.0,513172000
2013-01-14,0.28078165650367737,0.3050000071525574,0.0,0.3072499930858612,0.30149999260902405,0.3072499930858612,0.0,305684000
2013-01-15,0.27571821212768555,0.2994999885559082,0.0,0.3034999966621399,0.29774999618530273,0.3034999966621399,0.0,375888000
2013-01-16,0.27824991941452026,0.3022499978542328,0.0,0.304749995470047,0.29899999499320984,0.29899999499320984,0.0,337376000
2013-01-17,0.28193235397338867,0.3062500059604645,0.0,0.3075000047683716,0.30250000953674316,0.3032500147819519,0.0,580736000
2013-01-18,0.2800910770893097,0.30425000190734863,0.0,0.3062500059604645,0.3005000054836273,0.3062500059604645,0.0,397088000
2013-01-22,0.27871018648147583,0.30274999141693115,0.0,0.30674999952316284,0.30125001072883606,0.30399999022483826,0.0,308224000
2013-01-23,0.279170423746109,0.3032500147819519,0.0,0.30399999022483826,0.30000001192092896,0.30375000834465027,0.0,421808000
2013-01-24,0.28055137395858765,0.304749995470047,0.0,0.3059999942779541,0.3007499873638153,0.3022499978542328,0.0,396980000
2013-01-25,0.28561457991600037,0.31025001406669617,0.0,0.31049999594688416,0.30375000834465027,0.30524998903274536,0.0,393920000
2013-01-28,0.29021772742271423,0.3152500092983246,0.0,0.31725001335144043,0.3109999895095825,0.31174999475479126,0.0,422492000
2013-01-29,0.28400373458862305,0.3084999918937683,0.0,0.31474998593330383,0.3072499930858612,0.3140000104904175,0.0,388872000
2013-01-30,0.28354325890541077,0.30799999833106995,0.0,0.31299999356269836,0.3070000112056732,0.3087500035762787,0.0,287592000
2013-01-31,0.28216248750686646,0.30649998784065247,0.0,0.31150001287460327,0.304500013589859,0.30799999833106995,0.0,470544000
2013-02-01,0.2846941351890564,0.30924999713897705,0.0,0.31025001406669617,0.30649998784065247,0.3089999854564667,0.0,288816000
2013-02-04,0.2798609137535095,0.30399999022483826,0.0,0.3137499988079071,0.30375000834465027,0.3075000047683716,0.0,511744000
2013-02-05,0.28630518913269043,0.3109999895095825,0.0,0.3127500116825104,0.304500013589859,0.30550000071525574,0.0,367296000
2013-02-06,0.28400373458862305,0.3084999918937683,0.0,0.3109999895095825,0.3017500042915344,0.3034999966621399,0.0,530688000
2013-02-07,0.2828528583049774,0.3072499930858612,0.0,0.3100000023841858,0.30425000190734863,0.3075000047683716,0.0,440000000
2013-02-08,0.2846941351890564,0.30924999713897705,0.0,0.31174999475479126,0.3072499930858612,0.30924999713897705,0.0,307232000
2013-02-11,0.2879161238670349,0.3127500116825104,0.0,0.3160000145435333,0.3087500035762787,0.31174999475479126,0.0,408308000
2013-02-12,0.28607499599456787,0.31075000762939453,0.0,0.31424999237060547,0.3095000088214874,0.3100000023841858,0.0,277804000
2013-02-13,0.2846941351890564,0.30924999713897705,0.0,0.3167499899864197,0.3082500100135803,0.3109999895095825,0.0,856396000
2013-02-14,0.29297935962677,0.31825000047683716,0.0,0.31850001215934753,0.30125001072883606,0.3050000071525574,0.0,882096000
2013-02-15,0.29297935962677,0.31825000047683716,0.0,0.31975001096725464,0.3112500011920929,0.3174999952316284,0.0,733860000
2013-02-19,0.2890669107437134,0.3140000104904175,0.0,0.3187499940395355,0.31200000643730164,0.31850001215934753,0.0,433552000
2013-02-20,0.284924179315567,0.3095000088214874,0.0,0.3199999928474426,0.3084999918937683,0.3149999976158142,0.0,713012000
2013-02-21,0.2828528583049774,0.3072499930858612,0.0,0.3125,0.30649998784065247,0.3089999854564667,0.0,580408000
2013-02-22,0.2881462574005127,0.31299999356269836,0.0,0.31325000524520874,0.3075000047683716,0.30924999713897705,0.0,370148000
2013-02-25,0.2830830514431,0.3075000047683716,0.0,0.3162499964237213,0.3070000112056732,0.3137499988079071,0.0,644444000
2013-02-26,0.28644078969955444,0.30924999713897705,0.001875,0.3109999895095825,0.30524998903274536,0.3062500059604645,0.0,487504000
2013-02-27,0.29176661372184753,0.3149999976158142,0.0,0.31725001335144043,0.3084999918937683,0.30924999713897705,0.0,476980000
2013-02-28,0.2931559979915619,0.3165000081062317,0.0,0.32124999165534973,0.3127500116825104,0.3140000104904175,0.0,591392000
2013-03-01,0.29431381821632385,0.3177500069141388,0.0,0.3187499940395355,0.31150001287460327,0.31424999237060547,0.0,389396000
2013-03-04,0.2931559979915619,0.3165000081062317,0.0,0.31949999928474426,0.31299999356269836,0.3154999911785126,0.0,353680000
2013-03-05,0.29639771580696106,0.3199999928474426,0.0,0.320499986410141,0.3167499899864197,0.31825000047683716,0.0,366168000
2013-03-06,0.2961662709712982,0.31975001096725464,0.0,0.32499998807907104,0.31825000047683716,0.32199999690055847,0.0,342928000
2013-03-07,0.29547151923179626,0.3190000057220459,0.0,0.32475000619888306,0.31725001335144043,0.3215000033378601,0.0,314824000
2013-03-08,0.2968609631061554,0.320499986410141,0.0,0.32199999690055847,0.31825000047683716,0.31975001096725464,0.0,246464000
2013-03-11,0.29408231377601624,0.3174999952316284,0.0,0.3187499940395355,0.31474998593330383,0.31725001335144043,0.0,299748000
2013-03-12,0.2950083613395691,0.31850001215934753,0.0,0.31949999928474426,0.3140000104904175,0.31700000166893005,0.0,310856000
2013-03-13,0.2950083613395691,0.31850001215934753,0.0,0.3240000009536743,0.3154999911785126,0.31850001215934753,0.0,485840000
2013-03-14,0.29524001479148865,0.3187499940395355,0.0,0.3215000033378601,0.3167499899864197,0.320499986410141,0.0,383304000
2013-03-15,0.2926928699016571,0.3160000145435333,0.0,0.3187499940395355,0.31474998593330383,0.3187499940395355,0.0,355776000
2013-03-18,0.29060882329940796,0.3137499988079071,0.0,0.3167499899864197,0.31150001287460327,0.3140000104904175,0.0,298312000
2013-03-19,0.28875628113746643,0.31174999475479126,0.0,0.3154999911785126,0.3095000088214874,0.3140000104904175,0.0,355480000
2013-03-20,0.29222965240478516,0.3154999911785126,0.0,0.3165000081062317,0.31200000643730164,0.31474998593330383,0.0,340588000
2013-03-21,0.28759852051734924,0.31049999594688416,0.0,0.31424999237060547,0.3100000023841858,0.3137499988079071,0.0,339032000
2013-03-22,0.2889878451824188,0.31200000643730164,0.0,0.31325000524520874,0.31025001406669617,0.31150001287460327,0.0,232476000
2013-03-25,0.28736695647239685,0.31025001406669617,0.0,0.3140000104904175,0.30799999833106995,0.3137499988079071,0.0,362076000
2013-03-26,0.28945082426071167,0.3125,0.0,0.3127500116825104,0.3097499907016754,0.3109999895095825,0.0,232540000
2013-03-27,0.2929243743419647,0.3162499964237213,0.0,0.3179999887943268,0.31049999594688416,0.3112500011920929,0.0,254944000
2013-03-28,0.2970924973487854,0.32074999809265137,0.0,0.32100000977516174,0.31325000524520874,0.3154999911785126,0.0,349276000
2013-04-01,0.28736695647239685,0.31025001406669617,0.0,0.3199999928474426,0.30799999833106995,0.3199999928474426,0.0,442828000
2013-04-02,0.2843567132949829,0.3070000112056732,0.0,0.3112500011920929,0.3050000071525574,0.31049999594688416,0.0,371524000
2013-04-03,0.2808832824230194,0.3032500147819519,0.0,0.3082500100135803,0.3009999990463257,0.30649998784065247,0.0,353156000
2013-04-04,0.2836620509624481,0.3062500059604645,0.0,0.3072499930858612,0.30125001072883606,0.3022499978542328,0.0,294676000
2013-04-05,0.2885247766971588,0.31150001287460327,0.0,0.31150001287460327,0.3009999990463257,0.3017500042915344,0.0,551352000
2013-04-08,0.2878299951553345,0.31075000762939453,0.0,0.31174999475479126,0.3050000071525574,0.31174999475479126,0.0,326660000
2013-04-09,0.2924613058567047,0.31575000286102295,0.0,0.3179999887943268,0.3087500035762787,0.3109999895095825,0.0,380584000
2013-04-10,0.2970924973487854,0.32074999809265137,0.0,0.32124999165534973,0.3152500092983246,0.3160000145435333,0.0,384688000
2013-04-11,0.29570311307907104,0.3192499876022339,0.0,0.32124999165534973,0.3075000047683716,0.3162499964237213,0.0,969220000
2013-04-12,0.3031131327152252,0.32725000381469727,0.0,0.3307499885559082,0.3179999887943268,0.32074999809265137,0.0,770548000
2013-04-15,0.2968609631061554,0.320499986410141,0.0,0.32725000381469727,0.31850001215934753,0.32624998688697815,0.0,430420000
2013-04-16,0.30010291934013367,0.3240000009536743,0.0,0.32624998688697815,0.3217499852180481,0.32350000739097595,0.0,468844000
2013-04-17,0.2961662709712982,0.31975001096725464,0.0,0.3244999945163727,0.3177500069141388,0.3215000033378601,0.0,532948000
2013-04-18,0.2903771996498108,0.31349998712539673,0.0,0.32249999046325684,0.31349998712539673,0.320499986410141,0.0,402548000
2013-04-19,0.2910718619823456,0.31424999237060547,0.0,0.3152500092983246,0.30924999713897705,0.31325000524520874,0.0,303028000
2013-04-22,0.29153499007225037,0.31474998593330383,0.0,0.3174999952316284,0.31150001287460327,0.3140000104904175,0.0,245568000
2013-04-23,0.29917651414871216,0.3230000138282776,0.0,0.32624998688697815,0.31700000166893005,0.3174999952316284,0.0,376948000
2013-04-24,0.3093651235103607,0.33399999141693115,0.0,0.33675000071525574,0.32374998927116394,0.3240000009536743,0.0,556556000
2013-04-25,0.3119124472141266,0.33675000071525574,0.0,0.3375000059604645,0.33274999260902405,0.335750013589859,0.0,353224000
2013-04-26,0.31052306294441223,0.33524999022483826,0.0,0.33675000071525574,0.3334999978542328,0.3362500071525574,0.0,324332000
2013-04-29,0.31422796845436096,0.33924999833106995,0.0,0.34049999713897705,0.33425000309944153,0.335750013589859,0.0,269712000
2013-04-30,0.31885913014411926,0.34424999356269836,0.0,0.34424999356269836,0.33774998784065247,0.3400000035762787,0.0,276712000
2013-05-01,0.31608039140701294,0.3412500023841858,0.0,0.3465000092983246,0.3400000035762787,0.34424999356269836,0.0,341316000
2013-05-02,0.31978556513786316,0.3452500104904175,0.0,0.3462499976158142,0.33899998664855957,0.3409999907016754,0.0,323480000
2013-05-03,0.32117483019828796,0.3467499911785126,0.0,0.3492499887943268,0.34549999237060547,0.3474999964237213,0.0,293864000
2013-05-06,0.3202486038208008,0.34575000405311584,0.0,0.3487499952316284,0.34375,0.3467499911785126,0.0,217116000
2013-05-07,0.31608039140701294,0.3412500023841858,0.0,0.3465000092983246,0.33799999952316284,0.34575000405311584,0.0,448068000
2013-05-08,0.32186955213546753,0.3474999964237213,0.0,0.34950000047683716,0.34049999713897705,0.34174999594688416,0.0,334032000
2013-05-09,0.32210108637809753,0.3477500081062317,0.0,0.3492499887943268,0.3407500088214874,0.3412500023841858,0.0,566800000
2013-05-10,0.3366893231868744,0.3634999990463257,0.0,0.36500000953674316,0.35499998927116394,0.35499998927116394,0.0,861136000
2013-05-13,0.32974258065223694,0.35600000619888306,0.0,0.36250001192092896,0.3544999957084656,0.3610000014305115,0.0,289812000
2013-05-14,0.33460533618927,0.36125001311302185,0.0,0.3642500042915344,0.3567500114440918,0.36024999618530273,0.0,454140000
2013-05-15,0.3403942883014679,0.3675000071525574,0.0,0.3687500059604645,0.359499990940094,0.359499990940094,0.0,313172000
2013-05-16,0.3387734591960907,0.3657500147819519,0.0,0.3707500100135803,0.3644999861717224,0.367000013589859,0.0,308368000
2013-05-17,0.3443308472633362,0.37174999713897705,0.0,0.37424999475479126,0.3647499978542328,0.3675000071525574,0.0,312116000
2013-05-20,0.343636155128479,0.3709999918937683,0.0,0.3725000023841858,0.36899998784065247,0.37024998664855957,0.0,236380000
2013-05-21,0.34724360704421997,0.37299999594688416,0.001875,0.37450000643730164,0.367000013589859,0.3712500035762787,0.0,357784000
2013-05-22,0.33514127135276794,0.36000001430511475,0.0,0.37450000643730164,0.35850000381469727,0.37450000643730164,0.0,480404000
2013-05-23,0.3404942750930786,0.3657500147819519,0.0,0.367000013589859,0.35475000739097595,0.3557499945163727,0.0,393884000
2013-05-24,0.33839958906173706,0.3634999990463257,0.0,0.36675000190734863,0.359499990940094,0.36375001072883606,0.0,283304000
2013-05-28,0.33816689252853394,0.3632499873638153,0.0,0.367249995470047,0.35975000262260437,0.36625000834465027,0.0,279300000
2013-05-29,0.3360721468925476,0.3610000014305115,0.0,0.3632499873638153,0.359499990940094,0.3610000014305115,0.0,335052000
2013-05-30,0.3404942750930786,0.3657500147819519,0.0,0.3695000112056732,0.359499990940094,0.3605000078678131,0.0,284504000
2013-05-31,0.33677050471305847,0.3617500066757202,0.0,0.36899998784065247,0.3617500066757202,0.36375001072883606,0.0,577508000
2013-06-03,0.33630502223968506,0.36125001311302185,0.0,0.36500000953674316,0.35374999046325684,0.3622500002384186,0.0,444468000
2013-06-04,0.33677050471305847,0.3617500066757202,0.0,0.3700000047683716,0.359499990940094,0.3634999990463257,0.0,363676000
2013-06-05,0.3295557200908661,0.3540000021457672,0.0,0.36399999260902405,0.3529999852180481,0.36125001311302185,0.0,464520000
2013-06-06,0.3316502869129181,0.35624998807907104,0.0,0.35899999737739563,0.35374999046325684,0.3540000021457672,0.0,341044000
2013-06-07,0.33630502223968506,0.36125001311302185,0.0,0.3634999990463257,0.35725000500679016,0.35874998569488525,0.0,274584000
2013-06-10,0.3360721468925476,0.3610000014305115,0.0,0.3632499873638153,0.3582499921321869,0.36024999618530273,0.0,224148000
2013-06-11,0.3297884166240692,0.3542500138282776,0.0,0.36125001311302185,0.3542500138282776,0.35624998807907104,0.0,296336000
2013-06-12,0.32699546217918396,0.3512499928474426,0.0,0.35899999737739563,0.3492499887943268,0.35600000619888306,0.0,312588000
2013-06-13,0.3344431221485138,0.359250009059906,0.0,0.3610000014305115,0.34975001215934753,0.3499999940395355,0.0,236256000
2013-06-14,0.33397766947746277,0.35874998569488525,0.0,0.3610000014305115,0.35624998807907104,0.3605000078678131,0.0,236012000
2013-06-17,0.3372360169887543,0.3622500002384186,0.0,0.36550000309944153,0.359499990940094,0.36149999499320984,0.0,255336000
2013-06-18,0.33514127135276794,0.36000001430511475,0.0,0.36800000071525574,0.3569999933242798,0.36399999260902405,0.0,486772000
2013-06-19,0.3453817069530487,0.3709999918937683,0.0,0.3869999945163727,0.3619999885559082,0.3632499873638153,0.0,1159588000
2013-06-20,0.3360721468925476,0.3610000014305115,0.0,0.3684999942779541,0.35850000381469727,0.36800000071525574,0.0,628696000
2013-06-21,0.3356069326400757,0.3605000078678131,0.0,0.3642500042915344,0.3544999957084656,0.3630000054836273,0.0,714228000
2013-06-24,0.32862475514411926,0.3529999852180481,0.0,0.35975000262260437,0.3477500081062317,0.3552500009536743,0.0,580772000
2013-06-25,0.33095207810401917,0.3555000126361847,0.0,0.35749998688697815,0.351749986410141,0.3567500114440918,0.0,457360000
2013-06-26,0.3290902078151703,0.35350000858306885,0.0,0.36000001430511475,0.35199999809265137,0.359499990940094,0.0,579752000
2013-06-27,0.3260645568370819,0.3502500057220459,0.0,0.35499998927116394,0.3465000092983246,0.3544999957084656,0.0,808036000
2013-06-28,0.32676273584365845,0.35100001096725464,0.0,0.3544999957084656,0.34575000405311584,0.3502500057220459,0.0,431536000
2013-07-01,0.32815930247306824,0.35249999165534973,0.0,0.3542500138282776,0.3502500057220459,0.35350000858306885,0.0,199524000
2013-07-02,0.3279264569282532,0.35225000977516174,0.0,0.35749998688697815,0.3490000069141388,0.3504999876022339,0.0,256392000
2013-07-03,0.3288573622703552,0.35324999690055847,0.0,0.35749998688697815,0.3492499887943268,0.3492499887943268,0.0,140388000
2013-07-05,0.3314175307750702,0.35600000619888306,0.0,0.3567500114440918,0.35199999809265137,0.3542500138282776,0.0,184684000
2013-07-08,0.3297884166240692,0.3542500138282776,0.0,0.35874998569488525,0.35225000977516174,0.3569999933242798,0.0,262084000
2013-07-09,0.3314175307750702,0.35600000619888306,0.0,0.3582499921321869,0.3540000021457672,0.35499998927116394,0.0,157364000
2013-07-10,0.33583956956863403,0.3607499897480011,0.0,0.3617500066757202,0.35499998927116394,0.35600000619888306,0.0,208468000
2013-07-11,0.3404942750930786,0.3657500147819519,0.0,0.36625000834465027,0.3619999885559082,0.36274999380111694,0.0,239832000
2013-07-12,0.3407270014286041,0.3659999966621399,0.0,0.3695000112056732,0.36375001072883606,0.36500000953674316,0.0,216360000
2013-07-15,0.3400287628173828,0.36524999141693115,0.0,0.36675000190734863,0.359499990940094,0.36675000190734863,0.0,201332000
2013-07-16,0.34189069271087646,0.367249995470047,0.0,0.36924999952316284,0.36500000953674316,0.36675000190734863,0.0,162560000
2013-07-17,0.3400287628173828,0.36524999141693115,0.0,0.3684999942779541,0.3642500042915344,0.367249995470047,0.0,166100000
2013-07-18,0.33863240480422974,0.36375001072883606,0.0,0.3659999966621399,0.35899999737739563,0.3647499978542328,0.0,344488000
2013-07-19,0.3314175307750702,0.35600000619888306,0.0,0.3632499873638153,0.35225000977516174,0.36149999499320984,0.0,480532000
2013-07-22,0.3311848044395447,0.3557499945163727,0.0,0.3619999885559082,0.3542500138282776,0.35874998569488525,0.0,292384000
2013-07-23,0.3307192623615265,0.3552500009536743,0.0,0.36024999618530273,0.35350000858306885,0.36024999618530273,0.0,246792000
2013-07-24,0.3307192623615265,0.3552500009536743,0.0,0.359499990940094,0.35475000739097595,0.35850000381469727,0.0,284252000
2013-07-25,0.3318830132484436,0.3564999997615814,0.0,0.36125001311302185,0.35249999165534973,0.35499998927116394,0.0,243320000
2013-07-26,0.33048662543296814,0.35499998927116394,0.0,0.35725000500679016,0.35225000977516174,0.35225000977516174,0.0,227360000
2013-07-29,0.3297884166240692,0.3542500138282776,0.0,0.35874998569488525,0.35324999690055847,0.3542500138282776,0.0,179540000
2013-07-30,0.3353740870952606,0.36024999618530273,0.0,0.36500000953674316,0.3552500009536743,0.3555000126361847,0.0,266076000
2013-07-31,0.3360721468925476,0.3610000014305115,0.0,0.3644999861717224,0.3582499921321869,0.35850000381469727,0.0,270160000
2013-08-01,0.3407270014286041,0.3659999966621399,0.0,0.36675000190734863,0.3580000102519989,0.3622500002384186,0.0,277648000
2013-08-02,0.34351974725723267,0.36899998784065247,0.0,0.3697499930858612,0.36274999380111694,0.36524999141693115,0.0,209628000
2013-08-05,0.3451489508152008,0.3707500100135803,0.0,0.3720000088214874,0.3659999966621399,0.36800000071525574,0.0,185188000
2013-08-06,0.3400287628173828,0.36524999141693115,0.0,0.37174999713897705,0.3644999861717224,0.3709999918937683,0.0,206608000
2013-08-07,0.33979612588882446,0.36500000953674316,0.0,0.3687500059604645,0.3630000054836273,0.3632499873638153,0.0,244380000
2013-08-08,0.3421233594417572,0.3675000071525574,0.0,0.36924999952316284,0.36274999380111694,0.367000013589859,0.0,345696000
2013-08-09,0.3372360169887543,0.3622500002384186,0.0,0.36774998903274536,0.3527500033378601,0.3529999852180481,0.0,906224000
2013-08-12,0.3344431221485138,0.359250009059906,0.0,0.3644999861717224,0.32774999737739563,0.3474999964237213,0.0,257568000
2013-08-13,0.3356069326400757,0.3605000078678131,0.0,0.3619999885559082,0.35749998688697815,0.35975000262260437,0.0,197468000
2013-08-14,0.3498036563396454,0.37575000524520874,0.0,0.3779999911785126,0.359499990940094,0.35975000262260437,0.0,828508000
2013-08-15,0.3521311581134796,0.37825000286102295,0.0,0.3812499940395355,0.37024998664855957,0.37174999713897705,0.0,723616000
2013-08-16,0.3535275161266327,0.37975001335144043,0.0,0.38499999046325684,0.37674999237060547,0.3774999976158142,0.0,660456000
2013-08-19,0.34794190526008606,0.3737500011920929,0.0,0.3787499964237213,0.3734999895095825,0.3774999976158142,0.0,393432000
2013-08-20,0.3496962785720825,0.3737500011920929,0.001875,0.3762499988079071,0.3712500035762787,0.37174999713897705,0.0,234192000
2013-08-21,0.3480587899684906,0.3720000088214874,0.0,0.3762499988079071,0.37049999833106995,0.3714999854564667,0.0,261540000
2013-08-22,0.3499301075935364,0.37400001287460327,0.0,0.3774999976158142,0.37174999713897705,0.37174999713897705,0.0,129016000
2013-08-23,0.3499301075935364,0.37400001287460327,0.0,0.3774999976158142,0.37325000762939453,0.37450000643730164,0.0,245120000
2013-08-26,0.3506317734718323,0.3747499883174896,0.0,0.37575000524520874,0.37325000762939453,0.37424999475479126,0.0,300152000
2013-08-27,0.3461875915527344,0.3700000047683716,0.0,0.3737500011920929,0.3687500059604645,0.3712500035762787,0.0,277464000
2013-08-28,0.3461875915527344,0.3700000047683716,0.0,0.3734999895095825,0.3684999942779541,0.3707500100135803,0.0,318824000
2013-08-29,0.34548571705818176,0.36924999952316284,0.0,0.37275001406669617,0.36774998903274536,0.3687500059604645,0.0,276216000
2013-08-30,0.3450179994106293,0.3687500059604645,0.0,0.37049999833106995,0.367000013589859,0.3695000112056732,0.0,378120000
2013-09-03,0.34525179862976074,0.36899998784065247,0.0,0.37424999475479126,0.36675000190734863,0.3697499930858612,0.0,284680000
2013-09-04,0.34852662682533264,0.3725000023841858,0.0,0.3747499883174896,0.3684999942779541,0.36899998784065247,0.0,222080000
2013-09-05,0.3494621813297272,0.3734999895095825,0.0,0.375,0.3707500100135803,0.3709999918937683,0.0,174904000
2013-09-06,0.3480587899684906,0.3720000088214874,0.0,0.37575000524520874,0.36924999952316284,0.3737500011920929,0.0,226756000
2013-09-09,0.3539066016674042,0.37825000286102295,0.0,0.37825000286102295,0.37400001287460327,0.375,0.0,246408000
2013-09-10,0.3613916337490082,0.38624998927116394,0.0,0.3865000009536743,0.3792499899864197,0.38100001215934753,0.0,292132000
2013-09-11,0.36747345328330994,0.39274999499320984,0.0,0.39375001192092896,0.382999986410141,0.3857499957084656,0.0,396164000
2013-09-12,0.3672395646572113,0.39250001311302185,0.0,0.39750000834465027,0.390749990940094,0.390749990940094,0.0,303808000
2013-09-13,0.36957862973213196,0.39500001072883606,0.0,0.39675000309944153,0.39100000262260437,0.39375001192092896,0.0,159696000
2013-09-16,0.3698125183582306,0.39524999260902405,0.0,0.4009999930858612,0.39375001192092896,0.398250013589859,0.0,231412000
2013-09-17,0.37098202109336853,0.39649999141693115,0.0,0.3997499942779541,0.39500001072883606,0.39675000309944153,0.0,168608000
2013-09-18,0.37425675988197327,0.4000000059604645,0.0,0.4009999930858612,0.3947499990463257,0.39675000309944153,0.0,268168000
2013-09-19,0.3726194202899933,0.398250013589859,0.0,0.4025000035762787,0.39649999141693115,0.40174999833106995,0.0,227572000
2013-09-20,0.36934471130371094,0.3947499990463257,0.0,0.40174999833106995,0.39399999380111694,0.39925000071525574,0.0,356036000
2013-09-23,0.3658359944820404,0.39100000262260437,0.0,0.39774999022483826,0.38874998688697815,0.3944999873638153,0.0,271244000
2013-09-24,0.3672395646572113,0.39250001311302185,0.0,0.39399999380111694,0.3889999985694885,0.39125001430511475,0.0,229732000
2013-09-25,0.3677073121070862,0.3930000066757202,0.0,0.3959999978542328,0.38999998569488525,0.3917500078678131,0.0,233156000
2013-09-26,0.36653777956962585,0.3917500078678131,0.0,0.3947499990463257,0.3894999921321869,0.39399999380111694,0.0,148816000
2013-09-27,0.36443251371383667,0.3894999921321869,0.0,0.3919999897480011,0.38725000619888306,0.38874998688697815,0.0,151920000
2013-09-30,0.36396467685699463,0.3889999985694885,0.0,0.3917500078678131,0.38324999809265137,0.3855000138282776,0.0,226640000
2013-10-01,0.3637307584285736,0.38874998688697815,0.0,0.39125001430511475,0.3865000009536743,0.3894999921321869,0.0,226976000
2013-10-02,0.363496869802475,0.38850000500679016,0.0,0.38999998569488525,0.38475000858306885,0.38475000858306885,0.0,162036000
2013-10-03,0.359754353761673,0.38449999690055847,0.0,0.3922500014305115,0.382750004529953,0.38874998688697815,0.0,436768000
2013-10-04,0.3646664321422577,0.38975000381469727,0.0,0.3930000066757202,0.382999986410141,0.3840000033378601,0.0,246228000
2013-10-07,0.3646664321422577,0.38975000381469727,0.0,0.39250001311302185,0.38624998927116394,0.3882499933242798,0.0,169952000
2013-10-08,0.361625611782074,0.3865000009536743,0.0,0.3942500054836273,0.38350000977516174,0.38874998688697815,0.0,290712000
2013-10-09,0.3560117781162262,0.3804999887943268,0.0,0.3892500102519989,0.3785000145435333,0.3889999985694885,0.0,275860000
2013-10-10,0.35998818278312683,0.38475000858306885,0.0,0.3857499957084656,0.3804999887943268,0.38324999809265137,0.0,223484000
2013-10-11,0.3569473922252655,0.3815000057220459,0.0,0.38350000977516174,0.3774999976158142,0.3787499964237213,0.0,213704000
2013-10-14,0.36232733726501465,0.38725000619888306,0.0,0.38725000619888306,0.3804999887943268,0.3804999887943268,0.0,166628000
2013-10-15,0.3604559302330017,0.3852500021457672,0.0,0.3894999921321869,0.38499999046325684,0.38725000619888306,0.0,208820000
2013-10-16,0.3649003505706787,0.38999998569488525,0.0,0.39149999618530273,0.3869999945163727,0.38749998807907104,0.0,210072000
2013-10-17,0.3656020760536194,0.390749990940094,0.0,0.3917500078678131,0.3869999945163727,0.3869999945163727,0.0,213324000
2013-10-18,0.3698125183582306,0.39524999260902405,0.0,0.39649999141693115,0.38850000500679016,0.38999998569488525,0.0,255068000
2013-10-21,0.37074801325798035,0.39625000953674316,0.0,0.40024998784065247,0.39500001072883606,0.4000000059604645,0.0,195008000
2013-10-22,0.3688768148422241,0.3942500054836273,0.0,0.39649999141693115,0.390749990940094,0.39625000953674316,0.0,179452000
2013-10-23,0.36256128549575806,0.38749998807907104,0.0,0.3935000002384186,0.38624998927116394,0.3935000002384186,0.0,252216000
2013-10-24,0.35998818278312683,0.38475000858306885,0.0,0.39100000262260437,0.3840000033378601,0.38850000500679016,0.0,236436000
2013-10-25,0.3564797043800354,0.38100001215934753,0.0,0.3869999945163727,0.37975001335144043,0.3867500126361847,0.0,330492000
2013-10-28,0.3557778596878052,0.3802500069141388,0.0,0.38225001096725464,0.375,0.3804999887943268,0.0,394024000
2013-10-29,0.35624560713768005,0.38075000047683716,0.0,0.3815000057220459,0.3762499988079071,0.37975001335144043,0.0,387952000
2013-10-30,0.3560117781162262,0.3804999887943268,0.0,0.38374999165534973,0.37724998593330383,0.38199999928474426,0.0,204032000
2013-10-31,0.3553100526332855,0.37975001335144043,0.0,0.38374999165534973,0.3790000081062317,0.38100001215934753,0.0,293368000
2013-11-01,0.3569473922252655,0.3815000057220459,0.0,0.38324999809265137,0.3787499964237213,0.3817499876022339,0.0,206136000
2013-11-04,0.34665530920028687,0.37049999833106995,0.0,0.382750004529953,0.3697499930858612,0.382750004529953,0.0,410264000
2013-11-05,0.3461875915527344,0.3700000047683716,0.0,0.37174999713897705,0.3642500042915344,0.3682500123977661,0.0,422368000
2013-11-06,0.34852662682533264,0.3725000023841858,0.0,0.37275001406669617,0.36625000834465027,0.3700000047683716,0.0,198044000
2013-11-07,0.3403397798538208,0.36375001072883606,0.0,0.3722499907016754,0.3630000054836273,0.3712500035762787,0.0,553076000
2013-11-08,0.36396467685699463,0.3889999985694885,0.0,0.39024999737739563,0.3734999895095825,0.375,0.0,734532000
2013-11-11,0.3670055866241455,0.3922500014305115,0.0,0.3932499885559082,0.3867500126361847,0.38749998807907104,0.0,297624000
2013-11-12,0.3677073121070862,0.3930000066757202,0.0,0.39625000953674316,0.38850000500679016,0.39399999380111694,0.0,316032000
2013-11-13,0.3777654469013214,0.4037500023841858,0.0,0.4037500023841858,0.39125001430511475,0.3919999897480011,0.0,332792000
2013-11-14,0.37940293550491333,0.40549999475479126,0.0,0.40799999237060547,0.4022499918937683,0.4025000035762787,0.0,307980000
2013-11-15,0.37823325395584106,0.40424999594688416,0.0,0.4074999988079071,0.40024998784065247,0.40700000524520874,0.0,450332000
2013-11-18,0.36911070346832275,0.3944999873638153,0.0,0.39899998903274536,0.3935000002384186,0.3955000042915344,0.0,316948000
2013-11-19,0.363113671541214,0.38600000739097595,0.002125,0.39399999380111694,0.3855000138282776,0.390500009059906,0.0,206716000
2013-11-20,0.35770463943481445,0.3802500069141388,0.0,0.38725000619888306,0.37950000166893005,0.38624998927116394,0.0,204776000
2013-11-21,0.3605267107486725,0.38324999809265137,0.0,0.3840000033378601,0.3790000081062317,0.38075000047683716,0.0,213568000
2013-11-22,0.3569989800453186,0.37950000166893005,0.0,0.38374999165534973,0.3787499964237213,0.38374999165534973,0.0,158668000
2013-11-25,0.36476004123687744,0.3877499997615814,0.0,0.3882499933242798,0.37950000166893005,0.37950000166893005,0.0,248208000
2013-11-26,0.3678172826766968,0.39100000262260437,0.0,0.39524999260902405,0.3894999921321869,0.3919999897480011,0.0,753176000
2013-11-27,0.3692283034324646,0.39250001311302185,0.0,0.39375001192092896,0.3882499933242798,0.390749990940094,0.0,181272000
2013-11-29,0.3668765723705292,0.38999998569488525,0.0,0.3935000002384186,0.38749998807907104,0.39250001311302185,0.0,116964000
2013-12-02,0.3704041838645935,0.39375001192092896,0.0,0.39649999141693115,0.3877499997615814,0.38850000500679016,0.0,373872000
2013-12-03,0.370169073343277,0.3935000002384186,0.0,0.39899998903274536,0.39100000262260437,0.39375001192092896,0.0,290560000
2013-12-04,0.3753429353237152,0.39899998903274536,0.0,0.3997499942779541,0.39149999618530273,0.39250001311302185,0.0,493176000
2013-12-05,0.3692283034324646,0.39250001311302185,0.0,0.3997499942779541,0.3919999897480011,0.3997499942779541,0.0,271812000
2013-12-06,0.3638192415237427,0.3867500126361847,0.0,0.3972499966621399,0.3857499957084656,0.3972499966621399,0.0,281000000
2013-12-09,0.35770463943481445,0.3802500069141388,0.0,0.3880000114440918,0.37950000166893005,0.3867500126361847,0.0,385220000
2013-12-10,0.3659357726573944,0.3889999985694885,0.0,0.390749990940094,0.37975001335144043,0.3802500069141388,0.0,524268000
2013-12-11,0.3624080419540405,0.3852500021457672,0.0,0.39024999737739563,0.38449999690055847,0.38975000381469727,0.0,414156000
2013-12-12,0.35535284876823425,0.3777500092983246,0.0,0.38600000739097595,0.37700000405311584,0.3840000033378601,0.0,258724000
2013-12-13,0.3532363176345825,0.37549999356269836,0.0,0.3812499940395355,0.375,0.3785000145435333,0.0,184588000
2013-12-16,0.3537066578865051,0.37599998712539673,0.0,0.3792499899864197,0.37549999356269836,0.37575000524520874,0.0,237620000
2013-12-17,0.35535284876823425,0.3777500092983246,0.0,0.3787499964237213,0.3725000023841858,0.37575000524520874,0.0,274104000
2013-12-18,0.36029160022735596,0.382999986410141,0.0,0.38374999165534973,0.3737500011920929,0.3785000145435333,0.0,426232000
2013-12-19,0.3617026209831238,0.38449999690055847,0.0,0.38499999046325684,0.3799999952316284,0.3824999928474426,0.0,258544000
2013-12-20,0.3689931631088257,0.3922500014305115,0.0,0.39250001311302185,0.3842499852180481,0.3852500021457672,0.0,382080000
2013-12-23,0.3711097240447998,0.3944999873638153,0.0,0.39774999022483826,0.39125001430511475,0.3944999873638153,0.0,168568000
2013-12-24,0.37205034494400024,0.3955000042915344,0.0,0.39675000309944153,0.39149999618530273,0.39675000309944153,0.0,79600000
2013-12-26,0.3685227930545807,0.3917500078678131,0.0,0.398250013589859,0.390749990940094,0.3970000147819519,0.0,168920000
2013-12-27,0.37063953280448914,0.39399999380111694,0.0,0.3947499990463257,0.39149999618530273,0.39375001192092896,0.0,210976000
2013-12-30,0.3755781650543213,0.39925000071525574,0.0,0.3995000123977661,0.39375001192092896,0.3942500054836273,0.0,248180000
2013-12-31,0.3767540454864502,0.40049999952316284,0.0,0.4025000035762787,0.39750000834465027,0.4000000059604645,0.0,235776000
2014-01-02,0.372991144657135,0.39649999141693115,0.0,0.3995000123977661,0.3930000066757202,0.39800000190734863,0.0,260092000
2014-01-03,0.3685227930545807,0.3917500078678131,0.0,0.39800000190734863,0.390500009059906,0.3972499966621399,0.0,259332000
2014-01-06,0.3734615445137024,0.3970000147819519,0.0,0.4000000059604645,0.3919999897480011,0.3957499861717224,0.0,409492000
2014-01-07,0.379576176404953,0.4034999907016754,0.0,0.4050000011920929,0.398250013589859,0.4009999930858612,0.0,333288000
2014-01-08,0.38475003838539124,0.4090000092983246,0.0,0.41100001335144043,0.4034999907016754,0.4050000011920929,0.0,308192000
2014-01-09,0.3704041838645935,0.39375001192092896,0.0,0.4034999907016754,0.39250001311302185,0.4027499854564667,0.0,292172000
2014-01-10,0.3699338734149933,0.3932499885559082,0.0,0.39774999022483826,0.38975000381469727,0.39500001072883606,0.0,218492000
2014-01-13,0.3612324297428131,0.3840000033378601,0.0,0.3957499861717224,0.38324999809265137,0.3932499885559082,0.0,243332000
2014-01-14,0.37252077460289,0.3959999978542328,0.0,0.39675000309944153,0.3842499852180481,0.38600000739097595,0.0,241828000
2014-01-15,0.3765188455581665,0.40024998784065247,0.0,0.40174999833106995,0.3959999978542328,0.39774999022483826,0.0,175044000
2014-01-16,0.37769463658332825,0.40149998664855957,0.0,0.4022499918937683,0.398499995470047,0.40024998784065247,0.0,220652000
2014-01-17,0.3760484755039215,0.3997499942779541,0.0,0.40625,0.3972499966621399,0.40149998664855957,0.0,340400000
2014-01-21,0.3774595558643341,0.4012500047683716,0.0,0.4037500023841858,0.3970000147819519,0.40024998784065247,0.0,246076000
2014-01-22,0.3769892156124115,0.4007500112056732,0.0,0.4025000035762787,0.3959999978542328,0.4020000100135803,0.0,337940000
2014-01-23,0.3755781650543213,0.39925000071525574,0.0,0.4037500023841858,0.39625000953674316,0.3995000123977661,0.0,185028000
2014-01-24,0.3659357726573944,0.3889999985694885,0.0,0.39750000834465027,0.3889999985694885,0.3959999978542328,0.0,246696000
2014-01-27,0.36358416080474854,0.3865000009536743,0.0,0.3944999873638153,0.3842499852180481,0.3889999985694885,0.0,233812000
2014-01-28,0.3671117126941681,0.39024999737739563,0.0,0.390500009059906,0.3842499852180481,0.3857499957084656,0.0,167996000
2014-01-29,0.36358416080474854,0.3865000009536743,0.0,0.39100000262260437,0.38624998927116394,0.38874998688697815,0.0,162944000
2014-01-30,0.3696986734867096,0.3930000066757202,0.0,0.39375001192092896,0.38749998807907104,0.38874998688697815,0.0,202896000
2014-01-31,0.3692283034324646,0.39250001311302185,0.0,0.3947499990463257,0.38725000619888306,0.38749998807907104,0.0,335348000
2014-02-03,0.3642895519733429,0.38725000619888306,0.0,0.3957499861717224,0.3857499957084656,0.39524999260902405,0.0,431728000
2014-02-04,0.3664061725139618,0.3894999921321869,0.0,0.39024999737739563,0.38499999046325684,0.3869999945163727,0.0,280692000
2014-02-05,0.363113671541214,0.38600000739097595,0.0,0.3880000114440918,0.382999986410141,0.3867500126361847,0.0,214676000
2014-02-06,0.3678172826766968,0.39100000262260437,0.0,0.3919999897480011,0.38600000739097595,0.3865000009536743,0.0,168380000
2014-02-07,0.3732263743877411,0.39675000309944153,0.0,0.3972499966621399,0.38850000500679016,0.3919999897480011,0.0,157248000
2014-02-10,0.3744021952152252,0.39800000190734863,0.0,0.4032500088214874,0.3959999978542328,0.39625000953674316,0.0,324372000
2014-02-11,0.3821631669998169,0.40625,0.0,0.40724998712539673,0.398250013589859,0.40024998784065247,0.0,235384000
2014-02-12,0.39580339193344116,0.4207499921321869,0.0,0.42375001311302185,0.4074999988079071,0.4074999988079071,0.0,744528000
2014-02-13,0.40826770663261414,0.4339999854564667,0.0,0.43650001287460327,0.42375001311302185,0.4312500059604645,0.0,902836000
2014-02-14,0.4212026298046112,0.4477500021457672,0.0,0.44874998927116394,0.429749995470047,0.4300000071525574,0.0,817536000
2014-02-18,0.4209672808647156,0.44749999046325684,0.0,0.4494999945163727,0.4437499940395355,0.4480000138282776,0.0,428988000
2014-02-19,0.42661160230636597,0.45350000262260437,0.0,0.45750001072883606,0.445499986410141,0.44749999046325684,0.0,450340000
2014-02-20,0.4416630268096924,0.46950000524520874,0.0,0.47049999237060547,0.45375001430511475,0.4544999897480011,0.0,398088000
2014-02-21,0.43837040662765503,0.4659999907016754,0.0,0.47475001215934753,0.46299999952316284,0.46875,0.0,451052000
2014-02-24,0.4447202682495117,0.4727500081062317,0.0,0.4762499928474426,0.460750013589859,0.4650000035762787,0.0,403112000
2014-02-25,0.4427121877670288,0.4684999883174896,0.002125,0.47200000286102295,0.4634999930858612,0.4699999988079071,0.0,242184000
2014-02-26,0.44200342893600464,0.46775001287460327,0.0,0.47450000047683716,0.4662500023841858,0.4675000011920929,0.0,360884000
2014-02-27,0.4370425343513489,0.4625000059604645,0.0,0.4724999964237213,0.4612500071525574,0.46775001287460327,0.0,388848000
2014-02-28,0.43420764803886414,0.4595000147819519,0.0,0.4645000100135803,0.45274999737739563,0.46000000834465027,0.0,321692000
2014-03-03,0.432081401348114,0.4572499990463257,0.0,0.4572499990463257,0.445250004529953,0.4492500126361847,0.0,375948000
2014-03-04,0.43657001852989197,0.4620000123977661,0.0,0.4650000035762787,0.45875000953674316,0.4595000147819519,0.0,260344000
2014-03-05,0.4403497576713562,0.4659999907016754,0.0,0.4662500023841858,0.4595000147819519,0.46149998903274536,0.0,241472000
2014-03-06,0.43420764803886414,0.4595000147819519,0.0,0.46924999356269836,0.45875000953674316,0.46674999594688416,0.0,290144000
2014-03-07,0.43373504281044006,0.45899999141693115,0.0,0.4622499942779541,0.4555000066757202,0.46149998903274536,0.0,268452000
2014-03-10,0.42735663056373596,0.45225000381469727,0.0,0.4595000147819519,0.4502499997615814,0.45750001072883606,0.0,300888000
2014-03-11,0.43160903453826904,0.4567500054836273,0.0,0.460750013589859,0.453000009059906,0.4544999897480011,0.0,297220000
2014-03-12,0.4327901303768158,0.4580000042915344,0.0,0.460750013589859,0.45274999737739563,0.4544999897480011,0.0,239428000
2014-03-13,0.41908830404281616,0.44350001215934753,0.0,0.460750013589859,0.4412499964237213,0.45899999141693115,0.0,385172000
2014-03-14,0.4209781587123871,0.445499986410141,0.0,0.4494999945163727,0.4390000104904175,0.4390000104904175,0.0,460048000
2014-03-17,0.4209781587123871,0.445499986410141,0.0,0.44999998807907104,0.4449999928474426,0.4467499852180481,0.0,299656000
2014-03-18,0.43090030550956726,0.4560000002384186,0.0,0.45899999141693115,0.445250004529953,0.44725000858306885,0.0,293904000
2014-03-19,0.4384599030017853,0.46399998664855957,0.0,0.4727500081062317,0.4582499861717224,0.4595000147819519,0.0,366168000
2014-03-20,0.43869608640670776,0.46424999833106995,0.0,0.46825000643730164,0.4595000147819519,0.46149998903274536,0.0,191800000
2014-03-21,0.437987357378006,0.4634999930858612,0.0,0.47200000286102295,0.460999995470047,0.46825000643730164,0.0,566116000
2014-03-24,0.4358613193035126,0.4612500071525574,0.0,0.4675000011920929,0.4544999897480011,0.4637500047683716,0.0,306096000
2014-03-25,0.4358613193035126,0.4612500071525574,0.0,0.46674999594688416,0.45774999260902405,0.4662500023841858,0.0,304424000
2014-03-26,0.42593929171562195,0.4507499933242798,0.0,0.4742499887943268,0.4467499852180481,0.46549999713897705,0.0,557756000
2014-03-27,0.4202694892883301,0.44475001096725464,0.0,0.45350000262260437,0.43974998593330383,0.44975000619888306,0.0,540728000
2014-03-28,0.42286816239356995,0.44749999046325684,0.0,0.4502499997615814,0.4427500069141388,0.4440000057220459,0.0,398820000
2014-03-31,0.423104465007782,0.4477500021457672,0.0,0.45225000381469727,0.445250004529953,0.4482499957084656,0.0,273404000
2014-04-01,0.440586119890213,0.4662500023841858,0.0,0.4717499911785126,0.45649999380111694,0.4620000123977661,0.0,656272000
2014-04-02,0.4377511441707611,0.4632500112056732,0.0,0.4672499895095825,0.4612500071525574,0.4662500023841858,0.0,239948000
2014-04-03,0.4424758851528168,0.46825000643730164,0.0,0.4794999957084656,0.46399998664855957,0.46424999833106995,0.0,599548000
2014-04-04,0.42877405881881714,0.45375001430511475,0.0,0.47350001335144043,0.4517500102519989,0.47075000405311584,0.0,368032000
2014-04-07,0.43019142746925354,0.45524999499320984,0.0,0.46399998664855957,0.4514999985694885,0.45399999618530273,0.0,428576000
2014-04-08,0.4455469846725464,0.4715000092983246,0.0,0.4727500081062317,0.4544999897480011,0.45524999499320984,0.0,470692000
2014-04-09,0.44507452845573425,0.47099998593330383,0.0,0.4777500033378601,0.4672499895095825,0.4737499952316284,0.0,421968000
2014-04-10,0.43420764803886414,0.4595000147819519,0.0,0.4754999876022339,0.4580000042915344,0.4690000116825104,0.0,372748000
2014-04-11,0.42806535959243774,0.453000009059906,0.0,0.46299999952316284,0.44699999690055847,0.4560000002384186,0.0,353112000
2014-04-14,0.4327901303768158,0.4580000042915344,0.0,0.4597499966621399,0.453000009059906,0.4560000002384186,0.0,290184000
2014-04-15,0.4358613193035126,0.4612500071525574,0.0,0.4637500047683716,0.45399999618530273,0.4584999978542328,0.0,304636000
2014-04-16,0.43680623173713684,0.4622499942779541,0.0,0.46399998664855957,0.45649999380111694,0.4634999930858612,0.0,235136000
2014-04-17,0.4384599030017853,0.46399998664855957,0.0,0.46825000643730164,0.4595000147819519,0.46050000190734863,0.0,153532000
2014-04-21,0.44200342893600464,0.46775001287460327,0.0,0.4690000116825104,0.4612500071525574,0.46424999833106995,0.0,117004000
2014-04-22,0.4457833468914032,0.4717499911785126,0.0,0.47475001215934753,0.4659999907016754,0.4684999883174896,0.0,255120000
2014-04-23,0.45098045468330383,0.47725000977516174,0.0,0.47850000858306885,0.4717499911785126,0.4724999964237213,0.0,261580000
2014-04-24,0.4549967646598816,0.4814999997615814,0.0,0.48649999499320984,0.4805000126361847,0.4805000126361847,0.0,391492000
2014-04-25,0.4424758851528168,0.46825000643730164,0.0,0.48500001430511475,0.4672499895095825,0.4805000126361847,0.0,313600000
2014-04-28,0.440586119890213,0.4662500023841858,0.0,0.47450000047683716,0.46050000190734863,0.47200000286102295,0.0,226788000
2014-04-29,0.4415310323238373,0.4672499895095825,0.0,0.4690000116825104,0.4620000123977661,0.46799999475479126,0.0,171300000
2014-04-30,0.4363337755203247,0.46175000071525574,0.0,0.46700000762939453,0.460750013589859,0.46650001406669617,0.0,305740000
2014-05-01,0.43869608640670776,0.46424999833106995,0.0,0.46974998712539673,0.46050000190734863,0.46875,0.0,198104000
2014-05-02,0.4353887438774109,0.460750013589859,0.0,0.46650001406669617,0.4580000042915344,0.46650001406669617,0.0,156376000
2014-05-05,0.44011372327804565,0.4657500088214874,0.0,0.46924999356269836,0.4597499966621399,0.46024999022483826,0.0,239260000
2014-05-06,0.43113645911216736,0.45625001192092896,0.0,0.4742499887943268,0.45500001311302185,0.4702500104904175,0.0,416188000
2014-05-07,0.43160903453826904,0.4567500054836273,0.0,0.46050000190734863,0.4517500102519989,0.45625001192092896,0.0,293900000
2014-05-08,0.4370425343513489,0.4625000059604645,0.0,0.46974998712539673,0.45274999737739563,0.45500001311302185,0.0,432728000
2014-05-09,0.4264116883277893,0.45124998688697815,0.0,0.45274999737739563,0.4427500069141388,0.44850000739097595,0.0,539532000
2014-05-12,0.4389324486255646,0.4645000100135803,0.0,0.46549999713897705,0.4519999921321869,0.45225000381469727,0.0,299856000
2014-05-13,0.43184518814086914,0.4569999873638153,0.0,0.4657500088214874,0.4555000066757202,0.4582499861717224,0.0,221104000
2014-05-14,0.4275929033756256,0.45249998569488525,0.0,0.45899999141693115,0.45225000381469727,0.4572499990463257,0.0,214320000
2014-05-15,0.4252305030822754,0.44999998807907104,0.0,0.45399999618530273,0.445499986410141,0.4514999985694885,0.0,325896000
2014-05-16,0.42428556084632874,0.4490000009536743,0.0,0.45225000381469727,0.4465000033378601,0.4465000033378601,0.0,283960000
2014-05-19,0.437987357378006,0.4634999930858612,0.0,0.4659999907016754,0.4517500102519989,0.45375001430511475,0.0,360076000
2014-05-20,0.43288496136665344,0.4560000002384186,0.002125,0.46274998784065247,0.45375001430511475,0.46149998903274536,0.0,256200000
2014-05-21,0.43288496136665344,0.4560000002384186,0.0,0.46175000071525574,0.453249990940094,0.45774999260902405,0.0,216712000
2014-05-22,0.4347834587097168,0.4580000042915344,0.0,0.46050000190734863,0.45500001311302185,0.45500001311302185,0.0,130364000
2014-05-23,0.4388180673122406,0.4622499942779541,0.0,0.4645000100135803,0.45774999260902405,0.46050000190734863,0.0,182656000
2014-05-27,0.44664981961250305,0.47049999237060547,0.0,0.47049999237060547,0.4634999930858612,0.4650000035762787,0.0,209680000
2014-05-28,0.45044705271720886,0.47450000047683716,0.0,0.47749999165534973,0.46775001287460327,0.4722500145435333,0.0,224676000
2014-05-29,0.4497350752353668,0.4737499952316284,0.0,0.47824999690055847,0.4727500081062317,0.4742499887943268,0.0,171884000
2014-05-30,0.45092177391052246,0.4749999940395355,0.0,0.4762499928474426,0.4712499976158142,0.4737499952316284,0.0,239128000
2014-06-02,0.44949793815612793,0.47350001335144043,0.0,0.4794999957084656,0.46950000524520874,0.476500004529953,0.0,181500000
2014-06-03,0.44759902358055115,0.4715000092983246,0.0,0.4749999940395355,0.4652499854564667,0.47450000047683716,0.0,243212000
2014-06-04,0.44807377457618713,0.47200000286102295,0.0,0.4754999876022339,0.4699999988079071,0.4702500104904175,0.0,161236000
2014-06-05,0.4499724209308624,0.4740000069141388,0.0,0.4754999876022339,0.4699999988079071,0.4727500081062317,0.0,188696000
2014-06-06,0.4516337811946869,0.47574999928474426,0.0,0.47999998927116394,0.47450000047683716,0.4762499928474426,0.0,161052000
2014-06-09,0.45210835337638855,0.4762499928474426,0.0,0.4807499945163727,0.47200000286102295,0.4752500057220459,0.0,247456000
2014-06-10,0.4544817805290222,0.47874999046325684,0.0,0.48100000619888306,0.4724999964237213,0.47450000047683716,0.0,217608000
2014-06-11,0.4604148268699646,0.48500001430511475,0.0,0.48625001311302185,0.47699999809265137,0.47699999809265137,0.0,266228000
2014-06-12,0.4632627069950104,0.4880000054836273,0.0,0.49024999141693115,0.4807499945163727,0.48500001430511475,0.0,337148000
2014-06-13,0.46373751759529114,0.4884999990463257,0.0,0.4932500123977661,0.48374998569488525,0.49300000071525574,0.0,227852000
2014-06-16,0.4623134136199951,0.4869999885559082,0.0,0.49024999141693115,0.4827499985694885,0.48625001311302185,0.0,198620000
2014-06-17,0.46539872884750366,0.49024999141693115,0.0,0.492249995470047,0.48500001430511475,0.48750001192092896,0.0,157608000
2014-06-18,0.46492403745651245,0.4897499978542328,0.0,0.492000013589859,0.484499990940094,0.48899999260902405,0.0,215536000
2014-06-19,0.454244464635849,0.47850000858306885,0.0,0.4832499921321869,0.4749999940395355,0.4807499945163727,0.0,474592000
2014-06-20,0.4492604732513428,0.47325000166893005,0.0,0.4814999997615814,0.46950000524520874,0.47975000739097595,0.0,353148000
2014-06-23,0.4440391957759857,0.46775001287460327,0.0,0.46799999475479126,0.46149998903274536,0.46700000762939453,0.0,414200000
2014-06-24,0.4371567368507385,0.46050000190734863,0.0,0.47075000405311584,0.4584999978542328,0.46700000762939453,0.0,275780000
2014-06-25,0.4416659474372864,0.4652499854564667,0.0,0.46549999713897705,0.45750001072883606,0.46175000071525574,0.0,215420000
2014-06-26,0.43573272228240967,0.45899999141693115,0.0,0.46549999713897705,0.45750001072883606,0.4652499854564667,0.0,256908000
2014-06-27,0.43620750308036804,0.4595000147819519,0.0,0.4622499942779541,0.4557499885559082,0.4584999978542328,0.0,302820000
2014-06-30,0.4400046169757843,0.4634999930858612,0.0,0.4647499918937683,0.45774999260902405,0.45774999260902405,0.0,180512000
2014-07-01,0.4449886083602905,0.46875,0.0,0.4715000092983246,0.46149998903274536,0.46299999952316284,0.0,321180000
2014-07-02,0.44332727789878845,0.46700000762939453,0.0,0.4690000116825104,0.46424999833106995,0.46700000762939453,0.0,179284000
2014-07-03,0.44736188650131226,0.4712499976158142,0.0,0.4724999964237213,0.46274998784065247,0.46274998784065247,0.0,136892000
2014-07-07,0.44380199909210205,0.4675000011920929,0.0,0.4722500145435333,0.46674999594688416,0.47200000286102295,0.0,127496000
2014-07-08,0.4402420222759247,0.4637500047683716,0.0,0.46825000643730164,0.45925000309944153,0.4662500023841858,0.0,221940000
2014-07-09,0.45353230834007263,0.4777500033378601,0.0,0.47975000739097595,0.46424999833106995,0.46775001287460327,0.0,387668000
2014-07-10,0.45115911960601807,0.4752500057220459,0.0,0.47725000977516174,0.4650000035762787,0.46875,0.0,266308000
2014-07-11,0.45210835337638855,0.4762499928474426,0.0,0.4777500033378601,0.4740000069141388,0.47574999928474426,0.0,191188000
2014-07-14,0.4578043222427368,0.48225000500679016,0.0,0.48350000381469727,0.476500004529953,0.47824999690055847,0.0,272636000
2014-07-15,0.45970281958580017,0.484250009059906,0.0,0.4855000078678131,0.47975000739097595,0.4830000102519989,0.0,395440000
2014-07-16,0.45922812819480896,0.48374998569488525,0.0,0.49000000953674316,0.48100000619888306,0.48625001311302185,0.0,319728000
2014-07-17,0.45804163813591003,0.48249998688697815,0.0,0.48750001192092896,0.47824999690055847,0.47824999690055847,0.0,324832000
2014-07-18,0.43763139843940735,0.460999995470047,0.0,0.4762499928474426,0.46024999022483826,0.4724999964237213,0.0,567816000
2014-07-21,0.4402420222759247,0.4637500047683716,0.0,0.46700000762939453,0.45925000309944153,0.45925000309944153,0.0,243364000
2014-07-22,0.43834343552589417,0.46175000071525574,0.0,0.46974998712539673,0.460750013589859,0.4672499895095825,0.0,298816000
2014-07-23,0.42908763885498047,0.4519999921321869,0.0,0.4622499942779541,0.4514999985694885,0.4620000123977661,0.0,297352000
2014-07-24,0.4297995865345001,0.45274999737739563,0.0,0.4557499885559082,0.4494999945163727,0.4544999897480011,0.0,254576000
2014-07-25,0.4222051501274109,0.44475001096725464,0.0,0.45225000381469727,0.4440000057220459,0.45124998688697815,0.0,266132000
2014-07-28,0.4205438494682312,0.4429999887943268,0.0,0.4467499852180481,0.43549999594688416,0.4467499852180481,0.0,330352000
2014-07-29,0.42196786403656006,0.44449999928474426,0.0,0.4505000114440918,0.4429999887943268,0.44325000047683716,0.0,217972000
2014-07-30,0.42908763885498047,0.4519999921321869,0.0,0.453249990940094,0.44600000977516174,0.44725000858306885,0.0,246184000
2014-07-31,0.41532260179519653,0.4375,0.0,0.44999998807907104,0.43674999475479126,0.4465000033378601,0.0,401880000
2014-08-01,0.419831782579422,0.44225001335144043,0.0,0.44475001096725464,0.4359999895095825,0.4375,0.0,219884000
2014-08-04,0.4188826382160187,0.4412499964237213,0.0,0.445499986410141,0.4390000104904175,0.4417499899864197,0.0,241724000
2014-08-05,0.4191199243068695,0.4415000081062317,0.0,0.4480000138282776,0.4362500011920929,0.4399999976158142,0.0,298136000
2014-08-06,0.41864514350891113,0.4410000145435333,0.0,0.4465000033378601,0.43525001406669617,0.43849998712539673,0.0,223456000
2014-08-07,0.41437360644340515,0.43650001287460327,0.0,0.44874998927116394,0.4334999918937683,0.44475001096725464,0.0,407696000
2014-08-08,0.45092177391052246,0.4749999940395355,0.0,0.47749999165534973,0.4555000066757202,0.4555000066757202,0.0,894348000
2014-08-11,0.44854846596717834,0.4724999964237213,0.0,0.47749999165534973,0.4712499976158142,0.4754999876022339,0.0,344624000
2014-08-12,0.44854846596717834,0.4724999964237213,0.0,0.4749999940395355,0.4672499895095825,0.4722500145435333,0.0,296152000
2014-08-13,0.45115911960601807,0.4752500057220459,0.0,0.4792500138282776,0.4702500104904175,0.47325000166893005,0.0,256596000
2014-08-14,0.446175217628479,0.4699999988079071,0.0,0.47699999809265137,0.46799999475479126,0.47699999809265137,0.0,255992000
2014-08-15,0.4518710970878601,0.47600001096725464,0.0,0.47874999046325684,0.46700000762939453,0.4715000092983246,0.0,369796000
2014-08-18,0.45804163813591003,0.48249998688697815,0.0,0.4830000102519989,0.47325000166893005,0.4779999852180481,0.0,284076000
2014-08-19,0.46173641085624695,0.484250009059906,0.002125,0.4867500066757202,0.47874999046325684,0.4805000126361847,0.0,248260000
2014-08-20,0.4588759243488312,0.48124998807907104,0.0,0.48475000262260437,0.47999998927116394,0.48249998688697815,0.0,221468000
2014-08-21,0.4545850157737732,0.476749986410141,0.0,0.48249998688697815,0.47600001096725464,0.47999998927116394,0.0,272796000
2014-08-22,0.45482346415519714,0.47699999809265137,0.0,0.48100000619888306,0.47325000166893005,0.4762499928474426,0.0,251224000
2014-08-25,0.45553863048553467,0.4777500033378601,0.0,0.48225000500679016,0.476749986410141,0.4790000021457672,0.0,153380000
2014-08-26,0.46364352107048035,0.48625001311302185,0.0,0.4872500002384186,0.47725000977516174,0.4790000021457672,0.0,269636000
2014-08-27,0.4583989977836609,0.4807499945163727,0.0,0.4869999885559082,0.47999998927116394,0.4832499921321869,0.0,182972000
2014-08-28,0.4622131288051605,0.48475000262260437,0.0,0.4857499897480011,0.47824999690055847,0.47975000739097595,0.0,179704000
2014-08-29,0.46364352107048035,0.48625001311302185,0.0,0.4872500002384186,0.48124998807907104,0.48649999499320984,0.0,207932000
2014-09-02,0.4648352861404419,0.48750001192092896,0.0,0.48750001192092896,0.4830000102519989,0.48750001192092896,0.0,192636000
2014-09-03,0.4691260755062103,0.492000013589859,0.0,0.4937500059604645,0.4867500066757202,0.49000000953674316,0.0,259456000
2014-09-04,0.4774693250656128,0.5007500052452087,0.0,0.5037500262260437,0.4909999966621399,0.49125000834465027,0.0,491832000
2014-09-05,0.4760391414165497,0.49924999475479126,0.0,0.5024999976158142,0.4959999918937683,0.500249981880188,0.0,253792000
2014-09-08,0.4717481732368469,0.4947499930858612,0.0,0.4997499883174896,0.49274998903274536,0.4987500011920929,0.0,319288000
2014-09-09,0.46578893065452576,0.4884999990463257,0.0,0.4957500100135803,0.4880000054836273,0.4925000071525574,0.0,198588000
2014-09-10,0.4674574136734009,0.49024999141693115,0.0,0.492000013589859,0.4857499897480011,0.49125000834465027,0.0,172376000
2014-09-11,0.46268996596336365,0.48524999618530273,0.0,0.4884999990463257,0.47999998927116394,0.4867500066757202,0.0,250720000
2014-09-12,0.4557769298553467,0.4779999852180481,0.0,0.4882499873638153,0.47749999165534973,0.4882499873638153,0.0,262536000
2014-09-15,0.449579119682312,0.4715000092983246,0.0,0.4802500009536743,0.46950000524520874,0.4794999957084656,0.0,294152000
2014-09-16,0.4562537670135498,0.47850000858306885,0.0,0.48100000619888306,0.46875,0.4702500104904175,0.0,219936000
2014-09-17,0.45649218559265137,0.47874999046325684,0.0,0.4832499921321869,0.4749999940395355,0.47725000977516174,0.0,173584000
2014-09-18,0.4634051024913788,0.4860000014305115,0.0,0.48649999499320984,0.4802500009536743,0.4817500114440918,0.0,219604000
2014-09-19,0.45482346415519714,0.47699999809265137,0.0,0.4880000054836273,0.4762499928474426,0.48750001192092896,0.0,601316000
2014-09-22,0.4502943158149719,0.4722500145435333,0.0,0.4867500066757202,0.4717499911785126,0.4867500066757202,0.0,221464000
2014-09-23,0.4483872950077057,0.4702500104904175,0.0,0.4754999876022339,0.46799999475479126,0.46974998712539673,0.0,196144000
2014-09-24,0.4510093033313751,0.4729999899864197,0.0,0.47450000047683716,0.46950000524520874,0.4699999988079071,0.0,159592000
2014-09-25,0.4412359893321991,0.46274998784065247,0.0,0.4737499952316284,0.46175000071525574,0.4724999964237213,0.0,298440000
2014-09-26,0.4421895146369934,0.4637500047683716,0.0,0.4672499895095825,0.4622499942779541,0.46424999833106995,0.0,241188000
2014-09-29,0.4414742588996887,0.46299999952316284,0.0,0.4662500023841858,0.4555000066757202,0.46000000834465027,0.0,208540000
2014-09-30,0.4398057758808136,0.4612500071525574,0.0,0.4645000100135803,0.4557499885559082,0.460999995470047,0.0,277204000
2014-10-01,0.4355149567127228,0.4567500054836273,0.0,0.4652499854564667,0.4555000066757202,0.4620000123977661,0.0,350976000
2014-10-02,0.43360790610313416,0.4547500014305115,0.0,0.4582499861717224,0.4442499876022339,0.4560000002384186,0.0,288996000
2014-10-03,0.43456143140792847,0.4557499885559082,0.0,0.4637500047683716,0.4557499885559082,0.45750001072883606,0.0,239140000
2014-10-06,0.43193933367729187,0.453000009059906,0.0,0.4612500071525574,0.44999998807907104,0.45750001072883606,0.0,199032000
2014-10-07,0.42741018533706665,0.4482499957084656,0.0,0.4555000066757202,0.4477500021457672,0.45100000500679016,0.0,301896000
2014-10-08,0.4352766275405884,0.45649999380111694,0.0,0.45875000953674316,0.4442499876022339,0.4477500021457672,0.0,260172000
2014-10-09,0.4269334375858307,0.4477500021457672,0.0,0.45500001311302185,0.4440000057220459,0.4544999897480011,0.0,306956000
2014-10-10,0.40166541934013367,0.42124998569488525,0.0,0.44574999809265137,0.42100000381469727,0.4442499876022339,0.0,691376000
2014-10-13,0.400235116481781,0.41975000500679016,0.0,0.4325000047683716,0.4192500114440918,0.42399999499320984,0.0,397628000
2014-10-14,0.40953192114830017,0.429500013589859,0.0,0.4412499964237213,0.4230000078678131,0.4255000054836273,0.0,376620000
2014-10-15,0.4157296419143677,0.4359999895095825,0.0,0.43825000524520874,0.4205000102519989,0.4232499897480011,0.0,404428000
2014-10-16,0.41596800088882446,0.4362500011920929,0.0,0.4412499964237213,0.4272499978542328,0.4282500147819519,0.0,351116000
2014-10-17,0.4152528941631317,0.43549999594688416,0.0,0.4465000033378601,0.4337500035762787,0.4415000081062317,0.0,290716000
2014-10-20,0.41882848739624023,0.43924999237060547,0.0,0.44325000047683716,0.4325000047683716,0.43549999594688416,0.0,200336000
2014-10-21,0.43670687079429626,0.4580000042915344,0.0,0.4584999978542328,0.4412499964237213,0.4424999952316284,0.0,351092000
2014-10-22,0.42645666003227234,0.44725000858306885,0.0,0.45875000953674316,0.44725000858306885,0.4572499990463257,0.0,239512000
2014-10-23,0.43599164485931396,0.4572499990463257,0.0,0.46050000190734863,0.4517500102519989,0.45500001311302185,0.0,214476000
2014-10-24,0.4405209422111511,0.4620000123977661,0.0,0.4647499918937683,0.4572499990463257,0.46000000834465027,0.0,210156000
2014-10-27,0.44075921177864075,0.4622499942779541,0.0,0.46399998664855957,0.4567500054836273,0.46175000071525574,0.0,145092000
2014-10-28,0.45124778151512146,0.47325000166893005,0.0,0.4737499952316284,0.46050000190734863,0.460999995470047,0.0,192580000
2014-10-29,0.4483872950077057,0.4702500104904175,0.0,0.4740000069141388,0.4659999907016754,0.4712499976158142,0.0,168340000
2014-10-30,0.44552674889564514,0.4672499895095825,0.0,0.47099998593330383,0.4612500071525574,0.4690000116825104,0.0,170260000
2014-10-31,0.46578893065452576,0.4884999990463257,0.0,0.48875001072883606,0.4754999876022339,0.4779999852180481,0.0,256316000
2014-11-03,0.47365516424179077,0.49674999713897705,0.0,0.5015000104904175,0.49424999952316284,0.4997499883174896,0.0,308732000
2014-11-04,0.479853093624115,0.503250002861023,0.0,0.5049999952316284,0.49175000190734863,0.5,0.0,360196000
2014-11-05,0.479853093624115,0.503250002861023,0.0,0.5065000057220459,0.49950000643730164,0.5062500238418579,0.0,335652000
2014-11-06,0.48199838399887085,0.5055000185966492,0.0,0.5062500238418579,0.4964999854564667,0.5042499899864197,0.0,394088000
2014-11-07,0.4717481732368469,0.4947499930858612,0.0,0.5172500014305115,0.4897499978542328,0.5112500190734863,0.0,450800000
2014-11-10,0.4772309958934784,0.5005000233650208,0.0,0.5037500262260437,0.49300000071525574,0.49424999952316284,0.0,293388000
2014-11-11,0.4715098440647125,0.4945000112056732,0.0,0.500249981880188,0.49024999141693115,0.4975000023841858,0.0,212992000
2014-11-12,0.46841105818748474,0.49125000834465027,0.0,0.49399998784065247,0.484499990940094,0.49274998903274536,0.0,204584000
2014-11-13,0.4660271406173706,0.48875001072883606,0.0,0.4937500059604645,0.48475000262260437,0.49300000071525574,0.0,225328000
2014-11-14,0.4717481732368469,0.4947499930858612,0.0,0.4947499930858612,0.484499990940094,0.4892500042915344,0.0,160248000
2014-11-17,0.4696028232574463,0.4925000071525574,0.0,0.49775001406669617,0.4892500042915344,0.4925000071525574,0.0,158732000
2014-11-18,0.4808065593242645,0.5042499899864197,0.0,0.5055000185966492,0.49149999022483826,0.49274998903274536,0.0,207772000
2014-11-19,0.479011207818985,0.500249981880188,0.002125,0.5040000081062317,0.4950000047683716,0.5024999976158142,0.0,240300000
2014-11-20,0.4869109094142914,0.5084999799728394,0.0,0.5090000033378601,0.49524998664855957,0.49674999713897705,0.0,220968000
2014-11-21,0.4895440638065338,0.5112500190734863,0.0,0.5137500166893005,0.5070000290870667,0.5130000114440918,0.0,198976000
2014-11-24,0.4926561713218689,0.5145000219345093,0.0,0.5167499780654907,0.5105000138282776,0.512499988079071,0.0,136004000
2014-11-25,0.4924169182777405,0.5142499804496765,0.0,0.5180000066757202,0.512499988079071,0.5134999752044678,0.0,190240000
2014-11-26,0.5007952451705933,0.5230000019073486,0.0,0.5235000252723694,0.5109999775886536,0.5112500190734863,0.0,219264000
2014-11-28,0.5019919872283936,0.5242499709129333,0.0,0.5272499918937683,0.5199999809265137,0.5247499942779541,0.0,124832000
2014-12-01,0.4926561713218689,0.5145000219345093,0.0,0.5249999761581421,0.5137500166893005,0.5220000147819519,0.0,190060000
2014-12-02,0.49337443709373474,0.515250027179718,0.0,0.5174999833106995,0.5092499852180481,0.5139999985694885,0.0,245952000
2014-12-03,0.5060617327690125,0.5285000205039978,0.0,0.5287500023841858,0.5162500143051147,0.5177500247955322,0.0,284424000
2014-12-04,0.5015134215354919,0.5237500071525574,0.0,0.5297499895095825,0.5202500224113464,0.5277500152587891,0.0,185332000
2014-12-05,0.5043861865997314,0.5267500281333923,0.0,0.5295000076293945,0.5237500071525574,0.5239999890327454,0.0,165680000
2014-12-08,0.4979226887226105,0.5199999809265137,0.0,0.53125,0.515749990940094,0.5260000228881836,0.0,226944000
2014-12-09,0.49624696373939514,0.5182499885559082,0.0,0.5195000171661377,0.5090000033378601,0.5167499780654907,0.0,239448000
2014-12-10,0.48523518443107605,0.5067499876022339,0.0,0.518750011920929,0.5062500238418579,0.5167499780654907,0.0,204364000
2014-12-11,0.48499593138694763,0.5065000057220459,0.0,0.5132499933242798,0.5055000185966492,0.5097500085830688,0.0,135652000
2014-12-12,0.4699145555496216,0.4907500147819519,0.0,0.5042499899864197,0.49024999141693115,0.4997499883174896,0.0,323964000
2014-12-15,0.46847808361053467,0.4892500042915344,0.0,0.5055000185966492,0.48774999380111694,0.4964999854564667,0.0,254696000
2014-12-16,0.46321168541908264,0.48374998569488525,0.0,0.4964999854564667,0.48350000381469727,0.48875001072883606,0.0,185308000
2014-12-17,0.48212316632270813,0.5034999847412109,0.0,0.5042499899864197,0.47749999165534973,0.4934999942779541,0.0,345596000
2014-12-18,0.48403823375701904,0.5055000185966492,0.0,0.515749990940094,0.5007500052452087,0.5097500085830688,0.0,226156000
2014-12-19,0.48882606625556946,0.5105000138282776,0.0,0.512499988079071,0.5042499899864197,0.5090000033378601,0.0,325528000
2014-12-22,0.49744391441345215,0.5195000171661377,0.0,0.5195000171661377,0.5082499980926514,0.5099999904632568,0.0,148976000
2014-12-23,0.4943319261074066,0.5162500143051147,0.0,0.5260000228881836,0.515749990940094,0.5235000252723694,0.0,109280000
2014-12-24,0.4924169182777405,0.5142499804496765,0.0,0.5182499885559082,0.5137500166893005,0.5174999833106995,0.0,45644000
2014-12-26,0.49289560317993164,0.5147500038146973,0.0,0.5174999833106995,0.5130000114440918,0.5142499804496765,0.0,52636000
2014-12-29,0.4921775460243225,0.5139999985694885,0.0,0.5174999833106995,0.5107499957084656,0.5132499933242798,0.0,82944000
2014-12-30,0.48762908577919006,0.5092499852180481,0.0,0.5130000114440918,0.5084999799728394,0.5105000138282776,0.0,112120000
2014-12-31,0.47996875643730164,0.5012500286102295,0.0,0.5127500295639038,0.4997499883174896,0.5099999904632568,0.0,166300000
2015-01-02,0.4818837642669678,0.503250002861023,0.0,0.5070000290870667,0.49524998664855957,0.503250002861023,0.0,113680000
2015-01-05,0.4737447202205658,0.4947499930858612,0.0,0.5047500133514404,0.4925000071525574,0.503250002861023,0.0,197952000
2015-01-06,0.4593815803527832,0.47975000739097595,0.0,0.4959999918937683,0.4792500138282776,0.49549999833106995,0.0,197764000
2015-01-07,0.4581846296787262,0.47850000858306885,0.0,0.48750001192092896,0.47699999809265137,0.4832499921321869,0.0,321808000
2015-01-08,0.47542035579681396,0.4964999854564667,0.0,0.49950000643730164,0.48374998569488525,0.48399999737739563,0.0,283780000
2015-01-09,0.47733551263809204,0.4984999895095825,0.0,0.5022500157356262,0.49149999022483826,0.49825000762939453,0.0,209540000
2015-01-12,0.4713507890701294,0.492249995470047,0.0,0.5,0.48774999380111694,0.4997499883174896,0.0,190732000
2015-01-13,0.4706326127052307,0.49149999022483826,0.0,0.5059999823570251,0.4880000054836273,0.4959999918937683,0.0,236720000
2015-01-14,0.472547709941864,0.4934999942779541,0.0,0.4950000047683716,0.48500001430511475,0.48625001311302185,0.0,155260000
2015-01-15,0.46919646859169006,0.49000000953674316,0.0,0.5,0.4897499978542328,0.4970000088214874,0.0,188932000
2015-01-16,0.47781431674957275,0.49900001287460327,0.0,0.49950000643730164,0.48774999380111694,0.4892500042915344,0.0,181512000
2015-01-20,0.47925060987472534,0.5005000233650208,0.0,0.5052499771118164,0.49424999952316284,0.5024999976158142,0.0,140308000
2015-01-21,0.48595327138900757,0.5074999928474426,0.0,0.5087500214576721,0.49424999952316284,0.49775001406669617,0.0,144780000
2015-01-22,0.4943319261074066,0.5162500143051147,0.0,0.5177500247955322,0.503250002861023,0.5084999799728394,0.0,159712000
2015-01-23,0.495768278837204,0.5177500247955322,0.0,0.518750011920929,0.512499988079071,0.5167499780654907,0.0,120416000
2015-01-26,0.49361351132392883,0.515500009059906,0.0,0.5180000066757202,0.5122500061988831,0.515500009059906,0.0,133240000
2015-01-27,0.4699145555496216,0.4907500147819519,0.0,0.5080000162124634,0.4897499978542328,0.5074999928474426,0.0,357948000
2015-01-28,0.4622541666030884,0.4827499985694885,0.0,0.4987500011920929,0.48249998688697815,0.49674999713897705,0.0,272728000
2015-01-29,0.4735051989555359,0.4945000112056732,0.0,0.4972499907016754,0.4807499945163727,0.4830000102519989,0.0,235340000
2015-01-30,0.4596208930015564,0.47999998927116394,0.0,0.49674999713897705,0.4792500138282776,0.4909999966621399,0.0,298200000
2015-02-02,0.4696751534938812,0.49050000309944153,0.0,0.4925000071525574,0.47350001335144043,0.4830000102519989,0.0,259604000
2015-02-03,0.4814049303531647,0.5027499794960022,0.0,0.503250002861023,0.49149999022483826,0.49399998784065247,0.0,183468000
2015-02-04,0.48260197043418884,0.5040000081062317,0.0,0.5097500085830688,0.4997499883174896,0.5012500286102295,0.0,181516000
2015-02-05,0.49050173163414,0.5122500061988831,0.0,0.512499988079071,0.5040000081062317,0.5044999718666077,0.0,140448000
2015-02-06,0.48834723234176636,0.5099999904632568,0.0,0.5177500247955322,0.5077499747276306,0.5117499828338623,0.0,210524000
2015-02-09,0.48786845803260803,0.5095000267028809,0.0,0.5109999775886536,0.5037500262260437,0.5070000290870667,0.0,273944000
2015-02-10,0.5015134215354919,0.5237500071525574,0.0,0.5239999890327454,0.5077499747276306,0.5099999904632568,0.0,226204000
2015-02-11,0.49816200137138367,0.5202500224113464,0.0,0.5249999761581421,0.5167499780654907,0.5249999761581421,0.0,320832000
2015-02-12,0.5338307619094849,0.5575000047683716,0.0,0.5625,0.546750009059906,0.550000011920929,0.0,676904000
2015-02-13,0.5340697765350342,0.5577499866485596,0.0,0.5584999918937683,0.5477499961853027,0.5562499761581421,0.0,310084000
2015-02-17,0.5357455015182495,0.559499979019165,0.0,0.562250018119812,0.5532500147819519,0.5567499995231628,0.0,203340000
2015-02-18,0.5295214653015137,0.5529999732971191,0.0,0.5597500205039978,0.5519999861717224,0.5587499737739563,0.0,170948000
2015-02-19,0.5309577584266663,0.5544999837875366,0.0,0.5609999895095825,0.5519999861717224,0.5600000023841858,0.0,169432000
2015-02-20,0.5347880125045776,0.5584999918937683,0.0,0.5587499737739563,0.550000011920929,0.5540000200271606,0.0,157752000
2015-02-23,0.5304791927337646,0.5540000200271606,0.0,0.5582500100135803,0.5512499809265137,0.5582500100135803,0.0,125008000
2015-02-24,0.5361265540122986,0.5577499866485596,0.002125,0.5577499866485596,0.5490000247955322,0.5540000200271606,0.0,149356000
2015-02-25,0.5320409536361694,0.5534999966621399,0.0,0.5580000281333923,0.5509999990463257,0.5554999709129333,0.0,123820000
2015-02-26,0.53348308801651,0.5550000071525574,0.0,0.5582500100135803,0.5504999756813049,0.5540000200271606,0.0,152864000
2015-02-27,0.5301187038421631,0.5515000224113464,0.0,0.5547500252723694,0.5494999885559082,0.5534999966621399,0.0,157492000
2015-03-02,0.5430952310562134,0.5649999976158142,0.0,0.5680000185966492,0.5492500066757202,0.550000011920929,0.0,301512000
2015-03-03,0.5330021381378174,0.5544999837875366,0.0,0.5634999871253967,0.5527499914169312,0.5607500076293945,0.0,160344000
2015-03-04,0.5390099287033081,0.5607500076293945,0.0,0.5619999766349792,0.5502499938011169,0.5525000095367432,0.0,226840000
2015-03-05,0.5493432879447937,0.5715000033378601,0.0,0.5724999904632568,0.559249997138977,0.5607500076293945,0.0,323056000
2015-03-06,0.5418938994407654,0.5637500286102295,0.0,0.5709999799728394,0.5632500052452087,0.5682500004768372,0.0,257392000
2015-03-09,0.543335497379303,0.5652499794960022,0.0,0.5695000290870667,0.562749981880188,0.5640000104904175,0.0,222388000
2015-03-10,0.5527074933052063,0.574999988079071,0.0,0.5787500143051147,0.5667499899864197,0.5677499771118164,0.0,527212000
2015-03-11,0.5498238801956177,0.5720000267028809,0.0,0.5824999809265137,0.5705000162124634,0.574999988079071,0.0,262120000
2015-03-12,0.5447776317596436,0.5667499899864197,0.0,0.5707499980926514,0.5559999942779541,0.5665000081062317,0.0,406972000
2015-03-13,0.5454985499382019,0.5674999952316284,0.0,0.5690000057220459,0.5562499761581421,0.5640000104904175,0.0,359288000
2015-03-16,0.5519867539405823,0.5742499828338623,0.0,0.577750027179718,0.5682500004768372,0.5720000267028809,0.0,236956000
2015-03-17,0.5587149858474731,0.581250011920929,0.0,0.5814999938011169,0.5690000057220459,0.5730000138282776,0.0,299900000
2015-03-18,0.5495836734771729,0.5717499852180481,0.0,0.5842499732971191,0.5665000081062317,0.581250011920929,0.0,413844000
2015-03-19,0.5579944849014282,0.5805000066757202,0.0,0.5824999809265137,0.5695000290870667,0.5737500190734863,0.0,310756000
2015-03-20,0.5640020966529846,0.5867499709129333,0.0,0.5902500152587891,0.5797500014305115,0.5852500200271606,0.0,462084000
2015-03-23,0.5457388162612915,0.5677499771118164,0.0,0.5767499804496765,0.5674999952316284,0.5692499876022339,0.0,426012000
2015-03-24,0.538288950920105,0.5600000023841858,0.0,0.5699999928474426,0.5575000047683716,0.5659999847412109,0.0,330480000
2015-03-25,0.5056073069572449,0.5260000228881836,0.0,0.5597500205039978,0.5242499709129333,0.5597500205039978,0.0,542552000
2015-03-26,0.5039247274398804,0.5242499709129333,0.0,0.5264999866485596,0.5115000009536743,0.515250027179718,0.0,311920000
2015-03-27,0.5137777328491211,0.534500002861023,0.0,0.5364999771118164,0.518750011920929,0.5272499918937683,0.0,318288000
2015-03-30,0.5159406065940857,0.5367500185966492,0.0,0.5394999980926514,0.5299999713897705,0.5370000004768372,0.0,253252000
2015-03-31,0.5029639005661011,0.5232499837875366,0.0,0.5357499718666077,0.5227500200271606,0.5352500081062317,0.0,357276000
2015-04-01,0.504886269569397,0.5252500176429749,0.0,0.5270000100135803,0.5162500143051147,0.5252500176429749,0.0,330768000
2015-04-02,0.5060878992080688,0.5264999866485596,0.0,0.5297499895095825,0.5220000147819519,0.528249979019165,0.0,192204000
2015-04-06,0.5207467079162598,0.5417500138282776,0.0,0.5435000061988831,0.518750011920929,0.5242499709129333,0.0,515864000
2015-04-07,0.5253126621246338,0.546500027179718,0.0,0.5525000095367432,0.5387499928474426,0.5417500138282776,0.0,413964000
2015-04-08,0.5291574597358704,0.5504999756813049,0.0,0.5525000095367432,0.5417500138282776,0.546999990940094,0.0,366432000
2015-04-09,0.5414131283760071,0.5632500052452087,0.0,0.5649999976158142,0.5460000038146973,0.5462499856948853,0.0,379432000
2015-04-10,0.54694002866745,0.5690000057220459,0.0,0.5692499876022339,0.5617499947547913,0.5637500286102295,0.0,258728000
2015-04-13,0.5418938994407654,0.5637500286102295,0.0,0.5709999799728394,0.5612499713897705,0.5677499771118164,0.0,236724000
2015-04-14,0.5373278856277466,0.5590000152587891,0.0,0.5637500286102295,0.5534999966621399,0.5615000128746033,0.0,220276000
2015-04-15,0.5438164472579956,0.565750002861023,0.0,0.5699999928474426,0.5577499866485596,0.5605000257492065,0.0,243560000
2015-04-16,0.5404520034790039,0.562250018119812,0.0,0.5672500133514404,0.5582500100135803,0.5625,0.0,155284000
2015-04-17,0.53348308801651,0.5550000071525574,0.0,0.5605000257492065,0.5502499938011169,0.5504999756813049,0.0,293636000
2015-04-20,0.530839741230011,0.5522500276565552,0.0,0.5609999895095825,0.5512499809265137,0.5575000047683716,0.0,231624000
2015-04-21,0.5301187038421631,0.5515000224113464,0.0,0.5590000152587891,0.5487499833106995,0.5590000152587891,0.0,230456000
2015-04-22,0.5361265540122986,0.5577499866485596,0.0,0.5584999918937683,0.5462499856948853,0.5547500252723694,0.0,207420000
2015-04-23,0.5339635610580444,0.5554999709129333,0.0,0.5607500076293945,0.5412499904632568,0.5475000143051147,0.0,259380000
2015-04-24,0.5293978452682495,0.5507500171661377,0.0,0.5554999709129333,0.5444999933242798,0.5552499890327454,0.0,240960000
2015-04-27,0.53348308801651,0.5550000071525574,0.0,0.5647500157356262,0.5477499961853027,0.5525000095367432,0.0,248456000
2015-04-28,0.5361265540122986,0.5577499866485596,0.0,0.5597500205039978,0.5487499833106995,0.5540000200271606,0.0,234484000
2015-04-29,0.5320409536361694,0.5534999966621399,0.0,0.559249997138977,0.5512499809265137,0.5537499785423279,0.0,195156000
2015-04-30,0.53348308801651,0.5550000071525574,0.0,0.5577499866485596,0.5494999885559082,0.5507500171661377,0.0,218844000
2015-05-01,0.5466997623443604,0.5687500238418579,0.0,0.5705000162124634,0.5569999814033508,0.559499979019165,0.0,256968000
2015-05-04,0.543335497379303,0.5652499794960022,0.0,0.5720000267028809,0.5634999871253967,0.5682500004768372,0.0,200720000
2015-05-05,0.5293978452682495,0.5507500171661377,0.0,0.5640000104904175,0.5482500195503235,0.5632500052452087,0.0,292928000
2015-05-06,0.5310800671577454,0.5525000095367432,0.0,0.5590000152587891,0.5452499985694885,0.5537499785423279,0.0,316484000
2015-05-07,0.5404520034790039,0.562250018119812,0.0,0.5640000104904175,0.5485000014305115,0.5502499938011169,0.0,534564000
2015-05-08,0.5005606412887573,0.5207499861717224,0.0,0.5460000038146973,0.5122500061988831,0.5252500176429749,0.0,1146552000
2015-05-11,0.49575483798980713,0.515749990940094,0.0,0.5210000276565552,0.5095000267028809,0.5134999752044678,0.0,544144000
2015-05-12,0.5005606412887573,0.5207499861717224,0.0,0.5249999761581421,0.5117499828338623,0.5120000243186951,0.0,388800000
2015-05-13,0.5034445524215698,0.5237500071525574,0.0,0.5285000205039978,0.518750011920929,0.5245000123977661,0.0,308524000
2015-05-14,0.5116147994995117,0.5322499871253967,0.0,0.5350000262260437,0.5239999890327454,0.5252500176429749,0.0,293052000
2015-05-15,0.5118552446365356,0.5325000286102295,0.0,0.5370000004768372,0.5292500257492065,0.534500002861023,0.0,215824000
2015-05-18,0.5111344456672668,0.5317500233650208,0.0,0.5350000262260437,0.5287500023841858,0.53125,0.0,324972000
2015-05-19,0.5079476237297058,0.5260000228881836,0.00245,0.5317500233650208,0.5249999761581421,0.5299999713897705,0.0,253808000
2015-05-20,0.5079476237297058,0.5260000228881836,0.0,0.5325000286102295,0.5254999995231628,0.5262500047683716,0.0,196824000
2015-05-21,0.5043264627456665,0.5222499966621399,0.0,0.5285000205039978,0.5217499732971191,0.5262500047683716,0.0,239692000
2015-05-22,0.503602147102356,0.5214999914169312,0.0,0.5254999995231628,0.5202500224113464,0.5235000252723694,0.0,212592000
2015-05-26,0.5004634261131287,0.5182499885559082,0.0,0.5224999785423279,0.5142499804496765,0.5189999938011169,0.0,259732000
2015-05-27,0.5272611379623413,0.5460000038146973,0.0,0.5485000014305115,0.5199999809265137,0.5217499732971191,0.0,432332000
2015-05-28,0.5345038175582886,0.5534999966621399,0.0,0.5552499890327454,0.5450000166893005,0.5460000038146973,0.0,327656000
2015-05-29,0.5342623591423035,0.5532500147819519,0.0,0.5569999814033508,0.5525000095367432,0.5534999966621399,0.0,335168000
2015-06-01,0.5402979254722595,0.559499979019165,0.0,0.5649999976158142,0.5532500147819519,0.5567499995231628,0.0,372660000
2015-06-02,0.5296753644943237,0.5485000014305115,0.0,0.5590000152587891,0.5479999780654907,0.5559999942779541,0.0,224304000
2015-06-03,0.5238813757896423,0.5425000190734863,0.0,0.5542500019073486,0.5414999723434448,0.550000011920929,0.0,250788000
2015-06-04,0.5332966446876526,0.5522500276565552,0.0,0.5540000200271606,0.5392500162124634,0.5392500162124634,0.0,323712000
2015-06-05,0.5374007821083069,0.5565000176429749,0.0,0.5590000152587891,0.5447499752044678,0.5504999756813049,0.0,313320000
2015-06-08,0.5250884890556335,0.543749988079071,0.0,0.5584999918937683,0.5375000238418579,0.5547500252723694,0.0,342812000
2015-06-09,0.5277441740036011,0.546500027179718,0.0,0.5504999756813049,0.5432500243186951,0.5442500114440918,0.0,256888000
2015-06-10,0.5183286070823669,0.5367500185966492,0.0,0.5435000061988831,0.5337499976158142,0.5400000214576721,0.0,529460000
2015-06-11,0.5238813757896423,0.5425000190734863,0.0,0.5462499856948853,0.5367500185966492,0.5367500185966492,0.0,283052000
2015-06-12,0.5096377730369568,0.5277500152587891,0.0,0.5422499775886536,0.5264999866485596,0.5389999747276306,0.0,323728000
2015-06-15,0.5086719393730164,0.5267500281333923,0.0,0.5292500257492065,0.5210000276565552,0.5249999761581421,0.0,306548000
2015-06-16,0.5149489641189575,0.5332499742507935,0.0,0.5339999794960022,0.5205000042915344,0.5257499814033508,0.0,256892000
2015-06-17,0.5209842324256897,0.5394999980926514,0.0,0.5425000190734863,0.5317500233650208,0.5329999923706055,0.0,233544000
2015-06-18,0.5296753644943237,0.5485000014305115,0.0,0.5519999861717224,0.5425000190734863,0.5440000295639038,0.0,299404000
2015-06-19,0.5279854536056519,0.546750009059906,0.0,0.5529999732971191,0.5417500138282776,0.5485000014305115,0.0,355656000
2015-06-22,0.5258126258850098,0.5444999933242798,0.0,0.5507500171661377,0.5362499952316284,0.5477499961853027,0.0,514236000
2015-06-23,0.5122933387756348,0.5304999947547913,0.0,0.5497499704360962,0.5262500047683716,0.5454999804496765,0.0,414064000
2015-06-24,0.5072234272956848,0.5252500176429749,0.0,0.5325000286102295,0.5227500200271606,0.5297499895095825,0.0,253368000
2015-06-25,0.511086106300354,0.5292500257492065,0.0,0.5325000286102295,0.5252500176429749,0.5252500176429749,0.0,350460000
2015-06-26,0.5007051825523376,0.5184999704360962,0.0,0.5254999995231628,0.5162500143051147,0.5249999761581421,0.0,421296000
2015-06-29,0.48573705554008484,0.503000020980835,0.0,0.5177500247955322,0.5022500157356262,0.512499988079071,0.0,391724000
2015-06-30,0.48549559712409973,0.5027499794960022,0.0,0.5082499980926514,0.49924999475479126,0.5059999823570251,0.0,315916000
2015-07-01,0.4924967885017395,0.5099999904632568,0.0,0.5224999785423279,0.5055000185966492,0.515250027179718,0.0,302892000
2015-07-02,0.49297967553138733,0.5105000138282776,0.0,0.5137500166893005,0.5072500109672546,0.5097500085830688,0.0,145764000
2015-07-06,0.48694413900375366,0.5042499899864197,0.0,0.5132499933242798,0.5005000233650208,0.5062500238418579,0.0,214776000
2015-07-07,0.4777701795101166,0.4947499930858612,0.0,0.503250002861023,0.4790000021457672,0.5012500286102295,0.0,594252000
2015-07-08,0.4743902385234833,0.49125000834465027,0.0,0.4950000047683716,0.4872500002384186,0.492000013589859,0.0,332492000
2015-07-09,0.4685961902141571,0.48524999618530273,0.0,0.5012500286102295,0.48225000500679016,0.49900001287460327,0.0,357588000
2015-07-10,0.4768044650554657,0.4937500059604645,0.0,0.49825000762939453,0.49024999141693115,0.49149999022483826,0.0,216708000
2015-07-13,0.4799429178237915,0.4970000088214874,0.0,0.4997499883174896,0.4937500059604645,0.4987500011920929,0.0,212472000
2015-07-14,0.480184406042099,0.4972499907016754,0.0,0.49825000762939453,0.4907500147819519,0.49775001406669617,0.0,249216000
2015-07-15,0.4768044650554657,0.4937500059604645,0.0,0.49924999475479126,0.4892500042915344,0.4959999918937683,0.0,265732000
2015-07-16,0.4874269366264343,0.5047500133514404,0.0,0.5047500133514404,0.4950000047683716,0.49674999713897705,0.0,282848000
2015-07-17,0.48452994227409363,0.5017499923706055,0.0,0.5034999847412109,0.49524998664855957,0.503000020980835,0.0,220372000
2015-07-20,0.47559744119644165,0.4925000071525574,0.0,0.5037500262260437,0.49125000834465027,0.5017499923706055,0.0,188412000
2015-07-21,0.4777701795101166,0.4947499930858612,0.0,0.5017499923706055,0.49149999022483826,0.49149999022483826,0.0,149720000
2015-07-22,0.4685961902141571,0.48524999618530273,0.0,0.49125000834465027,0.4792500138282776,0.49125000834465027,0.0,356472000
2015-07-23,0.4743902385234833,0.49125000834465027,0.0,0.4984999895095825,0.48524999618530273,0.48625001311302185,0.0,169916000
2015-07-24,0.4688376486301422,0.4855000078678131,0.0,0.49524998664855957,0.48350000381469727,0.4947499930858612,0.0,188844000
2015-07-27,0.4661819338798523,0.4827499985694885,0.0,0.4882499873638153,0.47725000977516174,0.48124998807907104,0.0,192420000
2015-07-28,0.47632160782814026,0.4932500123977661,0.0,0.4964999854564667,0.4790000021457672,0.48399999737739563,0.0,198308000
2015-07-29,0.4821157157421112,0.49924999475479126,0.0,0.503250002861023,0.49024999141693115,0.492249995470047,0.0,232680000
2015-07-30,0.4833229184150696,0.5005000233650208,0.0,0.5055000185966492,0.49799999594688416,0.49799999594688416,0.0,190180000
2015-07-31,0.48163285851478577,0.4987500011920929,0.0,0.5027499794960022,0.4957500100135803,0.5024999976158142,0.0,218340000
2015-08-03,0.48984116315841675,0.5072500109672546,0.0,0.5077499747276306,0.4962500035762787,0.5027499794960022,0.0,397132000
2015-08-04,0.49177244305610657,0.5092499852180481,0.0,0.5107499957084656,0.5034999847412109,0.5055000185966492,0.0,260100000
2015-08-05,0.49684232473373413,0.5145000219345093,0.0,0.5222499966621399,0.5134999752044678,0.5217499732971191,0.0,234628000
2015-08-06,0.4937039315700531,0.5112500190734863,0.0,0.5170000195503235,0.5027499794960022,0.5132499933242798,0.0,655676000
2015-08-07,0.5547831058502197,0.5745000243186951,0.0,0.5842499732971191,0.546999990940094,0.5615000128746033,0.0,1405248000
2015-08-10,0.5740966796875,0.5945000052452087,0.0,0.5987499952316284,0.5669999718666077,0.5705000162124634,0.0,662304000
2015-08-11,0.5711995363235474,0.5914999842643738,0.0,0.5972499847412109,0.5857499837875366,0.5857499837875366,0.0,435008000
2015-08-12,0.572648286819458,0.5929999947547913,0.0,0.5972499847412109,0.5820000171661377,0.5820000171661377,0.0,384048000
2015-08-13,0.5678198337554932,0.5879999995231628,0.0,0.5950000286102295,0.5864999890327454,0.59375,0.0,276884000
2015-08-14,0.5683026313781738,0.5885000228881836,0.0,0.5920000076293945,0.5839999914169312,0.5874999761581421,0.0,214652000
2015-08-17,0.5646812915802002,0.5847499966621399,0.0,0.5874999761581421,0.5774999856948853,0.5874999761581421,0.0,273880000
2015-08-18,0.559541642665863,0.5770000219345093,0.00245,0.5845000147819519,0.5724999904632568,0.5805000066757202,0.0,287084000
2015-08-19,0.5573597550392151,0.5747500061988831,0.0,0.5827500224113464,0.5684999823570251,0.5762500166893005,0.0,249248000
2015-08-20,0.5372376441955566,0.5540000200271606,0.0,0.5709999799728394,0.5512499809265137,0.5682500004768372,0.0,426932000
2015-08-21,0.5205095410346985,0.5367500185966492,0.0,0.559249997138977,0.5362499952316284,0.550000011920929,0.0,382664000
2015-08-24,0.5020844340324402,0.5177500247955322,0.0,0.5457500219345093,0.5,0.5067499876022339,0.0,682284000
2015-08-25,0.4916597008705139,0.5070000290870667,0.0,0.5425000190734863,0.5070000290870667,0.5404999852180481,0.0,622684000
2015-08-26,0.5287522077560425,0.5452499985694885,0.0,0.5457500219345093,0.5195000171661377,0.5235000252723694,0.0,614976000
2015-08-27,0.5486322045326233,0.565750002861023,0.0,0.5659999847412109,0.5477499961853027,0.5509999990463257,0.0,463764000
2015-08-28,0.5510565638542175,0.5682500004768372,0.0,0.5717499852180481,0.5617499947547913,0.565750002861023,0.0,320944000
2015-08-31,0.5449953675270081,0.5619999766349792,0.0,0.5695000290870667,0.5597500205039978,0.565500020980835,0.0,219352000
2015-09-01,0.522691547870636,0.5389999747276306,0.0,0.5550000071525574,0.5350000262260437,0.5457500219345093,0.0,353408000
2015-09-02,0.5384498834609985,0.5552499890327454,0.0,0.5554999709129333,0.5444999933242798,0.5537499785423279,0.0,344044000
2015-09-03,0.5399043560028076,0.5567499995231628,0.0,0.5662500262260437,0.5557500123977661,0.5634999871253967,0.0,262556000
2015-09-04,0.5272980332374573,0.543749988079071,0.0,0.5559999942779541,0.5435000061988831,0.547249972820282,0.0,287972000
2015-09-08,0.5498440265655518,0.5669999718666077,0.0,0.5692499876022339,0.5547500252723694,0.5569999814033508,0.0,238448000
2015-09-09,0.5389348268508911,0.5557500123977661,0.0,0.5734999775886536,0.5544999837875366,0.5687500238418579,0.0,289392000
2015-09-10,0.5474197864532471,0.5644999742507935,0.0,0.5715000033378601,0.550000011920929,0.5525000095367432,0.0,357076000
2015-09-11,0.5491171479225159,0.5662500262260437,0.0,0.5699999928474426,0.5559999942779541,0.5582500100135803,0.0,301584000
2015-09-14,0.5500867366790771,0.5672500133514404,0.0,0.5707499980926514,0.5642499923706055,0.5690000057220459,0.0,192460000
2015-09-15,0.556147575378418,0.5734999775886536,0.0,0.5764999985694885,0.565750002861023,0.5674999952316284,0.0,327976000
2015-09-16,0.5600266456604004,0.5774999856948853,0.0,0.5807499885559082,0.5682500004768372,0.5724999904632568,0.0,173508000
2015-09-17,0.5651178359985352,0.5827500224113464,0.0,0.5927500128746033,0.5814999938011169,0.5874999761581421,0.0,268712000
2015-09-18,0.5646328330039978,0.5822499990463257,0.0,0.5872499942779541,0.5712500214576721,0.5747500061988831,0.0,326412000
2015-09-21,0.5704511404037476,0.5882499814033508,0.0,0.5895000100135803,0.5799999833106995,0.5830000042915344,0.0,281840000
2015-09-22,0.5549355745315552,0.5722500085830688,0.0,0.5795000195503235,0.5692499876022339,0.5755000114440918,0.0,228356000
2015-09-23,0.5576021671295166,0.574999988079071,0.0,0.578499972820282,0.5705000162124634,0.5727499723434448,0.0,161632000
2015-09-24,0.5682695508003235,0.5860000252723694,0.0,0.5920000076293945,0.5625,0.5715000033378601,0.0,382440000
2015-09-25,0.5723908543586731,0.5902500152587891,0.0,0.6017500162124634,0.5845000147819519,0.5932499766349792,0.0,369692000
2015-09-28,0.5648749470710754,0.5824999809265137,0.0,0.593999981880188,0.5787500143051147,0.5902500152587891,0.0,395584000
2015-09-29,0.5748152136802673,0.5927500128746033,0.0,0.59375,0.5805000066757202,0.5887500047683716,0.0,380736000
2015-09-30,0.5976040363311768,0.6162499785423279,0.0,0.6169999837875366,0.5947499871253967,0.5982499718666077,0.0,556380000
2015-10-01,0.5859673023223877,0.6042500138282776,0.0,0.6179999709129333,0.5867499709129333,0.6162499785423279,0.0,489296000
2015-10-02,0.6012407541275024,0.6200000047683716,0.0,0.6200000047683716,0.5947499871253967,0.6010000109672546,0.0,386144000
2015-10-05,0.6162717342376709,0.6355000138282776,0.0,0.6432499885559082,0.6207500100135803,0.6240000128746033,0.0,482024000
2015-10-06,0.6242721080780029,0.643750011920929,0.0,0.6464999914169312,0.6262500286102295,0.6287500262260437,0.0,453216000
2015-10-07,0.630817711353302,0.6504999995231628,0.0,0.6570000052452087,0.6347500085830688,0.6452500224113464,0.0,310152000
2015-10-08,0.6344545483589172,0.6542500257492065,0.0,0.656000018119812,0.6367499828338623,0.6477500200271606,0.0,460068000
2015-10-09,0.632030189037323,0.6517500281333923,0.0,0.6570000052452087,0.6395000219345093,0.6507499814033508,0.0,423248000
2015-10-12,0.6388182044029236,0.6587499976158142,0.0,0.6625000238418579,0.6477500200271606,0.6524999737739563,0.0,227588000
2015-10-13,0.6400303244590759,0.6600000262260437,0.0,0.6639999747276306,0.6512500047683716,0.6535000205039978,0.0,298444000
2015-10-14,0.6633041501045227,0.6840000152587891,0.0,0.6947500109672546,0.6600000262260437,0.6607499718666077,0.0,612148000
2015-10-15,0.6650013327598572,0.6857500076293945,0.0,0.6997500061988831,0.6782500147819519,0.6852499842643738,0.0,526048000
2015-10-16,0.6754260063171387,0.6965000033378601,0.0,0.703000009059906,0.6862499713897705,0.6880000233650208,0.0,448396000
2015-10-19,0.674213707447052,0.6952499747276306,0.0,0.7020000219345093,0.687250018119812,0.6987500190734863,0.0,294712000
2015-10-20,0.6732439398765564,0.6942499876022339,0.0,0.6974999904632568,0.6869999766349792,0.6922500133514404,0.0,264824000
2015-10-21,0.6645163297653198,0.6852499842643738,0.0,0.702750027179718,0.6840000152587891,0.6984999775886536,0.0,386280000
2015-10-22,0.6885175108909607,0.7099999785423279,0.0,0.7122499942779541,0.6922500133514404,0.6932500004768372,0.0,306884000
2015-10-23,0.6931237578392029,0.7147499918937683,0.0,0.7195000052452087,0.7055000066757202,0.7162500023841858,0.0,381776000
2015-10-26,0.6899721622467041,0.7114999890327454,0.0,0.7170000076293945,0.7049999833106995,0.7152500152587891,0.0,247436000
2015-10-27,0.6894872784614563,0.7110000252723694,0.0,0.715499997138977,0.7074999809265137,0.7080000042915344,0.0,208268000
2015-10-28,0.6950633525848389,0.7167500257492065,0.0,0.7167500257492065,0.7049999833106995,0.715499997138977,0.0,217036000
2015-10-29,0.6710618734359741,0.6919999718666077,0.0,0.7124999761581421,0.690750002861023,0.7052500247955322,0.0,327168000
2015-10-30,0.6877902150154114,0.7092499732971191,0.0,0.7142500281333923,0.6942499876022339,0.6995000243186951,0.0,301160000
2015-11-02,0.6957905888557434,0.7174999713897705,0.0,0.7182499766349792,0.7072499990463257,0.7114999890327454,0.0,190088000
2015-11-03,0.6909418702125549,0.7124999761581421,0.0,0.7172499895095825,0.7045000195503235,0.7132499814033508,0.0,376768000
2015-11-04,0.6795474290847778,0.7007499933242798,0.0,0.715749979019165,0.6974999904632568,0.7105000019073486,0.0,442264000
2015-11-05,0.6717893481254578,0.6927499771118164,0.0,0.706250011920929,0.690750002861023,0.7042499780654907,0.0,478800000
2015-11-06,0.7648848295211792,0.7887499928474426,0.0,0.7985000014305115,0.7455000281333923,0.7612500190734863,0.0,1172272000
2015-11-09,0.7614907026290894,0.7852500081062317,0.0,0.7875000238418579,0.7742499709129333,0.781000018119812,0.0,492568000
2015-11-10,0.7469444870948792,0.7702500224113464,0.0,0.7792500257492065,0.7537500262260437,0.7749999761581421,0.0,552260000
2015-11-11,0.7396715879440308,0.7627500295639038,0.0,0.7762500047683716,0.7599999904632568,0.7707499861717224,0.0,619896000
2015-11-12,0.7370047569274902,0.7599999904632568,0.0,0.7680000066757202,0.7567499876022339,0.7609999775886536,0.0,291080000
2015-11-13,0.72245854139328,0.7450000047683716,0.0,0.7639999985694885,0.7412499785423279,0.7607499957084656,0.0,292940000
2015-11-16,0.7370047569274902,0.7599999904632568,0.0,0.7605000138282776,0.7487499713897705,0.7547500133514404,0.0,344280000
2015-11-17,0.7370047569274902,0.7599999904632568,0.0,0.7664999961853027,0.7567499876022339,0.7620000243186951,0.0,257048000
2015-11-18,0.7551345229148865,0.7757499814033508,0.002875,0.7767500281333923,0.7519999742507935,0.7602499723434448,0.0,350216000
2015-11-19,0.7573248744010925,0.777999997138977,0.0,0.7857499718666077,0.7722499966621399,0.7785000205039978,0.0,254072000
2015-11-20,0.7638955116271973,0.7847499847412109,0.0,0.7892500162124634,0.7789999842643738,0.7837499976158142,0.0,239744000
2015-11-23,0.752457857131958,0.7730000019073486,0.0,0.7912499904632568,0.7702500224113464,0.7912499904632568,0.0,242552000
2015-11-24,0.7585416436195374,0.7792500257492065,0.0,0.7860000133514404,0.7695000171661377,0.7730000019073486,0.0,195428000
2015-11-25,0.7575682997703552,0.778249979019165,0.0,0.7870000004768372,0.7754999995231628,0.7777500152587891,0.0,138300000
2015-11-27,0.7638955116271973,0.7847499847412109,0.0,0.7872499823570251,0.7757499814033508,0.7797499895095825,0.0,86996000
2015-11-30,0.7719261646270752,0.7929999828338623,0.0,0.796500027179718,0.7847499847412109,0.7854999899864197,0.0,327244000
2015-12-01,0.7969921231269836,0.8187500238418579,0.0,0.8195000290870667,0.7992500066757202,0.800000011920929,0.0,409496000
2015-12-02,0.7909079790115356,0.8125,0.0,0.828499972820282,0.8107500076293945,0.8199999928474426,0.0,294240000
2015-12-03,0.7892047166824341,0.8107500076293945,0.0,0.8274999856948853,0.8067499995231628,0.8190000057220459,0.0,246656000
2015-12-04,0.8213275074958801,0.84375,0.0,0.8452500104904175,0.8107500076293945,0.8107500076293945,0.0,458756000
2015-12-07,0.8057528734207153,0.827750027179718,0.0,0.843500018119812,0.8252500295639038,0.843500018119812,0.0,333588000
2015-12-08,0.8167038559913635,0.8389999866485596,0.0,0.8424999713897705,0.812250018119812,0.8174999952316284,0.0,314488000
2015-12-09,0.7960184812545776,0.8177499771118164,0.0,0.84375,0.809249997138977,0.8387500047683716,0.0,372676000
2015-12-10,0.8025892972946167,0.8245000243186951,0.0,0.8289999961853027,0.8174999952316284,0.8202499747276306,0.0,236596000
2015-12-11,0.7906648516654968,0.812250018119812,0.0,0.8220000267028809,0.8105000257492065,0.8162500262260437,0.0,227320000
2015-12-14,0.7926116585731506,0.8142499923706055,0.0,0.8187500238418579,0.8044999837875366,0.8130000233650208,0.0,275892000
2015-12-15,0.8023457527160645,0.8242499828338623,0.0,0.8299999833106995,0.8190000057220459,0.8234999775886536,0.0,307296000
2015-12-16,0.8072130680084229,0.8292499780654907,0.0,0.8320000171661377,0.8187500238418579,0.8259999752044678,0.0,236356000
2015-12-17,0.7950449585914612,0.8167499899864197,0.0,0.8389999866485596,0.8162500262260437,0.8305000066757202,0.0,254160000
2015-12-18,0.782147228717804,0.8034999966621399,0.0,0.8192499876022339,0.8025000095367432,0.8109999895095825,0.0,395896000
2015-12-21,0.8006424307823181,0.8224999904632568,0.0,0.8232499957084656,0.8050000071525574,0.812250018119812,0.0,284216000
2015-12-22,0.8013722896575928,0.8232499957084656,0.0,0.8314999938011169,0.8182500004768372,0.824999988079071,0.0,130012000
2015-12-23,0.8045359253883362,0.8264999985694885,0.0,0.8297500014305115,0.8230000138282776,0.8245000243186951,0.0,122524000
2015-12-24,0.8072130680084229,0.8292499780654907,0.0,0.831250011920929,0.8227499723434448,0.8240000009536743,0.0,52448000
2015-12-28,0.8064826130867004,0.828499972820282,0.0,0.828499972820282,0.8090000152587891,0.8205000162124634,0.0,142024000
2015-12-29,0.8196239471435547,0.8420000076293945,0.0,0.8445000052452087,0.8267499804496765,0.8289999961853027,0.0,203660000
2015-12-30,0.8125667572021484,0.8347499966621399,0.0,0.8485000133514404,0.8345000147819519,0.8412500023841858,0.0,180344000
2015-12-31,0.8021026253700256,0.8240000009536743,0.0,0.8372499942779541,0.8240000009536743,0.8335000276565552,0.0,148528000
2016-01-04,0.7877441644668579,0.809249997138977,0.0,0.8144999742507935,0.8009999990463257,0.8072500228881836,0.0,358076000
2016-01-05,0.8003990650177002,0.8222500085830688,0.0,0.8360000252723694,0.8125,0.8245000243186951,0.0,490272000
2016-01-06,0.7673025131225586,0.7882500290870667,0.0,0.8125,0.7789999842643738,0.8087499737739563,0.0,449344000
2016-01-07,0.7368830442428589,0.7570000290870667,0.0,0.7737500071525574,0.746999979019165,0.7684999704360962,0.0,645304000
2016-01-08,0.7210647463798523,0.7407500147819519,0.0,0.7674999833106995,0.7392500042915344,0.7667499780654907,0.0,398472000
2016-01-11,0.7222815155982971,0.7419999837875366,0.0,0.7472500205039978,0.7287499904632568,0.7415000200271606,0.0,409372000
2016-01-12,0.7344492673873901,0.7544999718666077,0.0,0.765500009059906,0.7492499947547913,0.7552499771118164,0.0,469356000
2016-01-13,0.7120609283447266,0.7315000295639038,0.0,0.765250027179718,0.7307500243186951,0.7602499723434448,0.0,481672000
2016-01-14,0.6977027654647827,0.7167500257492065,0.0,0.7250000238418579,0.6955000162124634,0.7164999842643738,0.0,600236000
2016-01-15,0.6597390174865723,0.6777499914169312,0.0,0.6962500214576721,0.6660000085830688,0.6880000233650208,0.0,841452000
2016-01-19,0.6650928258895874,0.6832500100135803,0.0,0.7112500071525574,0.6804999709129333,0.6917499899864197,0.0,457140000
2016-01-20,0.6687431931495667,0.6869999766349792,0.0,0.6957499980926514,0.6612499952316284,0.6702499985694885,0.0,481180000
2016-01-21,0.6765304803848267,0.6949999928474426,0.0,0.7057499885559082,0.6802499890327454,0.6945000290870667,0.0,481456000
2016-01-22,0.6923488974571228,0.7112500071525574,0.0,0.7160000205039978,0.7067499756813049,0.7082499861717224,0.0,257996000
2016-01-25,0.6916187405586243,0.7105000019073486,0.0,0.7192500233650208,0.7089999914169312,0.7110000252723694,0.0,270728000
2016-01-26,0.6984326839447021,0.7174999713897705,0.0,0.7204999923706055,0.7047500014305115,0.7120000123977661,0.0,227944000
2016-01-27,0.6901586651802063,0.7089999914169312,0.0,0.71875,0.6955000162124634,0.7164999842643738,0.0,231700000
2016-01-28,0.6826145648956299,0.7012500166893005,0.0,0.7172499895095825,0.6875,0.7147499918937683,0.0,276776000
2016-01-29,0.7127907872200012,0.7322499752044678,0.0,0.7337499856948853,0.7045000195503235,0.7072499990463257,0.0,310504000
2016-02-01,0.7130340933799744,0.7325000166893005,0.0,0.7362499833106995,0.7252500057220459,0.7315000295639038,0.0,289884000
2016-02-02,0.6828579306602478,0.7014999985694885,0.0,0.7287499904632568,0.6965000033378601,0.7250000238418579,0.0,341908000
2016-02-03,0.6862648129463196,0.7049999833106995,0.0,0.7112500071525574,0.6887500286102295,0.7070000171661377,0.0,326772000
2016-02-04,0.6865081787109375,0.7052500247955322,0.0,0.7212499976158142,0.6982499957084656,0.7059999704360962,0.0,348140000
2016-02-05,0.6431906223297119,0.6607499718666077,0.0,0.7082499861717224,0.6587499976158142,0.7005000114440918,0.0,600428000
2016-02-08,0.6137447357177734,0.6305000185966492,0.0,0.6539999842643738,0.6212499737739563,0.6507499814033508,0.0,608852000
2016-02-09,0.6203152537345886,0.6372500061988831,0.0,0.6637499928474426,0.6200000047683716,0.6230000257492065,0.0,425372000
2016-02-10,0.618855357170105,0.6357499957084656,0.0,0.6597499847412109,0.6322500109672546,0.6412500143051147,0.0,335800000
2016-02-11,0.6156915426254272,0.6324999928474426,0.0,0.6389999985694885,0.6194999814033508,0.6194999814033508,0.0,340144000
2016-02-12,0.6261558532714844,0.6432499885559082,0.0,0.6445000171661377,0.6187499761581421,0.6424999833106995,0.0,340816000
2016-02-16,0.656818687915802,0.6747499704360962,0.0,0.6757500171661377,0.6504999995231628,0.6524999737739563,0.0,485352000
2016-02-17,0.6731235980987549,0.6915000081062317,0.0,0.6980000138282776,0.6804999709129333,0.6832500100135803,0.0,771468000
2016-02-18,0.7310425639152527,0.7509999871253967,0.0,0.7745000123977661,0.7475000023841858,0.7482500076293945,0.0,1068660000
2016-02-19,0.7407766580581665,0.7609999775886536,0.0,0.7677500247955322,0.7412499785423279,0.746999979019165,0.0,525628000
2016-02-22,0.7670590281486511,0.7879999876022339,0.0,0.796750009059906,0.7705000042915344,0.7720000147819519,0.0,449668000
2016-02-23,0.7690060138702393,0.7900000214576721,0.0,0.7975000143051147,0.777999997138977,0.7817500233650208,0.0,369380000
2016-02-24,0.7743597030639648,0.7954999804496765,0.0,0.796750009059906,0.7649999856948853,0.7867500185966492,0.0,336852000
2016-02-25,0.7760631442070007,0.797249972820282,0.0,0.8012499809265137,0.7829999923706055,0.7985000014305115,0.0,349616000
2016-02-26,0.7709529995918274,0.7919999957084656,0.0,0.8029999732971191,0.7839999794960022,0.8009999990463257,0.0,361964000
2016-02-29,0.7659458518028259,0.7839999794960022,0.002875,0.8004999756813049,0.7835000157356262,0.7902500033378601,0.0,323344000
2016-03-01,0.7998956441879272,0.8187500238418579,0.0,0.8187500238418579,0.7847499847412109,0.7860000133514404,0.0,348700000
2016-03-02,0.8045363426208496,0.8234999775886536,0.0,0.8264999985694885,0.812749981880188,0.8142499923706055,0.0,233812000
2016-03-03,0.7974532246589661,0.8162500262260437,0.0,0.8259999752044678,0.8052499890327454,0.8224999904632568,0.0,302004000
2016-03-04,0.7950107455253601,0.8137500286102295,0.0,0.8232499957084656,0.8075000047683716,0.8224999904632568,0.0,175304000
2016-03-07,0.789881706237793,0.8084999918937683,0.0,0.8147500157356262,0.7979999780654907,0.809249997138977,0.0,239968000
2016-03-08,0.7754712104797363,0.793749988079071,0.0,0.8050000071525574,0.7912499904632568,0.8002499938011169,0.0,274940000
2016-03-09,0.7749828696250916,0.7932500243186951,0.0,0.8019999861717224,0.7829999923706055,0.8007500171661377,0.0,222788000
2016-03-10,0.7737618088722229,0.7919999957084656,0.0,0.8025000095367432,0.7760000228881836,0.7979999780654907,0.0,286084000
2016-03-11,0.7869507074356079,0.8054999709129333,0.0,0.8057500123977661,0.7942500114440918,0.8037499785423279,0.0,277400000
2016-03-14,0.7889044880867004,0.8075000047683716,0.0,0.8107500076293945,0.7979999780654907,0.8017500042915344,0.0,190312000
2016-03-15,0.784996747970581,0.8034999966621399,0.0,0.8084999918937683,0.7892500162124634,0.8032500147819519,0.0,226216000
2016-03-16,0.8084442019462585,0.8274999856948853,0.0,0.8302500247955322,0.793749988079071,0.7975000143051147,0.0,363644000
2016-03-17,0.8016052842140198,0.8205000162124634,0.0,0.828499972820282,0.809249997138977,0.8245000243186951,0.0,353680000
2016-03-18,0.8257855176925659,0.8452500104904175,0.0,0.856249988079071,0.824999988079071,0.8302500247955322,0.0,545512000
2016-03-21,0.8282278180122375,0.8477500081062317,0.0,0.8479999899864197,0.8287500143051147,0.8377500176429749,0.0,337780000
2016-03-22,0.8267624378204346,0.8462499976158142,0.0,0.8522499799728394,0.8357499837875366,0.8450000286102295,0.0,242012000
2016-03-23,0.8409284353256226,0.8607500195503235,0.0,0.8669999837875366,0.8462499976158142,0.8500000238418579,0.0,429008000
2016-03-24,0.8421496152877808,0.8619999885559082,0.0,0.8634999990463257,0.8502500057220459,0.8529999852180481,0.0,244956000
2016-03-28,0.8506980538368225,0.8707500100135803,0.0,0.8744999766349792,0.859499990940094,0.8604999780654907,0.0,265388000
2016-03-29,0.8643759489059448,0.8847500085830688,0.0,0.8867499828338623,0.8650000095367432,0.8669999837875366,0.0,261812000
2016-03-30,0.8734128475189209,0.8939999938011169,0.0,0.90625,0.887499988079071,0.8880000114440918,0.0,376700000
2016-03-31,0.8702377676963806,0.890749990940094,0.0,0.8999999761581421,0.8837500214576721,0.8980000019073486,0.0,379884000
2016-04-01,0.8829380869865417,0.9037500023841858,0.0,0.9042500257492065,0.8784999847412109,0.8852499723434448,0.0,348292000
2016-04-04,0.8743897676467896,0.8949999809265137,0.0,0.9160000085830688,0.8914999961853027,0.9112499952316284,0.0,393940000
2016-04-05,0.8731685876846313,0.893750011920929,0.0,0.9020000100135803,0.8834999799728394,0.8870000243186951,0.0,339568000
2016-04-06,0.8743897676467896,0.8949999809265137,0.0,0.8955000042915344,0.8657500147819519,0.8824999928474426,0.0,453376000
2016-04-07,0.8653525710105896,0.8857499957084656,0.0,0.8972499966621399,0.8820000290870667,0.8892499804496765,0.0,378104000
2016-04-08,0.8709701895713806,0.8914999961853027,0.0,0.8987500071525574,0.8827499747276306,0.8930000066757202,0.0,255936000
2016-04-11,0.8763435482978821,0.8970000147819519,0.0,0.9117500185966492,0.8939999938011169,0.8967499732971191,0.0,387524000
2016-04-12,0.8753668069839478,0.8960000276565552,0.0,0.9012500047683716,0.8784999847412109,0.8999999761581421,0.0,292764000
2016-04-13,0.8973485827445984,0.9185000061988831,0.0,0.918749988079071,0.8999999761581421,0.8999999761581421,0.0,350716000
2016-04-14,0.8997911214828491,0.9210000038146973,0.0,0.925000011920929,0.9122499823570251,0.9160000085830688,0.0,416564000
2016-04-15,0.9068741202354431,0.9282500147819519,0.0,0.9365000128746033,0.9177500009536743,0.9207500219345093,0.0,436972000
2016-04-18,0.9029661417007446,0.9242500066757202,0.0,0.9265000224113464,0.9152500033378601,0.9265000224113464,0.0,307320000
2016-04-19,0.8868462443351746,0.9077500104904175,0.0,0.9294999837875366,0.9020000100135803,0.9277499914169312,0.0,309152000
2016-04-20,0.8902653455734253,0.9112499952316284,0.0,0.9167500138282776,0.9052500128746033,0.90625,0.0,200172000
2016-04-21,0.8892887234687805,0.9102500081062317,0.0,0.9157500267028809,0.90625,0.9114999771118164,0.0,178280000
2016-04-22,0.8858693242073059,0.9067500233650208,0.0,0.9194999933242798,0.9037500023841858,0.9132500290870667,0.0,223540000
2016-04-25,0.8902653455734253,0.9112499952316284,0.0,0.9162499904632568,0.9045000076293945,0.9070000052452087,0.0,191972000
2016-04-26,0.8909983038902283,0.9120000004768372,0.0,0.9272500276565552,0.9079999923706055,0.9167500138282776,0.0,214536000
2016-04-27,0.9112703204154968,0.9327499866485596,0.0,0.9332500100135803,0.9079999923706055,0.9097499847412109,0.0,352396000
2016-04-28,0.8841592073440552,0.9049999713897705,0.0,0.9325000047683716,0.9027500152587891,0.9269999861717224,0.0,381224000
2016-04-29,0.8677951693534851,0.8882499933242798,0.0,0.903249979019165,0.8784999847412109,0.9012500047683716,0.0,321904000
2016-05-02,0.8792747259140015,0.8999999761581421,0.0,0.9054999947547913,0.8924999833106995,0.8967499732971191,0.0,256076000
2016-05-03,0.8687721490859985,0.8892499804496765,0.0,0.8934999704360962,0.8815000057220459,0.8897500038146973,0.0,224024000
2016-05-04,0.8489885926246643,0.8690000176429749,0.0,0.8792499899864197,0.8600000143051147,0.8784999847412109,0.0,525764000
2016-05-05,0.8541176319122314,0.8742499947547913,0.0,0.8845000267028809,0.8677499890327454,0.8762500286102295,0.0,246884000
2016-05-06,0.8629103899002075,0.8832499980926514,0.0,0.8855000138282776,0.8709999918937683,0.8727499842643738,0.0,183240000
2016-05-09,0.8616891503334045,0.8820000290870667,0.0,0.8892499804496765,0.874750018119812,0.8855000138282776,0.0,333336000
2016-05-10,0.8782976269721985,0.8989999890327454,0.0,0.9004999995231628,0.8790000081062317,0.887499988079071,0.0,269676000
2016-05-11,0.8807401061058044,0.9014999866485596,0.0,0.9114999771118164,0.8967499732971191,0.9017500281333923,0.0,328176000
2016-05-12,0.8687721490859985,0.8892499804496765,0.0,0.9120000004768372,0.8732500076293945,0.9079999923706055,0.0,670540000
2016-05-13,1.0009078979492188,1.0245000123977661,0.0,1.024999976158142,0.9750000238418579,0.9797499775886536,0.0,2110256000
2016-05-16,1.0304609537124634,1.0547499656677246,0.0,1.0700000524520874,1.0134999752044678,1.0167499780654907,0.0,973032000
2016-05-17,1.0326591730117798,1.0570000410079956,0.0,1.0644999742507935,1.0364999771118164,1.0499999523162842,0.0,628392000
2016-05-18,1.0590378046035767,1.0839999914169312,0.0,1.096250057220459,1.0499999523162842,1.0499999523162842,0.0,541072000
2016-05-19,1.0636779069900513,1.0887500047683716,0.0,1.096500039100647,1.0782500505447388,1.0797499418258667,0.0,398880000
2016-05-20,1.0827287435531616,1.1082500219345093,0.0,1.1127500534057617,1.09375,1.0954999923706055,0.0,391084000
2016-05-23,1.0844389200210571,1.1100000143051147,0.0,1.1172499656677246,1.1032500267028809,1.1130000352859497,0.0,413636000
2016-05-24,1.1107628345489502,1.1339999437332153,0.002875,1.1375000476837158,1.1074999570846558,1.1104999780654907,0.0,415788000
2016-05-25,1.1061104536056519,1.1292500495910645,0.0,1.1422499418258667,1.1202499866485596,1.1375000476837158,0.0,458076000
2016-05-26,1.1178643703460693,1.1412500143051147,0.0,1.1495000123977661,1.128000020980835,1.131250023841858,0.0,309964000
2016-05-27,1.1239866018295288,1.1475000381469727,0.0,1.1492500305175781,1.1387499570846558,1.1425000429153442,0.0,277416000
2016-05-31,1.144066333770752,1.1679999828338623,0.0,1.1705000400543213,1.1517499685287476,1.152500033378601,0.0,412524000
2016-06-01,1.1462702751159668,1.1702500581741333,0.0,1.18149995803833,1.159000039100647,1.162500023841858,0.0,387132000
2016-06-02,1.1543511152267456,1.1785000562667847,0.0,1.1885000467300415,1.1649999618530273,1.1764999628067017,0.0,329208000
2016-06-03,1.1381888389587402,1.1619999408721924,0.0,1.1684999465942383,1.1414999961853027,1.1670000553131104,0.0,461076000
2016-06-06,1.1323119401931763,1.156000018119812,0.0,1.1740000247955322,1.149999976158142,1.1649999618530273,0.0,322512000
2016-06-07,1.1345161199569702,1.1582499742507935,0.0,1.1694999933242798,1.1577500104904175,1.1629999876022339,0.0,193400000
2016-06-08,1.130842924118042,1.1545000076293945,0.0,1.162750005722046,1.1449999809265137,1.1584999561309814,0.0,234616000
2016-06-09,1.1602281332015991,1.184499979019165,0.0,1.1862499713897705,1.1480000019073486,1.1505000591278076,0.0,472168000
2016-06-10,1.131332516670227,1.1549999713897705,0.0,1.180999994277954,1.153499960899353,1.1705000400543213,0.0,400024000
2016-06-13,1.1457809209823608,1.1697499752044678,0.0,1.1924999952316284,1.15625,1.15625,0.0,475588000
2016-06-14,1.147984266281128,1.1720000505447388,0.0,1.1775000095367432,1.1540000438690186,1.1670000553131104,0.0,298344000
2016-06-15,1.1597381830215454,1.184000015258789,0.0,1.1942499876022339,1.1687500476837158,1.1817500591278076,0.0,301036000
2016-06-16,1.164391040802002,1.1887500286102295,0.0,1.190750002861023,1.1637500524520874,1.1752500534057617,0.0,246456000
2016-06-17,1.144066333770752,1.1679999828338623,0.0,1.190500020980835,1.1632499694824219,1.190250039100647,0.0,471000000
2016-06-20,1.1646358966827393,1.1890000104904175,0.0,1.2042499780654907,1.1859999895095825,1.186750054359436,0.0,293768000
2016-06-21,1.1575344800949097,1.1817500591278076,0.0,1.1972500085830688,1.1799999475479126,1.194000005722046,0.0,212508000
2016-06-22,1.1565552949905396,1.1807500123977661,0.0,1.1920000314712524,1.1787500381469727,1.184249997138977,0.0,202620000
2016-06-23,1.1874096393585205,1.212249994277954,0.0,1.2135000228881836,1.191249966621399,1.1920000314712524,0.0,297880000
2016-06-24,1.1198234558105469,1.1432499885559082,0.0,1.184000015258789,1.1325000524520874,1.162500023841858,0.0,1017684000
2016-06-27,1.107824444770813,1.13100004196167,0.0,1.1425000429153442,1.1142499446868896,1.1337499618530273,0.0,449088000
2016-06-28,1.1239866018295288,1.1475000381469727,0.0,1.153749942779541,1.1317499876022339,1.152500033378601,0.0,381920000
2016-06-29,1.142351746559143,1.1662499904632568,0.0,1.1752500534057617,1.1545000076293945,1.1575000286102295,0.0,318932000
2016-06-30,1.151167869567871,1.1752500534057617,0.0,1.1825000047683716,1.158750057220459,1.1682499647140503,0.0,430940000
2016-07-01,1.14259672164917,1.1664999723434448,0.0,1.184000015258789,1.162500023841858,1.1687500476837158,0.0,218488000
2016-07-05,1.159493327140808,1.183750033378601,0.0,1.1857500076293945,1.1507500410079956,1.159999966621399,0.0,371084000
2016-07-06,1.1668400764465332,1.191249966621399,0.0,1.1982500553131104,1.1694999933242798,1.1755000352859497,0.0,273104000
2016-07-07,1.19720458984375,1.222249984741211,0.0,1.2265000343322754,1.193750023841858,1.1992499828338623,0.0,395400000
2016-07-08,1.2452006340026855,1.2712500095367432,0.0,1.277250051498413,1.2304999828338623,1.2352499961853027,0.0,481932000
2016-07-11,1.2738515138626099,1.3005000352859497,0.0,1.309999942779541,1.2879999876022339,1.2894999980926514,0.0,448776000
2016-07-12,1.2929513454437256,1.3200000524520874,0.0,1.3320000171661377,1.2984999418258667,1.315000057220459,0.0,436760000
2016-07-13,1.2924619913101196,1.3194999694824219,0.0,1.3300000429153442,1.3174999952316284,1.3224999904632568,0.0,324604000
2016-07-14,1.3056848049163818,1.3329999446868896,0.0,1.3450000286102295,1.315500020980835,1.3265000581741333,0.0,316892000
2016-07-15,1.2905032634735107,1.3174999952316284,0.0,1.3235000371932983,1.2960000038146973,1.315999984741211,0.0,428616000
2016-07-18,1.2971144914627075,1.3242499828338623,0.0,1.3357499837875366,1.3192499876022339,1.3337500095367432,0.0,252992000
2016-07-19,1.3105833530426025,1.3380000591278076,0.0,1.343250036239624,1.3209999799728394,1.3235000371932983,0.0,382652000
2016-07-20,1.3277239799499512,1.3554999828338623,0.0,1.3627500534057617,1.3370000123977661,1.3424999713897705,0.0,296460000
2016-07-21,1.3032362461090088,1.3305000066757202,0.0,1.3567500114440918,1.3259999752044678,1.3524999618530273,0.0,361308000
2016-07-22,1.3387436866760254,1.3667500019073486,0.0,1.3667500019073486,1.3255000114440918,1.3352500200271606,0.0,315768000
2016-07-25,1.3634766340255737,1.3919999599456787,0.0,1.3952499628067017,1.36899995803833,1.375,0.0,312528000
2016-07-26,1.3867396116256714,1.4157500267028809,0.0,1.4229999780654907,1.402250051498413,1.4042500257492065,0.0,514508000
2016-07-27,1.3727816343307495,1.4014999866485596,0.0,1.4305000305175781,1.3930000066757202,1.4279999732971191,0.0,446676000
2016-07-28,1.3757203817367554,1.4045000076293945,0.0,1.4149999618530273,1.40024995803833,1.4047499895095825,0.0,221916000
2016-07-29,1.3982487916946411,1.4275000095367432,0.0,1.431249976158142,1.3845000267028809,1.409749984741211,0.0,409588000
2016-08-01,1.3891881704330444,1.4182499647140503,0.0,1.4387500286102295,1.409000039100647,1.433500051498413,0.0,301120000
2016-08-02,1.3722918033599854,1.4010000228881836,0.0,1.4257500171661377,1.3875000476837158,1.4249999523162842,0.0,282748000
2016-08-03,1.3759649991989136,1.4047499895095825,0.0,1.4075000286102295,1.3914999961853027,1.3992500305175781,0.0,299828000
2016-08-04,1.4014322757720947,1.4307500123977661,0.0,1.437250018119812,1.408750057220459,1.4114999771118164,0.0,272712000
2016-08-05,1.425184965133667,1.4550000429153442,0.0,1.4557499885559082,1.440250039100647,1.4472500085830688,0.0,371588000
2016-08-08,1.438408374786377,1.468500018119812,0.0,1.4785000085830688,1.4529999494552612,1.475000023841858,0.0,305064000
2016-08-09,1.4420816898345947,1.472249984741211,0.0,1.4865000247955322,1.468500018119812,1.4757499694824219,0.0,372344000
2016-08-10,1.4327762126922607,1.46274995803833,0.0,1.4874999523162842,1.4579999446868896,1.4852499961853027,0.0,375740000
2016-08-11,1.4619169235229492,1.4924999475479126,0.0,1.4987499713897705,1.4674999713897705,1.4704999923706055,0.0,681064000
2016-08-12,1.5437054634094238,1.5759999752044678,0.0,1.5844999551773071,1.5157500505447388,1.5475000143051147,0.0,1425744000
2016-08-15,1.542236566543579,1.5744999647140503,0.0,1.587499976158142,1.5532499551773071,1.5777499675750732,0.0,573304000
2016-08-16,1.5329309701919556,1.565000057220459,0.0,1.5747499465942383,1.5602500438690186,1.5722500085830688,0.0,287652000
2016-08-17,1.4974241256713867,1.528749942779541,0.0,1.56850004196167,1.5164999961853027,1.565000057220459,0.0,595212000
2016-08-18,1.520687460899353,1.5525000095367432,0.0,1.5549999475479126,1.5204999446868896,1.5264999866485596,0.0,331684000
2016-08-19,1.524605631828308,1.55649995803833,0.0,1.5682499408721924,1.5449999570846558,1.5517499446868896,0.0,291560000
2016-08-22,1.530971884727478,1.562999963760376,0.0,1.565250039100647,1.5427500009536743,1.5612499713897705,0.0,244748000
2016-08-23,1.5433613061904907,1.5727499723434448,0.002875,1.5829999446868896,1.5682499408721924,1.5759999752044678,0.0,339764000
2016-08-24,1.5195640325546265,1.5484999418258667,0.0,1.5789999961853027,1.5412499904632568,1.5782500505447388,0.0,298448000
2016-08-25,1.5095056295394897,1.5382499694824219,0.0,1.5497499704360962,1.5190000534057617,1.5490000247955322,0.0,406032000
2016-08-26,1.5217727422714233,1.5507500171661377,0.0,1.559499979019165,1.5299999713897705,1.5422500371932983,0.0,300024000
2016-08-29,1.5207912921905518,1.5497499704360962,0.0,1.563249945640564,1.5472500324249268,1.5570000410079956,0.0,274652000
2016-08-30,1.5119593143463135,1.5407500267028809,0.0,1.555999994277954,1.5364999771118164,1.5477499961853027,0.0,285544000
2016-08-31,1.5048446655273438,1.5334999561309814,0.0,1.5479999780654907,1.5290000438690186,1.5437500476837158,0.0,388544000
2016-09-01,1.5492489337921143,1.5787500143051147,0.0,1.5844999551773071,1.5334999561309814,1.534749984741211,0.0,428492000
2016-09-02,1.5340383052825928,1.563249945640564,0.0,1.5837500095367432,1.5455000400543213,1.5820000171661377,0.0,323148000
2016-09-06,1.5485130548477173,1.5779999494552612,0.0,1.5779999494552612,1.5607500076293945,1.568750023841858,0.0,306812000
2016-09-07,1.5256977081298828,1.5547499656677246,0.0,1.5807499885559082,1.5457500219345093,1.5729999542236328,0.0,397988000
2016-09-08,1.5367372035980225,1.565999984741211,0.0,1.56850004196167,1.5355000495910645,1.5532499551773071,0.0,315808000
2016-09-09,1.4601953029632568,1.4880000352859497,0.0,1.5575000047683716,1.475000023841858,1.5487500429153442,0.0,697760000
2016-09-12,1.4903700351715088,1.5187499523162842,0.0,1.5217499732971191,1.4329999685287476,1.468250036239624,0.0,598260000
2016-09-13,1.4687814712524414,1.496749997138977,0.0,1.5325000286102295,1.4882500171661377,1.5149999856948853,0.0,471768000
2016-09-14,1.4817836284637451,1.5099999904632568,0.0,1.5149999856948853,1.4877500534057617,1.500249981880188,0.0,319048000
2016-09-15,1.5379642248153687,1.5672500133514404,0.0,1.569000005722046,1.5089999437332153,1.5125000476837158,0.0,515212000
2016-09-16,1.541643738746643,1.5709999799728394,0.0,1.5812499523162842,1.5529999732971191,1.5727499723434448,0.0,902444000
2016-09-19,1.5620063543319702,1.5917500257492065,0.0,1.631500005722046,1.5802500247955322,1.587499976158142,0.0,417128000
2016-09-20,1.5477771759033203,1.5772500038146973,0.0,1.6100000143051147,1.56850004196167,1.6100000143051147,0.0,331112000
2016-09-21,1.5912002325057983,1.621500015258789,0.0,1.624500036239624,1.5817500352859497,1.5820000171661377,0.0,336212000
2016-09-22,1.5951255559921265,1.625499963760376,0.0,1.6360000371932983,1.6162500381469727,1.63100004196167,0.0,308732000
2016-09-23,1.5934078693389893,1.6237499713897705,0.0,1.6322499513626099,1.6165000200271606,1.627500057220459,0.0,276132000
2016-09-26,1.5784432888031006,1.6085000038146973,0.0,1.6150000095367432,1.5882500410079956,1.6052500009536743,0.0,230040000
2016-09-27,1.6324156522750854,1.6634999513626099,0.0,1.6660000085830688,1.6015000343322754,1.6022499799728394,0.0,402752000
2016-09-28,1.6383031606674194,1.6694999933242798,0.0,1.6707500219345093,1.6482499837875366,1.6660000085830688,0.0,319788000
2016-09-29,1.6535136699676514,1.684999942779541,0.0,1.690250039100647,1.6512500047683716,1.6667499542236328,0.0,336684000
2016-09-30,1.68099045753479,1.7130000591278076,0.0,1.7297500371932983,1.684249997138977,1.6942499876022339,0.0,429932000
2016-10-03,1.6792733669281006,1.7112499475479126,0.0,1.7377500534057617,1.7082500457763672,1.7130000591278076,0.0,242596000
2016-10-04,1.6755934953689575,1.7074999809265137,0.0,1.7424999475479126,1.6947499513626099,1.7137500047683716,0.0,281624000
2016-10-05,1.673875331878662,1.7057499885559082,0.0,1.7395000457763672,1.7005000114440918,1.722000002861023,0.0,305440000
2016-10-06,1.6520417928695679,1.683500051498413,0.0,1.6957499980926514,1.656499981880188,1.6852500438690186,0.0,360212000
2016-10-07,1.6400202512741089,1.6712499856948853,0.0,1.6992499828338623,1.6664999723434448,1.6947499513626099,0.0,286260000
2016-10-10,1.6461540460586548,1.6775000095367432,0.0,1.6890000104904175,1.6617499589920044,1.6799999475479126,0.0,287876000
2016-10-11,1.6223572492599487,1.653249979019165,0.0,1.6744999885559082,1.6404999494552612,1.6720000505447388,0.0,388540000
2016-10-12,1.6297168731689453,1.6607500314712524,0.0,1.6694999933242798,1.6327500343322754,1.6464999914169312,0.0,419920000
2016-10-13,1.6032214164733887,1.6337499618530273,0.0,1.6449999809265137,1.5924999713897705,1.6412500143051147,0.0,390116000
2016-10-14,1.6189225912094116,1.649749994277954,0.0,1.6649999618530273,1.6399999856948853,1.653749942779541,0.0,330636000
2016-10-17,1.6096000671386719,1.6402499675750732,0.0,1.6649999618530273,1.6380000114440918,1.6495000123977661,0.0,195328000
2016-10-18,1.6341328620910645,1.6652499437332153,0.0,1.6747499704360962,1.65625,1.6629999876022339,0.0,269372000
2016-10-19,1.6306980848312378,1.6617499589920044,0.0,1.6694999933242798,1.6454999446868896,1.6540000438690186,0.0,199060000
2016-10-20,1.661609411239624,1.6932499408721924,0.0,1.6987500190734863,1.6575000286102295,1.681249976158142,0.0,312084000
2016-10-21,1.656948447227478,1.6885000467300415,0.0,1.691499948501587,1.6725000143051147,1.687250018119812,0.0,279508000
2016-10-24,1.7347172498703003,1.7677500247955322,0.0,1.7697499990463257,1.6997499465942383,1.7000000476837158,0.0,339836000
2016-10-25,1.763175368309021,1.7967499494552612,0.0,1.8075000047683716,1.756250023841858,1.7647500038146973,0.0,397460000
2016-10-26,1.7702902555465698,1.8040000200271606,0.0,1.8237500190734863,1.7799999713897705,1.781749963760376,0.0,333792000
2016-10-27,1.7339812517166138,1.7669999599456787,0.0,1.8212499618530273,1.7597500085830688,1.8177499771118164,0.0,388664000
2016-10-28,1.7310376167297363,1.7640000581741333,0.0,1.8025000095367432,1.7607500553131104,1.7755000591278076,0.0,290856000
2016-10-31,1.7457571029663086,1.7790000438690186,0.0,1.7907500267028809,1.7687499523162842,1.7697499990463257,0.0,252388000
2016-11-01,1.693993330001831,1.7262500524520874,0.0,1.7952500581741333,1.7072499990463257,1.7855000495910645,0.0,473224000
2016-11-02,1.6868786811828613,1.718999981880188,0.0,1.7630000114440918,1.715999960899353,1.7395000457763672,0.0,295848000
2016-11-03,1.6672520637512207,1.6990000009536743,0.0,1.7285000085830688,1.6660000085830688,1.7269999980926514,0.0,309664000
2016-11-04,1.6576844453811646,1.6892499923706055,0.0,1.718250036239624,1.6644999980926514,1.687749981880188,0.0,328780000
2016-11-07,1.74845552444458,1.781749963760376,0.0,1.7929999828338623,1.7374999523162842,1.7387499809265137,0.0,487580000
2016-11-08,1.7457571029663086,1.7790000438690186,0.0,1.7942500114440918,1.7625000476837158,1.7884999513626099,0.0,429884000
2016-11-09,1.716318130493164,1.7489999532699585,0.0,1.7725000381469727,1.718000054359436,1.7307499647140503,0.0,456532000
2016-11-10,1.6625910997390747,1.6942499876022339,0.0,1.787500023841858,1.6690000295639038,1.78725004196167,0.0,869280000
2016-11-11,2.158154249191284,2.1992499828338623,0.0,2.219249963760376,1.962499976158142,1.9877500534057617,0.0,2175344000
2016-11-14,2.051926612854004,2.0910000801086426,0.0,2.2047500610351562,2.0905001163482666,2.2022500038146973,0.0,1348796000
2016-11-15,2.1144859790802,2.154750108718872,0.0,2.1862499713897705,2.098249912261963,2.1072499752044678,0.0,626092000
2016-11-16,2.247945547103882,2.290750026702881,0.0,2.313999891281128,2.158750057220459,2.183500051498413,0.0,987984000
2016-11-17,2.266589641571045,2.3097500801086426,0.0,2.3697500228881836,2.266249895095825,2.3077499866485596,0.0,832988000
2016-11-18,2.290386199951172,2.3340001106262207,0.0,2.3582499027252197,2.2950000762939453,2.3097500801086426,0.0,576060000
2016-11-21,2.2810633182525635,2.32450008392334,0.0,2.358750104904175,2.309999942779541,2.352250099182129,0.0,436436000
2016-11-22,2.2975013256073,2.341249942779541,0.0,2.3434998989105225,2.309499979019165,2.3324999809265137,0.0,330368000
2016-11-23,2.308803081512451,2.349250078201294,0.0035,2.3812499046325684,2.3192501068115234,2.3429999351501465,0.0,443236000
2016-11-25,2.3134708404541016,2.3540000915527344,0.0,2.377500057220459,2.335249900817871,2.3605000972747803,0.0,195564000
2016-11-28,2.3122427463531494,2.352750062942505,0.0,2.368499994277954,2.3399999141693115,2.346750020980835,0.0,278736000
2016-11-29,2.2911131381988525,2.331249952316284,0.0,2.3610000610351562,2.3132500648498535,2.3499999046325684,0.0,444568000
2016-11-30,2.265314817428589,2.305000066757202,0.0,2.3540000915527344,2.302500009536743,2.3399999141693115,0.0,440500000
2016-12-01,2.153277635574341,2.190999984741211,0.0,2.3042500019073486,2.1192500591278076,2.302500009536743,0.0,1035524000
2016-12-02,2.1731791496276855,2.211250066757202,0.0,2.2200000286102295,2.128000020980835,2.15625,0.0,478292000
2016-12-05,2.257452964782715,2.296999931335449,0.0,2.3152499198913574,2.2249999046325684,2.2497498989105225,0.0,602284000
2016-12-06,2.2945525646209717,2.334749937057495,0.0,2.343250036239624,2.289249897003174,2.3052499294281006,0.0,498796000
2016-12-07,2.335829734802246,2.3767499923706055,0.0,2.382499933242798,2.302500009536743,2.321000099182129,0.0,480804000
2016-12-08,2.2967636585235596,2.3369998931884766,0.0,2.4154999256134033,2.3262500762939453,2.3797500133514404,0.0,381544000
2016-12-09,2.25597882270813,2.2955000400543213,0.0,2.356750011444092,2.2677500247955322,2.3550000190734863,0.0,382312000
2016-12-12,2.201188325881958,2.2397499084472656,0.0,2.2487499713897705,2.188499927520752,2.2462499141693115,0.0,601332000
2016-12-13,2.2400076389312744,2.279249906539917,0.0,2.3072500228881836,2.2512500286102295,2.2522499561309814,0.0,387796000
2016-12-14,2.3697357177734375,2.411250114440918,0.0,2.4277501106262207,2.289249897003174,2.313499927520752,0.0,983980000
2016-12-15,2.425262689590454,2.467750072479248,0.0,2.498500108718872,2.4149999618530273,2.422499895095825,0.0,746548000
2016-12-16,2.467031240463257,2.5102500915527344,0.0,2.5174999237060547,2.4432499408721924,2.4957499504089355,0.0,1089528000
2016-12-19,2.497006416320801,2.540750026702881,0.0,2.5612499713897705,2.4749999046325684,2.492500066757202,0.0,744656000
2016-12-20,2.583982229232788,2.6292500495910645,0.0,2.653249979019165,2.6029999256134033,2.614500045776367,0.0,848056000
2016-12-21,2.600198984146118,2.645750045776367,0.0,2.648750066757202,2.592750072479248,2.6410000324249268,0.0,576136000
2016-12-22,2.6316468715667725,2.6777501106262207,0.0,2.721750020980835,2.663249969482422,2.6705000400543213,0.0,718612000
2016-12-23,2.6972475051879883,2.744499921798706,0.0,2.746000051498413,2.656749963760376,2.6594998836517334,0.0,647692000
2016-12-27,2.882502794265747,2.933000087738037,0.0,2.934000015258789,2.7804999351501465,2.801500082015991,0.0,1194272000
2016-12-28,2.6842260360717773,2.731250047683716,0.0,2.9982500076293945,2.717250108718872,2.990000009536743,0.0,2295764000
2016-12-29,2.7377874851226807,2.785749912261963,0.0,2.78725004196167,2.569999933242798,2.622499942779541,0.0,2175368000
2016-12-30,2.6225552558898926,2.6684999465942383,0.0,2.7980000972747803,2.6575000286102295,2.783750057220459,0.0,1212932000
2017-01-03,2.5063421726226807,2.5502500534057617,0.0,2.659250020980835,2.484499931335449,2.609999895095825,0.0,1501996000
2017-01-04,2.5648179054260254,2.6097500324249268,0.0,2.637500047683716,2.538249969482422,2.5850000381469727,0.0,1199220000
2017-01-05,2.499708652496338,2.5434999465942383,0.0,2.6454999446868896,2.526249885559082,2.6132500171661377,0.0,984296000
2017-01-06,2.53312349319458,2.577500104904175,0.0,2.606250047683716,2.5299999713897705,2.5712499618530273,0.0,822856000
2017-01-09,2.6358234882354736,2.681999921798706,0.0,2.700000047683716,2.5875000953674316,2.5875000953674316,0.0,916248000
2017-01-10,2.6159229278564453,2.661750078201294,0.0,2.729749917984009,2.640749931335449,2.6952500343322754,0.0,880920000
2017-01-11,2.5837371349334717,2.628999948501587,0.0,2.6549999713897705,2.603749990463257,2.6500000953674316,0.0,525664000
2017-01-12,2.5414769649505615,2.5859999656677246,0.0,2.617500066757202,2.5404999256134033,2.60575008392334,0.0,625616000
2017-01-13,2.541231155395508,2.585750102996826,0.0,2.625,2.5764999389648438,2.5899999141693115,0.0,457820000
2017-01-17,2.484229803085327,2.527750015258789,0.0,2.5799999237060547,2.5142500400543213,2.575000047683716,0.0,580612000
2017-01-18,2.52943754196167,2.5737500190734863,0.0,2.580749988555908,2.477750062942505,2.50600004196167,0.0,654424000
2017-01-19,2.5837371349334717,2.628999948501587,0.0,2.6614999771118164,2.57450008392334,2.5767500400543213,0.0,644872000
2017-01-20,2.555481433868408,2.600250005722046,0.0,2.6700000762939453,2.578000068664551,2.6519999504089355,0.0,492024000
2017-01-23,2.582016706466675,2.6272499561309814,0.0,2.6475000381469727,2.5924999713897705,2.5950000286102295,0.0,369904000
2017-01-24,2.6370532512664795,2.6832499504089355,0.0,2.689500093460083,2.622499942779541,2.637500047683716,0.0,428052000
2017-01-25,2.6483538150787354,2.6947500705718994,0.0,2.7325000762939453,2.658250093460083,2.726249933242798,0.0,522760000
2017-01-26,2.6940534114837646,2.7412500381469727,0.0,2.7487499713897705,2.6675000190734863,2.697499990463257,0.0,458800000
2017-01-27,2.746141195297241,2.794250011444092,0.0,2.7972500324249268,2.721250057220459,2.7482500076293945,0.0,471996000
2017-01-30,2.7031447887420654,2.750499963760376,0.0,2.77524995803833,2.6977500915527344,2.7730000019073486,0.0,496004000
2017-01-31,2.6825058460235596,2.7295000553131104,0.0,2.7512500286102295,2.7049999237060547,2.723750114440918,0.0,362756000
2017-02-01,2.799703359603882,2.848750114440918,0.0,2.8529999256134033,2.746500015258789,2.7644999027252197,0.0,590004000
2017-02-02,2.8350837230682373,2.8847498893737793,0.0,2.8935000896453857,2.801500082015991,2.8324999809265137,0.0,483240000
2017-02-03,2.8102684020996094,2.859499931335449,0.0,2.8975000381469727,2.8475000858306885,2.8862500190734863,0.0,372744000
2017-02-06,2.8822567462921143,2.9327499866485596,0.0,2.9332499504089355,2.8499999046325684,2.8499999046325684,0.0,506768000
2017-02-07,2.9269731044769287,2.978250026702881,0.0,3.0230000019073486,2.947499990463257,2.9674999713897705,0.0,746224000
2017-02-08,2.9141969680786133,2.965250015258789,0.0,2.9827499389648438,2.9094998836517334,2.9600000381469727,0.0,449580000
2017-02-09,2.8594067096710205,2.9094998836517334,0.0,2.9765000343322754,2.890000104904175,2.9714999198913574,0.0,842568000
2017-02-10,2.7915945053100586,2.8405001163482666,0.0,3.0174999237060547,2.815000057220459,2.9982500076293945,0.0,1651092000
2017-02-13,2.6628501415252686,2.7095000743865967,0.0,2.8494999408721924,2.7049999237060547,2.834749937057495,0.0,1180724000
2017-02-14,2.672677993774414,2.7195000648498535,0.0,2.7537500858306885,2.657249927520752,2.6997499465942383,0.0,850632000
2017-02-15,2.6780831813812256,2.7249999046325684,0.0,2.744999885559082,2.694000005722046,2.7225000858306885,0.0,373020000
2017-02-16,2.635087013244629,2.6812500953674316,0.0,2.7360000610351562,2.6414999961853027,2.7347500324249268,0.0,647176000
2017-02-17,2.6345958709716797,2.6807498931884766,0.0,2.6852500438690186,2.6197500228881836,2.6675000190734863,0.0,563740000
2017-02-21,2.728942632675171,2.776750087738037,0.0,2.780750036239624,2.7054998874664307,2.705749988555908,0.0,551952000
2017-02-22,2.724761486053467,2.7690000534057617,0.0035,2.7950000762939453,2.7497498989105225,2.7855000495910645,0.0,433772000
2017-02-23,2.472111701965332,2.5122499465942383,0.0,2.659749984741211,2.492000102996826,2.637500047683716,0.0,1592888000
2017-02-24,2.4959747791290283,2.5364999771118164,0.0,2.549999952316284,2.3924999237060547,2.4267499446868896,0.0,1029904000
2017-02-27,2.5685465335845947,2.6102499961853027,0.0,2.625499963760376,2.5390000343322754,2.555000066757202,0.0,715400000
2017-02-28,2.496466636657715,2.5369999408721924,0.0,2.630000114440918,2.5195000171661377,2.619999885559082,0.0,625360000
2017-03-01,2.528693437576294,2.5697500705718994,0.0,2.609250068664551,2.527750015258789,2.594749927520752,0.0,504804000
2017-03-02,2.435457229614258,2.4749999046325684,0.0,2.571000099182129,2.472249984741211,2.5567500591278076,0.0,754332000
2017-03-03,2.421435594558716,2.460750102996826,0.0,2.469249963760376,2.4054999351501465,2.464250087738037,0.0,864692000
2017-03-06,2.4027392864227295,2.4417500495910645,0.0,2.452500104904175,2.3792500495910645,2.4240000247955322,0.0,883568000
2017-03-07,2.4290611743927,2.4684998989105225,0.0,2.4882500171661377,2.4287500381469727,2.4417500495910645,0.0,603400000
2017-03-08,2.424633741378784,2.4639999866485596,0.0,2.5325000286102295,2.461750030517578,2.5174999237060547,0.0,638712000
2017-03-09,2.4241418838500977,2.4635000228881836,0.0,2.4862499237060547,2.434999942779541,2.4477500915527344,0.0,478060000
2017-03-10,2.4384100437164307,2.4779999256134033,0.0,2.5022499561309814,2.4595000743865967,2.4902501106262207,0.0,499740000
2017-03-13,2.5055696964263916,2.546250104904175,0.0,2.5562500953674316,2.4877500534057617,2.4885001182556152,0.0,774136000
2017-03-14,2.5038468837738037,2.5445001125335693,0.0,2.5687499046325684,2.5117499828338623,2.5592501163482666,0.0,522016000
2017-03-15,2.52278995513916,2.5637500286102295,0.0,2.5747499465942383,2.507999897003174,2.5562500953674316,0.0,615036000
2017-03-16,2.553786277770996,2.595249891281128,0.0,2.595750093460083,2.5602500438690186,2.57450008392334,0.0,523100000
2017-03-17,2.6093835830688477,2.651750087738037,0.0,2.6530001163482666,2.595249891281128,2.61299991607666,0.0,1119688000
2017-03-20,2.6925337314605713,2.7362499237060547,0.0,2.7402501106262207,2.653249979019165,2.6695001125335693,0.0,748568000
2017-03-21,2.605447769165039,2.647749900817871,0.0,2.749000072479248,2.6397500038146973,2.71875,0.0,913484000
2017-03-22,2.6585843563079834,2.7017500400543213,0.0,2.7065000534057617,2.632499933242798,2.6364998817443848,0.0,616764000
2017-03-23,2.6344759464263916,2.6772499084472656,0.0,2.7139999866485596,2.6675000190734863,2.6937499046325684,0.0,533940000
2017-03-24,2.643824815750122,2.6867499351501465,0.0,2.7322499752044678,2.6605000495910645,2.724250078201294,0.0,439500000
2017-03-27,2.663012742996216,2.706249952316284,0.0,2.710249900817871,2.5894999504089355,2.6394999027252197,0.0,506644000
2017-03-28,2.6492369174957275,2.6922500133514404,0.0,2.722249984741211,2.6817500591278076,2.7074999809265137,0.0,432444000
2017-03-29,2.64062762260437,2.683500051498413,0.0,2.712249994277954,2.6812500953674316,2.6997499465942383,0.0,349992000
2017-03-30,2.6913034915924072,2.734999895095825,0.0,2.75,2.684999942779541,2.6907498836517334,0.0,525532000
2017-03-31,2.679741621017456,2.723249912261963,0.0,2.7472500801086426,2.7100000381469727,2.725250005722046,0.0,440808000
2017-04-03,2.666210651397705,2.7095000743865967,0.0,2.7412500381469727,2.685499906539917,2.723750114440918,0.0,445232000
2017-04-04,2.479245901107788,2.5195000171661377,0.0,2.6105000972747803,2.508500099182129,2.5850000381469727,0.0,1271280000
2017-04-05,2.460796356201172,2.5007500648498535,0.0,2.5592501163482666,2.487499952316284,2.500499963760376,0.0,747048000
2017-04-06,2.478754997253418,2.5190000534057617,0.0,2.53125,2.460249900817871,2.50600004196167,0.0,635120000
2017-04-07,2.4681766033172607,2.5082499980926514,0.0,2.54325008392334,2.493000030517578,2.5255000591278076,0.0,429068000
2017-04-10,2.4051992893218994,2.4442501068115234,0.0,2.515749931335449,2.440000057220459,2.509000062942505,0.0,756332000
2017-04-11,2.4138095378875732,2.453000068664551,0.0,2.4725000858306885,2.408750057220459,2.413749933242798,0.0,618148000
2017-04-12,2.3938825130462646,2.4327499866485596,0.0,2.4674999713897705,2.427500009536743,2.453000068664551,0.0,414092000
2017-04-13,2.349109649658203,2.3872499465942383,0.0,2.4302499294281006,2.3872499465942383,2.408250093460083,0.0,506892000
2017-04-17,2.441115617752075,2.48075008392334,0.0,2.4809999465942383,2.3949999809265137,2.40024995803833,0.0,497292000
2017-04-18,2.442591667175293,2.4822499752044678,0.0,2.4885001182556152,2.440000057220459,2.466249942779541,0.0,370116000
2017-04-19,2.45218563079834,2.492000102996826,0.0,2.5244998931884766,2.4852499961853027,2.5,0.0,380828000
2017-04-20,2.4910552501678467,2.5315001010894775,0.0,2.536250114440918,2.4852499961853027,2.5067501068115234,0.0,404016000
2017-04-21,2.50138783454895,2.5420000553131104,0.0,2.5447499752044678,2.509000062942505,2.5209999084472656,0.0,341896000
2017-04-24,2.53262996673584,2.5737500190734863,0.0,2.5869998931884766,2.5527501106262207,2.5739998817443848,0.0,371820000
2017-04-25,2.576665163040161,2.618499994277954,0.0,2.6332499980926514,2.5667500495910645,2.5885000228881836,0.0,388440000
2017-04-26,2.5589518547058105,2.6005001068115234,0.0,2.6347498893737793,2.5985000133514404,2.6322500705718994,0.0,327004000
2017-04-27,2.5988056659698486,2.6410000324249268,0.0,2.6494998931884766,2.589750051498413,2.6080000400543213,0.0,319700000
2017-04-28,2.5658414363861084,2.6075000762939453,0.0,2.6410000324249268,2.601749897003174,2.634000062942505,0.0,348248000
2017-05-01,2.623405694961548,2.6659998893737793,0.0,2.671250104904175,2.6112499237060547,2.618499994277954,0.0,307732000
2017-05-02,2.5456693172454834,2.5869998931884766,0.0,2.640000104904175,2.563999891281128,2.6387500762939453,0.0,629972000
2017-05-03,2.564610242843628,2.606250047683716,0.0,2.615999937057495,2.565000057220459,2.5799999237060547,0.0,336904000
2017-05-04,2.5547711849212646,2.596250057220459,0.0,2.6237499713897705,2.588249921798706,2.612499952316284,0.0,209788000
2017-05-05,2.555016279220581,2.5964999198913574,0.0,2.603749990463257,2.5687499046325684,2.5845000743865967,0.0,228428000
2017-05-08,2.5282022953033447,2.5692501068115234,0.0,2.609999895095825,2.5577499866485596,2.6085000038146973,0.0,365240000
2017-05-09,2.532383680343628,2.573499917984009,0.0,2.6232500076293945,2.566499948501587,2.575000047683716,0.0,847672000
2017-05-10,2.98380446434021,3.032249927520752,0.0,3.0455000400543213,2.8505001068115234,2.8572499752044678,0.0,2129096000
2017-05-11,3.111973285675049,3.1624999046325684,0.0,3.2607500553131104,2.9977500438690186,3.0012500286102295,0.0,1939792000
2017-05-12,3.1461684703826904,3.1972498893737793,0.0,3.240000009536743,3.1445000171661377,3.165750026702881,0.0,962620000
2017-05-15,3.3041043281555176,3.3577499389648438,0.0,3.3602499961853027,3.234499931335449,3.239000082015991,0.0,1087540000
2017-05-16,3.365604877471924,3.4202499389648438,0.0,3.436000108718872,3.3340001106262207,3.4094998836517334,0.0,1120700000
2017-05-17,3.141986608505249,3.193000078201294,0.0,3.371500015258789,3.1887500286102295,3.3524999618530273,0.0,1271368000
2017-05-18,3.27359938621521,3.3267500400543213,0.0,3.335750102996826,3.1762499809265137,3.237499952316284,0.0,1156032000
2017-05-19,3.3492026329040527,3.4000000953674316,0.0035,3.4554998874664307,3.380500078201294,3.4257500171661377,0.0,1018372000
2017-05-22,3.4206202030181885,3.4725000858306885,0.0,3.486999988555908,3.4332499504089355,3.4442501068115234,0.0,836608000
2017-05-23,3.374568223953247,3.4257500171661377,0.0,3.4947500228881836,3.3927500247955322,3.492500066757202,0.0,681248000
2017-05-24,3.4124929904937744,3.464250087738037,0.0,3.526750087738037,3.4519999027252197,3.5239999294281006,0.0,815996000
2017-05-25,3.4048590660095215,3.4565000534057617,0.0,3.5007500648498535,3.4110000133514404,3.5,0.0,608228000
2017-05-26,3.4930217266082764,3.5460000038146973,0.0,3.631999969482422,3.4277501106262207,3.4482500553131104,0.0,779140000
2017-05-30,3.5676403045654297,3.6217501163482666,0.0,3.657249927520752,3.5762500762939453,3.5924999713897705,0.0,989652000
2017-05-31,3.5548338890075684,3.608750104904175,0.0,3.674999952316284,3.5512499809265137,3.667249917984009,0.0,887316000
2017-06-01,3.5550811290740967,3.6089999675750732,0.0,3.6257500648498535,3.562999963760376,3.6247498989105225,0.0,503340000
2017-06-02,3.537349224090576,3.5910000801086426,0.0,3.632499933242798,3.5850000381469727,3.6059999465942383,0.0,487456000
2017-06-05,3.6449663639068604,3.7002499103546143,0.0,3.713249921798706,3.5627501010894775,3.57450008392334,0.0,817376000
2017-06-06,3.6284680366516113,3.683500051498413,0.0,3.7422499656677246,3.6700000762939453,3.695499897003174,0.0,758728000
2017-06-07,3.672302484512329,3.7279999256134033,0.0,3.746999979019165,3.692500114440918,3.708250045776367,0.0,612612000
2017-06-08,3.9387612342834473,3.998500108718872,0.0,4.0,3.7947499752044678,3.8364999294281006,0.0,1161744000
2017-06-09,3.6841237545013428,3.740000009536743,0.0,4.212500095367432,3.5687499046325684,4.118500232696533,0.0,3692928000
2017-06-12,3.69323468208313,3.7492499351501465,0.0,3.7925000190734863,3.5527501106262207,3.6470000743865967,0.0,1697532000
2017-06-13,3.7284505367279053,3.7850000858306885,0.0,3.8692500591278076,3.641249895095825,3.859999895095825,0.0,1672504000
2017-06-14,3.736330986022949,3.7929999828338623,0.0,3.8515000343322754,3.7125000953674316,3.7880001068115234,0.0,1184640000
2017-06-15,3.7523386478424072,3.8092501163482666,0.0,3.8399999141693115,3.6624999046325684,3.6740000247955322,0.0,963824000
2017-06-16,3.7338688373565674,3.7904999256134033,0.0,3.867500066757202,3.75600004196167,3.819000005722046,0.0,924960000
2017-06-19,3.874239683151245,3.933000087738037,0.0,3.9382500648498535,3.8315000534057617,3.835249900817871,0.0,778176000
2017-06-20,3.8685758113861084,3.9272499084472656,0.0,4.043499946594238,3.9230000972747803,3.975749969482422,0.0,1095444000
2017-06-21,3.9271860122680664,3.9867498874664307,0.0,3.990499973297119,3.8924999237060547,3.9552500247955322,0.0,682652000
2017-06-22,3.9000966548919678,3.959249973297119,0.0,4.008500099182129,3.934999942779541,3.994999885559082,0.0,469132000
2017-06-23,3.7882931232452393,3.845750093460083,0.0,3.9830000400543213,3.8304998874664307,3.9670000076293945,0.0,1088588000
2017-06-26,3.7469210624694824,3.8037500381469727,0.0,3.9149999618530273,3.708250045776367,3.878999948501587,0.0,1063960000
2017-06-27,3.6097512245178223,3.6644999980926514,0.0,3.7947499752044678,3.658750057220459,3.7860000133514404,0.0,999492000
2017-06-28,3.7370705604553223,3.793750047683716,0.0,3.7985000610351562,3.643749952316284,3.7330000400543213,0.0,994948000
2017-06-29,3.6122140884399414,3.6670000553131104,0.0,3.7679998874664307,3.6019999980926514,3.765000104904175,0.0,1064424000
2017-06-30,3.5600056648254395,3.614000082015991,0.0,3.6982500553131104,3.5875000953674316,3.684499979019165,0.0,731060000
2017-07-03,3.431208848953247,3.4832499027252197,0.0,3.641249895095825,3.4644999504089355,3.6262500286102295,0.0,709072000
2017-07-05,3.5228190422058105,3.5762500762939453,0.0,3.6054999828338623,3.528249979019165,3.547499895095825,0.0,820188000
2017-07-06,3.5334091186523438,3.5869998931884766,0.0,3.634500026702881,3.49399995803833,3.546750068664551,0.0,746284000
2017-07-07,3.6141841411590576,3.6689999103546143,0.0,3.6875,3.6212499141693115,3.6445000171661377,0.0,654972000
2017-07-10,3.7850916385650635,3.8424999713897705,0.0,3.8499999046325684,3.7170000076293945,3.743499994277954,0.0,958492000
2017-07-11,3.838777780532837,3.8970000743865967,0.0,3.904750108718872,3.8037500381469727,3.846250057220459,0.0,757956000
2017-07-12,4.002050399780273,4.062749862670898,0.0,4.074999809265137,3.9140000343322754,3.9574999809265137,0.0,1145208000
2017-07-13,3.9557528495788574,4.015749931335449,0.0,4.15749979019165,3.96875,4.074999809265137,0.0,1369132000
2017-07-14,4.06213903427124,4.12375020980835,0.0,4.125249862670898,4.02524995803833,4.032249927520752,0.0,941948000
2017-07-17,4.044900894165039,4.106249809265137,0.0,4.1875,4.043749809265137,4.158249855041504,0.0,930792000
2017-07-18,4.08701229095459,4.14900016784668,0.0,4.163750171661377,4.03249979019165,4.04449987411499,0.0,776640000
2017-07-19,4.065834045410156,4.127500057220459,0.0,4.184999942779541,4.115250110626221,4.158249855041504,0.0,687044000
2017-07-20,4.124937057495117,4.1875,0.0,4.187749862670898,4.097750186920166,4.148250102996826,0.0,699596000
2017-07-21,4.139714241027832,4.202499866485596,0.0,4.232500076293945,4.152249813079834,4.166749954223633,0.0,648332000
2017-07-24,4.0916924476623535,4.153749942779541,0.0,4.2195000648498535,4.14300012588501,4.209750175476074,0.0,652524000
2017-07-25,4.071991443634033,4.133749961853027,0.0,4.148250102996826,4.0894999504089355,4.130499839782715,0.0,496556000
2017-07-26,4.1190266609191895,4.18149995803833,0.0,4.2482500076293945,4.146249771118164,4.191999912261963,0.0,640404000
2017-07-27,3.9830892086029053,4.043499946594238,0.0,4.218500137329102,3.938999891281128,4.20674991607666,0.0,782856000
2017-07-28,4.0483479499816895,4.109749794006348,0.0,4.134500026702881,3.9820001125335693,4.00724983215332,0.0,513348000
2017-07-31,4.002050399780273,4.062749862670898,0.0,4.159999847412109,4.015500068664551,4.123499870300293,0.0,559672000
2017-08-01,4.050810813903809,4.112249851226807,0.0,4.113999843597412,4.025000095367432,4.053249835968018,0.0,431384000
2017-08-02,4.0483479499816895,4.109749794006348,0.0,4.147749900817871,4.031750202178955,4.143750190734863,0.0,478444000
2017-08-03,4.099821090698242,4.1620001792907715,0.0,4.165750026702881,4.0920000076293945,4.109250068664551,0.0,442420000
2017-08-04,4.117796421051025,4.18025016784668,0.0,4.2517499923706055,4.1620001792907715,4.184999942779541,0.0,589096000
2017-08-07,4.244375228881836,4.308750152587891,0.0,4.3092498779296875,4.199999809265137,4.209750175476074,0.0,717412000
2017-08-08,4.193891525268555,4.257500171661377,0.0,4.363999843597412,4.217750072479248,4.347249984741211,0.0,755336000
2017-08-09,4.23846435546875,4.302750110626221,0.0,4.30525016784668,4.1917500495910645,4.210750102996826,0.0,530784000
2017-08-10,4.056970119476318,4.118500232696533,0.0,4.316500186920166,4.108250141143799,4.303999900817871,0.0,1328088000
2017-08-11,3.840747833251953,3.8989999294281006,0.0,3.9749999046325684,3.8227500915527344,3.928499937057495,0.0,1497196000
2017-08-14,4.14709997177124,4.210000038146973,0.0,4.213749885559082,3.9800000190734863,3.9917500019073486,0.0,1279020000
2017-08-15,4.112133026123047,4.174499988555908,0.0,4.2417497634887695,4.139750003814697,4.215250015258789,0.0,764532000
2017-08-16,4.0670647621154785,4.128749847412109,0.0,4.213500022888184,4.0960001945495605,4.1897501945495605,0.0,596632000
2017-08-17,3.976440191268921,4.036749839782715,0.0,4.137499809265137,4.0345001220703125,4.120250225067139,0.0,525444000
2017-08-18,3.9771769046783447,4.037499904632568,0.0,4.109000205993652,3.990999937057495,4.091750144958496,0.0,601204000
2017-08-21,3.919306755065918,3.978749990463257,0.0,4.073750019073486,3.9342501163482666,4.062250137329102,0.0,623672000
2017-08-22,4.006560325622559,4.06374979019165,0.0035,4.06974983215332,3.9927499294281006,4.012249946594238,0.0,450456000
2017-08-23,4.086668014526367,4.144999980926514,0.0,4.15625,4.021249771118164,4.03000020980835,0.0,579520000
2017-08-24,4.0716328620910645,4.129749774932861,0.0,4.182000160217285,4.103000164031982,4.177499771118164,0.0,469700000
2017-08-25,4.0376176834106445,4.095250129699707,0.0,4.1645002365112305,4.088749885559082,4.154250144958496,0.0,357200000
2017-08-28,4.066211223602295,4.1242499351501465,0.0,4.127500057220459,4.0582499504089355,4.114500045776367,0.0,389496000
2017-08-29,4.059553623199463,4.117499828338623,0.0,4.139500141143799,4.05649995803833,4.0647501945495605,0.0,324096000
2017-08-30,4.0837082862854,4.142000198364258,0.0,4.153250217437744,4.106750011444092,4.137499809265137,0.0,384400000
2017-08-31,4.176387786865234,4.236000061035156,0.0,4.239999771118164,4.15500020980835,4.162499904632568,0.0,612684000
2017-09-01,4.201528072357178,4.261499881744385,0.0,4.297500133514404,4.239999771118164,4.24875020980835,0.0,445432000
2017-09-05,4.089377403259277,4.147749900817871,0.0,4.2144999504089355,4.089000225067139,4.209499835968018,0.0,695364000
2017-09-06,4.086915493011475,4.145249843597412,0.0,4.195000171661377,4.110000133514404,4.181000232696533,0.0,397672000
2017-09-07,4.105892181396484,4.1645002365112305,0.0,4.197249889373779,4.12375020980835,4.16225004196167,0.0,352868000
2017-09-08,4.034659385681152,4.092249870300293,0.0,4.167749881744385,4.067749977111816,4.152750015258789,0.0,498856000
2017-09-11,4.165541172027588,4.224999904632568,0.0,4.235750198364258,4.132999897003174,4.138500213623047,0.0,567444000
2017-09-12,4.180575370788574,4.240250110626221,0.0,4.25,4.17425012588501,4.25,0.0,411488000
2017-09-13,4.199310779571533,4.259250164031982,0.0,4.28849983215332,4.182000160217285,4.214749813079834,0.0,580960000
2017-09-14,4.175400257110596,4.235000133514404,0.0,4.314000129699707,4.195000171661377,4.219749927520752,0.0,513712000
2017-09-15,4.439383029937744,4.502749919891357,0.0,4.502749919891357,4.316249847412109,4.321499824523926,0.0,1364792000
2017-09-18,4.622763633728027,4.68874979019165,0.0,4.78000020980835,4.621500015258789,4.628499984741211,0.0,1684460000
2017-09-19,4.61783504486084,4.683750152587891,0.0,4.746250152587891,4.615499973297119,4.637750148773193,0.0,874280000
2017-09-20,4.580615520477295,4.645999908447266,0.0,4.735499858856201,4.605249881744385,4.6875,0.0,724920000
2017-09-21,4.4554033279418945,4.519000053405762,0.0,4.567500114440918,4.440249919891357,4.540999889373779,0.0,1075600000
2017-09-22,4.412023544311523,4.474999904632568,0.0,4.557750225067139,4.465000152587891,4.507500171661377,0.0,491232000
2017-09-25,4.214836597442627,4.275000095367432,0.0,4.445000171661377,4.254000186920166,4.443749904632568,0.0,874580000
2017-09-26,4.238500595092773,4.298999786376953,0.0,4.4670000076293945,4.258749961853027,4.411250114440918,0.0,1125620000
2017-09-27,4.331423759460449,4.393249988555908,0.0,4.406750202178955,4.318749904632568,4.390500068664551,0.0,713720000
2017-09-28,4.330190658569336,4.392000198364258,0.0,4.4045000076293945,4.343999862670898,4.4004998207092285,0.0,435244000
2017-09-29,4.406355857849121,4.469250202178955,0.0,4.493249893188477,4.431250095367432,4.4770002365112305,0.0,619092000
2017-10-02,4.412023544311523,4.474999904632568,0.0,4.549499988555908,4.425000190734863,4.519999980926514,0.0,503480000
2017-10-03,4.421141624450684,4.484250068664551,0.0,4.514500141143799,4.439499855041504,4.481249809265137,0.0,390332000
2017-10-04,4.458113193511963,4.521749973297119,0.0,4.544250011444092,4.453499794006348,4.490499973297119,0.0,427848000
2017-10-05,4.455650329589844,4.51924991607666,0.0,4.550000190734863,4.488999843597412,4.546500205993652,0.0,437364000
2017-10-06,4.468713283538818,4.53249979019165,0.0,4.546000003814697,4.474999904632568,4.491250038146973,0.0,318800000
2017-10-09,4.569523811340332,4.634749889373779,0.0,4.66825008392334,4.550749778747559,4.56974983215332,0.0,563492000
2017-10-10,4.65678071975708,4.723249912261963,0.0,4.823750019073486,4.68149995803833,4.785749912261963,0.0,974876000
2017-10-11,4.706323623657227,4.773499965667725,0.0,4.775000095367432,4.69350004196167,4.739999771118164,0.0,529508000
2017-10-12,4.708540916442871,4.775750160217285,0.0,4.827250003814697,4.7482500076293945,4.7769999504089355,0.0,528292000
2017-10-13,4.796289443969727,4.864749908447266,0.0,4.875,4.791250228881836,4.838749885559082,0.0,628728000
2017-10-16,4.878612518310547,4.948249816894531,0.0,4.951250076293945,4.830999851226807,4.894999980926514,0.0,576640000
2017-10-17,4.874175548553467,4.943749904632568,0.0,4.972499847412109,4.908750057220459,4.927249908447266,0.0,478596000
2017-10-18,4.869985103607178,4.939499855041504,0.0,4.953499794006348,4.833000183105469,4.952750205993652,0.0,567316000
2017-10-19,4.87540864944458,4.945000171661377,0.0,4.949999809265137,4.81125020980835,4.861000061035156,0.0,570772000
2017-10-20,4.8532257080078125,4.922500133514404,0.0,4.989749908447266,4.91349983215332,4.962250232696533,0.0,451620000
2017-10-23,4.846324920654297,4.915500164031982,0.0,4.971250057220459,4.894999980926514,4.944499969482422,0.0,428696000
2017-10-24,4.897097587585449,4.9670000076293945,0.0,4.96875,4.898499965667725,4.924749851226807,0.0,407244000
2017-10-25,4.773364543914795,4.8414998054504395,0.0,4.980500221252441,4.779250144958496,4.927000045776367,0.0,828160000
2017-10-26,4.823402404785156,4.892250061035156,0.0,4.9039998054504395,4.845250129699707,4.869500160217285,0.0,322744000
2017-10-27,4.9754791259765625,5.046500205993652,0.0,5.046750068664551,4.918749809265137,4.945000171661377,0.0,572192000
2017-10-30,5.0242838859558105,5.0960001945495605,0.0,5.152249813079834,5.0304999351501465,5.046500205993652,0.0,504056000
2017-10-31,5.097487926483154,5.170249938964844,0.0,5.197249889373779,5.122499942779541,5.1282501220703125,0.0,411908000
2017-11-01,5.107102394104004,5.179999828338623,0.0,5.2492499351501465,5.114999771118164,5.233749866485596,0.0,502576000
2017-11-02,5.076044082641602,5.148499965667725,0.0,5.195250034332275,5.091249942779541,5.150000095367432,0.0,342308000
2017-11-03,5.143829345703125,5.217249870300293,0.0,5.217249870300293,5.133500099182129,5.179999828338623,0.0,353640000
2017-11-06,5.166996955871582,5.240749835968018,0.0,5.249499797821045,5.167500019073486,5.179999828338623,0.0,389944000
2017-11-07,5.226153373718262,5.300749778747559,0.0,5.322500228881836,5.251500129699707,5.263750076293945,0.0,427700000
2017-11-08,5.155412673950195,5.229000091552734,0.0,5.300000190734863,5.181000232696533,5.296249866485596,0.0,522988000
2017-11-09,5.060762405395508,5.132999897003174,0.0,5.158249855041504,5.009250164031982,5.131750106811523,0.0,978564000
2017-11-10,5.327455043792725,5.403500080108643,0.0,5.466750144958496,5.290750026702881,5.327000141143799,0.0,1253256000
2017-11-13,5.240940093994141,5.3157501220703125,0.0,5.4292497634887695,5.300250053405762,5.403500080108643,0.0,582376000
2017-11-14,5.279146194458008,5.354499816894531,0.0,5.369999885559082,5.280749797821045,5.324999809265137,0.0,529292000
2017-11-15,5.175624847412109,5.249499797821045,0.0,5.300000190734863,5.195000171661377,5.298749923706055,0.0,501948000
2017-11-16,5.215800762176514,5.290249824523926,0.0,5.355000019073486,5.28125,5.32450008392334,0.0,441768000
2017-11-17,5.2096381187438965,5.283999919891357,0.0,5.383749961853027,5.268750190734863,5.3480000495910645,0.0,515664000
2017-11-20,5.276681423187256,5.3520002365112305,0.0,5.364250183105469,5.262499809265137,5.299749851226807,0.0,396100000
2017-11-21,5.325236797332764,5.401249885559082,0.0,5.413000106811523,5.360000133514404,5.392250061035156,0.0,399176000
2017-11-22,5.3013129234313965,5.3732500076293945,0.00375,5.425000190734863,5.340250015258789,5.425000190734863,0.0,356640000
2017-11-24,5.351384162902832,5.423999786376953,0.0,5.425000190734863,5.364999771118164,5.389750003814697,0.0,180752000
2017-11-27,5.281827449798584,5.353499889373779,0.0,5.434000015258789,5.350249767303467,5.432750225067139,0.0,422896000
2017-11-28,5.197223663330078,5.267749786376953,0.0,5.368249893188477,5.205999851226807,5.358749866485596,0.0,512752000
2017-11-29,4.844757080078125,4.9105000495910645,0.0,5.252999782562256,4.780749797821045,5.250249862670898,0.0,1396788000
2017-11-30,4.9505743980407715,5.017749786376953,0.0,5.066999912261963,4.916250228881836,4.980000019073486,0.0,823768000
2017-12-01,4.875836372375488,4.941999912261963,0.0,5.0032501220703125,4.8117499351501465,4.982749938964844,0.0,811548000
2017-12-04,4.604025363922119,4.666500091552734,0.0,5.007500171661377,4.612500190734863,5.00124979019165,0.0,1240844000
2017-12-05,4.630664348602295,4.69350004196167,0.0,4.817500114440918,4.514500141143799,4.559999942779541,0.0,981488000
2017-12-06,4.668154716491699,4.731500148773193,0.0,4.753499984741211,4.620999813079834,4.642499923706055,0.0,467032000
2017-12-07,4.735489845275879,4.799749851226807,0.0,4.840000152587891,4.752999782562256,4.798999786376953,0.0,542600000
2017-12-08,4.723155975341797,4.78725004196167,0.0,4.869500160217285,4.778749942779541,4.850249767303467,0.0,466876000
2017-12-11,4.801346302032471,4.866499900817871,0.0,4.869500160217285,4.7855000495910645,4.801499843597412,0.0,372748000
2017-12-12,4.707125186920166,4.770999908447266,0.0,4.8460001945495605,4.747250080108643,4.822500228881836,0.0,455016000
2017-12-13,4.5921854972839355,4.6545000076293945,0.0,4.81374979019165,4.646999835968018,4.8125,0.0,554280000
2017-12-14,4.599337100982666,4.661749839782715,0.0,4.733500003814697,4.614999771118164,4.6479997634887695,0.0,438164000
2017-12-15,4.724884510040283,4.789000034332275,0.0,4.809500217437744,4.640500068664551,4.706250190734863,0.0,670036000
2017-12-18,4.88126277923584,4.947500228881836,0.0,4.950500011444092,4.800000190734863,4.829999923706055,0.0,477704000
2017-12-19,4.837111473083496,4.902750015258789,0.0,4.9432501792907715,4.874000072479248,4.938000202178955,0.0,373100000
2017-12-20,4.854130744934082,4.920000076293945,0.0,4.951749801635742,4.863749980926514,4.942500114440918,0.0,288820000
2017-12-21,4.831686019897461,4.897250175476074,0.0,4.948750019073486,4.888750076293945,4.923500061035156,0.0,300904000
2017-12-22,4.816392421722412,4.881750106811523,0.0,4.891250133514404,4.78125,4.860000133514404,0.0,466276000
2017-12-26,4.8699164390563965,4.935999870300293,0.0,4.943749904632568,4.795499801635742,4.82574987411499,0.0,355080000
2017-12-27,4.86325740814209,4.9292497634887695,0.0,4.9992499351501465,4.907750129699707,4.922500133514404,0.0,329488000
2017-12-28,4.868930339813232,4.934999942779541,0.0,4.984499931335449,4.928750038146973,4.953249931335449,0.0,240248000
2017-12-29,4.772733688354492,4.837500095367432,0.0,4.96150016784668,4.837500095367432,4.96150016784668,0.0,279964000
2018-01-02,4.917026996612549,4.983749866485596,0.0,4.987500190734863,4.862500190734863,4.894499778747559,0.0,355616000
2018-01-03,5.240636348724365,5.3117499351501465,0.0,5.34250020980835,5.09375,5.102499961853027,0.0,914704000
2018-01-04,5.2682623863220215,5.339749813079834,0.0,5.451250076293945,5.317249774932861,5.394000053405762,0.0,583268000
2018-01-05,5.312905311584473,5.385000228881836,0.0,5.422749996185303,5.2769999504089355,5.354750156402588,0.0,580124000
2018-01-08,5.475695610046387,5.550000190734863,0.0,5.625,5.4644999504089355,5.510000228881836,0.0,881216000
2018-01-09,5.474216938018799,5.548500061035156,0.0,5.5954999923706055,5.466000080108643,5.555500030517578,0.0,497000000
2018-01-10,5.517133712768555,5.5920000076293945,0.0,5.5954999923706055,5.400000095367432,5.454999923706055,0.0,582664000
2018-01-11,5.5269999504089355,5.6020002365112305,0.0,5.656750202178955,5.580249786376953,5.625,0.0,406032000
2018-01-12,5.499868869781494,5.57450008392334,0.0,5.624750137329102,5.5335001945495605,5.590000152587891,0.0,359916000
2018-01-16,5.429078578948975,5.502749919891357,0.0,5.687749862670898,5.417250156402588,5.601250171661377,0.0,702348000
2018-01-17,5.542786121368408,5.618000030517578,0.0,5.627999782562256,5.422500133514404,5.517499923706055,0.0,538408000
2018-01-18,5.535880088806152,5.611000061035156,0.0,5.665999889373779,5.566999912261963,5.598499774932861,0.0,408632000
2018-01-19,5.6757307052612305,5.752749919891357,0.0,5.777249813079834,5.675000190734863,5.702250003814697,0.0,609380000
2018-01-22,5.764034748077393,5.842249870300293,0.0,5.843999862670898,5.702499866485596,5.760749816894531,0.0,550944000
2018-01-23,5.892785549163818,5.972750186920166,0.0,5.9957499504089355,5.877500057220459,5.896249771118164,0.0,475228000
2018-01-24,5.816076755523682,5.894999980926514,0.0,6.012249946594238,5.838749885559082,5.97599983215332,0.0,579972000
2018-01-25,5.829641342163086,5.908750057220459,0.0,5.993750095367432,5.893750190734863,5.949999809265137,0.0,409884000
2018-01-26,6.001806735992432,6.083250045776367,0.0,6.083499908447266,5.940000057220459,5.953000068664551,0.0,516356000
2018-01-29,6.088628768920898,6.171249866485596,0.0,6.202750205993652,6.015250205993652,6.06850004196167,0.0,455116000
2018-01-30,5.986759662628174,6.067999839782715,0.0,6.1605000495910645,5.960249900817871,6.027750015258789,0.0,570832000
2018-01-31,6.06273078918457,6.144999980926514,0.0,6.231750011444092,6.111249923706055,6.14424991607666,0.0,478576000
2018-02-01,5.932003974914551,6.012499809265137,0.0,6.172500133514404,5.951499938964844,5.9629998207092285,0.0,519224000
2018-02-02,5.759840965270996,5.8379998207092285,0.0,5.949250221252441,5.779250144958496,5.925000190734863,0.0,718464000
2018-02-05,5.270975589752197,5.34250020980835,0.0,5.830749988555908,5.125,5.675000190734863,0.0,1165204000
2018-02-06,5.563998222351074,5.639500141143799,0.0,5.642499923706055,5.099999904632568,5.110000133514404,0.0,1114800000
2018-02-07,5.6434197425842285,5.71999979019165,0.0,5.8742499351501465,5.667500019073486,5.739500045776367,0.0,802932000
2018-02-08,5.365195274353027,5.438000202178955,0.0,5.880499839782715,5.437749862670898,5.8470001220703125,0.0,1144000000
2018-02-09,5.724322319030762,5.802000045776367,0.0,5.972249984741211,5.438000202178955,5.956250190734863,0.0,1674604000
2018-02-12,5.624427795410156,5.70074987411499,0.0,5.88700008392334,5.6257500648498535,5.883999824523926,0.0,1093172000
2018-02-13,5.737889289855957,5.8157501220703125,0.0,5.862500190734863,5.631249904632568,5.664000034332275,0.0,625524000
2018-02-14,5.954695701599121,6.0355000495910645,0.0,6.0647501945495605,5.763750076293945,5.775000095367432,0.0,744988000
2018-02-15,6.079995632171631,6.162499904632568,0.0,6.209249973297119,6.038000106811523,6.119750022888184,0.0,698900000
2018-02-16,6.01438570022583,6.0960001945495605,0.0,6.25,6.086750030517578,6.135000228881836,0.0,637656000
2018-02-20,6.1436333656311035,6.2270002365112305,0.0,6.296750068664551,6.114999771118164,6.118750095367432,0.0,686240000
2018-02-21,5.956916332244873,6.037749767303467,0.0,6.29925012588501,6.033999919891357,6.292250156402588,0.0,892292000
2018-02-22,5.976413249969482,6.053750038146973,0.00375,6.140749931335449,5.987500190734863,6.0682501792907715,0.0,534364000
2018-02-23,6.069708347320557,6.148250102996826,0.0,6.148250102996826,6.063000202178955,6.114250183105469,0.0,415300000
2018-02-26,6.085749626159668,6.1645002365112305,0.0,6.19950008392334,6.101500034332275,6.195000171661377,0.0,469312000
2018-02-27,6.072916030883789,6.151500225067139,0.0,6.222750186920166,6.1282501220703125,6.137499809265137,0.0,455436000
2018-02-28,5.972712516784668,6.050000190734863,0.0,6.202499866485596,6.038249969482422,6.162499904632568,0.0,523116000
2018-03-01,5.7310872077941895,5.80525016784668,0.0,6.102250099182129,5.703000068664551,6.047749996185303,0.0,1040120000
2018-03-02,5.837956428527832,5.91349983215332,0.0,5.920000076293945,5.546249866485596,5.696499824523926,0.0,913428000
2018-03-05,5.815989971160889,5.891250133514404,0.0,5.931250095367432,5.73799991607666,5.862750053405762,0.0,620776000
2018-03-06,5.97666072845459,6.053999900817871,0.0,6.073500156402588,5.934000015258789,5.977499961853027,0.0,636808000
2018-03-07,5.968761444091797,6.046000003814697,0.0,6.098750114440918,5.948750019073486,5.949999809265137,0.0,581208000
2018-03-08,5.952472686767578,6.0295000076293945,0.0,6.073750019073486,5.984749794006348,6.073750019073486,0.0,411912000
2018-03-09,6.054899215698242,6.1332502365112305,0.0,6.146249771118164,6.06125020980835,6.077499866485596,0.0,505524000
2018-03-12,6.164233684539795,6.24399995803833,0.0,6.324999809265137,6.166749954223633,6.175000190734863,0.0,605060000
2018-03-13,6.113636493682861,6.192749977111816,0.0,6.362500190734863,6.151000022888184,6.28725004196167,0.0,619772000
2018-03-14,6.139058589935303,6.218500137329102,0.0,6.263750076293945,6.1554999351501465,6.236249923706055,0.0,505496000
2018-03-15,6.153867721557617,6.233500003814697,0.0,6.315499782562256,6.190999984741211,6.232250213623047,0.0,401952000
2018-03-16,6.182003974914551,6.26200008392334,0.0,6.28125,6.211999893188477,6.25,0.0,399456000
2018-03-19,5.948030471801758,6.025000095367432,0.0,6.233749866485596,5.925000190734863,6.204500198364258,0.0,713772000
2018-03-20,6.159790515899658,6.239500045776367,0.0,6.278749942779541,6.0279998779296875,6.0279998779296875,0.0,554696000
2018-03-21,6.134618282318115,6.214000225067139,0.0,6.300000190734863,6.1832499504089355,6.232999801635742,0.0,438688000
2018-03-22,5.9690093994140625,6.046249866485596,0.0,6.197000026702881,6.008500099182129,6.150000095367432,0.0,551196000
2018-03-23,5.749846458435059,5.824250221252441,0.0,6.0625,5.813000202178955,6.059999942779541,0.0,735620000
2018-03-26,6.033919334411621,6.111999988555908,0.0,6.113249778747559,5.897500038146973,5.949999809265137,0.0,611424000
2018-03-27,5.565974712371826,5.638000011444092,0.0,6.25,5.496250152587891,6.193749904632568,0.0,1409000000
2018-03-28,5.463057994842529,5.533750057220459,0.0,5.734749794006348,5.425000190734863,5.603250026702881,0.0,945904000
2018-03-29,5.715787887573242,5.789750099182129,0.0,5.887499809265137,5.517499923706055,5.602749824523926,0.0,916628000
2018-04-02,5.455654144287109,5.526249885559082,0.0,5.866250038146973,5.4375,5.718500137329102,0.0,922092000
2018-04-03,5.561779022216797,5.633749961853027,0.0,5.758749961853027,5.533750057220459,5.695000171661377,0.0,667432000
2018-04-04,5.583746910095215,5.656000137329102,0.0,5.666500091552734,5.349999904632568,5.375249862670898,0.0,789168000
2018-04-05,5.463797092437744,5.5345001220703125,0.0,5.728250026702881,5.462250232696533,5.715000152587891,0.0,701240000
2018-04-06,5.2878241539001465,5.356249809265137,0.0,5.539999961853027,5.326749801635742,5.430749893188477,0.0,662988000
2018-04-09,5.31645393371582,5.385250091552734,0.0,5.54925012588501,5.364999771118164,5.420000076293945,0.0,499524000
2018-04-10,5.624962329864502,5.697750091552734,0.0,5.724999904632568,5.5602498054504395,5.618000030517578,0.0,761676000
2018-04-11,5.583746910095215,5.656000137329102,0.0,5.7245001792907715,5.623000144958496,5.682750225067139,0.0,460244000
2018-04-12,5.790075778961182,5.864999771118164,0.0,5.882999897003174,5.705249786376953,5.75,0.0,593920000
2018-04-13,5.713564872741699,5.787499904632568,0.0,5.937749862670898,5.738749980926514,5.9292497634887695,0.0,503036000
2018-04-16,5.71331787109375,5.78725004196167,0.0,5.821000099182129,5.691999912261963,5.794250011444092,0.0,350792000
2018-04-17,5.862636089324951,5.938499927520752,0.0,5.960000038146973,5.783750057220459,5.840000152587891,0.0,447224000
2018-04-18,5.833759307861328,5.909249782562256,0.0,5.981249809265137,5.819250106811523,5.887499809265137,0.0,391364000
2018-04-19,5.652851104736328,5.72599983215332,0.0,5.827499866485596,5.670000076293945,5.793749809265137,0.0,471996000
2018-04-20,5.644704818725586,5.717750072479248,0.0,5.802499771118164,5.68625020980835,5.717249870300293,0.0,386200000
2018-04-23,5.525498867034912,5.5970001220703125,0.0,5.787499904632568,5.5707502365112305,5.735750198364258,0.0,427508000
2018-04-24,5.459355354309082,5.53000020980835,0.0,5.71999979019165,5.464000225067139,5.623000144958496,0.0,414596000
2018-04-25,5.347304344177246,5.416500091552734,0.0,5.5395002365112305,5.257500171661377,5.5,0.0,588492000
2018-04-26,5.558570861816406,5.630499839782715,0.0,5.638750076293945,5.51324987411499,5.579999923706055,0.0,375824000
2018-04-27,5.585965633392334,5.658249855041504,0.0,5.757500171661377,5.615499973297119,5.737500190734863,0.0,400848000
2018-04-30,5.5506744384765625,5.622499942779541,0.0,5.724999904632568,5.603000164031982,5.674749851226807,0.0,327844000
2018-05-01,5.605958938598633,5.678500175476074,0.0,5.681250095367432,5.554999828338623,5.614250183105469,0.0,253788000
2018-05-02,5.585472106933594,5.657750129699707,0.0,5.71999979019165,5.631249904632568,5.675000190734863,0.0,268248000
2018-05-03,5.750340461730957,5.824749946594238,0.0,5.851250171661377,5.64424991607666,5.690000057220459,0.0,443144000
2018-05-04,5.900151252746582,5.976500034332275,0.0,5.979750156402588,5.778250217437744,5.795750141143799,0.0,400660000
2018-05-07,6.137578964233398,6.2170000076293945,0.0,6.274750232696533,6.072249889373779,6.082250118255615,0.0,687616000
2018-05-08,6.180028915405273,6.260000228881836,0.0,6.262750148773193,6.167749881744385,6.217249870300293,0.0,506616000
2018-05-09,6.31281042098999,6.394499778747559,0.0,6.396749973297119,6.252749919891357,6.280250072479248,0.0,596760000
2018-05-10,6.420171737670898,6.5032501220703125,0.0,6.512499809265137,6.429999828338623,6.447999954223633,0.0,994080000
2018-05-11,6.281959533691406,6.363249778747559,0.0,6.494750022888184,6.263500213623047,6.319499969482422,0.0,1214456000
2018-05-14,6.3024444580078125,6.383999824523926,0.0,6.462250232696533,6.360000133514404,6.401750087738037,0.0,523140000
2018-05-15,6.060575008392334,6.138999938964844,0.0,6.322500228881836,6.037499904632568,6.31974983215332,0.0,963528000
2018-05-16,6.071681976318359,6.15024995803833,0.0,6.2129998207092285,6.062749862670898,6.099999904632568,0.0,553828000
2018-05-17,6.113636493682861,6.192749977111816,0.0,6.287499904632568,6.135749816894531,6.1519999504089355,0.0,519784000
2018-05-18,6.069953441619873,6.148499965667725,0.0,6.3092498779296875,6.143499851226807,6.245250225067139,0.0,483716000
2018-05-21,6.027997970581055,6.105999946594238,0.0,6.2507500648498535,6.012249946594238,6.247000217437744,0.0,640624000
2018-05-22,5.989987850189209,6.067500114440918,0.0,6.144999980926514,6.006249904632568,6.119500160217285,0.0,518264000
2018-05-23,6.113219738006592,6.188499927520752,0.00375,6.1897501945495605,6.006249904632568,6.006999969482422,0.0,442956000
2018-05-24,6.11692476272583,6.192249774932861,0.0,6.235000133514404,6.13100004196167,6.184750080108643,0.0,437372000
2018-05-25,6.156190395355225,6.23199987411499,0.0,6.248499870300293,6.169000148773193,6.204999923706055,0.0,292112000
2018-05-29,6.139151096343994,6.214749813079834,0.0,6.2835001945495605,6.167500019073486,6.213749885559082,0.0,352684000
2018-05-30,6.247812747955322,6.324749946594238,0.0,6.333499908447266,6.223750114440918,6.24875020980835,0.0,390996000
2018-05-31,6.22805643081665,6.304749965667725,0.0,6.380000114440918,6.281750202178955,6.292500019073486,0.0,493868000
2018-06-01,6.362156391143799,6.440499782562256,0.0,6.446750164031982,6.341249942779541,6.349999904632568,0.0,421968000
2018-06-04,6.540706634521484,6.621250152587891,0.0,6.643499851226807,6.442500114440918,6.474999904632568,0.0,642024000
2018-06-05,6.546139240264893,6.6267499923706055,0.0,6.664750099182129,6.579249858856201,6.624499797821045,0.0,391712000
2018-06-06,6.548115253448486,6.628749847412109,0.0,6.631999969482422,6.51924991607666,6.535749912261963,0.0,371356000
2018-06-07,6.492549419403076,6.572500228881836,0.0,6.63700008392334,6.481249809265137,6.625,0.0,369448000
2018-06-08,6.477238178253174,6.557000160217285,0.0,6.599999904632568,6.480000019073486,6.499000072479248,0.0,360456000
2018-06-11,6.43624210357666,6.515500068664551,0.0,6.586249828338623,6.502500057220459,6.544250011444092,0.0,265372000
2018-06-12,6.484645843505859,6.564499855041504,0.0,6.576749801635742,6.491499900817871,6.542250156402588,0.0,319160000
2018-06-13,6.48020076751709,6.559999942779541,0.0,6.641749858856201,6.550749778747559,6.565999984741211,0.0,338208000
2018-06-14,6.591579437255859,6.672749996185303,0.0,6.730000019073486,6.5904998779296875,6.605500221252441,0.0,430016000
2018-06-15,6.550830841064453,6.631499767303467,0.0,6.686999797821045,6.583749771118164,6.614999771118164,0.0,432260000
2018-06-18,6.546632289886475,6.6272501945495605,0.0,6.644999980926514,6.559500217437744,6.586999893188477,0.0,356268000
2018-06-19,6.4251298904418945,6.5042500495910645,0.0,6.591000080108643,6.375500202178955,6.5229997634887695,0.0,594932000
2018-06-20,6.477978706359863,6.557750225067139,0.0,6.611249923706055,6.506999969482422,6.545750141143799,0.0,369780000
2018-06-21,6.349559307098389,6.427750110626221,0.0,6.608500003814697,6.420000076293945,6.590000152587891,0.0,359516000
2018-06-22,6.1974310874938965,6.273749828338623,0.0,6.462250232696533,6.2582502365112305,6.448750019073486,0.0,434160000
2018-06-25,5.905281066894531,5.978000164031982,0.0,6.170000076293945,5.888500213623047,6.166250228881836,0.0,665816000
2018-06-26,5.976158142089844,6.049749851226807,0.0,6.141250133514404,5.9977498054504395,6.09250020980835,0.0,478884000
2018-06-27,5.821314811706543,5.89300012588501,0.0,6.160749912261963,5.887499809265137,6.09375,0.0,453892000
2018-06-28,5.948253154754639,6.021500110626221,0.0,6.0335001945495605,5.875249862670898,5.882999897003174,0.0,338012000
2018-06-29,5.8504557609558105,5.922500133514404,0.0,6.099999904632568,5.921249866485596,6.087250232696533,0.0,392300000
2018-07-02,5.982334136962891,6.056000232696533,0.0,6.059750080108643,5.831500053405762,5.852250099182129,0.0,357572000
2018-07-03,5.848975658416748,5.921000003814697,0.0,6.0970001220703125,5.912499904632568,6.091000080108643,0.0,222732000
2018-07-05,5.994434833526611,6.0682501792907715,0.0,6.073249816894531,5.9375,5.976749897003174,0.0,306216000
2018-07-06,6.108035564422607,6.1832499504089355,0.0,6.1917500495910645,6.021999835968018,6.043499946594238,0.0,296352000
2018-07-09,6.155451774597168,6.231249809265137,0.0,6.26800012588501,6.151750087738037,6.2582502365112305,0.0,303880000
2018-07-10,6.2542338371276855,6.331250190734863,0.0,6.353499889373779,6.203000068664551,6.243750095367432,0.0,360016000
2018-07-11,6.112973690032959,6.1882500648498535,0.0,6.272500038146973,6.177499771118164,6.237500190734863,0.0,367508000
2018-07-12,6.204349040985107,6.280749797821045,0.0,6.329249858856201,6.223999977111816,6.234000205993652,0.0,345508000
2018-07-13,6.157179355621338,6.232999801635742,0.0,6.299499988555908,6.190499782562256,6.299499988555908,0.0,246988000
2018-07-16,6.129520416259766,6.204999923706055,0.0,6.258500099182129,6.192500114440918,6.204999923706055,0.0,197036000
2018-07-17,6.265101432800293,6.342249870300293,0.0,6.357500076293945,6.129499912261963,6.155250072479248,0.0,362136000
2018-07-18,6.21595573425293,6.292500019073486,0.0,6.348750114440918,6.241000175476074,6.334750175476074,0.0,277640000
2018-07-19,6.2241058349609375,6.300749778747559,0.0,6.334750175476074,6.2582502365112305,6.273499965667725,0.0,235752000
2018-07-20,6.195953369140625,6.272250175476074,0.0,6.337500095367432,6.261250019073486,6.298250198364258,0.0,222352000
2018-07-23,6.159402370452881,6.235249996185303,0.0,6.247250080108643,6.081999778747559,6.245500087738037,0.0,301584000
2018-07-24,6.142115592956543,6.217750072479248,0.0,6.371250152587891,6.199999809265137,6.283750057220459,0.0,354620000
2018-07-25,6.220151901245117,6.296750068664551,0.0,6.309500217437744,6.168749809265137,6.227250099182129,0.0,319112000
2018-07-26,6.293500900268555,6.370999813079834,0.0,6.408249855041504,6.259500026702881,6.276500225067139,0.0,325124000
2018-07-27,6.2238593101501465,6.30049991607666,0.0,6.414999961853027,6.245999813079834,6.4079999923706055,0.0,295420000
2018-07-30,6.029007911682129,6.103250026702881,0.0,6.3207502365112305,6.067999839782715,6.3147501945495605,0.0,340340000
2018-07-31,6.047036170959473,6.121500015258789,0.0,6.197000026702881,6.053500175476074,6.092750072479248,0.0,283988000
2018-08-01,6.08679723739624,6.161749839782715,0.0,6.209000110626221,6.097249984741211,6.153250217437744,0.0,283556000
2018-08-02,6.189283847808838,6.265500068664551,0.0,6.269499778747559,6.030250072479248,6.089749813079834,0.0,269668000
2018-08-03,6.225832462310791,6.302499771118164,0.0,6.326499938964844,6.273250102996826,6.290249824523926,0.0,214288000
2018-08-06,6.273498058319092,6.350749969482422,0.0,6.354249954223633,6.24275016784668,6.289750099182129,0.0,207508000
2018-08-07,6.34561014175415,6.423749923706055,0.0,6.442500114440918,6.373000144958496,6.400000095367432,0.0,258132000
2018-08-08,6.3819098472595215,6.4604997634887695,0.0,6.50600004196167,6.389750003814697,6.425000190734863,0.0,262100000
2018-08-09,6.3335089683532715,6.411499977111816,0.0,6.481249809265137,6.403749942779541,6.478499889373779,0.0,204280000
2018-08-10,6.292267322540283,6.369750022888184,0.0,6.402500152587891,6.317500114440918,6.328750133514404,0.0,256396000
2018-08-13,6.325111389160156,6.4029998779296875,0.0,6.525000095367432,6.3767499923706055,6.378499984741211,0.0,375208000
2018-08-14,6.456244945526123,6.535749912261963,0.0,6.550000190734863,6.42549991607666,6.509500026702881,0.0,466220000
2018-08-15,6.398210525512695,6.4770002365112305,0.0,6.591000080108643,6.397500038146973,6.5567498207092285,0.0,591136000
2018-08-16,6.357708930969238,6.435999870300293,0.0,6.550000190734863,6.375249862670898,6.547500133514404,0.0,801260000
2018-08-17,6.046048164367676,6.120500087738037,0.0,6.324250221252441,6.093249797821045,6.323500156402588,0.0,1143188000
2018-08-20,6.12062931060791,6.196000099182129,0.0,6.329999923706055,5.9679999351501465,6.079500198364258,0.0,854388000
2018-08-21,6.255962371826172,6.333000183105469,0.0,6.337500095367432,6.192500114440918,6.212500095367432,0.0,673988000
2018-08-22,6.490573883056641,6.570499897003174,0.0,6.575500011444092,6.296500205993652,6.300000190734863,0.0,749856000
2018-08-23,6.589851379394531,6.671000003814697,0.0,6.736999988555908,6.517499923706055,6.531499862670898,0.0,720684000
2018-08-24,6.722715377807617,6.805500030517578,0.0,6.820250034332275,6.675000190734863,6.679500102996826,0.0,531512000
2018-08-27,6.813595294952393,6.897500038146973,0.0,6.972499847412109,6.803750038146973,6.8354997634887695,0.0,505776000
2018-08-28,6.776058673858643,6.859499931335449,0.0,6.9145002365112305,6.738249778747559,6.891499996185303,0.0,475384000
2018-08-29,6.881320953369141,6.962250232696533,0.00375,6.987500190734863,6.827000141143799,6.8480000495910645,0.0,420108000
2018-08-30,6.864518642425537,6.945250034332275,0.0,7.043000221252441,6.9079999923706055,6.930749893188477,0.0,346608000
2018-08-31,6.9354329109191895,7.017000198364258,0.0,7.03000020980835,6.914999961853027,6.925000190734863,0.0,306592000
2018-09-04,7.010056018829346,7.09250020980835,0.0,7.130499839782715,6.974999904632568,7.003749847412109,0.0,391720000
2018-09-05,6.8795905113220215,6.9604997634887695,0.0,7.110499858856201,6.878749847412109,7.074749946594238,0.0,393156000
2018-09-06,6.738747596740723,6.817999839782715,0.0,6.946499824523926,6.784749984741211,6.943999767303467,0.0,322796000
2018-09-07,6.717496395111084,6.796500205993652,0.0,6.923250198364258,6.679749965667725,6.724999904632568,0.0,295420000
2018-09-10,6.788412570953369,6.868249893188477,0.0,6.898250102996826,6.775000095367432,6.819250106811523,0.0,220140000
2018-09-11,6.740724563598633,6.820000171661377,0.0,6.909999847412109,6.80049991607666,6.821499824523926,0.0,243112000
2018-09-12,6.6270623207092285,6.704999923706055,0.0,6.799499988555908,6.547999858856201,6.779749870300293,0.0,419092000
2018-09-13,6.704648971557617,6.7835001945495605,0.0,6.875,6.754000186920166,6.771500110626221,0.0,305536000
2018-09-14,6.830418586730957,6.910749912261963,0.0,6.977499961853027,6.837500095367432,6.874750137329102,0.0,386936000
2018-09-17,6.768645763397217,6.848249912261963,0.0,6.934500217437744,6.828750133514404,6.885000228881836,0.0,205528000
2018-09-18,6.696742057800293,6.7754998207092285,0.0,6.955999851226807,6.768750190734863,6.852250099182129,0.0,299520000
2018-09-19,6.720461845397949,6.799499988555908,0.0,6.817500114440918,6.706250190734863,6.756750106811523,0.0,224860000
2018-09-20,6.57961893081665,6.6570000648498535,0.0,6.718999862670898,6.602499961853027,6.676249980926514,0.0,430584000
2018-09-21,6.5096917152404785,6.586249828338623,0.0,6.715000152587891,6.552750110626221,6.669000148773193,0.0,435128000
2018-09-24,6.5652875900268555,6.642499923706055,0.0,6.645999908447266,6.4670000076293945,6.554999828338623,0.0,293912000
2018-09-25,6.63224983215332,6.710249900817871,0.0,6.735499858856201,6.6227498054504395,6.709249973297119,0.0,280388000
2018-09-26,6.595432281494141,6.672999858856201,0.0,6.75600004196167,6.6570000648498535,6.715250015258789,0.0,268548000
2018-09-27,6.607292652130127,6.684999942779541,0.0,6.730000019073486,6.653250217437744,6.708499908447266,0.0,214428000
2018-09-28,6.943833827972412,7.0254998207092285,0.0,7.047999858856201,6.789999961853027,6.8182501792907715,0.0,709396000
2018-10-01,7.149913311004639,7.234000205993652,0.0,7.301499843597412,7.065000057220459,7.104000091552734,0.0,622060000
2018-10-02,7.078747749328613,7.1620001792907715,0.0,7.318999767303467,7.139500141143799,7.206250190734863,0.0,383964000
2018-10-03,7.084926128387451,7.16825008392334,0.0,7.240499973297119,7.0632500648498535,7.232999801635742,0.0,320552000
2018-10-04,6.901087284088135,6.982250213623047,0.0,7.15625,6.9045000076293945,7.131750106811523,0.0,391220000
2018-10-05,6.668078422546387,6.746500015258789,0.0,7.019999980926514,6.688499927520752,6.957250118255615,0.0,426636000
2018-10-08,6.5670166015625,6.64424991607666,0.0,6.7789998054504395,6.501999855041504,6.662499904632568,0.0,408612000
2018-10-09,6.561331272125244,6.638500213623047,0.0,6.718999862670898,6.570000171661377,6.623499870300293,0.0,273500000
2018-10-10,6.070852756500244,6.142250061035156,0.0,6.577750205993652,6.139999866485596,6.531499862670898,0.0,684940000
2018-10-11,5.809920310974121,5.8782501220703125,0.0,6.189000129699707,5.856500148773193,6.0542497634887695,0.0,725436000
2018-10-12,6.091855049133301,6.16349983215332,0.0,6.238500118255615,5.991250038146973,6.137750148773193,0.0,608236000
2018-10-15,5.816098213195801,5.884500026702881,0.0,6.150000095367432,5.883500099182129,6.150000095367432,0.0,449760000
2018-10-16,6.074310779571533,6.145750045776367,0.0,6.1570000648498535,5.948500156402588,5.9982500076293945,0.0,408712000
2018-10-17,6.005866050720215,6.076499938964844,0.0,6.247000217437744,6.0269999504089355,6.208499908447266,0.0,329668000
2018-10-18,5.918642520904541,5.988249778747559,0.0,6.1852498054504395,5.927249908447266,6.146500110626221,0.0,524020000
2018-10-19,5.662652492523193,5.729249954223633,0.0,6.06374979019165,5.692500114440918,6.044000148773193,0.0,613608000
2018-10-22,5.713307857513428,5.7804999351501465,0.0,5.882999897003174,5.676750183105469,5.7820000648498535,0.0,368844000
2018-10-23,5.462259769439697,5.526500225067139,0.0,5.604750156402588,5.417749881744385,5.510749816894531,0.0,626436000
2018-10-24,4.927300453186035,4.985249996185303,0.0,5.534749984741211,4.971250057220459,5.487750053405762,0.0,884288000
2018-10-25,5.13560152053833,5.196000099182129,0.0,5.243750095367432,4.8420000076293945,4.886750221252441,0.0,951720000
2018-10-26,4.899627208709717,4.957250118255615,0.0,5.120999813079834,4.828000068664551,4.957749843597412,0.0,664784000
2018-10-29,4.5865583419799805,4.640500068664551,0.0,5.103250026702881,4.40024995803833,5.09975004196167,0.0,758016000
2018-10-30,5.016006946563721,5.074999809265137,0.0,5.085000038146973,4.640500068664551,4.663750171661377,0.0,807192000
2018-10-31,5.209482669830322,5.270750045776367,0.0,5.3147501945495605,5.100249767303467,5.241250038146973,0.0,745772000
2018-11-01,5.389366626739502,5.452750205993652,0.0,5.462250232696533,5.179749965667725,5.307499885559082,0.0,566528000
2018-11-02,5.310543537139893,5.373000144958496,0.0,5.550000190734863,5.255249977111816,5.4432501792907715,0.0,452960000
2018-11-05,5.232707977294922,5.294250011444092,0.0,5.3832502365112305,5.131999969482422,5.359749794006348,0.0,379332000
2018-11-06,5.215166091918945,5.276500225067139,0.0,5.371250152587891,5.238999843597412,5.286250114440918,0.0,299012000
2018-11-07,5.282620906829834,5.344749927520752,0.0,5.4352498054504395,5.2795000076293945,5.34375,0.0,483812000
2018-11-08,5.089889049530029,5.149750232696533,0.0,5.285749912261963,5.095749855041504,5.284999847412109,0.0,511352000
2018-11-09,5.081981182098389,5.141749858856201,0.0,5.232999801635742,5.026000022888184,5.059999942779541,0.0,413240000
2018-11-12,4.6834187507629395,4.738500118255615,0.0,5.071750164031982,4.7164998054504395,5.049499988555908,0.0,617116000
2018-11-13,4.924829483032227,4.982749938964844,0.0,5.105249881744385,4.830999851226807,4.837250232696533,0.0,644712000
2018-11-14,4.8724470138549805,4.929749965667725,0.0,5.171999931335449,4.8207502365112305,5.15749979019165,0.0,526580000
2018-11-15,5.000934600830078,5.059750080108643,0.0,5.132500171661377,4.887499809265137,4.923749923706055,0.0,840708000
2018-11-16,4.0629658699035645,4.110750198364258,0.0,4.266499996185303,4.040249824523926,4.083000183105469,0.0,1963520000
2018-11-19,3.5754499435424805,3.617500066757202,0.0,4.045499801635742,3.6157500743865967,4.044750213623047,0.0,1697820000
2018-11-20,3.6836767196655273,3.7269999980926514,0.0,3.8564999103546143,3.332750082015991,3.3515000343322754,0.0,1692032000
2018-11-21,3.5756964683532715,3.6177499294281006,0.0,3.882499933242798,3.590250015258789,3.865499973297119,0.0,1025496000
2018-11-23,3.5828630924224854,3.625,0.0,3.7397499084472656,3.5697500705718994,3.582750082015991,0.0,411968000
2018-11-26,3.7817740440368652,3.8262500762939453,0.0,3.836750030517578,3.6640000343322754,3.7472500801086426,0.0,814832000
2018-11-27,3.7985756397247314,3.843250036239624,0.0,3.9252500534057617,3.7637500762939453,3.799999952316284,0.0,738060000
2018-11-28,3.955233573913574,4.0017499923706055,0.0,4.006999969482422,3.828249931335449,3.9619998931884766,0.0,804524000
2018-11-29,3.8921618461608887,3.934000015258789,0.004,4.037499904632568,3.9035000801086426,4.0,0.0,549172000
2018-11-30,4.042296886444092,4.085750102996826,0.0,4.096499919891357,3.8929998874664307,3.9437499046325684,0.0,729564000
2018-12-03,4.205790042877197,4.250999927520752,0.0,4.367000102996826,4.183499813079834,4.315000057220459,0.0,890804000
2018-12-04,3.8859779834747314,3.9277501106262207,0.0,4.210999965667725,3.9124999046325684,4.205999851226807,0.0,812112000
2018-12-06,3.915163993835449,3.9572501182556152,0.0,3.962249994277954,3.770250082015991,3.7860000133514404,0.0,692308000
2018-12-07,3.651003837585449,3.6902499198913574,0.0,3.971750020980835,3.640500068664551,3.9614999294281006,0.0,681676000
2018-12-10,3.7561233043670654,3.7964999675750732,0.0,3.821500062942505,3.641249895095825,3.6449999809265137,0.0,629472000
2018-12-11,3.6653497219085693,3.7047500610351562,0.0,3.897249937057495,3.625,3.8889999389648438,0.0,671912000
2018-12-12,3.6829111576080322,3.7225000858306885,0.0,3.819499969482422,3.620500087738037,3.7105000019073486,0.0,654136000
2018-12-13,3.682663917541504,3.722249984741211,0.0,3.8345000743865967,3.686000108718872,3.7697501182556152,0.0,471384000
2018-12-14,3.62231183052063,3.661250114440918,0.0,3.7647500038146973,3.637500047683716,3.6802499294281006,0.0,471820000
2018-12-17,3.5513246059417725,3.5894999504089355,0.0,3.703749895095825,3.5309998989105225,3.63100004196167,0.0,662868000
2018-12-18,3.634432077407837,3.6735000610351562,0.0,3.7582499980926514,3.606250047683716,3.6337499618530273,0.0,564372000
2018-12-19,3.4259231090545654,3.46274995803833,0.0,3.69350004196167,3.410749912261963,3.6394999027252197,0.0,745364000
2018-12-20,3.3415791988372803,3.377500057220459,0.0,3.5450000762939453,3.3172500133514404,3.4542500972747803,0.0,749588000
2018-12-21,3.2047996520996094,3.2392499446868896,0.0,3.4375,3.2114999294281006,3.404249906539917,0.0,863740000
2018-12-24,3.143211841583252,3.177000045776367,0.0,3.249500036239624,3.112499952316284,3.16225004196167,0.0,463840000
2018-12-26,3.292112350463867,3.327500104904175,0.0,3.3285000324249268,3.1115000247955322,3.2235000133514404,0.0,695100000
2018-12-27,3.244375228881836,3.279249906539917,0.0,3.309499979019165,3.129499912261963,3.274749994277954,0.0,637044000
2018-12-28,3.305715560913086,3.341249942779541,0.0,3.4347500801086426,3.2577500343322754,3.299999952316284,0.0,628728000
2018-12-31,3.3020052909851074,3.3375000953674316,0.0,3.4177498817443848,3.30649995803833,3.384999990463257,0.0,465140000
2019-01-02,3.3692820072174072,3.4054999351501465,0.0,3.4619998931884766,3.2512500286102295,3.2660000324249268,0.0,508752000
2019-01-03,3.165720224380493,3.1997499465942383,0.0,3.378999948501587,3.1922500133514404,3.344749927520752,0.0,705552000
2019-01-04,3.368539571762085,3.404750108718872,0.0,3.4432499408721924,3.242500066757202,3.2734999656677246,0.0,585620000
2019-01-07,3.5468735694885254,3.5850000381469727,0.0,3.6222500801086426,3.410749912261963,3.4625000953674316,0.0,709160000
2019-01-08,3.4585728645324707,3.4957499504089355,0.0,3.6695001125335693,3.422499895095825,3.667249917984009,0.0,786016000
2019-01-09,3.5265908241271973,3.564500093460083,0.0,3.6122500896453857,3.496500015258789,3.547499895095825,0.0,617260000
2019-01-10,3.5921361446380615,3.6307499408721924,0.0,3.6394999027252197,3.4839999675750732,3.5450000762939453,0.0,523156000
2019-01-11,3.6811797618865967,3.720750093460083,0.0,3.7437500953674316,3.5802500247955322,3.6082499027252197,0.0,874764000
2019-01-14,3.7210006713867188,3.760999917984009,0.0,3.7864999771118164,3.64424991607666,3.6679999828338623,0.0,730168000
2019-01-15,3.7069029808044434,3.7467501163482666,0.0,3.833750009536743,3.728250026702881,3.7939999103546143,0.0,617012000
2019-01-16,3.681426525115967,3.7209999561309814,0.0,3.807499885559082,3.7155001163482666,3.774250030517578,0.0,470104000
2019-01-17,3.7526607513427734,3.7929999828338623,0.0,3.833250045776367,3.660249948501587,3.6877501010894775,0.0,493436000
2019-01-18,3.881526470184326,3.9232499599456787,0.0,3.94950008392334,3.791249990463257,3.843250036239624,0.0,651336000
2019-01-22,3.6796951293945312,3.719249963760376,0.0,3.9045000076293945,3.6887500286102295,3.8927500247955322,0.0,661552000
2019-01-23,3.692556619644165,3.7322499752044678,0.0,3.864500045776367,3.7007501125335693,3.7750000953674316,0.0,591020000
2019-01-24,3.904033899307251,3.946000099182129,0.0,3.963749885559082,3.8127501010894775,3.817500114440918,0.0,708972000
2019-01-25,3.961169481277466,4.003749847412109,0.0,4.021999835968018,3.7825000286102295,3.885999917984009,0.0,1154572000
2019-01-28,3.4135560989379883,3.4502499103546143,0.0,3.5409998893737793,3.2750000953674316,3.413749933242798,0.0,2511528000
2019-01-29,3.2550110816955566,3.2899999618530273,0.0,3.452500104904175,3.27524995803833,3.403749942779541,0.0,1153932000
2019-01-30,3.398221731185913,3.4347500801086426,0.0,3.4492499828338623,3.2864999771118164,3.3667500019073486,0.0,974228000
2019-01-31,3.5555295944213867,3.59375,0.0,3.6297500133514404,3.4094998836517334,3.43149995803833,0.0,842852000
2019-02-01,3.5797693729400635,3.6182498931884766,0.0,3.6697499752044678,3.564500093460083,3.612499952316284,0.0,625048000
2019-02-04,3.6898369789123535,3.7295000553131104,0.0,3.7669999599456787,3.611999988555908,3.6342499256134033,0.0,528592000
2019-02-05,3.708881139755249,3.7487499713897705,0.0,3.785749912261963,3.7074999809265137,3.741499900817871,0.0,542424000
2019-02-06,3.784320116043091,3.825000047683716,0.0,3.890000104904175,3.776750087738037,3.782249927520752,0.0,702464000
2019-02-07,3.64630389213562,3.685499906539917,0.0,3.7804999351501465,3.6422500610351562,3.778249979019165,0.0,637120000
2019-02-08,3.6648547649383545,3.7042500972747803,0.0,3.7149999141693115,3.603250026702881,3.6177499294281006,0.0,461604000
2019-02-11,3.62231183052063,3.661250114440918,0.0,3.7144999504089355,3.612499952316284,3.659749984741211,0.0,495180000
2019-02-12,3.7390570640563965,3.779249906539917,0.0,3.7950000762939453,3.685499906539917,3.700000047683716,0.0,591060000
2019-02-13,3.7813522815704346,3.822000026702881,0.0,3.895750045776367,3.7952499389648438,3.809000015258789,0.0,605372000
2019-02-14,3.8221640586853027,3.8632500171661377,0.0,3.8917500972747803,3.7774999141693115,3.821000099182129,0.0,827264000
2019-02-15,3.8916666507720947,3.933500051498413,0.0,4.096749782562256,3.9105000495910645,4.073750019073486,0.0,1516748000
2019-02-19,3.874352216720581,3.9159998893737793,0.0,3.9972500801086426,3.9035000801086426,3.9227499961853027,0.0,551892000
2019-02-20,3.9215943813323975,3.963749885559082,0.0,4.031499862670898,3.9342501163482666,3.945499897003174,0.0,540988000
2019-02-21,3.8528335094451904,3.89424991607666,0.0,4.00124979019165,3.879499912261963,3.9765000343322754,0.0,448548000
2019-02-22,3.937424898147583,3.979749917984009,0.0,3.9987499713897705,3.9327499866485596,3.946500062942505,0.0,401740000
2019-02-25,3.925057888031006,3.967250108718872,0.0,4.131999969482422,3.9584999084472656,4.064000129699707,0.0,656020000
2019-02-26,3.8857309818267822,3.927500009536743,0.0,4.019000053405762,3.893749952316284,3.9625000953674316,0.0,488464000
2019-02-27,3.843930244445801,3.8852500915527344,0.0,3.9397499561309814,3.8277499675750732,3.9130001068115234,0.0,500256000
2019-02-28,3.819417715072632,3.8564999103546143,0.004,3.8975000381469727,3.8340001106262207,3.875,0.0,324944000
2019-03-01,3.873641014099121,3.911250114440918,0.0,3.953749895095825,3.8480000495910645,3.906749963760376,0.0,357188000
2019-03-04,3.8818118572235107,3.9195001125335693,0.0,3.9730000495910645,3.862499952316284,3.950000047683716,0.0,409992000
2019-03-05,3.8753750324249268,3.9130001068115234,0.0,3.9514999389648438,3.8489999771118164,3.903749942779541,0.0,362924000
2019-03-06,3.7646985054016113,3.8012499809265137,0.0,3.9124999046325684,3.7985000610351562,3.9040000438690186,0.0,403524000
2019-03-07,3.695620059967041,3.7314999103546143,0.0,3.78725004196167,3.684999942779541,3.7774999141693115,0.0,450104000
2019-03-08,3.729788064956665,3.7660000324249268,0.0,3.776750087738037,3.619999885559082,3.6414999961853027,0.0,422416000
2019-03-11,3.989765167236328,4.028500080108643,0.0,4.051499843597412,3.7422499656677246,3.789750099182129,0.0,859728000
2019-03-12,4.023932456970215,4.063000202178955,0.0,4.109749794006348,3.979749917984009,4.05649995803833,0.0,579576000
2019-03-13,4.174965858459473,4.2154998779296875,0.0,4.244999885559082,4.093249797821045,4.100749969482422,0.0,768900000
2019-03-14,4.099203109741211,4.138999938964844,0.0,4.23675012588501,4.131249904632568,4.22475004196167,0.0,519384000
2019-03-15,4.20443058013916,4.245250225067139,0.0,4.288249969482422,4.178999900817871,4.182499885559082,0.0,661484000
2019-03-18,4.183135032653809,4.223750114440918,0.0,4.331250190734863,4.196499824523926,4.2769999504089355,0.0,486992000
2019-03-19,4.3505120277404785,4.392749786376953,0.0,4.4375,4.302000045776367,4.318999767303467,0.0,854972000
2019-03-20,4.318075656890869,4.360000133514404,0.0,4.475749969482422,4.324999809265137,4.421999931335449,0.0,719148000
2019-03-21,4.5542826652526855,4.598499774932861,0.0,4.625,4.3782501220703125,4.3832502365112305,0.0,824312000
2019-03-22,4.39483118057251,4.4375,0.0,4.619999885559082,4.423500061035156,4.571000099182129,0.0,747644000
2019-03-25,4.3027262687683105,4.3445000648498535,0.0,4.461249828338623,4.277750015258789,4.396500110626221,0.0,525212000
2019-03-26,4.379232406616211,4.421750068664551,0.0,4.543749809265137,4.364999771118164,4.487249851226807,0.0,703508000
2019-03-27,4.370072364807129,4.412499904632568,0.0,4.4942498207092285,4.34250020980835,4.447500228881836,0.0,474372000
2019-03-28,4.388641357421875,4.431250095367432,0.0,4.497499942779541,4.377749919891357,4.43874979019165,0.0,480264000
2019-03-29,4.445836544036865,4.488999843597412,0.0,4.513500213623047,4.447750091552734,4.498499870300293,0.0,456896000
2019-04-01,4.513181686401367,4.557000160217285,0.0,4.587500095367432,4.509250164031982,4.581500053405762,0.0,483824000
2019-04-02,4.531008243560791,4.574999809265137,0.0,4.619750022888184,4.538000106811523,4.581250190734863,0.0,440920000
2019-04-03,4.670157432556152,4.7154998779296875,0.0,4.775000095367432,4.619999885559082,4.625,0.0,783504000
2019-04-04,4.661244869232178,4.706500053405762,0.0,4.7492499351501465,4.643249988555908,4.699999809265137,0.0,457376000
2019-04-05,4.727847576141357,4.773749828338623,0.0,4.791250228881836,4.713250160217285,4.75,0.0,481744000
2019-04-08,4.748645782470703,4.794750213623047,0.0,4.820000171661377,4.71875,4.743000030517578,0.0,424192000
2019-04-09,4.686004638671875,4.731500148773193,0.0,4.772250175476074,4.689000129699707,4.761000156402588,0.0,439972000
2019-04-10,4.756319999694824,4.802499771118164,0.0,4.828499794006348,4.726250171661377,4.73075008392334,0.0,444772000
2019-04-11,4.742455959320068,4.78849983215332,0.0,4.836750030517578,4.738749980926514,4.804999828338623,0.0,374600000
2019-04-12,4.704573154449463,4.750249862670898,0.0,4.831500053405762,4.741499900817871,4.827499866485596,0.0,471708000
2019-04-15,4.573099613189697,4.617499828338623,0.0,4.747499942779541,4.577499866485596,4.742499828338623,0.0,440092000
2019-04-16,4.660006999969482,4.705249786376953,0.0,4.724249839782715,4.624000072479248,4.6570000648498535,0.0,394964000
2019-04-17,4.6372270584106445,4.682250022888184,0.0,4.761499881744385,4.659749984741211,4.740499973297119,0.0,351004000
2019-04-18,4.6127142906188965,4.65749979019165,0.0,4.723249912261963,4.629499912261963,4.689000129699707,0.0,380988000
2019-04-22,4.666446208953857,4.711750030517578,0.0,4.727499961853027,4.6020002365112305,4.633749961853027,0.0,279936000
2019-04-23,4.720915794372559,4.766749858856201,0.0,4.798250198364258,4.715250015258789,4.724999904632568,0.0,346856000
2019-04-24,4.733295440673828,4.779250144958496,0.0,4.820250034332275,4.716000080108643,4.777249813079834,0.0,318204000
2019-04-25,4.627820014953613,4.672749996185303,0.0,4.761250019073486,4.59250020980835,4.738749980926514,0.0,499296000
2019-04-26,4.409440517425537,4.452250003814697,0.0,4.522250175476074,4.332499980926514,4.517749786376953,0.0,868988000
2019-04-29,4.4401421546936035,4.483250141143799,0.0,4.511250019073486,4.387499809265137,4.460249900817871,0.0,391920000
2019-04-30,4.481490135192871,4.525000095367432,0.0,4.550749778747559,4.43149995803833,4.45074987411499,0.0,362920000
2019-05-01,4.468366622924805,4.511750221252441,0.0,4.620250225067139,4.511499881744385,4.577750205993652,0.0,354280000
2019-05-02,4.535714149475098,4.579750061035156,0.0,4.6217498779296875,4.478000164031982,4.521500110626221,0.0,394684000
2019-05-03,4.531257629394531,4.575250148773193,0.0,4.598249912261963,4.51324987411499,4.588250160217285,0.0,336824000
2019-05-06,4.45301628112793,4.496250152587891,0.0,4.508500099182129,4.349999904632568,4.387499809265137,0.0,422176000
2019-05-07,4.286137580871582,4.327750205993652,0.0,4.447500228881836,4.279250144958496,4.447500228881836,0.0,555220000
2019-05-08,4.306191444396973,4.3480000495910645,0.0,4.428750038146973,4.288000106811523,4.300000190734863,0.0,419168000
2019-05-09,4.213837623596191,4.254749774932861,0.0,4.288249969482422,4.135000228881836,4.278500080108643,0.0,660248000
2019-05-10,4.1799187660217285,4.2204999923706055,0.0,4.289750099182129,4.099999904632568,4.223750114440918,0.0,569500000
2019-05-13,3.9231607913970947,3.961250066757202,0.0,4.110750198364258,3.9452500343322754,4.087500095367432,0.0,656912000
2019-05-14,4.01204776763916,4.051000118255615,0.0,4.08650016784668,3.962249994277954,4.00124979019165,0.0,524880000
2019-05-15,3.951139450073242,3.989500045776367,0.0,4.026249885559082,3.9352500438690186,3.994999885559082,0.0,502320000
2019-05-16,3.966243267059326,4.004749774932861,0.0,4.047749996185303,3.9412500858306885,3.9839999675750732,0.0,781088000
2019-05-17,3.8756227493286133,3.913249969482422,0.0,4.092750072479248,3.873500108718872,3.9625000953674316,0.0,1022068000
2019-05-20,3.7572715282440186,3.793750047683716,0.0,3.8692500591278076,3.768749952316284,3.8137500286102295,0.0,572064000
2019-05-21,3.8392257690429688,3.876499891281128,0.0,3.8924999237060547,3.815999984741211,3.8550000190734863,0.0,361848000
2019-05-22,3.7684128284454346,3.805000066757202,0.0,3.8637499809265137,3.7939999103546143,3.8375000953674316,0.0,325868000
2019-05-23,3.6475863456726074,3.683000087738037,0.0,3.7422499656677246,3.6227500438690186,3.7422499656677246,0.0,591844000
2019-05-24,3.593857765197754,3.6287500858306885,0.0,3.737499952316284,3.621999979019165,3.7019999027252197,0.0,357584000
2019-05-28,3.548795461654663,3.583250045776367,0.0,3.679500102996826,3.581249952316284,3.6465001106262207,0.0,428356000
2019-05-29,3.4747631549835205,3.508500099182129,0.0,3.570499897003174,3.4735000133514404,3.535249948501587,0.0,559800000
2019-05-30,3.448241710662842,3.477750062942505,0.004,3.543750047683716,3.4392499923706055,3.5077500343322754,0.0,394300000
2019-05-31,3.357764482498169,3.3864998817443848,0.0,3.4962499141693115,3.3847498893737793,3.428499937057495,0.0,389720000
2019-06-03,3.316121816635132,3.3445000648498535,0.0,3.4367499351501465,3.315000057220459,3.397749900817871,0.0,478644000
2019-06-04,3.544666051864624,3.575000047683716,0.0,3.5802500247955322,3.3867499828338623,3.4089999198913574,0.0,641836000
2019-06-05,3.5020315647125244,3.5320000648498535,0.0,3.654750108718872,3.495500087738037,3.649250030517578,0.0,511616000
2019-06-06,3.5640006065368652,3.5945000648498535,0.0,3.6192500591278076,3.533750057220459,3.536250114440918,0.0,408140000
2019-06-07,3.606635808944702,3.637500047683716,0.0,3.671999931335449,3.581249952316284,3.6005001068115234,0.0,348856000
2019-06-10,3.6792643070220947,3.710750102996826,0.0,3.779750108718872,3.694000005722046,3.694000005722046,0.0,402780000
2019-06-11,3.73677134513855,3.768749952316284,0.0,3.809000015258789,3.7290000915527344,3.7709999084472656,0.0,383872000
2019-06-12,3.6239874362945557,3.6549999713897705,0.0,3.731250047683716,3.6397500038146973,3.7249999046325684,0.0,358892000
2019-06-13,3.6750500202178955,3.7065000534057617,0.0,3.7249999046325684,3.6594998836517334,3.6772499084472656,0.0,308080000
2019-06-14,3.5853185653686523,3.615999937057495,0.0,3.6372499465942383,3.571000099182129,3.6127500534057617,0.0,394428000
2019-06-17,3.5949854850769043,3.6257500648498535,0.0,3.6630001068115234,3.591249942779541,3.6142499446868896,0.0,276040000
2019-06-18,3.78956937789917,3.822000026702881,0.0,3.8777499198913574,3.676500082015991,3.6875,0.0,581920000
2019-06-19,3.7955191135406494,3.828000068664551,0.0,3.86899995803833,3.8017499446868896,3.8575000762939453,0.0,331644000
2019-06-20,3.8198115825653076,3.8524999618530273,0.0,3.9332499504089355,3.8380000591278076,3.919250011444092,0.0,350168000
2019-06-21,3.761807918548584,3.7939999103546143,0.0,3.88700008392334,3.7874999046325684,3.8375000953674316,0.0,434428000
2019-06-24,3.784116744995117,3.816499948501587,0.0,3.846250057220459,3.7679998874664307,3.815500020980835,0.0,282948000
2019-06-25,3.7548668384552,3.7869999408721924,0.0,3.8970000743865967,3.784250020980835,3.821500062942505,0.0,311868000
2019-06-26,3.9477169513702393,3.9814999103546143,0.0,4.043000221252441,3.902250051498413,3.915250062942505,0.0,584072000
2019-06-27,4.046123027801514,4.080749988555908,0.0,4.099999904632568,4.031499862670898,4.067749977111816,0.0,445440000
2019-06-28,4.070913791656494,4.10575008392334,0.0,4.134250164031982,4.058750152587891,4.125,0.0,397668000
2019-07-01,4.119000434875488,4.154250144958496,0.0,4.348750114440918,4.116499900817871,4.3142499923706055,0.0,709756000
2019-07-02,4.021336555480957,4.055749893188477,0.0,4.158750057220459,4.042500019073486,4.137499809265137,0.0,400228000
2019-07-03,4.034225940704346,4.068749904632568,0.0,4.085000038146973,4.008500099182129,4.079249858856201,0.0,246636000
2019-07-05,3.971761465072632,4.0057501792907715,0.0,4.014500141143799,3.941999912261963,4.010000228881836,0.0,396552000
2019-07-08,3.896901845932007,3.9302499294281006,0.0,3.964750051498413,3.9000000953674316,3.9457499980926514,0.0,329788000
2019-07-09,3.8993802070617676,3.9327499866485596,0.0,3.9609999656677246,3.875,3.8877499103546143,0.0,342860000
2019-07-10,3.9675471782684326,4.001500129699707,0.0,4.0592498779296875,3.9625000953674316,3.9765000343322754,0.0,452076000
2019-07-11,4.121728420257568,4.1570000648498535,0.0,4.197999954223633,4.037499904632568,4.074999809265137,0.0,682560000
2019-07-12,4.154695510864258,4.190249919891357,0.0,4.261750221252441,4.184999942779541,4.184999942779541,0.0,506392000
2019-07-15,4.146267890930176,4.1817498207092285,0.0,4.227749824523926,4.153250217437744,4.21150016784668,0.0,289840000
2019-07-16,4.141557693481445,4.177000045776367,0.0,4.204249858856201,4.120999813079834,4.166749954223633,0.0,341444000
2019-07-17,4.20674991607666,4.24275016784668,0.0,4.249750137329102,4.149250030517578,4.178750038146973,0.0,348204000
2019-07-18,4.218400001525879,4.254499912261963,0.0,4.317749977111816,4.196249961853027,4.2532501220703125,0.0,442192000
2019-07-19,4.175268650054932,4.210999965667725,0.0,4.299499988555908,4.204999923706055,4.293000221252441,0.0,344896000
2019-07-22,4.2466583251953125,4.2829999923706055,0.0,4.296000003814697,4.224999904632568,4.232500076293945,0.0,315940000
2019-07-23,4.354238033294678,4.391499996185303,0.0,4.393499851226807,4.3067498207092285,4.322500228881836,0.0,428176000
2019-07-24,4.42860221862793,4.4664998054504395,0.0,4.472249984741211,4.358500003814697,4.434999942779541,0.0,366236000
2019-07-25,4.297720432281494,4.334499835968018,0.0,4.4375,4.310999870300293,4.424749851226807,0.0,392700000
2019-07-26,4.339613914489746,4.3767499923706055,0.0,4.423749923706055,4.36175012588501,4.36175012588501,0.0,274160000
2019-07-29,4.333415985107422,4.370500087738037,0.0,4.386750221252441,4.281750202178955,4.369500160217285,0.0,248160000
2019-07-30,4.349031448364258,4.386250019073486,0.0,4.398499965667725,4.3092498779296875,4.323750019073486,0.0,197772000
2019-07-31,4.182211399078369,4.2179999351501465,0.0,4.355500221252441,4.17549991607666,4.354499816894531,0.0,359416000
2019-08-01,4.088016033172607,4.123000144958496,0.0,4.319499969482422,4.070499897003174,4.228499889373779,0.0,421212000
2019-08-02,3.9955577850341797,4.029749870300293,0.0,4.0995001792907715,3.9820001125335693,4.029749870300293,0.0,428348000
2019-08-05,3.7377631664276123,3.7697501182556152,0.0,3.846250057220459,3.7225000858306885,3.8450000286102295,0.0,589156000
2019-08-06,3.7764322757720947,3.8087499141693115,0.0,3.890749931335449,3.7607500553131104,3.8450000286102295,0.0,361272000
2019-08-07,3.814605712890625,3.847249984741211,0.0,3.859250068664551,3.7300000190734863,3.747499942779541,0.0,372560000
2019-08-08,3.922929048538208,3.9565000534057617,0.0,3.957750082015991,3.8475000858306885,3.905250072479248,0.0,309300000
2019-08-09,3.8217945098876953,3.8545000553131104,0.0,3.918750047683716,3.8037500381469727,3.915250062942505,0.0,341816000
2019-08-12,3.754124164581299,3.786250114440918,0.0,3.8545000553131104,3.7642500400543213,3.802000045776367,0.0,279200000
2019-08-13,3.868147850036621,3.901249885559082,0.0,3.947499990463257,3.745500087738037,3.784749984741211,0.0,351956000
2019-08-14,3.7199153900146484,3.7517499923706055,0.0,3.8237500190734863,3.707750082015991,3.8125,0.0,419880000
2019-08-15,3.687692165374756,3.719249963760376,0.0,3.790750026702881,3.6847500801086426,3.770750045776367,0.0,477200000
2019-08-16,3.955153465270996,3.989000082015991,0.0,4.03849983215332,3.921999931335449,3.983750104904175,0.0,1007960000
2019-08-19,4.233273506164551,4.269499778747559,0.0,4.2855000495910645,4.086750030517578,4.103000164031982,0.0,815112000
2019-08-20,4.1611409187316895,4.196750164031982,0.0,4.264500141143799,4.17549991607666,4.263999938964844,0.0,463188000
2019-08-21,4.244427680969238,4.280749797821045,0.0,4.336249828338623,4.241499900817871,4.26324987411499,0.0,427244000
2019-08-22,4.250624656677246,4.2870001792907715,0.0,4.333250045776367,4.247499942779541,4.290500164031982,0.0,303488000
2019-08-23,4.026541709899902,4.060999870300293,0.0,4.264750003814697,4.040999889373779,4.210000038146973,0.0,568056000
2019-08-26,4.101153373718262,4.136250019073486,0.0,4.1645002365112305,4.097750186920166,4.140250205993652,0.0,318208000
2019-08-27,4.010677337646484,4.045000076293945,0.0,4.177499771118164,4.015500068664551,4.174749851226807,0.0,290968000
2019-08-28,4.0002570152282715,4.0304999351501465,0.004,4.083499908447266,3.9749999046325684,4.014500141143799,0.0,255612000
2019-08-29,4.143673419952393,4.175000190734863,0.0,4.207499980926514,4.11899995803833,4.122499942779541,0.0,357976000
2019-08-30,4.156327247619629,4.187749862670898,0.0,4.271500110626221,4.16949987411499,4.221499919891357,0.0,290616000
2019-09-03,4.073453426361084,4.104249954223633,0.0,4.147749900817871,4.081250190734863,4.114500045776367,0.0,296140000
2019-09-04,4.187341690063477,4.218999862670898,0.0,4.226500034332275,4.165249824523926,4.165249824523926,0.0,227728000
2019-09-05,4.459784984588623,4.493500232696533,0.0,4.499750137329102,4.320000171661377,4.321750164031982,0.0,695676000
2019-09-06,4.432737350463867,4.466249942779541,0.0,4.527249813079834,4.427999973297119,4.46999979019165,0.0,376976000
2019-09-09,4.478641510009766,4.512499809265137,0.0,4.5995001792907715,4.495999813079834,4.497499942779541,0.0,417524000
2019-09-10,4.545136451721191,4.579500198364258,0.0,4.606249809265137,4.469749927520752,4.479499816894531,0.0,352812000
2019-09-11,4.573673248291016,4.608250141143799,0.0,4.656750202178955,4.565000057220459,4.594250202178955,0.0,361512000
2019-09-12,4.5721821784973145,4.606750011444092,0.0,4.710000038146973,4.598750114440918,4.65500020980835,0.0,327840000
2019-09-13,4.514369010925293,4.548500061035156,0.0,4.577000141143799,4.504499912261963,4.539750099182129,0.0,324592000
2019-09-16,4.471445083618164,4.505249977111816,0.0,4.539999961853027,4.462500095367432,4.4730000495910645,0.0,231832000
2019-09-17,4.49278450012207,4.526750087738037,0.0,4.531000137329102,4.465250015258789,4.51200008392334,0.0,223048000
2019-09-18,4.465738296508789,4.499499797821045,0.0,4.5355000495910645,4.412499904632568,4.519750118255615,0.0,258152000
2019-09-19,4.390308856964111,4.423500061035156,0.0,4.52400016784668,4.412749767303467,4.505499839782715,0.0,245476000
2019-09-20,4.284854888916016,4.317249774932861,0.0,4.446249961853027,4.307000160217285,4.422500133514404,0.0,350244000
2019-09-23,4.33820104598999,4.370999813079834,0.0,4.416749954223633,4.31374979019165,4.317500114440918,0.0,249712000
2019-09-24,4.280885696411133,4.3132500648498535,0.0,4.432250022888184,4.277500152587891,4.402500152587891,0.0,317268000
2019-09-25,4.422316551208496,4.455749988555908,0.0,4.475500106811523,4.267749786376953,4.312749862670898,0.0,308432000
2019-09-26,4.400232791900635,4.433499813079834,0.0,4.454750061035156,4.38224983215332,4.446000099182129,0.0,234564000
2019-09-27,4.26177978515625,4.294000148773193,0.0,4.442500114440918,4.232999801635742,4.391499996185303,0.0,362056000
2019-09-30,4.319096565246582,4.351749897003174,0.0,4.361999988555908,4.28849983215332,4.320000171661377,0.0,186184000
2019-10-01,4.317359924316406,4.349999904632568,0.0,4.525000095367432,4.345250129699707,4.375,0.0,366008000
2019-10-02,4.293540954589844,4.326000213623047,0.0,4.340000152587891,4.2532501220703125,4.328000068664551,0.0,293372000
2019-10-03,4.498737812042236,4.532750129699707,0.0,4.539000034332275,4.300000190734863,4.33050012588501,0.0,450588000
2019-10-04,4.515115261077881,4.54925012588501,0.0,4.578750133514404,4.4695000648498535,4.534999847412109,0.0,265524000
2019-10-07,4.573673248291016,4.608250141143799,0.0,4.708499908447266,4.60575008392334,4.614500045776367,0.0,480984000
2019-10-08,4.397504806518555,4.430749893188477,0.0,4.515999794006348,4.412499904632568,4.515999794006348,0.0,444436000
2019-10-09,4.483850955963135,4.517749786376953,0.0,4.567500114440918,4.479000091552734,4.507999897003174,0.0,292412000
2019-10-10,4.541415691375732,4.57574987411499,0.0,4.626999855041504,4.510250091552734,4.515500068664551,0.0,309124000
2019-10-11,4.614861011505127,4.649750232696533,0.0,4.733500003814697,4.641250133514404,4.660250186920166,0.0,446404000
2019-10-14,4.628259658813477,4.663249969482422,0.0,4.6842498779296875,4.609749794006348,4.640999794006348,0.0,200040000
2019-10-15,4.8724141120910645,4.909249782562256,0.0,4.982250213623047,4.739999771118164,4.754000186920166,0.0,664124000
2019-10-16,4.81881856918335,4.855249881744385,0.0,4.980500221252441,4.84375,4.875,0.0,428944000
2019-10-17,4.820802688598633,4.857250213623047,0.0,4.945250034332275,4.802499771118164,4.900000095367432,0.0,263436000
2019-10-18,4.7265167236328125,4.762249946594238,0.0,4.890500068664551,4.6875,4.857749938964844,0.0,307440000
2019-10-21,4.8634819984436035,4.90024995803833,0.0,4.913750171661377,4.804999828338623,4.823999881744385,0.0,261868000
2019-10-22,4.8535566329956055,4.890250205993652,0.0,5.0632500648498535,4.882500171661377,4.957499980926514,0.0,328720000
2019-10-23,4.840654373168945,4.8772501945495605,0.0,4.891499996185303,4.775750160217285,4.807750225067139,0.0,279916000
2019-10-24,4.884571552276611,4.921500205993652,0.0,4.955249786376953,4.884500026702881,4.918749809265137,0.0,232020000
2019-10-25,5.075130939483643,5.113500118255615,0.0,5.134500026702881,4.994750022888184,5.002500057220459,0.0,423092000
2019-10-28,5.13095760345459,5.169750213623047,0.0,5.222499847412109,5.127999782562256,5.15749979019165,0.0,330792000
2019-10-29,5.0349345207214355,5.072999954223633,0.0,5.16225004196167,5.053500175476074,5.155749797821045,0.0,211236000
2019-10-30,5.036918640136719,5.074999809265137,0.0,5.10575008392334,5.006499767303467,5.099999904632568,0.0,205960000
2019-10-31,4.987790584564209,5.0254998207092285,0.0,5.074999809265137,4.945250034332275,5.053999900817871,0.0,209732000
2019-11-01,5.0267462730407715,5.0647501945495605,0.0,5.097249984741211,4.964749813079834,4.989999771118164,0.0,283640000
2019-11-04,5.2230119705200195,5.262499809265137,0.0,5.275000095367432,5.123000144958496,5.146249771118164,0.0,376716000
2019-11-05,5.200928688049316,5.240250110626221,0.0,5.28849983215332,5.191999912261963,5.262249946594238,0.0,300868000
2019-11-06,5.151801109313965,5.1907501220703125,0.0,5.2417497634887695,5.102749824523926,5.216000080108643,0.0,269012000
2019-11-07,5.169417858123779,5.208499908447266,0.0,5.292500019073486,5.16349983215332,5.277750015258789,0.0,280340000
2019-11-08,5.155523777008057,5.194499969482422,0.0,5.226250171661377,5.153749942779541,5.191500186920166,0.0,189100000
2019-11-11,5.16544771194458,5.204500198364258,0.0,5.227749824523926,5.10699987411499,5.193749904632568,0.0,243436000
2019-11-12,5.200928688049316,5.240250110626221,0.0,5.296500205993652,5.207749843597412,5.243000030517578,0.0,283504000
2019-11-13,5.175126075744629,5.214250087738037,0.0,5.236499786376953,5.147500038146973,5.208749771118164,0.0,300188000
2019-11-14,5.205394744873047,5.244750022888184,0.0,5.247000217437744,5.163000106811523,5.223249912261963,0.0,518080000
2019-11-15,5.0664472579956055,5.104750156402588,0.0,5.29449987411499,5.015999794006348,5.242499828338623,0.0,1053628000
2019-11-18,5.267179012298584,5.307000160217285,0.0,5.333749771118164,5.094250202178955,5.097249984741211,0.0,574588000
2019-11-19,5.160734176635742,5.199749946594238,0.0,5.299499988555908,5.141250133514404,5.275750160217285,0.0,414564000
2019-11-20,5.2398834228515625,5.2795000076293945,0.0,5.363749980926514,5.164000034332275,5.176750183105469,0.0,472588000
2019-11-21,5.2150726318359375,5.254499912261963,0.0,5.330999851226807,5.232749938964844,5.275000095367432,0.0,288388000
2019-11-22,5.2326884269714355,5.272250175476074,0.0,5.323999881744385,5.248499870300293,5.277249813079834,0.0,224100000
2019-11-25,5.488753318786621,5.530250072479248,0.0,5.535250186920166,5.388000011444092,5.401000022888184,0.0,506476000
2019-11-26,5.384293556213379,5.425000190734863,0.0,5.517250061035156,5.418499946594238,5.512499809265137,0.0,385244000
2019-11-27,5.4190568923950195,5.455999851226807,0.004,5.50124979019165,5.429500102996826,5.466750144958496,0.0,215784000
2019-11-29,5.381809711456299,5.418499946594238,0.0,5.453499794006348,5.394499778747559,5.425000190734863,0.0,141556000
2019-12-02,5.195827960968018,5.231249809265137,0.0,5.425000190734863,5.216000080108643,5.411499977111816,0.0,372036000
2019-12-03,5.156347274780273,5.191500186920166,0.0,5.195499897003174,5.009250164031982,5.046750068664551,0.0,465232000
2019-12-04,5.20004940032959,5.235499858856201,0.0,5.297999858856201,5.20674991607666,5.2754998207092285,0.0,273424000
2019-12-05,5.183165073394775,5.218500137329102,0.0,5.273250102996826,5.187749862670898,5.257500171661377,0.0,184884000
2019-12-06,5.268333435058594,5.3042497634887695,0.0,5.337250232696533,5.2779998779296875,5.288000106811523,0.0,232236000
2019-12-09,5.268333435058594,5.3042497634887695,0.0,5.359250068664551,5.272500038146973,5.28125,0.0,211880000
2019-12-10,5.313276767730713,5.3495001792907715,0.0,5.401500225067139,5.281499862670898,5.334499835968018,0.0,256388000
2019-12-11,5.396708011627197,5.433499813079834,0.0,5.439000129699707,5.357500076293945,5.360000133514404,0.0,233796000
2019-12-12,5.563819408416748,5.601749897003174,0.0,5.619999885559082,5.395500183105469,5.4045000076293945,0.0,404348000
2019-12-13,5.561834335327148,5.59975004196167,0.0,5.7245001792907715,5.545499801635742,5.604750156402588,0.0,454704000
2019-12-16,5.590636253356934,5.628749847412109,0.0,5.701499938964844,5.6192498207092285,5.647500038146973,0.0,320976000
2019-12-17,5.668604850769043,5.707250118255615,0.0,5.730000019073486,5.638000011444092,5.647500038146973,0.0,321196000
2019-12-18,5.6988983154296875,5.737750053405762,0.0,5.798500061035156,5.733749866485596,5.742249965667725,0.0,343548000
2019-12-19,5.846641540527344,5.886499881744385,0.0,5.900000095367432,5.767499923706055,5.772500038146973,0.0,445360000
2019-12-20,5.943729877471924,5.984250068664551,0.0,6.009749889373779,5.934000015258789,5.953249931335449,0.0,603044000
2019-12-23,5.930072784423828,5.9704999923706055,0.0,6.045249938964844,5.959750175476074,6.013000011444092,0.0,355060000
2019-12-24,5.925106048583984,5.9654998779296875,0.0,5.982749938964844,5.920499801635742,5.954999923706055,0.0,138864000
2019-12-26,5.9392619132995605,5.979750156402588,0.0,6.007999897003174,5.949999809265137,5.968999862670898,0.0,182852000
2019-12-27,5.881651878356934,5.921750068664551,0.0,6.008500099182129,5.895249843597412,5.994999885559082,0.0,254644000
2019-12-30,5.768672466278076,5.808000087738037,0.0,5.90500020980835,5.776500225067139,5.899750232696533,0.0,258056000
2019-12-31,5.8426690101623535,5.882500171661377,0.0,5.892000198364258,5.7532501220703125,5.772500038146973,0.0,231004000
2020-01-02,5.957138538360596,5.9977498054504395,0.0,5.9977498054504395,5.918000221252441,5.96875,0.0,237536000
2020-01-03,5.861786842346191,5.901750087738037,0.0,5.9457502365112305,5.852499961853027,5.877500057220459,0.0,205384000
2020-01-06,5.8863701820373535,5.926499843597412,0.0,5.9317498207092285,5.781750202178955,5.808000087738037,0.0,262636000
2020-01-07,5.957635402679443,5.9982500076293945,0.0,6.044250011444092,5.909749984741211,5.954999923706055,0.0,314856000
2020-01-08,5.968807697296143,6.009500026702881,0.0,6.051000118255615,5.953750133514404,5.99399995803833,0.0,277108000
2020-01-09,6.034361362457275,6.075500011444092,0.0,6.148250102996826,6.021500110626221,6.096250057220459,0.0,255112000
2020-01-10,6.0666422843933105,6.107999801635742,0.0,6.213749885559082,6.09375,6.1832499504089355,0.0,316296000
2020-01-13,6.256845474243164,6.299499988555908,0.0,6.324749946594238,6.168749809265137,6.191500186920166,0.0,319840000
2020-01-14,6.140140056610107,6.182000160217285,0.0,6.2820000648498535,6.168749809265137,6.256499767303467,0.0,359088000
2020-01-15,6.09768009185791,6.139249801635742,0.0,6.217249870300293,6.113249778747559,6.19474983215332,0.0,263104000
2020-01-16,6.181110382080078,6.223249912261963,0.0,6.229249954223633,6.16949987411499,6.192999839782715,0.0,284192000
2020-01-17,6.18980073928833,6.23199987411499,0.0,6.25,6.1842498779296875,6.242499828338623,0.0,253792000
2020-01-21,6.156527996063232,6.198500156402588,0.0,6.232250213623047,6.164249897003174,6.195250034332275,0.0,217916000
2020-01-22,6.210411071777344,6.252749919891357,0.0,6.339749813079834,6.224999904632568,6.24399995803833,0.0,239240000
2020-01-23,6.278695106506348,6.321499824523926,0.0,6.329999923706055,6.203750133514404,6.293000221252441,0.0,244516000
2020-01-24,6.219598770141602,6.26200008392334,0.0,6.487500190734863,6.207499980926514,6.4375,0.0,373512000
2020-01-27,5.964338779449463,6.005000114440918,0.0,6.056250095367432,5.805749893188477,5.955999851226807,0.0,470536000
2020-01-28,6.157273292541504,6.199250221252441,0.0,6.231750011444092,6.017749786376953,6.071249961853027,0.0,310976000
2020-01-29,6.0969343185424805,6.138500213623047,0.0,6.2210001945495605,6.098499774932861,6.184750080108643,0.0,258848000
2020-01-30,6.103639125823975,6.145249843597412,0.0,6.158750057220459,5.985000133514404,6.040249824523926,0.0,290504000
2020-01-31,5.8707275390625,5.910749912261963,0.0,6.111249923706055,5.868750095367432,6.099249839782715,0.0,370420000
2020-02-03,5.96756649017334,6.0082502365112305,0.0,6.027750015258789,5.886250019073486,5.892499923706055,0.0,255564000
2020-02-04,6.136415958404541,6.178249835968018,0.0,6.197500228881836,6.100500106811523,6.150750160217285,0.0,271544000
2020-02-05,6.226551532745361,6.269000053405762,0.0,6.309999942779541,6.1852498054504395,6.299749851226807,0.0,208220000
2020-02-06,6.3132100105285645,6.356249809265137,0.0,6.356249809265137,6.2220001220703125,6.303500175476074,0.0,218284000
2020-02-07,6.247160911560059,6.289750099182129,0.0,6.338250160217285,6.264249801635742,6.315999984741211,0.0,189752000
2020-02-10,6.529736042022705,6.574250221252441,0.0,6.574999809265137,6.307499885559082,6.3125,0.0,529608000
2020-02-11,6.651900768280029,6.697249889373779,0.0,6.8125,6.6207499504089355,6.683000087738037,0.0,638556000
2020-02-12,6.767364025115967,6.813499927520752,0.0,6.820000171661377,6.711249828338623,6.750249862670898,0.0,374644000
2020-02-13,6.723663330078125,6.769499778747559,0.0,6.836999893188477,6.727749824523926,6.755249977111816,0.0,528016000
2020-02-14,7.195693492889404,7.244750022888184,0.0,7.3742499351501465,7.150000095367432,7.18149995803833,0.0,1041924000
2020-02-18,7.364047050476074,7.414249897003174,0.0,7.432750225067139,7.121500015258789,7.140999794006348,0.0,620164000
2020-02-19,7.8142266273498535,7.867499828338623,0.0,7.885250091552734,7.53725004196167,7.53725004196167,0.0,694332000
2020-02-20,7.665244102478027,7.71750020980835,0.0,7.9079999923706055,7.408750057220459,7.819250106811523,0.0,810052000
2020-02-21,7.301969051361084,7.351749897003174,0.0,7.630000114440918,7.266499996185303,7.604750156402588,0.0,768180000
2020-02-24,6.785739421844482,6.831999778747559,0.0,7.046750068664551,6.699999809265137,6.754749774932861,0.0,856916000
2020-02-25,6.506889343261719,6.551249980926514,0.0,6.969749927520752,6.448999881744385,6.90749979019165,0.0,1055496000
2020-02-26,6.645941734313965,6.691249847412109,0.0,6.886250019073486,6.550000190734863,6.551499843597412,0.0,747732000
2020-02-27,6.275990962982178,6.315000057220459,0.004,6.675000190734863,6.222249984741211,6.372499942779541,0.0,906416000
2020-02-28,6.710042953491211,6.7517499923706055,0.0,6.811500072479248,6.044750213623047,6.061500072479248,0.0,1133252000
2020-03-02,6.868061542510986,6.910749912261963,0.0,6.9397501945495605,6.525000095367432,6.922500133514404,0.0,890744000
2020-03-03,6.606189727783203,6.647250175476074,0.0,7.026750087738037,6.561500072479248,6.966750144958496,0.0,652792000
2020-03-04,7.068814277648926,7.112750053405762,0.0,7.122250080108643,6.679999828338623,6.755000114440918,0.0,597408000
2020-03-05,6.790046691894531,6.832250118255615,0.0,7.079999923706055,6.787499904632568,6.912499904632568,0.0,540328000
2020-03-06,6.6099162101745605,6.651000022888184,0.0,6.709750175476074,6.449999809265137,6.6519999504089355,0.0,515412000
2020-03-09,6.098098278045654,6.136000156402588,0.0,6.485000133514404,5.954500198364258,5.997499942779541,0.0,614160000
2020-03-10,6.486683368682861,6.5269999504089355,0.0,6.5269999504089355,6.149750232696533,6.41349983215332,0.0,580648000
2020-03-11,6.1236891746521,6.161749839782715,0.0,6.414999961853027,6.0642499923706055,6.386499881744385,0.0,499964000
2020-03-12,5.374346733093262,5.407750129699707,0.0,5.9029998779296875,5.394999980926514,5.636499881744385,0.0,816540000
2020-03-13,5.983808517456055,6.020999908447266,0.0,6.0254998207092285,5.490250110626221,5.762499809265137,0.0,634836000
2020-03-16,4.879671096801758,4.909999847412109,0.0,5.652500152587891,4.849999904632568,5.3102498054504395,0.0,726972000
2020-03-17,5.39819860458374,5.4317498207092285,0.0,5.521500110626221,4.775000095367432,5.022749900817871,0.0,833632000
2020-03-18,5.039178371429443,5.070499897003174,0.0,5.248499870300293,4.517000198364258,5.002500057220459,0.0,874268000
2020-03-19,5.291361331939697,5.324250221252441,0.0,5.41825008392334,4.834750175476074,5.048999786376953,0.0,765512000
2020-03-20,5.111976146697998,5.143750190734863,0.0,5.757999897003174,5.1282501220703125,5.474999904632568,0.0,804636000
2020-03-23,5.284404754638672,5.317249774932861,0.0,5.4120001792907715,4.9629998207092285,5.142749786376953,0.0,643876000
2020-03-24,6.1910200119018555,6.229499816894531,0.0,6.316500186920166,5.701250076293945,5.724999904632568,0.0,1101644000
2020-03-25,6.102569580078125,6.140500068664551,0.0,6.545499801635742,6.0914998054504395,6.34499979019165,0.0,793432000
2020-03-26,6.391274452209473,6.431000232696533,0.0,6.555500030517578,6.25,6.348499774932861,0.0,696108000
2020-03-27,6.279222011566162,6.3182501792907715,0.0,6.578000068664551,6.2170000076293945,6.25,0.0,638828000
2020-03-30,6.59873628616333,6.639750003814697,0.0,6.64900016784668,6.339749813079834,6.383999824523926,0.0,602252000
2020-03-31,6.54929256439209,6.590000152587891,0.0,6.885000228881836,6.443749904632568,6.679999828338623,0.0,949960000
2020-04-01,6.039213180541992,6.076749801635742,0.0,6.538249969482422,6.0320000648498535,6.391250133514404,0.0,656912000
2020-04-02,6.3472981452941895,6.386750221252441,0.0,6.400000095367432,6.057750225067139,6.105999946594238,0.0,675764000
2020-04-03,6.060083866119385,6.097750186920166,0.0,6.390749931335449,5.959750175476074,6.348999977111816,0.0,663212000
2020-04-06,6.668551445007324,6.710000038146973,0.0,6.747000217437744,6.323249816894531,6.38100004196167,0.0,727884000
2020-04-07,6.435748100280762,6.475749969482422,0.0,6.956250190734863,6.432499885559082,6.932499885559082,0.0,784520000
2020-04-08,6.632524490356445,6.673749923706055,0.0,6.698750019073486,6.514999866485596,6.585249900817871,0.0,542444000
2020-04-09,6.533142566680908,6.573750019073486,0.0,6.822999954223633,6.510499954223633,6.800000190734863,0.0,525564000
2020-04-13,6.704577445983887,6.746250152587891,0.0,6.755000114440918,6.425000190734863,6.513750076293945,0.0,398408000
2020-04-14,7.0548996925354,7.098750114440918,0.0,7.132999897003174,6.847249984741211,6.875,0.0,530948000
2020-04-15,6.977630138397217,7.020999908447266,0.0,7.104249954223633,6.884500026702881,6.929999828338623,0.0,366148000
2020-04-16,7.321990489959717,7.367499828338623,0.0,7.474999904632568,7.163750171661377,7.177000045776367,0.0,745620000
2020-04-17,7.262857437133789,7.308000087738037,0.0,7.471499919891357,7.173500061035156,7.449999809265137,0.0,539120000
2020-04-20,7.131920337677002,7.176249980926514,0.0,7.337500095367432,7.131750106811523,7.181000232696533,0.0,449388000
2020-04-21,6.696130275726318,6.737750053405762,0.0,7.1192498207092285,6.677750110626221,7.057750225067139,0.0,735160000
2020-04-22,7.109559535980225,7.153749942779541,0.0,7.196750164031982,6.885000228881836,6.930749893188477,0.0,483356000
2020-04-23,7.056390762329102,7.100249767303467,0.0,7.328499794006348,7.074999809265137,7.196000099182129,0.0,424160000
2020-04-24,7.195028781890869,7.239749908447266,0.0,7.2417497634887695,7.014999866485596,7.090000152587891,0.0,352328000
2020-04-27,7.381123065948486,7.427000045776367,0.0,7.587500095367432,7.349999904632568,7.374750137329102,0.0,479388000
2020-04-28,7.239005088806152,7.283999919891357,0.0,7.605000019073486,7.278500080108643,7.574999809265137,0.0,442904000
2020-04-29,7.415410041809082,7.46150016784668,0.0,7.514500141143799,7.34375,7.419250011444092,0.0,379160000
2020-04-30,7.261863708496094,7.307000160217285,0.0,7.46150016784668,7.293000221252441,7.407249927520752,0.0,375916000
2020-05-01,7.025831699371338,7.069499969482422,0.0,7.222499847412109,7.020999908447266,7.108749866485596,0.0,342096000
2020-05-04,7.23726749420166,7.282249927520752,0.0,7.296000003814697,7.021999835968018,7.021999835968018,0.0,317556000
2020-05-05,7.29813814163208,7.343500137329102,0.0,7.506750106811523,7.282249927520752,7.386750221252441,0.0,368896000
2020-05-06,7.398763656616211,7.44474983215332,0.0,7.550000190734863,7.385250091552734,7.423250198364258,0.0,323464000
2020-05-07,7.574669361114502,7.6217498779296875,0.0,7.6852498054504395,7.5329999923706055,7.584499835968018,0.0,373732000
2020-05-08,7.764240264892578,7.8125,0.0,7.818749904632568,7.659749984741211,7.693749904632568,0.0,339216000
2020-05-11,8.015677452087402,8.065500259399414,0.0,8.112500190734863,7.778749942779541,7.807499885559082,0.0,469060000
2020-05-12,7.75430154800415,7.802499771118164,0.0,8.172499656677246,7.792749881744385,8.123499870300293,0.0,493060000
2020-05-13,7.7319416999816895,7.78000020980835,0.0,8.078499794006348,7.594749927520752,7.917500019073486,0.0,625852000
2020-05-14,7.980895042419434,8.030500411987305,0.0,8.03600025177002,7.6875,7.841750144958496,0.0,602312000
2020-05-15,8.438301086425781,8.490750312805176,0.0,8.500499725341797,7.874000072479248,7.889750003814697,0.0,987660000
2020-05-18,8.696199417114258,8.750249862670898,0.0,8.916500091552734,8.680500030517578,8.760499954223633,0.0,774460000
2020-05-19,8.75110912322998,8.805500030517578,0.0,9.087499618530273,8.762749671936035,8.790249824523926,0.0,717320000
2020-05-20,8.914590835571289,8.970000267028809,0.0,9.043000221252441,8.888750076293945,8.991000175476074,0.0,587536000
2020-05-21,8.721044540405273,8.775250434875488,0.0,9.052499771118164,8.737500190734863,9.05150032043457,0.0,761068000
2020-05-22,8.970492362976074,9.026249885559082,0.0,9.093000411987305,8.713250160217285,8.825249671936035,0.0,1038764000
2020-05-26,8.663900375366211,8.71774959564209,0.0,9.181750297546387,8.67199993133545,9.156749725341797,0.0,770780000
2020-05-27,8.472586631774902,8.525250434875488,0.0,8.632749557495117,7.9967498779296875,8.625,0.0,1175892000
2020-05-28,8.434574127197266,8.487000465393066,0.0,8.760499954223633,8.379249572753906,8.412249565124512,0.0,734896000
2020-05-29,8.820673942565918,8.875499725341797,0.0,8.875499725341797,8.484999656677246,8.554499626159668,0.0,745256000
2020-06-01,8.751853942871094,8.806249618530273,0.0,8.840749740600586,8.689499855041504,8.833250045776367,0.0,389876000
2020-06-02,8.770731925964355,8.825249671936035,0.0,8.837249755859375,8.657999992370605,8.796250343322754,0.0,391320000
2020-06-03,8.71532917022705,8.769499778747559,0.0,8.866250038146973,8.699999809265137,8.822250366210938,0.0,365440000
2020-06-04,8.716324806213379,8.766500473022461,0.004,8.943249702453613,8.677499771118164,8.727999687194824,0.0,424280000
2020-06-05,8.86894702911377,8.920000076293945,0.0,8.996999740600586,8.708000183105469,8.794500350952148,0.0,481748000
2020-06-08,8.75460433959961,8.805000305175781,0.0,8.889749526977539,8.685750007629395,8.877249717712402,0.0,387736000
2020-06-09,8.994222640991211,9.045999526977539,0.0,9.109749794006348,8.751250267028809,8.800000190734863,0.0,468488000
2020-06-10,9.313139915466309,9.36674976348877,0.0,9.5,9.153499603271484,9.167750358581543,0.0,632180000
2020-06-11,8.745905876159668,8.796250343322754,0.0,9.261249542236328,8.78600025177002,9.149999618530273,0.0,583652000
2020-06-12,8.881375312805176,8.932499885559082,0.0,9.187250137329102,8.70324993133545,9.162500381469727,0.0,570908000
2020-06-15,9.121241569519043,9.173749923706055,0.0,9.182250022888184,8.743749618530273,8.815250396728516,0.0,400004000
2020-06-16,9.016592979431152,9.068499565124512,0.0,9.26675033569336,8.838749885559082,9.225000381469727,0.0,535716000
2020-06-17,9.183137893676758,9.236000061035156,0.0,9.298999786376953,9.070249557495117,9.113750457763672,0.0,408304000
2020-06-18,9.165238380432129,9.218000411987305,0.0,9.282500267028809,9.114500045776367,9.22700023651123,0.0,254408000
2020-06-19,9.208240509033203,9.261249542236328,0.0,9.444999694824219,9.227250099182129,9.242500305175781,0.0,524160000
2020-06-22,9.472223281860352,9.526749610900879,0.0,9.53125,9.273249626159668,9.300000190734863,0.0,398468000
2020-06-23,9.395913124084473,9.449999809265137,0.0,9.642499923706055,9.407500267028809,9.550999641418457,0.0,375108000
2020-06-24,9.182641983032227,9.23550033569336,0.0,9.556500434875488,9.144499778747559,9.476249694824219,0.0,449372000
2020-06-25,9.435683250427246,9.489999771118164,0.0,9.505000114440918,9.182250022888184,9.35575008392334,0.0,376072000
2020-06-26,9.102602005004883,9.154999732971191,0.0,9.5,9.125,9.5,0.0,592084000
2020-06-29,9.147344589233398,9.199999809265137,0.0,9.204500198364258,8.899999618530273,9.169750213623047,0.0,342248000
2020-06-30,9.443389892578125,9.497750282287598,0.0,9.526249885559082,9.266500473022461,9.314000129699707,0.0,367892000
2020-07-01,9.47545337677002,9.529999732971191,0.0,9.575750350952148,9.413000106811523,9.520750045776367,0.0,326648000
2020-07-02,9.557233810424805,9.612250328063965,0.0,9.737500190734863,9.57824993133545,9.638999938964844,0.0,364056000
2020-07-06,9.782933235168457,9.839249610900879,0.0,9.9087495803833,9.712499618530273,9.74174976348877,0.0,315892000
2020-07-07,9.815248489379883,9.871749877929688,0.0,10.069999694824219,9.850749969482422,9.946249961853027,0.0,357800000
2020-07-08,10.157526969909668,10.215999603271484,0.0,10.225000381469727,9.965499877929688,9.993749618530273,0.0,365480000
2020-07-09,10.448850631713867,10.508999824523926,0.0,10.569999694824219,10.233499526977539,10.380249977111816,0.0,494548000
2020-07-10,10.419268608093262,10.479249954223633,0.0,10.65524959564209,10.37874984741211,10.588749885559082,0.0,497676000
2020-07-13,9.994715690612793,10.052249908447266,0.0,10.79224967956543,10.024999618530273,10.595000267028809,0.0,457076000
2020-07-14,10.317605018615723,10.376999855041504,0.0,10.402750015258789,9.785499572753906,10.074999809265137,0.0,542676000
2020-07-15,10.168713569641113,10.227250099182129,0.0,10.432999610900879,10.055749893188477,10.414250373840332,0.0,403984000
2020-07-16,10.076742172241211,10.134750366210938,0.0,10.20674991607666,9.895500183105469,10.015000343322754,0.0,344964000
2020-07-17,10.143111228942871,10.201499938964844,0.0,10.248499870300293,10.087750434875488,10.225500106811523,0.0,266284000
2020-07-20,10.450592994689941,10.510749816894531,0.0,10.53125,10.156749725341797,10.274250030517578,0.0,284852000
2020-07-21,10.269381523132324,10.328499794006348,0.0,10.5600004196167,10.286749839782715,10.512999534606934,0.0,277036000
2020-07-22,10.379003524780273,10.438750267028809,0.0,10.602499961853027,10.291500091552734,10.367500305175781,0.0,367292000
2020-07-23,10.071773529052734,10.12975025177002,0.0,10.54699993133545,10.03125,10.449999809265137,0.0,411660000
2020-07-24,10.136152267456055,10.194499969482422,0.0,10.364749908447266,9.777000427246094,9.875,0.0,473292000
2020-07-27,10.36185359954834,10.421500205993652,0.0,10.441749572753906,10.21774959564209,10.232250213623047,0.0,292132000
2020-07-28,10.157029151916504,10.215499877929688,0.0,10.381999969482422,10.209250450134277,10.374250411987305,0.0,271636000
2020-07-29,10.405597686767578,10.465499877929688,0.0,10.516249656677246,10.347000122070312,10.39074993133545,0.0,284508000
2020-07-30,10.553252220153809,10.61400032043457,0.0,10.623000144958496,10.295249938964844,10.375,0.0,308880000
2020-07-31,10.553994178771973,10.614749908447266,0.0,10.766500473022461,10.432999610900879,10.563249588012695,0.0,386080000
2020-08-03,10.94723129272461,11.010250091552734,0.0,11.098750114440918,10.715250015258789,10.732500076293945,0.0,412720000
2020-08-04,11.16348648071289,11.227749824523926,0.0,11.227749824523926,10.906000137329102,11.050000190734863,0.0,310336000
2020-08-05,11.222149848937988,11.286749839782715,0.0,11.371749877929688,11.166250228881836,11.244000434875488,0.0,249924000
2020-08-06,11.27061939239502,11.33549976348877,0.0,11.357999801635742,11.178750038146973,11.349749565124512,0.0,244316000
2020-08-07,11.135396957397461,11.19950008392334,0.0,11.50475025177002,11.037500381469727,11.3125,0.0,342516000
2020-08-10,11.101094245910645,11.164999961853027,0.0,11.408249855041504,10.856499671936035,11.334250450134277,0.0,427796000
2020-08-11,10.787900924682617,10.850000381469727,0.0,11.136750221252441,10.79574966430664,11.073749542236328,0.0,354512000
2020-08-12,11.37476921081543,11.440250396728516,0.0,11.467000007629395,10.958250045776367,10.990750312805176,0.0,464412000
2020-08-13,11.377504348754883,11.442999839782715,0.0,11.721750259399414,11.35575008392334,11.545999526977539,0.0,374460000
2020-08-14,11.497811317443848,11.564000129699707,0.0,11.704750061035156,11.440500259399414,11.529999732971191,0.0,366436000
2020-08-17,12.266387939453125,12.336999893188477,0.0,12.409749984741211,11.81725025177002,11.851249694824219,0.0,621300000
2020-08-18,12.190573692321777,12.260749816894531,0.0,12.496000289916992,12.086250305175781,12.449999809265137,0.0,503448000
2020-08-19,12.069024085998535,12.138500213623047,0.0,12.3149995803833,12.097999572753906,12.296500205993652,0.0,622624000
2020-08-20,12.071510314941406,12.140999794006348,0.0,12.375,11.87874984741211,11.975000381469727,0.0,921388000
2020-08-21,12.610904693603516,12.683500289916992,0.0,12.80875015258789,12.195249557495117,12.201749801635742,0.0,999868000
2020-08-24,12.647444725036621,12.720250129699707,0.0,12.912500381469727,12.507499694824219,12.883749961853027,0.0,490564000
2020-08-25,12.677020072937012,12.75,0.0,12.761249542236328,12.573749542236328,12.630749702453613,0.0,289076000
2020-08-26,12.699891090393066,12.77299976348877,0.0,12.868499755859375,12.677749633789062,12.799249649047852,0.0,321244000
2020-08-27,12.555971145629883,12.628250122070312,0.0,12.850000381469727,12.566499710083008,12.781499862670898,0.0,317604000
2020-08-28,13.07249641418457,13.147749900817871,0.0,13.14799976348877,12.642499923706055,12.675000190734863,0.0,537160000
2020-08-31,13.29794979095459,13.374500274658203,0.0,13.574999809265137,13.037750244140625,13.18274974822998,0.0,500840000
2020-09-01,13.74600601196289,13.821000099182129,0.004,13.993749618530273,13.43649959564209,13.479999542236328,0.0,511316000
2020-09-02,14.268653869628906,14.346500396728516,0.0,14.726750373840332,13.899999618530273,14.703749656677246,0.0,874012000
2020-09-03,12.944876670837402,13.01550006866455,0.0,13.884499549865723,12.87874984741211,13.828749656677246,0.0,945128000
2020-09-04,12.554008483886719,12.6225004196167,0.0,13.175000190734863,11.704750061035156,12.7837495803833,0.0,1463684000
2020-09-08,11.848359107971191,11.913000106811523,0.0,12.550000190734863,11.70425033569336,11.73449993133545,0.0,795728000
2020-09-09,12.646005630493164,12.71500015258789,0.0,12.809249877929688,12.231749534606934,12.399999618530273,0.0,736200000
2020-09-10,12.244945526123047,12.311750411987305,0.0,13.065250396728516,12.166999816894531,12.989250183105469,0.0,698684000
2020-09-11,12.098494529724121,12.16450023651123,0.0,12.65250015258789,11.895750045776367,12.48550033569336,0.0,636928000
2020-09-14,12.802403450012207,12.872249603271484,0.0,13.3149995803833,12.631250381469727,13.081000328063965,0.0,1201744000
2020-09-15,12.92050838470459,12.991000175476074,0.0,13.298749923706055,12.827750205993652,13.279999732971191,0.0,727556000
2020-09-16,12.446593284606934,12.51449966430664,0.0,13.09274959564209,12.513750076293945,12.957249641418457,0.0,556384000
2020-09-17,12.395870208740234,12.463500022888184,0.0,12.589750289916992,12.034749984741211,12.13224983215332,0.0,792512000
2020-09-18,12.1231107711792,12.189249992370605,0.0,12.632499694824219,11.988750457763672,12.59375,0.0,698460000
2020-09-21,12.44933032989502,12.517250061035156,0.0,12.522500038146973,11.904500007629395,11.925000190734863,0.0,721044000
2020-09-22,12.569174766540527,12.637749671936035,0.0,12.64799976348877,12.155500411987305,12.574999809265137,0.0,646452000
2020-09-23,12.057965278625488,12.123749732971191,0.0,12.72700023651123,12.07925033569336,12.575499534606934,0.0,647012000
2020-09-24,12.280997276306152,12.347999572753906,0.0,12.569499969482422,12.013999938964844,12.072250366210938,0.0,731240000
2020-09-25,12.803894996643066,12.873749732971191,0.0,12.883500099182129,12.245750427246094,12.447500228881836,0.0,588016000
2020-09-28,12.964272499084473,13.03499984741211,0.0,13.051750183105469,12.75,13.040249824523926,0.0,573808000
2020-09-29,13.153982162475586,13.225749969482422,0.0,13.442749977111816,12.933250427246094,12.9375,0.0,621460000
2020-09-30,13.457079887390137,13.530500411987305,0.0,13.6225004196167,13.150250434875488,13.157500267028809,0.0,689184000
2020-10-01,13.540627479553223,13.614500045776367,0.0,13.762749671936035,13.460749626159668,13.758000373840332,0.0,525004000
2020-10-02,12.991374969482422,13.062250137329102,0.0,13.519499778747559,13.050999641418457,13.225000381469727,0.0,552496000
2020-10-05,13.568472862243652,13.642499923706055,0.0,13.64424991607666,13.222749710083008,13.236000061035156,0.0,479820000
2020-10-06,13.661965370178223,13.736499786376953,0.0,14.142000198364258,13.664999961853027,13.829999923706055,0.0,784420000
2020-10-07,13.888230323791504,13.96399974822998,0.0,14.119250297546387,13.863499641418457,13.999750137329102,0.0,418084000
2020-10-08,13.763659477233887,13.838749885559082,0.0,14.084500312805176,13.758000373840332,14.074999809265137,0.0,378900000
2020-10-09,13.68807315826416,13.762749671936035,0.0,13.824250221252441,13.660750389099121,13.767000198364258,0.0,346892000
2020-10-12,14.14880657196045,14.22599983215332,0.0,14.347000122070312,13.912500381469727,13.989500045776367,0.0,434744000
2020-10-13,14.170938491821289,14.248250007629395,0.0,14.34850025177002,14.018750190734863,14.296500205993652,0.0,344604000
2020-10-14,14.018767356872559,14.095250129699707,0.0,14.34274959564209,13.960000038146973,14.290499687194824,0.0,276100000
2020-10-15,13.894198417663574,13.970000267028809,0.0,14.005749702453613,13.767749786376953,13.810750007629395,0.0,267224000
2020-10-16,13.736557006835938,13.81149959564209,0.0,14.121500015258789,13.792499542236328,14.036749839782715,0.0,242392000
2020-10-19,13.42451000213623,13.497750282287598,0.0,13.983499526977539,13.406749725341797,13.902999877929688,0.0,298068000
2020-10-20,13.57145881652832,13.645500183105469,0.0,13.799750328063965,13.506999969482422,13.583499908447266,0.0,229212000
2020-10-21,13.451361656188965,13.524749755859375,0.0,13.791500091552734,13.477499961853027,13.625,0.0,219596000
2020-10-22,13.288501739501953,13.361000061035156,0.0,13.611749649047852,13.231749534606934,13.522500038146973,0.0,290480000
2020-10-23,13.516509056091309,13.590250015258789,0.0,13.593250274658203,13.291250228881836,13.449999809265137,0.0,233484000
2020-10-26,13.069944381713867,13.141249656677246,0.0,13.692749977111816,13.03849983215332,13.427000045776367,0.0,336896000
2020-10-27,13.32405948638916,13.396750450134277,0.0,13.442000389099121,13.191499710083008,13.305999755859375,0.0,250520000
2020-10-28,12.55848503112793,12.626999855041504,0.0,13.260000228881836,12.609000205993652,13.197999954223633,0.0,376520000
2020-10-29,12.953330039978027,13.02400016784668,0.0,13.192749977111816,12.75,12.838500022888184,0.0,320080000
2020-10-30,12.465989112854004,12.534000396728516,0.0,12.93649959564209,12.300000190734863,12.850000381469727,0.0,416820000
2020-11-02,12.512486457824707,12.580750465393066,0.0,12.836750030517578,12.395000457763672,12.657750129699707,0.0,299652000
2020-11-03,12.948854446411133,13.019499778747559,0.0,13.104999542236328,12.602749824523926,12.708499908447266,0.0,272900000
2020-11-04,13.719400405883789,13.794249534606934,0.0,13.827500343322754,13.336999893188477,13.389249801635742,0.0,410228000
2020-11-05,14.083168029785156,14.15999984741211,0.0,14.33899974822998,13.991000175476074,14.162500381469727,0.0,319028000
2020-11-06,14.482986450195312,14.562000274658203,0.0,14.588749885559082,13.895000457763672,14.109749794006348,0.0,383348000
2020-11-09,13.55678653717041,13.630749702453613,0.0,14.691499710083008,13.610750198364258,14.552499771118164,0.0,582976000
2020-11-10,12.700709342956543,12.770000457763672,0.0,13.606499671936035,12.628250122070312,13.606499671936035,0.0,644068000
2020-11-11,13.345192909240723,13.418000221252441,0.0,13.4350004196167,12.948249816894531,13.053750038146973,0.0,404744000
2020-11-12,13.383733749389648,13.45674991607666,0.0,13.765999794006348,13.315999984741211,13.479000091552734,0.0,365812000
2020-11-13,13.224845886230469,13.29699993133545,0.0,13.668749809265137,13.059249877929688,13.627249717712402,0.0,346312000
2020-11-16,13.441913604736328,13.515250205993652,0.0,13.649499893188477,13.156000137329102,13.172499656677246,0.0,413776000
2020-11-17,13.349417686462402,13.422249794006348,0.0,13.5962495803833,13.303750038146973,13.552499771118164,0.0,312028000
2020-11-18,13.35588264465332,13.428750038146973,0.0,13.60575008392334,13.1850004196167,13.465250015258789,0.0,510924000
2020-11-19,13.367321968078613,13.440250396728516,0.0,13.487500190734863,13.100000381469727,13.212750434875488,0.0,565936000
2020-11-20,13.016731262207031,13.087750434875488,0.0,13.494500160217285,13.0649995803833,13.454000473022461,0.0,341088000
2020-11-23,13.068700790405273,13.140000343322754,0.0,13.382499694824219,13.01550006866455,13.171250343322754,0.0,361356000
2020-11-24,12.887439727783203,12.95775032043457,0.0,13.161999702453613,12.885000228881836,13.142499923706055,0.0,346500000
2020-11-25,13.162935256958008,13.234749794006348,0.0,13.269499778747559,13.020000457763672,13.032500267028809,0.0,259916000
2020-11-27,13.189291000366211,13.261249542236328,0.0,13.407500267028809,13.170499801635742,13.375,0.0,167276000
2020-11-30,13.328779220581055,13.40149974822998,0.0,13.412500381469727,12.972249984741211,13.265000343322754,0.0,286952000
2020-12-01,13.317344665527344,13.390000343322754,0.0,13.5287504196167,13.228249549865723,13.492250442504883,0.0,296948000
2020-12-02,13.471004486083984,13.544500350952148,0.0,13.673500061035156,13.23425006866455,13.350500106811523,0.0,283360000
2020-12-03,13.327245712280273,13.395999908447266,0.004,13.65999984741211,13.329000473022461,13.587499618530273,0.0,199520000
2020-12-04,13.488663673400879,13.558250427246094,0.0,13.5600004196167,13.388750076293945,13.44849967956543,0.0,202244000
2020-12-07,13.536916732788086,13.606749534606934,0.0,13.731249809265137,13.5,13.601249694824219,0.0,223244000
2020-12-08,13.281486511230469,13.350000381469727,0.0,13.598750114440918,13.281499862670898,13.585000038146973,0.0,271920000
2020-12-09,12.864385604858398,12.930749893188477,0.0,13.413999557495117,12.868249893188477,13.30049991607666,0.0,401300000
2020-12-10,12.905673027038574,12.972249984741211,0.0,13.068750381469727,12.849499702453613,12.869000434875488,0.0,207764000
2020-12-11,12.946462631225586,13.013250350952148,0.0,13.020000457763672,12.822999954223633,12.967249870300293,0.0,209264000
2020-12-14,13.240443229675293,13.30875015258789,0.0,13.388750076293945,13.077500343322754,13.088000297546387,0.0,270156000
2020-12-15,13.291929244995117,13.36050033569336,0.0,13.46399974822998,13.186750411987305,13.439749717712402,0.0,193016000
2020-12-16,13.174535751342773,13.242500305175781,0.0,13.437250137329102,13.212499618530273,13.422499656677246,0.0,223116000
2020-12-17,13.272777557373047,13.3412504196167,0.0,13.379500389099121,13.178500175476074,13.36674976348877,0.0,231384000
2020-12-18,13.203883171081543,13.272000312805176,0.0,13.404999732971191,13.070500373840332,13.378999710083008,0.0,342064000
2020-12-21,13.263824462890625,13.332249641418457,0.0,13.369999885559082,12.967499732971191,13.074749946594238,0.0,302332000
2020-12-22,13.210103988647461,13.278249740600586,0.0,13.337249755859375,13.053999900817871,13.319250106811523,0.0,185580000
2020-12-23,12.94248104095459,13.009249687194824,0.0,13.274999618530273,13.005000114440918,13.255999565124512,0.0,179144000
2020-12-24,12.9270601272583,12.993749618530273,0.0,13.132499694824219,12.938750267028809,13.037249565124512,0.0,97884000
2020-12-28,12.833793640136719,12.899999618530273,0.0,13.0625,12.763250350952148,13.0625,0.0,212564000
2020-12-29,12.87682056427002,12.943249702453613,0.0,13.072500228881836,12.842249870300293,12.925000190734863,0.0,170372000
2020-12-30,13.078282356262207,13.145750045776367,0.0,13.213749885559082,12.896750450134277,12.990249633789062,0.0,225396000
2020-12-31,12.987998962402344,13.055000305175781,0.0,13.151000022888184,12.914999961853027,13.136500358581543,0.0,192424000
2021-01-04,13.046196937561035,13.113499641418457,0.0,13.65250015258789,12.962499618530273,13.104249954223633,0.0,560640000
2021-01-05,13.335955619812012,13.404749870300293,0.0,13.443499565124512,13.086999893188477,13.099749565124512,0.0,322760000
2021-01-06,12.549759864807129,12.614500045776367,0.0,13.244999885559082,12.586000442504883,13.22249984741211,0.0,580424000
2021-01-07,13.275513648986816,13.343999862670898,0.0,13.377750396728516,12.886500358581543,12.967499732971191,0.0,461480000
2021-01-08,13.20860767364502,13.276749610900879,0.0,13.420999526977539,13.041999816894531,13.362500190734863,0.0,292528000
2021-01-11,13.551589965820312,13.621500015258789,0.0,13.961000442504883,13.362500190734863,13.418749809265137,0.0,518344000
2021-01-12,13.415541648864746,13.484749794006348,0.0,13.754500389099121,13.345000267028809,13.7524995803833,0.0,291476000
2021-01-13,13.462302207946777,13.531749725341797,0.0,13.625,13.385000228881836,13.489999771118164,0.0,210028000
2021-01-14,13.132500648498535,13.200249671936035,0.0,13.599749565124512,13.180500030517578,13.574999809265137,0.0,283120000
2021-01-15,12.793500900268555,12.85949993133545,0.0,13.325249671936035,12.84850025177002,13.227999687194824,0.0,277780000
2021-01-19,12.958401679992676,13.025250434875488,0.0,13.093999862670898,12.843999862670898,13.016249656677246,0.0,226188000
2021-01-20,13.297151565551758,13.365750312805176,0.0,13.430500030517578,13.056750297546387,13.111749649047852,0.0,258572000
2021-01-21,13.7963285446167,13.867500305175781,0.0,13.999250411987305,13.253000259399414,13.418499946594238,0.0,337780000
2021-01-22,13.642121315002441,13.712499618530273,0.0,13.841750144958496,13.627249717712402,13.739999771118164,0.0,246820000
2021-01-25,13.583176612854004,13.653249740600586,0.0,13.828499794006348,13.236499786376953,13.781749725341797,0.0,251112000
2021-01-26,13.366294860839844,13.435250282287598,0.0,13.644749641418457,13.387499809265137,13.580499649047852,0.0,163980000
2021-01-27,12.851452827453613,12.917750358581543,0.0,13.232749938964844,12.793749809265137,13.229999542236328,0.0,371272000
2021-01-28,12.984014511108398,13.050999641418457,0.0,13.339750289916992,12.96049976348877,12.99625015258789,0.0,228316000
2021-01-29,12.923083305358887,12.989749908447266,0.0,13.334750175476074,12.911499977111816,13.074999809265137,0.0,271552000
2021-02-01,13.16906452178955,13.237000465393066,0.0,13.270750045776367,12.902750015258789,13.053250312805176,0.0,217204000
2021-02-02,13.487174034118652,13.556750297546387,0.0,13.571999549865723,13.285499572753906,13.398750305175781,0.0,220440000
2021-02-03,13.461058616638184,13.530500411987305,0.0,13.931750297546387,13.516500473022461,13.63599967956543,0.0,245408000
2021-02-04,13.594120025634766,13.664250373840332,0.0,13.673500061035156,13.337750434875488,13.531000137329102,0.0,201340000
2021-02-05,13.521246910095215,13.590999603271484,0.0,13.737250328063965,13.54574966430664,13.725000381469727,0.0,169152000
2021-02-08,14.364645004272461,14.438750267028809,0.0,14.473750114440918,13.727250099182129,13.727250099182129,0.0,434624000
2021-02-09,14.190048217773438,14.263250350952148,0.0,14.583250045776367,14.22249984741211,14.340749740600586,0.0,287560000
2021-02-10,14.688471794128418,14.764249801635742,0.0,14.904999732971191,14.341500282287598,14.463250160217285,0.0,485352000
2021-02-11,15.172478675842285,15.250749588012695,0.0,15.272250175476074,14.925000190734863,14.980250358581543,0.0,450828000
2021-02-12,14.884465217590332,14.961250305175781,0.0,15.291250228881836,14.774999618530273,15.050000190734863,0.0,374756000
2021-02-16,15.251571655273438,15.330249786376953,0.0,15.3725004196167,14.949999809265137,15.064249992370605,0.0,321960000
2021-02-17,14.829497337341309,14.906000137329102,0.0,15.22350025177002,14.779999732971191,15.170999526977539,0.0,274756000
2021-02-18,14.752893447875977,14.829000473022461,0.0,14.873250007629395,14.574999809265137,14.729000091552734,0.0,233868000
2021-02-19,14.849889755249023,14.92650032043457,0.0,15.177000045776367,14.846750259399414,15.024499893188477,0.0,271724000
2021-02-22,14.282071113586426,14.35575008392334,0.0,15.13325023651123,14.324999809265137,14.774749755859375,0.0,325884000
2021-02-23,14.069421768188477,14.142000198364258,0.0,14.238750457763672,13.38949966430664,14.075249671936035,0.0,391780000
2021-02-24,14.424585342407227,14.49899959564209,0.0,14.506750106811523,13.755999565124512,14.122750282287598,0.0,448320000
2021-02-25,13.239201545715332,13.307499885559082,0.0,14.374750137329102,13.2162504196167,14.045499801635742,0.0,824436000
2021-02-26,13.644113540649414,13.714500427246094,0.0,13.854499816894531,13.361000061035156,13.7524995803833,0.0,500932000
2021-03-01,13.770711898803711,13.841750144958496,0.0,13.925000190734863,13.553250312805176,13.875,0.0,353184000
2021-03-02,13.337446212768555,13.40625,0.0,13.920499801635742,13.395999908447266,13.899999618530273,0.0,264116000
2021-03-03,12.739032745361328,12.804750442504883,0.0,13.451499938964844,12.798749923706055,13.426250457763672,0.0,377592000
2021-03-04,12.3067626953125,12.37024974822998,0.0,12.975000381469727,12.083749771118164,12.800749778747559,0.0,573344000
2021-03-05,12.39754581451416,12.46150016784668,0.0,12.550000190734863,11.67924976348877,12.550000190734863,0.0,542840000
2021-03-08,11.533748626708984,11.593250274658203,0.0,12.4712495803833,11.566499710083008,12.449999809265137,0.0,543112000
2021-03-09,12.460290908813477,12.52025032043457,0.004,12.61674976348877,12.059249877929688,12.130249977111816,0.0,521824000
2021-03-10,12.408541679382324,12.468250274658203,0.0,12.979999542236328,12.457500457763672,12.840499877929688,0.0,384376000
2021-03-11,12.9312744140625,12.993499755859375,0.0,13.046250343322754,12.73449993133545,12.949999809265137,0.0,299916000
2021-03-12,12.794432640075684,12.855999946594238,0.0,12.888750076293945,12.59000015258789,12.648249626159668,0.0,243964000
2021-03-15,13.128077507019043,13.19124984741211,0.0,13.20674991607666,12.767250061035156,12.864749908447266,0.0,221988000
2021-03-16,13.227599143981934,13.291250228881836,0.0,13.512499809265137,13.11674976348877,13.356499671936035,0.0,272128000
2021-03-17,13.277359008789062,13.3412504196167,0.0,13.45324993133545,12.989500045776367,13.039750099182129,0.0,243864000
2021-03-18,12.661572456359863,12.72249984741211,0.0,13.184000015258789,12.717000007629395,13.136500358581543,0.0,293896000
2021-03-19,12.784235000610352,12.845749855041504,0.0,12.921500205993652,12.612500190734863,12.75,0.0,299208000
2021-03-22,13.12309741973877,13.186249732971191,0.0,13.394499778747559,12.906749725341797,12.912750244140625,0.0,297804000
2021-03-23,13.008155822753906,13.07075023651123,0.0,13.344499588012695,13.021249771118164,13.254249572753906,0.0,222048000
2021-03-24,12.582451820373535,12.642999649047852,0.0,13.159250259399414,12.636750221252441,13.151249885559082,0.0,245840000
2021-03-25,12.4752197265625,12.535249710083008,0.0,12.714750289916992,12.272000312805176,12.499500274658203,0.0,295144000
2021-03-26,12.777762413024902,12.839249610900879,0.0,12.856249809265137,12.373499870300293,12.554499626159668,0.0,363968000
2021-03-29,12.88624095916748,12.948249816894531,0.0,13.0625,12.699999809265137,12.820249557495117,0.0,273520000
2021-03-30,12.810107231140137,12.871749877929688,0.0,12.975250244140625,12.704999923706055,12.842000007629395,0.0,200204000
2021-03-31,13.28432846069336,13.348250389099121,0.0,13.470499992370605,12.982500076293945,13.01550006866455,0.0,314776000
2021-04-01,13.745607376098633,13.811750411987305,0.0,13.869999885559082,13.511249542236328,13.572250366210938,0.0,308276000
2021-04-05,13.920513153076172,13.987500190734863,0.0,14.013999938964844,13.732999801635742,13.867500305175781,0.0,255672000
2021-04-06,13.795119285583496,13.861499786376953,0.0,14.05424976348877,13.773500442504883,13.999750137329102,0.0,191744000
2021-04-07,14.07576847076416,14.143500328063965,0.0,14.243499755859375,13.71150016784668,13.880749702453613,0.0,251284000
2021-04-08,14.248438835144043,14.317000389099121,0.0,14.471500396728516,14.24899959564209,14.252750396728516,0.0,244416000
2021-04-09,14.33104133605957,14.399999618530273,0.0,14.407999992370605,14.175000190734863,14.21399974822998,0.0,195172000
2021-04-12,15.136164665222168,15.208999633789062,0.0,15.352499961853027,14.139249801635742,14.289750099182129,0.0,869324000
2021-04-13,15.604411125183105,15.679499626159668,0.0,15.699999809265137,15.125749588012695,15.231499671936035,0.0,676212000
2021-04-14,15.203840255737305,15.277000427246094,0.0,15.720499992370605,15.227499961853027,15.625,0.0,385500000
2021-04-15,16.05997085571289,16.137250900268555,0.0,16.214250564575195,15.631500244140625,15.662500381469727,0.0,598480000
2021-04-16,15.836294174194336,15.912500381469727,0.0,16.16575050354004,15.865249633789062,16.05299949645996,0.0,335208000
2021-04-19,15.28818416595459,15.361749649047852,0.0,15.807499885559082,15.232999801635742,15.536499977111816,0.0,404420000
2021-04-20,15.098596572875977,15.171250343322754,0.0,15.496999740600586,14.963000297546387,15.323249816894531,0.0,334132000
2021-04-21,15.286938667297363,15.36050033569336,0.0,15.362500190734863,15.102250099182129,15.118749618530273,0.0,216776000
2021-04-22,14.779131889343262,14.850250244140625,0.0,15.43850040435791,14.783499717712402,15.375,0.0,277788000
2021-04-23,15.192147254943848,15.265250205993652,0.0,15.335000038146973,14.900250434875488,14.934249877929688,0.0,227500000
2021-04-26,15.403878211975098,15.477999687194824,0.0,15.479000091552734,15.125,15.1850004196167,0.0,197796000
2021-04-27,15.308089256286621,15.381750106811523,0.0,15.670499801635742,15.354499816894531,15.578499794006348,0.0,164572000
2021-04-28,15.203591346740723,15.276749610900879,0.0,15.53225040435791,15.215499877929688,15.364500045776367,0.0,209416000
2021-04-29,15.251361846923828,15.324749946594238,0.0,15.43649959564209,15.071499824523926,15.399999618530273,0.0,173196000
2021-04-30,14.937620162963867,15.009499549865723,0.0,15.364999771118164,14.996999740600586,15.174500465393066,0.0,201912000
2021-05-03,14.765697479248047,14.836750030517578,0.0,15.246749877929688,14.787500381469727,15.125,0.0,203912000
2021-05-04,14.28252124786377,14.351249694824219,0.0,14.637499809265137,14.010250091552734,14.637249946594238,0.0,405324000
2021-05-05,14.389259338378906,14.458499908447266,0.0,14.81350040435791,14.387499809265137,14.708999633789062,0.0,292024000
2021-05-06,14.453450202941895,14.52299976348877,0.0,14.571249961853027,14.218000411987305,14.49524974822998,0.0,193380000
2021-05-07,14.741315841674805,14.812250137329102,0.0,14.970749855041504,14.67175006866455,14.808250427246094,0.0,229328000
2021-05-10,14.19743537902832,14.26574993133545,0.0,14.805999755859375,14.25,14.787249565124512,0.0,268904000
2021-05-11,14.237739562988281,14.306249618530273,0.0,14.35474967956543,13.75,13.824999809265137,0.0,285584000
2021-05-12,13.692612648010254,13.758500099182129,0.0,14.260250091552734,13.709250450134277,14.009499549865723,0.0,303408000
2021-05-13,13.599807739257812,13.665249824523926,0.0,14.080750465393066,13.458999633789062,14.0337495803833,0.0,285404000
2021-05-14,14.17479419708252,14.243000030517578,0.0,14.32800006866455,13.748499870300293,13.890000343322754,0.0,258616000
2021-05-17,14.097661972045898,14.165499687194824,0.0,14.169249534606934,13.853500366210938,14.156999588012695,0.0,216980000
2021-05-18,13.948628425598145,14.01574993133545,0.0,14.404250144958496,14.003999710083008,14.267000198364258,0.0,186256000
2021-05-19,13.998390197753906,14.065750122070312,0.0,14.079500198364258,13.54325008392334,13.566499710083008,0.0,344000000
2021-05-20,14.542524337768555,14.612500190734863,0.0,14.68375015258789,14.270500183105469,14.302499771118164,0.0,321592000
2021-05-21,14.91995620727539,14.99174976348877,0.0,15.222000122070312,14.869500160217285,15.163749694824219,0.0,672992000
2021-05-24,15.537237167358398,15.612000465393066,0.0,15.744999885559082,15.175999641418457,15.212499618530273,0.0,554816000
2021-05-25,15.572813034057617,15.647749900817871,0.0,15.818499565124512,15.482500076293945,15.765999794006348,0.0,435408000
2021-05-26,15.624814987182617,15.699999809265137,0.0,15.793749809265137,15.586250305175781,15.73425006866455,0.0,370440000
2021-05-27,15.413830757141113,15.48799991607666,0.0,15.75,15.460000038146973,15.699749946594238,0.0,581476000
2021-05-28,16.166706085205078,16.24449920654297,0.0,16.27750015258789,15.50100040435791,15.50100040435791,0.0,644536000
2021-06-01,16.186613082885742,16.26449966430664,0.0,16.38825035095215,15.903249740600586,16.270000457763672,0.0,472804000
2021-06-02,16.697904586791992,16.778249740600586,0.0,16.918750762939453,16.23550033569336,16.25225067138672,0.0,594168000
2021-06-03,16.88848114013672,16.969749450683594,0.0,17.259000778198242,16.58300018310547,16.70075035095215,0.0,580008000
2021-06-04,17.494068145751953,17.578250885009766,0.0,17.660999298095703,17.095500946044922,17.112499237060547,0.0,617120000
2021-06-07,17.534622192382812,17.618999481201172,0.0,17.8125,17.192750930786133,17.571250915527344,0.0,575756000
2021-06-08,17.373401641845703,17.457000732421875,0.0,17.62150001525879,17.250999450683594,17.527250289916992,0.0,323848000
2021-06-09,17.27907943725586,17.35824966430664,0.004,17.575000762939453,17.25575065612793,17.515750885009766,0.0,381656000
2021-06-10,17.34552574157715,17.424999237060547,0.0,17.492000579833984,17.176000595092773,17.350000381469727,0.0,287772000
2021-06-11,17.743953704833984,17.82525062561035,0.0,17.939250946044922,17.443750381469727,17.47949981689453,0.0,416308000
2021-06-14,17.936569213867188,18.018749237060547,0.0,18.039499282836914,17.662750244140625,17.9060001373291,0.0,321376000
2021-06-15,17.707372665405273,17.78849983215332,0.0,18.016250610351562,17.72800064086914,17.915000915527344,0.0,243032000
2021-06-16,17.729021072387695,17.81024932861328,0.0,17.954750061035156,17.58449935913086,17.79075050354004,0.0,307124000
2021-06-17,18.57215690612793,18.657249450683594,0.0,18.834999084472656,17.756250381469727,17.774499893188477,0.0,809656000
2021-06-18,18.553741455078125,18.638750076293945,0.0,19.375,18.583999633789062,18.784000396728516,0.0,968856000
2021-06-21,18.343202590942383,18.427249908447266,0.0,18.536500930786133,17.822750091552734,18.43524932861328,0.0,672384000
2021-06-22,18.800607681274414,18.886749267578125,0.0,18.9637508392334,18.38599967956543,18.471500396728516,0.0,580144000
2021-06-23,18.9703311920166,19.057249069213867,0.0,19.15275001525879,18.90774917602539,19.007749557495117,0.0,332356000
2021-06-24,19.117908477783203,19.20549964904785,0.0,19.420000076293945,19.08824920654297,19.227750778198242,0.0,320924000
2021-06-25,18.94420051574707,19.0310001373291,0.0,19.345500946044922,18.894500732421875,19.280500411987305,0.0,278364000
2021-06-28,19.89385414123535,19.985000610351562,0.0,20.078750610351562,19.319000244140625,19.361249923706055,0.0,495436000
2021-06-29,19.93541717529297,20.026750564575195,0.0,20.0987491607666,19.656999588012695,19.88249969482422,0.0,367632000
2021-06-30,19.911273956298828,20.002500534057617,0.0,20.162500381469727,19.863750457763672,19.999250411987305,0.0,326568000
2021-07-01,20.119813919067383,20.211999893188477,0.0,20.45599937438965,20.018999099731445,20.125,0.0,480136000
2021-07-02,20.3935604095459,20.48699951171875,0.0,20.505250930786133,20.287750244140625,20.440250396728516,0.0,342764000
2021-07-06,20.604101181030273,20.69849967956543,0.0,20.841999053955078,20.350250244140625,20.737499237060547,0.0,446708000
2021-07-07,20.27884292602539,20.371749877929688,0.0,20.875,20.332000732421875,20.853500366210938,0.0,418428000
2021-07-08,19.811973571777344,19.90275001525879,0.0,20.132999420166016,19.70075035095215,19.85650062561035,0.0,503300000
2021-07-09,19.958803176879883,20.050249099731445,0.0,20.080249786376953,19.754249572753906,19.962499618530273,0.0,296624000
2021-07-12,20.418947219848633,20.512500762939453,0.0,20.53274917602539,20.1877498626709,20.239999771118164,0.0,321984000
2021-07-13,20.157642364501953,20.25,0.0,20.46125030517578,20.11400032043457,20.40049934387207,0.0,290708000
2021-07-14,19.751005172729492,19.84149932861328,0.0,20.417749404907227,19.752750396728516,20.357749938964844,0.0,380100000
2021-07-15,18.879743576049805,18.966249465942383,0.0,19.847000122070312,18.85849952697754,19.811750411987305,0.0,550564000
2021-07-16,18.078170776367188,18.160999298095703,0.0,19.156999588012695,18.072999954223633,19.030500411987305,0.0,688224000
2021-07-19,18.69409942626953,18.77975082397461,0.0,19.04199981689453,17.86549949645996,17.915250778198242,0.0,749060000
2021-07-20,18.52711296081543,18.61199951171875,0.0,18.83799934387207,18.163999557495117,18.729999542236328,4.0,434687000
2021-07-21,19.32147216796875,19.40999984741211,0.0,19.527000427246094,18.742000579833984,18.881999969482422,0.0,371017000
2021-07-22,19.504636764526367,19.5939998626709,0.0,19.886999130249023,19.275999069213867,19.642000198364258,0.0,323826000
2021-07-23,19.468801498413086,19.558000564575195,0.0,19.700000762939453,19.25,19.6560001373291,0.0,195672000
2021-07-26,19.206005096435547,19.29400062561035,0.0,19.441999435424805,18.913999557495117,19.31100082397461,0.0,203943000
2021-07-27,19.120397567749023,19.20800018310547,0.0,19.621999740600586,18.740999221801758,19.264999389648438,0.0,248863000
2021-07-28,19.414051055908203,19.503000259399414,0.0,19.645999908447266,18.9950008392334,19.319000244140625,0.0,202191000
2021-07-29,19.57232666015625,19.66200065612793,0.0,19.85300064086914,19.327999114990234,19.518999099731445,0.0,190781000
2021-07-30,19.41006851196289,19.499000549316406,0.0,19.6299991607666,19.26300048828125,19.417999267578125,0.0,183497000
2021-08-02,19.6599178314209,19.75,0.0,19.961000442504883,19.361000061035156,19.700000762939453,0.0,217444000
2021-08-03,19.724628448486328,19.815000534057617,0.0,20.222000122070312,19.219999313354492,19.739999771118164,0.0,301811000
2021-08-04,20.181537628173828,20.27400016784668,0.0,20.31800079345703,19.827999114990234,19.989999771118164,0.0,231309000
2021-08-05,20.542879104614258,20.636999130249023,0.0,20.732999801635742,20.341999053955078,20.5,0.0,211435000
2021-08-06,20.27311134338379,20.365999221801758,0.0,20.56999969482422,20.209999084472656,20.52400016784668,0.0,178497000
2021-08-09,20.202438354492188,20.295000076293945,0.0,20.507999420166016,20.14299964904785,20.445999145507812,0.0,146443000
2021-08-10,19.84507179260254,19.93600082397461,0.0,20.43000030517578,19.834999084472656,20.32200050354004,0.0,179238000
2021-08-11,19.609159469604492,19.698999404907227,0.0,20.048999786376953,19.43000030517578,20.042999267578125,0.0,185925000
2021-08-12,19.814212799072266,19.905000686645508,0.0,20.02899932861328,19.6200008392334,19.8700008392334,0.0,151652000
2021-08-13,20.09592628479004,20.187999725341797,0.0,20.214000701904297,19.85099983215332,19.905000686645508,0.0,183063000
2021-08-16,19.859018325805664,19.950000762939453,0.0,20.28700065612793,19.452999114990234,20.135000228881836,0.0,210876000
2021-08-17,19.3692569732666,19.45800018310547,0.0,19.770000457763672,19.267000198364258,19.684999465942383,0.0,204585000
2021-08-18,18.953168869018555,19.040000915527344,0.0,19.634000778198242,19.0,19.5,0.0,285913000
2021-08-19,19.707704544067383,19.79800033569336,0.0,20.4950008392334,18.761999130249023,19.493999481201172,0.0,766555000
2021-08-20,20.721059799194336,20.81599998474121,0.0,20.864999771118164,19.933000564575195,19.990999221801758,0.0,675741000
2021-08-23,21.857852935791016,21.95800018310547,0.0,21.996999740600586,20.950000762939453,20.97100067138672,0.0,575807000
2021-08-24,21.69361114501953,21.792999267578125,0.0,21.958999633789062,21.53499984741211,21.753000259399414,0.0,297299000
2021-08-25,22.111690521240234,22.21299934387207,0.0,22.469999313354492,21.722000122070312,21.73699951171875,0.0,347701000
2021-08-26,21.96735191345215,22.06800079345703,0.0,22.34000015258789,21.790000915527344,22.200000762939453,0.0,237940000
2021-08-27,22.53276252746582,22.63599967956543,0.0,22.722000122070312,22.16699981689453,22.18400001525879,0.0,304722000
2021-08-30,22.584516525268555,22.687999725341797,0.0,23.042999267578125,22.551000595092773,22.829999923706055,0.0,262580000
2021-08-31,22.286834716796875,22.385000228881836,0.004,22.69499969482422,22.1200008392334,22.69499969482422,0.0,259850000
2021-09-01,22.34259033203125,22.44099998474121,0.0,22.69700050354004,22.35700035095215,22.485000610351562,0.0,201767000
2021-09-02,22.29779052734375,22.395999908447266,0.0,22.593000411987305,22.295000076293945,22.51799964904785,0.0,187834000
2021-09-03,22.742826461791992,22.843000411987305,0.0,22.986000061035156,22.200000762939453,22.325000762939453,0.0,280532000
2021-09-07,22.562623977661133,22.66200065612793,0.0,22.89900016784668,22.52199935913086,22.83300018310547,0.0,198107000
2021-09-08,22.24103355407715,22.339000701904297,0.0,22.610000610351562,21.976999282836914,22.51300048828125,0.0,254434000
2021-09-09,22.079748153686523,22.177000045776367,0.0,22.538000106811523,22.131000518798828,22.312000274658203,0.0,196856000
2021-09-10,22.379426956176758,22.47800064086914,0.0,22.625999450683594,22.270000457763672,22.347999572753906,0.0,248376000
2021-09-13,22.054855346679688,22.152000427246094,0.0,22.964000701904297,21.857999801635742,22.68400001525879,0.0,297500000
2021-09-14,22.144460678100586,22.242000579833984,0.0,22.40999984741211,22.086000442504883,22.274999618530273,0.0,199755000
2021-09-15,22.243024826049805,22.340999603271484,0.0,22.367000579833984,21.965999603271484,22.30900001525879,0.0,166538000
2021-09-16,22.144460678100586,22.242000579833984,0.0,22.277000427246094,21.927000045776367,22.183000564575195,0.0,156033000
2021-09-17,21.8039608001709,21.899999618530273,0.0,22.320999145507812,21.829999923706055,22.299999237060547,0.0,294503000
2021-09-20,21.020416259765625,21.113000869750977,0.0,21.433000564575195,20.66200065612793,21.145999908447266,0.0,349440000
2021-09-21,21.152830123901367,21.246000289916992,0.0,21.424999237060547,20.950000762939453,21.41699981689453,0.0,204688000
2021-09-22,21.844783782958984,21.94099998474121,0.0,21.959999084472656,21.195999145507812,21.365999221801758,0.0,268726000
2021-09-23,22.383407592773438,22.48200035095215,0.0,22.53499984741211,21.889999389648438,22.139999389648438,0.0,248555000
2021-09-24,21.98416519165039,22.08099937438965,0.0,22.14900016784668,21.861000061035156,22.06999969482422,0.0,217655000
2021-09-27,21.565017700195312,21.65999984741211,0.0,21.798999786376953,21.325000762939453,21.709999084472656,0.0,245215000
2021-09-28,20.608230590820312,20.698999404907227,0.0,21.41900062561035,20.650999069213867,21.214000701904297,0.0,343069000
2021-09-29,20.42702865600586,20.517000198364258,0.0,21.017000198364258,20.466999053955078,20.940000534057617,0.0,218394000
2021-09-30,20.62514877319336,20.715999603271484,0.0,21.06599998474121,20.687999725341797,20.76799964904785,0.0,221009000
2021-10-01,20.651042938232422,20.742000579833984,0.0,20.858999252319336,20.202999114990234,20.75,0.0,240978000
2021-10-04,19.645471572875977,19.73200035095215,0.0,20.54199981689453,19.55500030517578,20.503999710083008,0.0,345635000
2021-10-05,20.36132049560547,20.451000213623047,0.0,20.648000717163086,19.854000091552734,19.950000762939453,0.0,279282000
2021-10-06,20.609224319458008,20.700000762939453,0.0,20.719999313354492,20.079999923706055,20.1200008392334,0.0,297202000
2021-10-07,20.98257827758789,21.075000762939453,0.0,21.32200050354004,20.972000122070312,21.091999053955078,0.0,256919000
2021-10-08,20.739654541015625,20.83099937438965,0.0,21.20599937438965,20.774999618530273,21.10099983215332,0.0,151258000
2021-10-11,20.604248046875,20.69499969482422,0.0,21.062999725341797,20.51099967956543,20.575000762939453,0.0,163388000
2021-10-12,20.580352783203125,20.67099952697754,0.0,21.05699920654297,20.527999877929688,20.827999114990234,0.0,162134000
2021-10-13,20.84717559814453,20.93899917602539,0.0,20.989999771118164,20.71299934387207,20.917999267578125,0.0,180652000
2021-10-14,21.650638580322266,21.746000289916992,0.0,21.7549991607666,21.121999740600586,21.288000106811523,0.0,243589000
2021-10-15,21.766128540039062,21.86199951171875,0.0,21.930999755859375,21.66200065612793,21.809999465942383,0.0,226994000
2021-10-18,22.124549865722656,22.222000122070312,0.0,22.291000366210938,21.643999099731445,21.749000549316406,0.0,189494000
2021-10-19,22.192256927490234,22.290000915527344,0.0,22.378999710083008,22.03700065612793,22.275999069213867,0.0,161473000
2021-10-20,22.006074905395508,22.10300064086914,0.0,22.433000564575195,21.98200035095215,22.30500030517578,0.0,146276000
2021-10-21,22.59248924255371,22.691999435424805,0.0,22.711000442504883,22.08300018310547,22.097000122070312,0.0,187590000
2021-10-22,22.6263427734375,22.72599983215332,0.0,23.1299991607666,22.56100082397461,22.822999954223633,0.0,249384000
2021-10-25,23.06441307067871,23.166000366210938,0.0,23.354999542236328,22.770000457763672,22.972999572753906,0.0,230235000
2021-10-26,24.608606338500977,24.716999053955078,0.0,25.259000778198242,23.923999786376953,23.98900032043457,0.0,485898000
2021-10-27,24.34377098083496,24.451000213623047,0.0,25.09000015258789,24.281999588012695,24.474000930786133,0.0,245990000
2021-10-28,24.831623077392578,24.94099998474121,0.0,24.950000762939453,24.523000717163086,24.878000259399414,0.0,234204000
2021-10-29,25.45488166809082,25.566999435424805,0.0,25.708999633789062,25.0,25.000999450683594,0.0,292503000
2021-11-01,25.713741302490234,25.82699966430664,0.0,25.893999099731445,25.226999282836914,25.64900016784668,0.0,265740000
2021-11-02,26.285221099853516,26.400999069213867,0.0,26.67799949645996,25.799999237060547,25.82200050354004,0.0,294112000
2021-11-03,26.481361389160156,26.597999572753906,0.0,26.784000396728516,26.235000610351562,26.670000076293945,0.0,239910000
2021-11-04,29.670312881469727,29.801000595092773,0.0,31.364999771118164,27.118000030517578,27.229000091552734,0.0,1153631000
2021-11-05,29.62152671813965,29.75200080871582,0.0,31.399999618530273,29.40999984741211,30.187000274658203,0.0,851260000
2021-11-08,30.668920516967773,30.804000854492188,0.0,31.100000381469727,29.906999588012695,30.14900016784668,0.0,503101000
2021-11-09,30.522560119628906,30.656999588012695,0.0,32.310001373291016,29.964000701904297,32.28200149536133,0.0,646746000
2021-11-10,29.329811096191406,29.458999633789062,0.0,30.850000381469727,28.777999877929688,29.356000900268555,0.0,636206000
2021-11-11,30.256731033325195,30.389999389648438,0.0,30.59000015258789,29.777000427246094,30.468000411987305,0.0,332172000
2021-11-12,30.256731033325195,30.389999389648438,0.0,30.68000030517578,29.6299991607666,30.010000228881836,0.0,413054000
2021-11-15,29.89333152770996,30.024999618530273,0.0,30.643999099731445,29.246999740600586,30.552000045776367,0.0,384909000
2021-11-16,30.07054901123047,30.202999114990234,0.0,30.389999389648438,29.70599937438965,29.759000778198242,0.0,264484000
2021-11-17,29.13268280029297,29.26099967956543,0.0,30.509000778198242,28.799999237060547,30.417999267578125,0.0,428508000
2021-11-18,31.536094665527344,31.674999237060547,0.0,32.7599983215332,31.320999145507812,32.367000579833984,0.0,781711000
2021-11-19,32.84035110473633,32.98500061035156,0.0,33.0880012512207,31.905000686645508,32.24300003051758,0.0,533867000
2021-11-22,31.81586265563965,31.95599937438965,0.0,34.64699935913086,31.899999618530273,33.516998291015625,0.0,754335000
2021-11-23,31.606786727905273,31.746000289916992,0.0,32.36000061035156,30.8799991607666,31.53499984741211,0.0,532163000
2021-11-24,32.53072738647461,32.67399978637695,0.0,32.85499954223633,30.92799949645996,31.461000442504883,0.0,435162000
2021-11-26,31.364850997924805,31.503000259399414,0.0,32.709999084472656,31.350000381469727,32.599998474121094,0.0,283069000
2021-11-29,33.229637145996094,33.375999450683594,0.0,33.4119987487793,32.0359992980957,32.36600112915039,0.0,454964000
2021-11-30,32.53269958496094,32.67599868774414,0.0,33.35300064086914,31.86400032043457,33.16899871826172,0.0,622066000
2021-12-01,31.300979614257812,31.434999465942383,0.004,33.28900146484375,31.3799991607666,33.21900177001953,0.0,484368000
2021-12-02,31.989038467407227,32.125999450683594,0.0,32.47800064086914,31.024999618530273,31.214000701904297,0.0,472890000
2021-12-03,30.562145233154297,30.69300079345703,0.0,32.12900161743164,30.1299991607666,32.0,0.0,544325000
2021-12-06,29.9089412689209,30.03700065612793,0.0,30.240999221801758,28.038000106811523,29.8799991607666,0.0,658938000
2021-12-07,32.28874588012695,32.426998138427734,0.0,32.44900131225586,30.650999069213867,30.957000732421875,0.0,593053000
2021-12-08,31.6903133392334,31.826000213623047,0.0,32.290000915527344,31.42099952697754,31.999000549316406,0.0,475551000
2021-12-09,30.360010147094727,30.489999771118164,0.0,32.20500183105469,30.42799949645996,31.733999252319336,0.0,488507000
2021-12-10,30.069252014160156,30.197999954223633,0.0,31.30500030517578,29.861000061035156,31.149999618530273,0.0,488825000
2021-12-13,28.040937423706055,28.160999298095703,0.0,30.29400062561035,28.115999221801758,30.249000549316406,0.0,598344000
2021-12-14,28.216188430786133,28.336999893188477,0.0,28.67799949645996,27.25,27.698999404907227,0.0,667035000
2021-12-15,30.329137802124023,30.458999633789062,0.0,30.5,27.83799934387207,28.399999618530273,0.0,698297000
2021-12-16,28.265972137451172,28.386999130249023,0.0,31.15999984741211,28.093000411987305,31.152000427246094,0.0,707366000
2021-12-17,27.682477951049805,27.801000595092773,0.0,28.922000885009766,27.760000228881836,27.985000610351562,0.0,713758000
2021-12-20,27.600818634033203,27.7189998626709,0.0,28.143999099731445,27.145000457763672,27.30500030517578,0.0,461847000
2021-12-21,28.951045989990234,29.075000762939453,0.0,29.1200008392334,27.400999069213867,28.374000549316406,0.0,524385000
2021-12-22,29.274654388427734,29.399999618530273,0.0,29.55500030517578,28.448999404907227,28.891000747680664,0.0,395184000
2021-12-23,29.51363182067871,29.639999389648438,0.0,30.05900001525879,29.430999755859375,29.7549991607666,0.0,343022000
2021-12-27,30.81307029724121,30.94499969482422,0.0,31.086999893188477,29.639999389648438,29.65999984741211,0.0,403686000
2021-12-28,30.192726135253906,30.32200050354004,0.0,31.329999923706055,30.011999130249023,31.312000274658203,0.0,420591000
2021-12-29,29.873088836669922,30.000999450683594,0.0,30.54800033569336,29.365999221801758,30.273000717163086,0.0,343139000
2021-12-30,29.459863662719727,29.586000442504883,0.0,30.457000732421875,29.540000915527344,29.82699966430664,0.0,308864000
2021-12-31,29.285606384277344,29.410999298095703,0.0,30.030000686645508,29.33099937438965,29.673999786376953,0.0,266530000
2022-01-03,29.992584228515625,30.121000289916992,0.0,30.711000442504883,29.78499984741211,29.815000534057617,0.0,391547000
2022-01-04,29.16512680053711,29.290000915527344,0.0,30.468000411987305,28.349000930786133,30.277000427246094,0.0,527154000
2022-01-05,27.486310958862305,27.604000091552734,0.0,29.416000366210938,27.533000946044922,28.948999404907227,0.0,498064000
2022-01-06,28.05786895751953,28.17799949645996,0.0,28.437999725341797,27.065000534057617,27.639999389648438,0.0,454186000
2022-01-07,27.130836486816406,27.246999740600586,0.0,28.422000885009766,27.05699920654297,28.141000747680664,0.0,409939000
2022-01-10,27.28318214416504,27.399999618530273,0.0,27.4689998626709,25.643999099731445,26.58099937438965,0.0,594681000
2022-01-11,27.698406219482422,27.816999435424805,0.0,28.065000534057617,26.839000701904297,27.322999954223633,0.0,404089000
2022-01-12,27.879629135131836,27.999000549316406,0.0,28.594999313354492,27.607999801635742,28.066999435424805,0.0,383413000
2022-01-13,26.461700439453125,26.575000762939453,0.0,28.479999542236328,26.49799919128418,28.378999710083008,0.0,540171000
2022-01-14,26.82713508605957,26.941999435424805,0.0,27.19700050354004,26.209999084472656,26.299999237060547,0.0,395832000
2022-01-18,25.79256820678711,25.902999877929688,0.0,26.63800048828125,25.770000457763672,26.260000228881836,0.0,424270000
2022-01-19,24.960132598876953,25.066999435424805,0.0,26.542999267578125,25.052000045776367,26.07900047302246,0.0,488315000
2022-01-20,24.04703712463379,24.149999618530273,0.0,25.57900047302246,24.077999114990234,25.304000854492188,0.0,435181000
2022-01-21,23.274349212646484,23.374000549316406,0.0,24.822999954223633,23.26300048828125,23.506999969482422,0.0,718958000
2022-01-24,23.272357940673828,23.371999740600586,0.0,23.3799991607666,20.88800048828125,22.329999923706055,0.0,913982000
2022-01-25,22.22882080078125,22.323999404907227,0.0,22.94300079345703,22.0,22.54599952697754,0.0,664616000
2022-01-26,22.67491340637207,22.77199935913086,0.0,24.05699920654297,22.299999237060547,23.239999771118164,0.0,755959000
2022-01-27,21.85044288635254,21.944000244140625,0.0,23.9950008392334,21.674999237060547,23.56800079345703,0.0,573353000
2022-01-28,22.74262237548828,22.84000015258789,0.0,22.857999801635742,21.29599952697754,22.011999130249023,0.0,543774000
2022-01-31,24.381607055664062,24.486000061035156,0.0,24.509000778198242,23.052000045776367,23.18199920654297,0.0,564680000
2022-02-01,24.532962799072266,24.63800048828125,0.0,25.145000457763672,23.889999389648438,25.104000091552734,0.0,518925000
2022-02-02,25.134384155273438,25.242000579833984,0.0,25.816999435424805,24.55299949645996,25.79400062561035,0.0,543419000
2022-02-03,23.84589958190918,23.947999954223633,0.0,25.07699966430664,23.780000686645508,24.45800018310547,0.0,410178000
2022-02-04,24.215316772460938,24.319000244140625,0.0,24.635000228881836,23.631999969482422,23.972000122070312,0.0,354829000
2022-02-07,24.622573852539062,24.72800064086914,0.0,25.18199920654297,24.20199966430664,24.371999740600586,0.0,376868000
2022-02-08,25.000953674316406,25.107999801635742,0.0,25.229999542236328,23.979999542236328,24.358999252319336,0.0,410359000
2022-02-09,26.591148376464844,26.704999923706055,0.0,26.725000381469727,25.35300064086914,25.621999740600586,0.0,524282000
2022-02-10,25.71390151977539,25.823999404907227,0.0,26.924999237060547,25.600000381469727,25.9950008392334,0.0,513200000
2022-02-11,23.846895217895508,23.948999404907227,0.0,26.152000427246094,23.773000717163086,25.916000366210938,0.0,605472000
2022-02-14,24.163541793823242,24.267000198364258,0.0,24.875,23.7549991607666,23.93400001525879,0.0,440424000
2022-02-15,26.38204574584961,26.4950008392334,0.0,26.545000076293945,24.784000396728516,24.948999404907227,0.0,699869000
2022-02-16,26.397974014282227,26.51099967956543,0.0,26.582000732421875,25.552000045776367,26.259000778198242,0.0,732676000
2022-02-17,24.402517318725586,24.506999969482422,0.0,25.78499984741211,24.165000915527344,25.6299991607666,0.0,810595000
2022-02-18,23.541200637817383,23.642000198364258,0.0,24.986000061035156,23.100000381469727,24.667999267578125,0.0,761255000
2022-02-22,23.290279388427734,23.389999389648438,0.0,24.06399917602539,23.0,23.03499984741211,0.0,633422000
2022-02-23,22.29155921936035,22.386999130249023,0.0,24.155000686645508,22.301000595092773,23.802000045776367,0.0,566511000
2022-02-24,23.646757125854492,23.74799919128418,0.0,23.799999237060547,20.889999389648438,21.014999389648438,0.0,735801000
2022-02-25,24.05400848388672,24.156999588012695,0.0,24.216999053955078,23.381000518798828,23.72100067138672,0.0,528866000
2022-02-28,24.281034469604492,24.385000228881836,0.0,24.665000915527344,23.707000732421875,23.992000579833984,0.0,477319000
2022-03-01,23.376907348632812,23.476999282836914,0.0,24.37700080871582,23.131999969482422,24.291000366210938,0.0,412056000
2022-03-02,24.120851516723633,24.219999313354492,0.004,24.409000396728516,23.415000915527344,23.756000518798828,0.0,389642000
2022-03-03,23.61692237854004,23.714000701904297,0.0,24.326000213623047,23.4689998626709,24.261999130249023,0.0,365095000
2022-03-04,22.84210777282715,22.93600082397461,0.0,23.68000030517578,22.48200035095215,23.384000778198242,0.0,431415000
2022-03-07,21.264589309692383,21.351999282836914,0.0,23.033000946044922,21.329999923706055,22.816999435424805,0.0,450821000
2022-03-08,21.42592430114746,21.513999938964844,0.0,22.37299919128418,20.649999618530273,21.30900001525879,0.0,557467000
2022-03-09,22.919784545898438,23.013999938964844,0.0,23.219999313354492,22.246999740600586,22.386999130249023,0.0,492742000
2022-03-10,22.56524658203125,22.658000946044922,0.0,22.788000106811523,21.881999969482422,22.5310001373291,0.0,428066000
2022-03-11,22.009531021118164,22.100000381469727,0.0,23.145000457763672,22.04599952697754,23.02199935913086,0.0,367209000
2022-03-14,21.242679595947266,21.329999923706055,0.0,22.261999130249023,21.159000396728516,21.868999481201172,0.0,385354000
2022-03-15,22.87895393371582,22.972999572753906,0.0,23.038000106811523,21.32200050354004,21.51799964904785,0.0,491996000
2022-03-16,24.395719528198242,24.496000289916992,0.0,24.597000122070312,23.172000885009766,23.5,0.0,671422000
2022-03-17,24.664615631103516,24.766000747680664,0.0,24.841999053955078,23.9060001373291,24.1200008392334,0.0,471941000
2022-03-18,26.34470558166504,26.452999114990234,0.0,26.569000244140625,24.624000549316406,24.798999786376953,0.0,730719000
2022-03-21,26.624561309814453,26.733999252319336,0.0,27.152000427246094,25.966999053955078,26.506999969482422,0.0,591727000
2022-03-22,26.415416717529297,26.52400016784668,0.0,27.238000869750977,26.07200050354004,26.726999282836914,0.0,547007000
2022-03-23,25.529062271118164,25.634000778198242,0.0,26.61199951171875,25.575000762939453,26.125999450683594,0.0,502120000
2022-03-24,28.03476333618164,28.149999618530273,0.0,28.31999969482422,25.906999588012695,26.166000366210938,0.0,877379000
2022-03-25,27.578636169433594,27.691999435424805,0.0,28.357999801635742,27.270999908447266,27.88599967956543,0.0,579016000
2022-03-28,28.10348129272461,28.2189998626709,0.0,28.25,27.20599937438965,27.756000518798828,0.0,425494000
2022-03-29,28.5386905670166,28.6560001373291,0.0,28.945999145507812,27.979999542236328,28.69499969482422,0.0,488984000
2022-03-30,27.576644897460938,27.690000534057617,0.0,28.496000289916992,27.503000259399414,28.304000854492188,0.0,463487000
2022-03-31,27.174299240112305,27.285999298095703,0.0,28.24799919128418,27.270000457763672,27.781999588012695,0.0,523440000
2022-04-01,26.602645874023438,26.711999893188477,0.0,27.496000289916992,26.267000198364258,27.375,0.0,517235000
2022-04-04,27.247995376586914,27.360000610351562,0.0,27.558000564575195,26.613000869750977,26.72800064086914,0.0,397120000
2022-04-05,25.82484245300293,25.930999755859375,0.0,27.319000244140625,25.81999969482422,27.253999710083008,0.0,436615000
2022-04-06,24.307085037231445,24.406999588012695,0.0,25.299999237060547,24.003000259399414,24.93400001525879,0.0,703833000
2022-04-07,24.108896255493164,24.20800018310547,0.0,24.722000122070312,23.47800064086914,24.44099998474121,0.0,557992000
2022-04-08,23.024356842041016,23.118999481201172,0.0,23.92300033569336,23.062000274658203,23.91699981689453,0.0,524781000
2022-04-11,21.8272762298584,21.91699981689453,0.0,22.31999969482422,21.65999984741211,22.214000701904297,0.0,575207000
2022-04-12,21.415971755981445,21.503999710083008,0.0,22.725000381469727,21.281999588012695,22.53700065612793,0.0,662258000
2022-04-13,22.112104415893555,22.202999114990234,0.0,22.5,21.454999923706055,21.72800064086914,0.0,516943000
2022-04-14,21.17097282409668,21.257999420166016,0.0,22.777000427246094,21.163000106811523,22.5049991607666,0.0,569097000
2022-04-18,21.693824768066406,21.783000946044922,0.0,22.08799934387207,21.07900047302246,21.200000762939453,0.0,525701000
2022-04-19,22.107131958007812,22.197999954223633,0.0,22.37299919128418,21.31399917602539,21.719999313354492,0.0,512781000
2022-04-20,21.394060134887695,21.48200035095215,0.0,22.670000076293945,21.200000762939453,22.517000198364258,0.0,468974000
2022-04-21,20.100378036499023,20.183000564575195,0.0,22.392000198364258,20.0,21.708999633789062,0.0,656209000
2022-04-22,19.43510627746582,19.514999389648438,0.0,20.486000061035156,19.5,20.30299949645996,0.0,624713000
2022-04-25,19.820526123046875,19.902000427246094,0.0,19.94499969482422,19.09600067138672,19.20199966430664,0.0,641566000
2022-04-26,18.711088180541992,18.788000106811523,0.0,19.788000106811523,18.670000076293945,19.718000411987305,0.0,653143000
2022-04-27,18.33961296081543,18.415000915527344,0.0,19.16699981689453,18.290000915527344,18.597999572753906,0.0,499460000
2022-04-28,19.701019287109375,19.781999588012695,0.0,20.03700065612793,18.489999771118164,18.966999053955078,0.0,570327000
2022-04-29,18.471073150634766,18.547000885009766,0.0,20.128000259399414,18.517000198364258,19.402000427246094,0.0,500435000
2022-05-02,19.453035354614258,19.533000946044922,0.0,19.573999404907227,18.391000747680664,18.541000366210938,0.0,572049000
2022-05-03,19.521753311157227,19.601999282836914,0.0,19.825000762939453,19.132999420166016,19.399999618530273,0.0,475751000
2022-05-04,20.250761032104492,20.333999633789062,0.0,20.399999618530273,18.750999450683594,19.92300033569336,0.0,648855000
2022-05-05,18.76685905456543,18.8439998626709,0.0,19.924999237060547,18.5,19.867000579833984,0.0,626331000
2022-05-06,18.59855079650879,18.674999237060547,0.0,19.511999130249023,17.989999771118164,18.736000061035156,0.0,633297000
2022-05-09,16.880613327026367,16.950000762939453,0.0,18.2549991607666,16.82699966430664,18.034000396728516,0.0,644455000
2022-05-10,17.52297019958496,17.594999313354492,0.0,18.197999954223633,17.024999618530273,17.68899917602539,0.0,761474000
2022-05-11,16.561918258666992,16.6299991607666,0.0,17.753000259399414,16.56800079345703,17.347000122070312,0.0,670167000
2022-05-12,16.10878562927246,16.174999237060547,0.0,16.788000106811523,15.567000389099121,16.2189998626709,0.0,708728000
2022-05-13,17.633514404296875,17.70599937438965,0.0,17.92799949645996,16.593000411987305,16.788000106811523,0.0,670437000
2022-05-16,17.193321228027344,17.263999938964844,0.0,17.788000106811523,17.106000900268555,17.509000778198242,0.0,521446000
2022-05-17,18.10258674621582,18.177000045776367,0.0,18.371000289916992,17.634000778198242,18.073999404907227,0.0,585830000
2022-05-18,16.868656158447266,16.937999725341797,0.0,18.118000030517578,16.86400032043457,17.704999923706055,0.0,545161000
2022-05-19,17.05389976501465,17.124000549316406,0.0,17.687000274658203,16.733999252319336,16.937000274658203,0.0,621310000
2022-05-20,16.625656127929688,16.694000244140625,0.0,17.40999984741211,15.755000114440918,17.332000732421875,0.0,739105000
2022-05-23,16.828824996948242,16.898000717163086,0.0,16.915000915527344,16.179000854492188,16.27400016784668,0.0,639889000
2022-05-24,16.087871551513672,16.15399932861328,0.0,16.597000122070312,15.779999732971191,16.510000228881836,0.0,588550000
2022-05-25,16.9055118560791,16.975000381469727,0.0,17.111000061035156,16.0,16.020000457763672,0.0,781132000
2022-05-26,17.777925491333008,17.85099983215332,0.0,18.091999053955078,16.02199935913086,16.035999298095703,0.0,996575000
2022-05-27,18.73399543762207,18.81100082397461,0.0,18.881000518798828,18.100000381469727,18.18600082397461,0.0,738379000
2022-05-31,18.595563888549805,18.672000885009766,0.0,19.200000762939453,18.350000381469727,18.979999542236328,0.0,664100000
2022-06-01,18.24500274658203,18.31999969482422,0.0,19.05299949645996,18.121999740600586,18.724000930786133,0.0,544514000
2022-06-02,19.511796951293945,19.591999053955078,0.0,19.618999481201172,18.197999954223633,18.29199981689453,0.0,648656000
2022-06-03,18.643362045288086,18.719999313354492,0.0,19.332000732421875,18.52199935913086,19.082000732421875,0.0,598779000
2022-06-06,18.709096908569336,18.785999298095703,0.0,19.336999893188477,18.56399917602539,19.138999938964844,0.0,422406000
2022-06-07,18.848522186279297,18.926000595092773,0.0,19.0,18.187999725341797,18.472000122070312,0.0,388914000
2022-06-08,18.575586318969727,18.648000717163086,0.004,19.18000030517578,18.53499984741211,18.798999786376953,0.0,363252000
2022-06-09,17.977916717529297,18.04800033569336,0.0,18.933000564575195,18.041000366210938,18.481000900268555,0.0,395574000
2022-06-10,16.9080867767334,16.974000930786133,0.0,17.69700050354004,16.868999481201172,17.600000381469727,0.0,465248000
2022-06-13,15.586240768432617,15.647000312805176,0.0,16.312000274658203,15.605999946594238,16.0,0.0,604153000
2022-06-14,15.774505615234375,15.836000442504883,0.0,16.06599998474121,15.411999702453613,15.730999946594238,0.0,469680000
2022-06-15,16.462820053100586,16.527000427246094,0.0,16.868000030517578,15.925999641418457,16.094999313354492,0.0,563936000
2022-06-16,15.54041862487793,15.60099983215332,0.0,15.942000389099121,15.401000022888184,15.859999656677246,0.0,545749000
2022-06-17,15.818333625793457,15.880000114440918,0.0,15.994999885559082,15.32800006866455,15.64799976348877,0.0,630334000
2022-06-21,16.501670837402344,16.56599998474121,0.0,17.007999420166016,16.406999588012695,16.475000381469727,0.0,483089000
2022-06-22,16.296470642089844,16.360000610351562,0.0,16.66200065612793,16.18000030517578,16.22599983215332,0.0,437135000
2022-06-23,16.16199493408203,16.225000381469727,0.0,16.584999084472656,15.852999687194824,16.518999099731445,0.0,463680000
2022-06-24,17.059492111206055,17.125999450683594,0.0,17.139999389648438,16.309999465942383,16.5,0.0,472153000
2022-06-27,16.803495407104492,16.868999481201172,0.0,17.329999923706055,16.625999450683594,17.312000274658203,0.0,427968000
2022-06-28,15.919938087463379,15.982000350952148,0.0,17.20199966430664,15.944999694824219,16.899999618530273,0.0,461149000
2022-06-29,15.481646537780762,15.541999816894531,0.0,15.819999694824219,15.170000076293945,15.814000129699707,0.0,482352000
2022-06-30,15.100133895874023,15.159000396728516,0.0,15.567000389099121,14.862000465393066,15.361000061035156,0.0,686070000
2022-07-01,14.466602325439453,14.52299976348877,0.0,15.062999725341797,14.392000198364258,14.89900016784668,0.0,577610000
2022-07-05,14.905890464782715,14.96399974822998,0.0,14.970999717712402,14.055000305175781,14.175000190734863,0.0,651397000
2022-07-06,15.071247100830078,15.130000114440918,0.0,15.319000244140625,14.788999557495117,15.010000228881836,0.0,529066000
2022-07-07,15.796419143676758,15.857999801635742,0.0,15.944999694824219,15.388999938964844,15.456000328063965,0.0,492903000
2022-07-08,15.77649974822998,15.838000297546387,0.0,16.03700065612793,15.388999938964844,15.430000305175781,0.0,467972000
2022-07-11,15.093161582946777,15.152000427246094,0.0,15.527000427246094,15.038000106811523,15.526000022888184,0.0,437321000
2022-07-12,15.023432731628418,15.081999778747559,0.0,15.430999755859375,14.876999855041504,15.267999649047852,0.0,458483000
2022-07-13,15.105113983154297,15.163999557495117,0.0,15.375,14.46500015258789,14.59000015258789,0.0,521918000
2022-07-14,15.31230640411377,15.371999740600586,0.0,15.472999572753906,14.727999687194824,15.107999801635742,0.0,456235000
2022-07-15,15.700794219970703,15.76200008392334,0.0,15.781999588012695,15.444999694824219,15.659000396728516,0.0,385935000
2022-07-18,16.038480758666992,16.10099983215332,0.0,16.89699935913086,16.00200080871582,16.302000045776367,0.0,670517000
2022-07-19,16.9260196685791,16.992000579833984,0.0,17.110000610351562,16.172000885009766,16.486000061035156,0.0,702366000
2022-07-20,17.737855911254883,17.80699920654297,0.0,17.933000564575195,16.801000595092773,16.94700050354004,0.0,760538000
2022-07-21,17.979907989501953,18.049999237060547,0.0,18.143999099731445,17.545000076293945,17.885000228881836,0.0,557049000
2022-07-22,17.251745223999023,17.319000244140625,0.0,17.966999053955078,17.136999130249023,17.89299964904785,0.0,536671000
2022-07-25,16.9578914642334,17.02400016784668,0.0,17.124000549316406,16.64900016784668,17.018999099731445,0.0,480748000
2022-07-26,16.468799591064453,16.533000946044922,0.0,16.91900062561035,16.47800064086914,16.888999938964844,0.0,397865000
2022-07-27,17.720918655395508,17.790000915527344,0.0,17.93600082397461,16.913000106811523,17.031999588012695,0.0,569776000
2022-07-28,17.914161682128906,17.983999252319336,0.0,18.139999389648438,17.440000534057617,17.975000381469727,0.0,474646000
2022-07-29,18.092472076416016,18.163000106811523,0.0,18.243999481201172,17.691999435424805,17.812999725341797,0.0,435460000
2022-08-01,18.3693904876709,18.44099998474121,0.0,18.84600067138672,17.989999771118164,18.18199920654297,0.0,476469000
2022-08-02,18.454057693481445,18.525999069213867,0.0,18.937999725341797,18.091999053955078,18.121999740600586,0.0,489527000
2022-08-03,18.81963348388672,18.89299964904785,0.0,18.968000411987305,18.136999130249023,18.18400001525879,0.0,418146000
2022-08-04,19.140382766723633,19.21500015258789,0.0,19.27400016784668,18.760000228881836,18.849000930786133,0.0,409652000
2022-08-05,18.915266036987305,18.98900032043457,0.0,19.229000091552734,18.666000366210938,18.809999465942383,0.0,386068000
2022-08-08,17.723905563354492,17.792999267578125,0.0,18.23900032043457,17.242000579833984,17.50200080871582,0.0,981859000
2022-08-09,17.0196533203125,17.086000442504883,0.0,17.44700050354004,16.724000930786133,17.25200080871582,0.0,668263000
2022-08-10,18.0267276763916,18.097000122070312,0.0,18.118000030517578,17.316999435424805,17.697999954223633,0.0,597422000
2022-08-11,17.872325897216797,17.941999435424805,0.0,18.707000732421875,17.875999450683594,18.131000518798828,0.0,509327000
2022-08-12,18.6363525390625,18.708999633789062,0.0,18.718000411987305,17.952999114990234,18.15999984741211,0.0,478094000
2022-08-15,18.95809555053711,19.031999588012695,0.0,19.163999557495117,18.613000869750977,18.701000213623047,0.0,457666000
2022-08-16,18.805692672729492,18.878999710083008,0.0,19.142000198364258,18.500999450683594,18.920000076293945,0.0,451240000
2022-08-17,18.263803482055664,18.334999084472656,0.0,18.687999725341797,18.145000457763672,18.523000717163086,0.0,446799000
2022-08-18,18.700103759765625,18.773000717163086,0.0,18.864999771118164,18.183000564575195,18.301000595092773,0.0,415447000
2022-08-19,17.779687881469727,17.849000930786133,0.0,18.520000457763672,17.770000457763672,18.4060001373291,0.0,441588000
2022-08-22,16.96785545349121,17.034000396728516,0.0,17.558000564575195,16.965999603271484,17.489999771118164,0.0,409593000
2022-08-23,17.114280700683594,17.180999755859375,0.0,17.46500015258789,16.969999313354492,16.98900032043457,0.0,369986000
2022-08-24,17.155128479003906,17.222000122070312,0.0,17.4060001373291,16.895000457763672,17.011999130249023,0.0,522661000
2022-08-25,17.84343719482422,17.913000106811523,0.0,17.94700050354004,16.83300018310547,16.8439998626709,0.0,770691000
2022-08-26,16.196863174438477,16.260000228881836,0.0,17.923999786376953,16.23699951171875,17.85700035095215,0.0,769127000
2022-08-29,15.739641189575195,15.800999641418457,0.0,16.33799934387207,15.767000198364258,16.020000457763672,0.0,496132000
2022-08-30,15.407934188842773,15.468000411987305,0.0,16.038999557495117,15.182000160217285,15.960000038146973,0.0,530181000
2022-08-31,15.035385131835938,15.093999862670898,0.0,15.539999961853027,14.958999633789062,15.383999824523926,0.0,573710000
2022-09-01,13.882881164550781,13.937000274658203,0.0,14.380000114440918,13.270000457763672,14.208999633789062,0.0,1178865000
2022-09-02,13.594006538391113,13.647000312805176,0.0,14.170999526977539,13.590999603271484,14.100000381469727,0.0,743157000
2022-09-06,13.412712097167969,13.46500015258789,0.0,13.779000282287598,13.35099983215332,13.730999946594238,0.0,535751000
2022-09-07,13.66480541229248,13.71399974822998,0.004,13.838000297546387,13.345999717712402,13.562999725341797,0.0,512657000
2022-09-08,13.939814567565918,13.989999771118164,0.0,14.008000373840332,13.369000434875488,13.458999633789062,0.0,624873000
2022-09-09,14.3353910446167,14.38700008392334,0.0,14.473999977111816,14.12600040435791,14.156999588012695,0.0,486612000
2022-09-12,14.452969551086426,14.505000114440918,0.0,14.54699993133545,14.197999954223633,14.369000434875488,0.0,484159000
2022-09-13,13.083895683288574,13.130999565124512,0.0,13.92199993133545,13.098999977111816,13.802000045776367,0.0,714956000
2022-09-14,13.080907821655273,13.128000259399414,0.0,13.289999961853027,12.913000106811523,13.253999710083008,0.0,588507000
2022-09-15,12.88261890411377,12.928999900817871,0.0,13.232999801635742,12.789999961853027,13.015000343322754,0.0,523625000
2022-09-16,13.150654792785645,13.197999954223633,0.0,13.211999893188477,12.616999626159668,12.741999626159668,0.0,670751000
2022-09-19,13.333996772766113,13.381999969482422,0.0,13.463000297546387,13.010000228881836,13.01200008392334,0.0,569685000
2022-09-20,13.128732681274414,13.175999641418457,0.0,13.482999801635742,13.057000160217285,13.21500015258789,0.0,524818000
2022-09-21,13.213428497314453,13.26099967956543,0.0,14.031000137329102,13.109999656677246,13.213000297546387,0.0,807679000
2022-09-22,12.51594066619873,12.560999870300293,0.0,13.14900016784668,12.428000450134277,13.069999694824219,0.0,759162000
2022-09-23,12.471101760864258,12.515999794006348,0.0,12.611000061035156,12.256999969482422,12.420000076293945,0.0,663309000
2022-09-26,12.184136390686035,12.227999687194824,0.0,12.659000396728516,12.21399974822998,12.491000175476074,0.0,547343000
2022-09-27,12.368471145629883,12.413000106811523,0.0,12.736000061035156,12.258000373840332,12.506999969482422,0.0,553854000
2022-09-28,12.690314292907715,12.736000061035156,0.0,12.822999954223633,12.354000091552734,12.40999984741211,0.0,542414000
2022-09-29,12.176162719726562,12.220000267028809,0.0,12.5,11.946000099182129,12.447999954223633,0.0,532763000
2022-09-30,12.095454216003418,12.138999938964844,0.0,12.633000373840332,12.074999809265137,12.086999893188477,0.0,565638000
2022-10-03,12.46711540222168,12.51200008392334,0.0,12.678000450134277,12.104999542236328,12.347000122070312,0.0,547478000
2022-10-04,13.119767189025879,13.166999816894531,0.0,13.220000267028809,12.878999710083008,12.878999710083008,0.0,584182000
2022-10-05,13.161617279052734,13.208999633789062,0.0,13.321000099182129,12.621000289916992,12.91100025177002,0.0,507131000
2022-10-06,13.082900047302246,13.130000114440918,0.0,13.656000137329102,13.102999687194824,13.220000267028809,0.0,644157000
2022-10-07,12.032682418823242,12.076000213623047,0.0,12.670000076293945,12.022000312805176,12.505000114440918,0.0,672478000
2022-10-10,11.628138542175293,11.670000076293945,0.0,12.12399959564209,11.407999992370605,12.036999702453613,0.0,698699000
2022-10-11,11.544440269470215,11.586000442504883,0.0,11.845999717712402,11.282999992370605,11.560999870300293,0.0,667482000
2022-10-12,11.458746910095215,11.5,0.0,11.734999656677246,11.345000267028809,11.579000473022461,0.0,492590000
2022-10-13,11.917095184326172,11.960000038146973,0.0,12.07800006866455,10.812999725341797,10.970999717712402,0.0,850103000
2022-10-14,11.186728477478027,11.22700023651123,0.0,12.111000061035156,11.204000473022461,12.057000160217285,0.0,713432000
2022-10-17,11.845354080200195,11.887999534606934,0.0,11.947999954223633,11.517000198364258,11.517999649047852,0.0,580774000
2022-10-18,11.924071311950684,11.967000007629395,0.0,12.491999626159668,11.618000030517578,12.343999862670898,0.0,659362000
2022-10-19,12.007770538330078,12.050999641418457,0.0,12.350000381469727,11.833999633789062,11.878999710083008,0.0,523131000
2022-10-20,12.150257110595703,12.194000244140625,0.0,12.769000053405762,12.104999542236328,12.11299991607666,0.0,652398000
2022-10-21,12.421281814575195,12.465999603271484,0.0,12.498000144958496,11.88700008392334,12.097999572753906,0.0,609494000
2022-10-24,12.553804397583008,12.598999977111816,0.0,12.710000038146973,12.064000129699707,12.508000373840332,0.0,517457000
2022-10-25,13.213428497314453,13.26099967956543,0.0,13.300000190734863,12.663999557495117,12.694000244140625,0.0,505482000
2022-10-26,12.849740028381348,12.895999908447266,0.0,13.387999534606934,12.708000183105469,12.869000434875488,0.0,532953000
2022-10-27,13.128732681274414,13.175999641418457,0.0,13.838000297546387,13.121999740600586,13.630000114440918,0.0,583113000
2022-10-28,13.784375190734863,13.833999633789062,0.0,13.850000381469727,13.060999870300293,13.104000091552734,0.0,521040000
2022-10-31,13.44858455657959,13.496999740600586,0.0,13.838000297546387,13.29699993133545,13.777999877929688,0.0,486341000
2022-11-01,13.494420051574707,13.543000221252441,0.0,13.925000190734863,13.519000053405762,13.810999870300293,0.0,432817000
2022-11-02,13.17158031463623,13.218999862670898,0.0,14.210000038146973,13.211000442504883,13.850000381469727,0.0,672628000
2022-11-03,13.372857093811035,13.420999526977539,0.0,13.781000137329102,12.956000328063965,13.043000221252441,0.0,500065000
2022-11-04,14.105220794677734,14.156000137329102,0.0,14.229000091552734,13.696999549865723,13.986000061035156,0.0,612576000
2022-11-07,14.249698638916016,14.300999641418457,0.0,14.411999702453613,13.954000473022461,14.227999687194824,0.0,410061000
2022-11-08,14.549620628356934,14.60200023651123,0.0,14.890999794006348,14.215999603271484,14.800999641418457,0.0,595292000
2022-11-09,13.726583480834961,13.776000022888184,0.0,14.211000442504883,13.758999824523926,14.161999702453613,0.0,454414000
2022-11-10,15.693502426147461,15.75,0.0,15.77299976348877,14.54699993133545,14.800000190734863,0.0,700819000
2022-11-11,16.268430709838867,16.32699966430664,0.0,16.388999938964844,15.482000350952148,15.807000160217285,0.0,655487000
2022-11-14,16.23654556274414,16.295000076293945,0.0,16.540000915527344,15.92199993133545,16.218000411987305,0.0,527852000
2022-11-15,16.606212615966797,16.666000366210938,0.0,16.99799919128418,16.381999969482422,16.722000122070312,0.0,545876000
2022-11-16,15.85292911529541,15.90999984741211,0.0,16.36199951171875,15.873000144958496,16.16200065612793,0.0,649547000
2022-11-17,15.620763778686523,15.677000045776367,0.0,16.266000747680664,15.53499984741211,15.71500015258789,0.0,710894000
2022-11-18,15.353726387023926,15.409000396728516,0.0,16.00200080871582,15.119999885559082,15.965999603271484,0.0,492072000
2022-11-21,15.262055397033691,15.317000389099121,0.0,15.47700023651123,15.079999923706055,15.147000312805176,0.0,404739000
2022-11-22,15.98047161102295,16.038000106811523,0.0,16.058000564575195,15.121999740600586,15.32800006866455,0.0,472866000
2022-11-23,16.459741592407227,16.518999099731445,0.0,16.527000427246094,16.04800033569336,16.097999572753906,0.0,427241000
2022-11-25,16.211639404296875,16.270000457763672,0.0,16.48699951171875,16.172000885009766,16.31800079345703,0.0,167934000
2022-11-28,15.770223617553711,15.82699966430664,0.0,16.35700035095215,15.725000381469727,16.025999069213867,0.0,303741000
2022-11-29,15.58289909362793,15.638999938964844,0.0,15.932000160217285,15.520000457763672,15.82699966430664,0.0,298384000
2022-11-30,16.866609573364258,16.92300033569336,0.004,16.93000030517578,15.597000122070312,15.696999549865723,0.0,565298000
2022-12-01,17.07790184020996,17.135000228881836,0.0,17.264999389648438,16.635000228881836,16.999000549316406,0.0,470977000
2022-12-02,16.819759368896484,16.875999450683594,0.0,16.933000564575195,16.44499969482422,16.659000396728516,0.0,371389000
2022-12-05,16.554655075073242,16.610000610351562,0.0,16.9950008392334,16.472000122070312,16.679000854492188,0.0,352255000
2022-12-06,15.933727264404297,15.987000465393066,0.0,16.572999954223633,15.819000244140625,16.530000686645508,0.0,352694000
2022-12-07,16.0662841796875,16.1200008392334,0.0,16.18600082397461,15.666999816894531,15.772000312805176,0.0,372388000
2022-12-08,17.111791610717773,17.16900062561035,0.0,17.179000854492188,15.958999633789062,16.273000717163086,0.0,515456000
2022-12-09,16.944351196289062,17.000999450683594,0.0,17.58300018310547,16.975000381469727,17.15999984741211,0.0,465338000
2022-12-12,17.47657012939453,17.53499984741211,0.0,17.538000106811523,16.797000885009766,17.03700065612793,0.0,457328000
2022-12-13,18.011781692504883,18.07200050354004,0.0,18.790000915527344,17.711000442504883,18.5310001373291,0.0,656589000
2022-12-14,17.6151065826416,17.673999786376953,0.0,18.25200080871582,17.420000076293945,17.98699951171875,0.0,496888000
2022-12-15,16.895511627197266,16.95199966430664,0.0,17.31999969482422,16.700000762939453,17.145999908447266,0.0,478542000
2022-12-16,16.515777587890625,16.570999145507812,0.0,17.041000366210938,16.40999984741211,16.86400032043457,0.0,478232000
2022-12-19,16.1998348236084,16.253999710083008,0.0,16.608999252319336,16.145000457763672,16.57200050354004,0.0,354039000
2022-12-20,16.03139877319336,16.084999084472656,0.0,16.309999465942383,15.85200023651123,16.06399917602539,0.0,403260000
2022-12-21,16.446012496948242,16.500999450683594,0.0,16.62700080871582,16.101999282836914,16.11400032043457,0.0,325025000
2022-12-22,15.287885665893555,15.33899974822998,0.0,16.13800048828125,14.881999969482422,16.0939998626709,0.0,565045000
2022-12-23,15.155327796936035,15.206000328063965,0.0,15.33899974822998,14.883000373840332,15.196000099182129,0.0,349326000
2022-12-27,14.073945045471191,14.121000289916992,0.0,15.100000381469727,14.055999755859375,15.074000358581543,0.0,464902000
2022-12-28,13.989227294921875,14.03600025177002,0.0,14.26200008392334,13.883999824523926,13.927000045776367,0.0,351066000
2022-12-29,14.554340362548828,14.602999687194824,0.0,14.682999610900879,14.22700023651123,14.402000427246094,0.0,354923000
2022-12-30,14.565301895141602,14.61400032043457,0.0,14.628999710083008,14.232999801635742,14.333999633789062,0.0,310490000
2023-01-03,14.267298698425293,14.3149995803833,0.0,14.996000289916992,14.095999717712402,14.85099983215332,0.0,401277000
2023-01-04,14.699851036071777,14.74899959564209,0.0,14.852999687194824,14.241000175476074,14.567000389099121,0.0,431324000
2023-01-05,14.217467308044434,14.265000343322754,0.0,14.564000129699707,14.14799976348877,14.491000175476074,0.0,389168000
2023-01-06,14.809486389160156,14.859000205993652,0.0,15.010000228881836,14.034000396728516,14.473999977111816,0.0,405044000
2023-01-09,15.57592487335205,15.628000259399414,0.0,16.055999755859375,15.140999794006348,15.284000396728516,0.0,504231000
2023-01-10,15.855988502502441,15.909000396728516,0.0,15.961999893188477,15.472000122070312,15.506999969482422,0.0,384101000
2023-01-11,15.947680473327637,16.000999450683594,0.0,16.027999877929688,15.562999725341797,15.84000015258789,0.0,353285000
2023-01-12,16.45598030090332,16.51099967956543,0.0,16.636999130249023,15.491999626159668,16.100000381469727,0.0,551409000
2023-01-13,16.842687606811523,16.89900016784668,0.0,16.922000885009766,16.165000915527344,16.277999877929688,0.0,447287000
2023-01-17,17.643009185791016,17.70199966430664,0.0,17.72800064086914,16.89900016784668,16.89900016784668,0.0,511102000
2023-01-18,17.319091796875,17.37700080871582,0.0,17.87299919128418,17.281999588012695,17.66699981689453,0.0,439624000
2023-01-19,16.709135055541992,16.764999389648438,0.0,17.19700050354004,16.731000900268555,17.035999298095703,0.0,452932000
2023-01-20,17.77955436706543,17.839000701904297,0.0,17.856000900268555,16.825000762939453,17.01099967956543,0.0,564967000
2023-01-23,19.129043579101562,19.19300079345703,0.0,19.2450008392334,17.81800079345703,18.06399917602539,0.0,655163000
2023-01-24,19.200807571411133,19.264999389648438,0.0,19.4950008392334,18.81999969482422,18.82699966430664,0.0,496204000
2023-01-25,19.25861358642578,19.322999954223633,0.0,19.3700008392334,18.579999923706055,18.913000106811523,0.0,449537000
2023-01-26,19.73601722717285,19.802000045776367,0.0,20.166000366210938,19.277999877929688,19.701000213623047,0.0,489535000
2023-01-27,20.297138214111328,20.364999771118164,0.0,20.628000259399414,19.405000686645508,19.461999893188477,0.0,542142000
2023-01-30,19.09814453125,19.16200065612793,0.0,20.139999389648438,19.149999618530273,19.950000762939453,0.0,488611000
2023-01-31,19.471899032592773,19.53700065612793,0.0,19.687000274658203,18.950000762939453,19.170000076293945,0.0,498017000
2023-02-01,20.873218536376953,20.94300079345703,0.0,21.191999435424805,19.611000061035156,19.69099998474121,0.0,660477000
2023-02-02,21.636659622192383,21.708999633789062,0.0,21.948999404907227,20.700000762939453,21.0,0.0,564276000
2023-02-03,21.02968978881836,21.100000381469727,0.0,21.7450008392334,20.788999557495117,21.0,0.0,429366000
2023-02-06,21.018722534179688,21.089000701904297,0.0,21.56999969482422,20.785999298095703,20.805999755859375,0.0,452197000
2023-02-07,22.09911346435547,22.17300033569336,0.0,22.259000778198242,21.149999618530273,21.381999969482422,0.0,664150000
2023-02-08,22.13100814819336,22.204999923706055,0.0,22.878000259399414,22.007999420166016,22.386999130249023,0.0,559651000
2023-02-09,22.2625675201416,22.336999893188477,0.0,23.020000457763672,22.1200008392334,22.606000900268555,0.0,523876000
2023-02-10,21.194137573242188,21.264999389648438,0.0,22.077999114990234,20.81100082397461,21.690000534057617,0.0,550737000
2023-02-13,21.715396881103516,21.788000106811523,0.0,22.04800033569336,20.961999893188477,21.538000106811523,0.0,474919000
2023-02-14,22.89445686340332,22.97100067138672,0.0,23.048999786376953,21.365999221801758,21.577999114990234,0.0,675474000
2023-02-15,22.68814468383789,22.763999938964844,0.0,22.854999542236328,22.106000900268555,22.548999786376953,0.0,420575000
2023-02-16,21.928682327270508,22.00200080871582,0.0,22.549999237060547,21.927000045776367,22.132999420166016,0.0,412026000
2023-02-17,21.31673240661621,21.38800048828125,0.0,21.739999771118164,20.975000381469727,21.631000518798828,0.0,465888000
2023-02-21,20.58617401123047,20.655000686645508,0.0,21.493999481201172,20.618000030517578,21.0,0.0,410015000
2023-02-22,20.684839248657227,20.753999710083008,0.0,21.104000091552734,20.42099952697754,20.707000732421875,0.0,513184000
2023-02-23,23.585140228271484,23.663999557495117,0.0,23.88800048828125,23.024999618530273,23.440000534057617,0.0,1117995000
2023-02-24,23.208404541015625,23.285999298095703,0.0,23.474000930786133,22.94700050354004,23.225000381469727,0.0,589716000
2023-02-27,23.422687530517578,23.500999450683594,0.0,23.8799991607666,23.45400047302246,23.670000076293945,0.0,452994000
2023-02-28,23.138639450073242,23.215999603271484,0.0,23.825000762939453,23.20599937438965,23.371999740600586,0.0,455963000
2023-03-01,22.622364044189453,22.697999954223633,0.0,23.256000518798828,22.507999420166016,23.191999435424805,0.0,460026000
2023-03-02,23.236309051513672,23.31399917602539,0.0,23.3799991607666,22.43199920654297,22.488000869750977,0.0,389415000
2023-03-03,23.81039047241211,23.889999389648438,0.0,23.899999618530273,23.1299991607666,23.31999969482422,0.0,412393000
2023-03-06,23.475513458251953,23.554000854492188,0.0,24.24799919128418,23.48699951171875,23.891000747680664,0.0,437429000
2023-03-07,23.214340209960938,23.288000106811523,0.004,24.125,23.240999221801758,23.600000381469727,0.0,515154000
2023-03-08,24.104516983032227,24.180999755859375,0.0,24.200000762939453,23.423999786376953,23.48699951171875,0.0,513573000
2023-03-09,23.36187171936035,23.43600082397461,0.0,24.45400047302246,23.382999420166016,24.174999237060547,0.0,501257000
2023-03-10,22.89236068725586,22.96500015258789,0.0,23.62700080871582,22.72599983215332,23.409000396728516,0.0,474866000
2023-03-13,22.893356323242188,22.965999603271484,0.0,23.29800033569336,22.297000885009766,22.75200080871582,0.0,421890000
2023-03-14,23.98689079284668,24.062999725341797,0.0,24.2189998626709,23.459999084472656,23.496000289916992,0.0,474910000
2023-03-15,24.1513671875,24.22800064086914,0.0,24.285999298095703,23.360000610351562,23.76099967956543,0.0,524486000
2023-03-16,25.46021270751953,25.541000366210938,0.0,25.58799934387207,23.893999099731445,24.027000427246094,0.0,583253000
2023-03-17,25.643630981445312,25.725000381469727,0.0,26.39900016784668,25.667999267578125,25.98200035095215,0.0,848547000
2023-03-20,25.818078994750977,25.899999618530273,0.0,26.02400016784668,25.1299991607666,25.614999771118164,0.0,432747000
2023-03-21,26.116134643554688,26.198999404907227,0.0,26.392000198364258,25.381000518798828,26.18000030517578,0.0,547408000
2023-03-22,26.384281158447266,26.468000411987305,0.0,27.589000701904297,26.23699951171875,26.424999237060547,0.0,797295000
2023-03-23,27.10499382019043,27.19099998474121,0.0,27.499000549316406,26.690000534057617,27.114999771118164,0.0,564889000
2023-03-24,26.69429588317871,26.77899932861328,0.0,27.16699981689453,26.354999542236328,27.0310001373291,0.0,454920000
2023-03-27,26.447084426879883,26.5310001373291,0.0,27.0,26.364999771118164,26.836999893188477,0.0,361026000
2023-03-28,26.326461791992188,26.40999984741211,0.0,26.51300048828125,25.850000381469727,26.44700050354004,0.0,356104000
2023-03-29,26.898649215698242,26.983999252319336,0.0,27.077999114990234,26.597000122070312,26.825000762939453,0.0,393694000
2023-03-30,27.29638671875,27.382999420166016,0.0,27.499000549316406,27.101999282836914,27.229000091552734,0.0,364516000
2023-03-31,27.68914031982422,27.777000427246094,0.0,27.833999633789062,27.104999542236328,27.139999389648438,0.0,433933000
2023-04-03,27.876548767089844,27.96500015258789,0.0,28.0,27.336000442504883,27.509000778198242,0.0,398716000
2023-04-04,27.366167068481445,27.452999114990234,0.0,28.0,27.30699920654297,27.965999603271484,0.0,368592000
2023-04-05,26.795976638793945,26.881000518798828,0.0,26.99799919128418,26.395000457763672,26.82900047302246,0.0,515015000
2023-04-06,26.95148277282715,27.03700065612793,0.0,27.079999923706055,26.427000045776367,26.583999633789062,0.0,397654000
2023-04-10,27.49176788330078,27.57900047302246,0.0,27.621000289916992,26.66900062561035,26.822999954223633,0.0,395279000
2023-04-11,27.08306121826172,27.16900062561035,0.0,27.790000915527344,27.125999450683594,27.724000930786133,0.0,314378000
2023-04-12,26.411197662353516,26.4950008392334,0.0,27.468000411987305,26.447999954223633,27.3700008392334,0.0,446259000
2023-04-13,26.379297256469727,26.46299934387207,0.0,26.886999130249023,26.32900047302246,26.733999252319336,0.0,353615000
2023-04-14,26.673364639282227,26.757999420166016,0.0,26.882999420166016,26.219999313354492,26.503999710083008,0.0,395660000
2023-04-17,26.91659164428711,27.00200080871582,0.0,27.006000518798828,26.433000564575195,26.565000534057617,0.0,321471000
2023-04-18,27.57948875427246,27.66699981689453,0.0,28.110000610351562,27.35700035095215,27.533000946044922,0.0,604812000
2023-04-19,27.842655181884766,27.930999755859375,0.0,28.0,27.23200035095215,27.361000061035156,0.0,358660000
2023-04-20,27.018268585205078,27.104000091552734,0.0,28.030000686645508,27.0,27.67099952697754,0.0,427713000
2023-04-21,27.03322410583496,27.118999481201172,0.0,27.183000564575195,26.722000122070312,26.95199966430664,0.0,345103000
2023-04-24,26.956470489501953,27.04199981689453,0.0,27.365999221801758,26.67099952697754,27.01300048828125,0.0,339282000
2023-04-25,26.157995223999023,26.240999221801758,0.0,27.246999740600586,26.225000381469727,27.077999114990234,0.0,378527000
2023-04-26,26.87073516845703,26.95599937438965,0.0,27.329999923706055,26.704999923706055,27.00200080871582,0.0,406337000
2023-04-27,27.1398868560791,27.22599983215332,0.0,27.4950008392334,26.625,27.363000869750977,0.0,377161000
2023-04-28,27.661230087280273,27.749000549316406,0.0,27.757999420166016,27.070999145507812,27.225000381469727,0.0,292216000
2023-05-01,28.818559646606445,28.90999984741211,0.0,29.058000564575195,27.780000686645508,27.84000015258789,0.0,570329000
2023-05-02,28.120769500732422,28.209999084472656,0.0,28.836000442504883,28.08300018310547,28.68000030517578,0.0,402730000
2023-05-03,27.714059829711914,27.802000045776367,0.0,28.367000579833984,27.472000122070312,27.84000015258789,0.0,383387000
2023-05-04,27.474821090698242,27.562000274658203,0.0,27.858999252319336,27.239999771118164,27.650999069213867,0.0,321850000
2023-05-05,28.589282989501953,28.68000030517578,0.0,28.7549991607666,27.731000900268555,27.826000213623047,0.0,361494000
2023-05-08,29.058795928955078,29.150999069213867,0.0,29.219999313354492,28.350000381469727,28.52199935913086,0.0,344979000
2023-05-09,28.480627059936523,28.570999145507812,0.0,28.972999572753906,28.450000762939453,28.89900016784668,0.0,314869000
2023-05-10,28.793636322021484,28.885000228881836,0.0,29.113000869750977,28.461000442504883,29.0049991607666,0.0,369350000
2023-05-11,28.48760223388672,28.577999114990234,0.0,28.950000762939453,28.246000289916992,28.895999908447266,0.0,322149000
2023-05-12,28.2503604888916,28.34000015258789,0.0,28.780000686645508,28.04599952697754,28.52899932861328,0.0,274222000
2023-05-15,28.861421585083008,28.952999114990234,0.0,28.9689998626709,28.152000427246094,28.507999420166016,0.0,293926000
2023-05-16,29.1205997467041,29.21299934387207,0.0,29.8700008392334,28.832000732421875,28.840999603271484,0.0,449405000
2023-05-17,30.082544326782227,30.17799949645996,0.0,30.198999404907227,29.43000030517578,29.583999633789062,0.0,432535000
2023-05-18,31.577802658081055,31.67799949645996,0.0,31.827999114990234,30.31999969482422,30.40999984741211,0.0,748725000
2023-05-19,31.16510772705078,31.263999938964844,0.0,31.579999923706055,30.916000366210938,31.535999298095703,0.0,473908000
2023-05-22,31.077390670776367,31.176000595092773,0.0,31.520000457763672,30.68000030517578,30.900999069213867,0.0,372000000
2023-05-23,30.5909366607666,30.687999725341797,0.0,31.288000106811523,30.631000518798828,31.0,0.0,356253000
2023-05-24,30.441408157348633,30.538000106811523,0.0,30.60700035095215,29.805999755859375,30.209999084472656,0.0,721419000
2023-05-25,37.8598747253418,37.97999954223633,0.0,39.47999954223633,36.6349983215332,38.52299880981445,0.0,1543911000
2023-05-26,38.82281494140625,38.94599914550781,0.0,39.16999816894531,37.54999923706055,37.88999938964844,0.0,714397000
2023-05-30,39.984127044677734,40.111000061035156,0.0,41.9379997253418,39.94900131225586,40.595001220703125,0.0,923401000
2023-05-31,37.71433639526367,37.83399963378906,0.0,40.29499816894531,37.821998596191406,39.487998962402344,0.0,1002580000
2023-06-01,39.644203186035156,39.77000045776367,0.0,40.04999923706055,38.34000015258789,38.48899841308594,0.0,635873000
2023-06-02,39.202613830566406,39.32699966430664,0.0,40.5,39.05799865722656,40.09700012207031,0.0,482731000
2023-06-05,39.04710006713867,39.17100143432617,0.0,39.564998626708984,38.707000732421875,38.909000396728516,0.0,396094000
2023-06-06,38.531734466552734,38.65399932861328,0.0,39.15999984741211,38.14799880981445,38.83000183105469,0.0,388729000
2023-06-07,37.36033630371094,37.474998474121094,0.004,39.499000549316406,37.35599899291992,38.915000915527344,0.0,511998000
2023-06-08,38.39215850830078,38.5099983215332,0.0,38.86399841308594,37.505001068115234,37.7239990234375,0.0,417772000
2023-06-09,38.6513671875,38.77000045776367,0.0,39.71099853515625,38.56700134277344,39.0369987487793,0.0,427717000
2023-06-12,39.36118698120117,39.481998443603516,0.0,39.529998779296875,38.61800003051758,39.20000076293945,0.0,388701000
2023-06-13,40.89647674560547,41.02199935913086,0.0,41.10100173950195,39.7400016784668,40.18600082397461,0.0,613208000
2023-06-14,42.865440368652344,42.99700164794922,0.0,43.0,40.551998138427734,40.82400131225586,0.0,740465000
2023-06-15,42.52248764038086,42.65299987792969,0.0,43.28900146484375,42.14699935913086,42.60200119018555,0.0,568622000
2023-06-16,42.561378479003906,42.69200134277344,0.0,43.72100067138672,42.6609992980957,43.45000076293945,0.0,655709000
2023-06-20,43.673954010009766,43.80799865722656,0.0,43.9900016784668,42.67399978637695,42.99800109863281,0.0,451153000
2023-06-21,42.91329574584961,43.04499816894531,0.0,43.6150016784668,42.08000183105469,43.500999450683594,0.0,551603000
2023-06-22,42.89335250854492,43.025001525878906,0.0,43.42599868774414,42.23400115966797,42.25299835205078,0.0,417737000
2023-06-23,42.07984924316406,42.20899963378906,0.0,42.808998107910156,42.01499938964844,42.4640007019043,0.0,358140000
2023-06-26,40.50767135620117,40.63199996948242,0.0,42.763999938964844,40.099998474121094,42.46099853515625,0.0,594322000
2023-06-27,41.74787521362305,41.875999450683594,0.0,41.939998626708984,40.448001861572266,40.79899978637695,0.0,462175000
2023-06-28,40.99119186401367,41.117000579833984,0.0,41.845001220703125,40.518001556396484,40.65999984741211,0.0,582639000
2023-06-29,40.697086334228516,40.821998596191406,0.0,41.599998474121094,40.599998474121094,41.55799865722656,0.0,380514000
2023-06-30,42.17256546020508,42.301998138427734,0.0,42.54999923706055,41.500999450683594,41.68000030517578,0.0,501148000
2023-07-03,42.28322219848633,42.41299819946289,0.0,42.89799880981445,42.20199966430664,42.516998291015625,0.0,198209000
2023-07-05,42.18751525878906,42.31700134277344,0.0,43.176998138427734,42.084999084472656,42.1349983215332,0.0,323618000
2023-07-06,41.97417068481445,42.10300064086914,0.0,42.17900085449219,41.34600067138672,41.84400177001953,0.0,303582000
2023-07-07,42.37294387817383,42.50299835205078,0.0,43.2140007019043,42.18000030517578,42.321998596191406,0.0,355881000
2023-07-10,42.050933837890625,42.18000030517578,0.0,42.81100082397461,41.64899826049805,42.65700149536133,0.0,353908000
2023-07-11,42.27524185180664,42.404998779296875,0.0,42.757999420166016,42.06700134277344,42.48099899291992,0.0,298244000
2023-07-12,43.767669677734375,43.902000427246094,0.0,43.935001373291016,42.777000427246094,43.03300094604492,0.0,481277000
2023-07-13,45.8363151550293,45.97700119018555,0.0,46.154998779296875,44.492000579833984,44.518001556396484,0.0,478204000
2023-07-14,45.32987976074219,45.46900177001953,0.0,48.0880012512207,45.060001373291016,46.58300018310547,0.0,772075000
2023-07-17,46.31882858276367,46.46099853515625,0.0,46.49599838256836,45.262001037597656,46.28900146484375,0.0,510488000
2023-07-18,47.34867477416992,47.49399948120117,0.0,47.895999908447266,45.73400115966797,46.70100021362305,0.0,569164000
2023-07-19,46.932952880859375,47.07699966430664,0.0,47.81800079345703,46.742000579833984,47.4640007019043,0.0,427502000
2023-07-20,45.38072204589844,45.52000045776367,0.0,47.08700180053711,45.0620002746582,46.50699996948242,0.0,537865000
2023-07-21,44.17341995239258,44.308998107910156,0.0,45.86600112915039,44.099998474121094,45.78799819946289,0.0,963769000
2023-07-24,44.475494384765625,44.61199951171875,0.0,45.10900115966797,44.040000915527344,44.73099899291992,0.0,382516000
2023-07-25,45.53923416137695,45.67900085449219,0.0,46.18299865722656,44.92300033569336,44.941001892089844,0.0,348081000
2023-07-26,45.312923431396484,45.45199966430664,0.0,46.053001403808594,44.630001068115234,46.020999908447266,0.0,364237000
2023-07-27,45.759552001953125,45.900001525878906,0.0,47.39500045776367,45.75,46.51900100708008,0.0,455976000
2023-07-28,46.606956481933594,46.75,0.0,47.027000427246094,46.38100051879883,46.667999267578125,0.0,331194000
2023-07-31,46.58601760864258,46.729000091552734,0.0,47.130001068115234,46.50600051879883,46.75400161743164,0.0,251055000
2023-08-01,46.36469268798828,46.50699996948242,0.0,46.900001525878906,46.027000427246094,46.459999084472656,0.0,237858000
2023-08-02,44.133544921875,44.26900100708008,0.0,45.84000015258789,43.387001037597656,45.83100128173828,0.0,530142000
2023-08-03,44.37879180908203,44.51499938964844,0.0,45.11800003051758,43.79999923706055,43.79999923706055,0.0,324176000
2023-08-04,44.54328536987305,44.68000030517578,0.0,45.641998291015625,44.393001556396484,44.98500061035156,0.0,362666000
2023-08-07,45.27803039550781,45.41699981689453,0.0,45.540000915527344,44.5629997253418,45.111000061035156,0.0,322154000
2023-08-08,44.52733612060547,44.66400146484375,0.0,45.242000579833984,44.055999755859375,44.85300064086914,0.0,353843000
2023-08-09,42.423789978027344,42.55400085449219,0.0,44.3120002746582,42.13399887084961,44.27399826049805,0.0,586449000
2023-08-10,42.25829315185547,42.38800048828125,0.0,43.57400131225586,41.834999084472656,42.15999984741211,0.0,492705000
2023-08-11,40.7299919128418,40.85499954223633,0.0,42.018001556396484,40.638999938964844,41.750999450683594,0.0,533085000
2023-08-14,43.61912155151367,43.75299835205078,0.0,43.79999923706055,40.31100082397461,40.486000061035156,0.0,690286000
2023-08-15,43.805545806884766,43.939998626708984,0.0,45.268001556396484,43.709999084472656,44.560001373291016,0.0,676512000
2023-08-16,43.352943420410156,43.486000061035156,0.0,44.67499923706055,43.40599822998047,44.52000045776367,0.0,527451000
2023-08-17,43.21137619018555,43.34400177001953,0.0,44.0620002746582,43.000999450683594,43.970001220703125,0.0,452395000
2023-08-18,43.166507720947266,43.29899978637695,0.0,43.577999114990234,41.65999984741211,42.6349983215332,0.0,583768000
2023-08-21,46.82328796386719,46.96699905395508,0.0,47.064998626708984,44.22200012207031,44.49399948120117,0.0,692573000
2023-08-22,45.528255462646484,45.667999267578125,0.0,48.1870002746582,45.33300018310547,48.1349983215332,0.0,755293000
2023-08-23,46.97182846069336,47.11600112915039,0.0,47.20000076293945,45.20800018310547,45.86600112915039,0.0,779046000
2023-08-24,47.01869201660156,47.16299819946289,0.0,50.26599884033203,47.159000396728516,50.215999603271484,0.0,1156044000
2023-08-25,45.877193450927734,46.018001556396484,0.0,47.80500030517578,45.02399826049805,47.012001037597656,0.0,925341000
2023-08-28,46.69169235229492,46.834999084472656,0.0,46.97999954223633,44.88800048828125,46.481998443603516,0.0,685192000
2023-08-29,48.634727478027344,48.784000396728516,0.0,49.08100128173828,46.39099884033203,46.66600036621094,0.0,701397000
2023-08-30,49.113258361816406,49.263999938964844,0.0,49.926998138427734,48.42499923706055,49.04399871826172,0.0,735206000
2023-08-31,49.203983306884766,49.35499954223633,0.0,49.74399948120117,48.95800018310547,49.380001068115234,0.0,528570000
2023-09-01,48.36056900024414,48.50899887084961,0.0,49.79999923706055,48.141998291015625,49.762001037597656,0.0,463830000
2023-09-05,48.39944839477539,48.54800033569336,0.0,48.85100173950195,47.86000061035156,48.222999572753906,0.0,382653000
2023-09-06,46.92086410522461,47.06100082397461,0.004,48.54899978637695,46.58000183105469,48.441001892089844,0.0,468670000
2023-09-07,46.103309631347656,46.24100112915039,0.0,46.34400177001953,45.152000427246094,45.525001525878906,0.0,433330000
2023-09-08,45.43629455566406,45.571998596191406,0.0,46.60599899291992,45.270999908447266,45.94200134277344,0.0,473069000
2023-09-11,45.04348373413086,45.178001403808594,0.0,46.16299819946289,44.3120002746582,46.14799880981445,0.0,473966000
2023-09-12,44.736392974853516,44.869998931884766,0.0,45.67300033569336,44.53099822998047,44.737998962402344,0.0,349256000
2023-09-13,45.34955596923828,45.48500061035156,0.0,45.93000030517578,44.50299835205078,44.599998474121094,0.0,398355000
2023-09-14,45.445274353027344,45.58100128173828,0.0,45.98699951171875,45.13100051879883,45.95000076293945,0.0,370097000
2023-09-15,43.769283294677734,43.900001525878906,0.0,45.5989990234375,43.80799865722656,45.340999603271484,0.0,506831000
2023-09-18,43.8350830078125,43.965999603271484,0.0,44.242000579833984,42.0,42.74800109863281,0.0,500271000
2023-09-19,43.390411376953125,43.52000045776367,0.0,43.965999603271484,43.00199890136719,43.83300018310547,0.0,373064000
2023-09-20,42.113216400146484,42.23899841308594,0.0,43.90299987792969,42.222999572753906,43.599998474121094,0.0,367108000
2023-09-21,40.894859313964844,41.016998291015625,0.0,42.099998474121094,40.97999954223633,41.58300018310547,0.0,450736000
2023-09-22,41.48610305786133,41.61000061035156,0.0,42.1150016784668,41.23099899291992,41.571998596191406,0.0,479236000
2023-09-25,42.09627151489258,42.22200012207031,0.0,42.5359992980957,41.176998138427734,41.590999603271484,0.0,419091000
2023-09-26,41.786197662353516,41.9109992980957,0.0,42.81999969482422,41.654998779296875,42.000999450683594,0.0,402282000
2023-09-27,42.3415412902832,42.46799850463867,0.0,42.87200164794922,41.62900161743164,42.33000183105469,0.0,444935000
2023-09-28,42.96070098876953,43.0890007019043,0.0,43.44599914550781,42.1150016784668,42.459999084472656,0.0,424663000
2023-09-29,43.369468688964844,43.499000549316406,0.0,44.14400100708008,43.30699920654297,43.82699966430664,0.0,397830000
2023-10-02,44.648651123046875,44.78200149536133,0.0,45.17499923706055,43.861000061035156,44.029998779296875,0.0,433298000
2023-10-03,43.387420654296875,43.516998291015625,0.0,45.130001068115234,43.24599838256836,44.80799865722656,0.0,470850000
2023-10-04,43.90985870361328,44.04100036621094,0.0,44.143001556396484,43.29199981689453,43.742000579833984,0.0,361821000
2023-10-05,44.554935455322266,44.6879997253418,0.0,44.900001525878906,43.88800048828125,44.04999923706055,0.0,393483000
2023-10-06,45.625736236572266,45.762001037597656,0.0,45.78900146484375,44.0260009765625,44.19300079345703,0.0,434436000
2023-10-09,45.13819122314453,45.27299880981445,0.0,45.60499954223633,44.36800003051758,44.84199905395508,0.0,409675000
2023-10-10,45.66162109375,45.79800033569336,0.0,46.25899887084961,45.0880012512207,45.310001373291016,0.0,368582000
2023-10-11,46.666629791259766,46.805999755859375,0.0,46.85900115966797,46.04999923706055,46.19599914550781,0.0,378137000
2023-10-12,46.80521011352539,46.94499969482422,0.0,47.60900115966797,46.33000183105469,46.777000427246094,0.0,481325000
2023-10-13,45.32563400268555,45.46099853515625,0.0,47.11600112915039,45.279998779296875,46.959999084472656,0.0,474115000
2023-10-16,45.957740783691406,46.095001220703125,0.0,46.224998474121094,44.9119987487793,45.0629997253418,0.0,375099000
2023-10-17,43.807159423828125,43.9379997253418,0.0,44.75400161743164,42.47999954223633,44.0,0.0,812333000
2023-10-18,42.07035446166992,42.19599914550781,0.0,43.21900177001953,41.82500076293945,42.590999603271484,0.0,627294000
2023-10-19,41.97563934326172,42.10100173950195,0.0,43.297000885009766,41.88199996948242,42.81100082397461,0.0,501233000
2023-10-20,41.26376724243164,41.387001037597656,0.0,42.470001220703125,41.077999114990234,41.88999938964844,0.0,477266000
2023-10-23,42.8470344543457,42.974998474121094,0.0,43.24800109863281,40.94499969482422,41.229000091552734,0.0,478530000
2023-10-24,43.53297805786133,43.66299819946289,0.0,43.696998596191406,42.691001892089844,43.07699966430664,0.0,401463000
2023-10-25,41.65459442138672,41.77899932861328,0.0,43.650001525878906,41.55500030517578,43.39799880981445,0.0,398379000
2023-10-26,40.2059211730957,40.32600021362305,0.0,42.25600051879883,39.880001068115234,41.85300064086914,0.0,541001000
2023-10-27,40.37940216064453,40.5,0.0,41.20600128173828,40.01499938964844,41.130001068115234,0.0,416784000
2023-10-30,41.03843688964844,41.1609992980957,0.0,41.76599884033203,40.48099899291992,41.08700180053711,0.0,388028000
2023-10-31,40.6585693359375,40.779998779296875,0.0,40.87900161743164,39.22999954223633,40.45000076293945,0.0,517969000
2023-11-01,42.19896697998047,42.32500076293945,0.0,42.38100051879883,40.86899948120117,40.88399887084961,0.0,437593000
2023-11-02,43.3764533996582,43.50600051879883,0.0,43.88399887084961,42.89400100708008,43.327999114990234,0.0,409172000
2023-11-03,44.87099075317383,45.005001068115234,0.0,45.308998107910156,43.722999572753906,44.02000045776367,0.0,424610000
2023-11-06,45.61476516723633,45.750999450683594,0.0,45.935001373291016,44.89899826049805,45.28499984741211,0.0,400733000
2023-11-07,45.81816482543945,45.95500183105469,0.0,46.21799850463867,45.15800094604492,45.71900177001953,0.0,343165000
2023-11-08,46.4353141784668,46.57400131225586,0.0,46.867000579833984,45.96799850463867,46.099998474121094,0.0,346719000
2023-11-09,46.81019592285156,46.95000076293945,0.0,48.22999954223633,46.75,47.46699905395508,0.0,540496000
2023-11-10,48.191070556640625,48.334999084472656,0.0,48.47200012207031,47.28300094604492,47.5,0.0,421245000
2023-11-13,48.4752197265625,48.619998931884766,0.0,49.11600112915039,48.0989990234375,48.31999969482422,0.0,384136000
2023-11-14,49.50813293457031,49.65599822998047,0.0,49.83399963378906,49.040000915527344,49.68000030517578,0.0,416954000
2023-11-15,48.74242401123047,48.88800048828125,0.0,49.959999084472656,48.20000076293945,49.935001373291016,0.0,475497000
2023-11-16,49.33265686035156,49.47999954223633,0.0,49.525001525878906,48.33000183105469,48.67900085449219,0.0,339756000
2023-11-17,49.151206970214844,49.29800033569336,0.0,49.71699905395508,49.00699996948242,49.52399826049805,0.0,325205000
2023-11-20,50.2588996887207,50.409000396728516,0.0,50.54800033569336,49.180999755859375,49.3120002746582,0.0,414120000
2023-11-21,49.7952766418457,49.944000244140625,0.0,50.516998291015625,49.22200012207031,50.125999450683594,0.0,565747000
2023-11-22,48.57093811035156,48.715999603271484,0.0,50.334999084472656,47.689998626708984,49.85200119018555,0.0,899420000
2023-11-24,47.63373565673828,47.7760009765625,0.0,48.92100143432617,47.744998931884766,48.470001220703125,0.0,294645000
2023-11-27,48.09834671020508,48.242000579833984,0.0,48.529998779296875,47.652000427246094,47.79999923706055,0.0,395662000
2023-11-28,47.6786003112793,47.82099914550781,0.0,48.323001861572266,47.472999572753906,48.236000061035156,0.0,401491000
2023-11-29,47.99665451049805,48.13999938964844,0.0,48.762001037597656,47.86000061035156,48.37900161743164,0.0,382005000
2023-11-30,46.630733489990234,46.77000045776367,0.0,48.11000061035156,46.422000885009766,48.02399826049805,0.0,526247000
2023-12-01,46.62574768066406,46.76499938964844,0.0,47.20000076293945,46.1870002746582,46.525001525878906,0.0,369317000
2023-12-04,45.374488830566406,45.5099983215332,0.0,46.07699966430664,45.0099983215332,46.07699966430664,0.0,437543000
2023-12-05,46.43141555786133,46.566001892089844,0.004,46.599998474121094,45.270999908447266,45.465999603271484,0.0,371718000
2023-12-06,45.37149429321289,45.50299835205078,0.0,47.387001037597656,45.4119987487793,47.21500015258789,0.0,380590000
2023-12-07,46.46133804321289,46.59600067138672,0.0,46.62900161743164,45.604000091552734,45.70000076293945,0.0,350823000
2023-12-08,47.368709564208984,47.50600051879883,0.0,47.74100112915039,46.54999923706055,46.595001220703125,0.0,359224000
2023-12-11,46.492244720458984,46.62699890136719,0.0,47.53099822998047,45.83000183105469,47.49100112915039,0.0,509728000
2023-12-12,47.51926803588867,47.65700149536133,0.0,47.66600036621094,46.04600143432617,46.04600143432617,0.0,372387000
2023-12-13,47.94902420043945,48.0880012512207,0.0,48.59400177001953,47.608001708984375,47.62900161743164,0.0,447792000
2023-12-14,48.210262298583984,48.349998474121094,0.0,48.66999816894531,47.422000885009766,48.38999938964844,0.0,391232000
2023-12-15,48.748695373535156,48.88999938964844,0.0,49.40399932861328,48.119998931884766,48.194000244140625,0.0,479948000
2023-12-18,49.93227767944336,50.07699966430664,0.0,50.43299865722656,49.150001525878906,49.400001525878906,0.0,412587000
2023-12-19,49.46064376831055,49.604000091552734,0.0,49.70000076293945,48.89500045776367,49.42399978637695,0.0,464444000
2023-12-20,47.971954345703125,48.111000061035156,0.0,49.999000549316406,48.097999572753906,49.654998779296875,0.0,397894000
2023-12-21,48.848419189453125,48.9900016784668,0.0,49.095001220703125,48.41899871826172,48.81100082397461,0.0,300425000
2023-12-22,48.688873291015625,48.83000183105469,0.0,49.382999420166016,48.46699905395508,49.19499969482422,0.0,252507000
2023-12-26,49.13658142089844,49.27899932861328,0.0,49.599998474121094,48.959999084472656,48.96799850463867,0.0,244200000
2023-12-27,49.27418518066406,49.41699981689453,0.0,49.68000030517578,49.084999084472656,49.51100158691406,0.0,233648000
2023-12-28,49.37887954711914,49.52199935913086,0.0,49.88399887084961,49.4119987487793,49.643001556396484,0.0,246587000
2023-12-29,49.37887954711914,49.52199935913086,0.0,49.99700164794922,48.750999450683594,49.8129997253418,0.0,389293000
2024-01-02,48.02878952026367,48.167999267578125,0.0,49.29499816894531,47.595001220703125,49.24399948120117,0.0,411254000
2024-01-03,47.431522369384766,47.569000244140625,0.0,48.183998107910156,47.31999969482422,47.48500061035156,0.0,320896000
2024-01-04,47.859275817871094,47.99800109863281,0.0,48.5,47.507999420166016,47.766998291015625,0.0,306535000
2024-01-05,48.955101013183594,49.09700012207031,0.0,49.547000885009766,48.305999755859375,48.46200180053711,0.0,415039000
2024-01-08,52.10198974609375,52.25299835205078,0.0,52.275001525878906,49.479000091552734,49.512001037597656,0.0,642510000
2024-01-09,52.98641586303711,53.13999938964844,0.0,54.32500076293945,51.689998626708984,52.4010009765625,0.0,773100000
2024-01-10,54.19293212890625,54.349998474121094,0.0,54.599998474121094,53.48899841308594,53.61600112915039,0.0,533796000
2024-01-11,54.6635627746582,54.821998596191406,0.0,55.34600067138672,53.560001373291016,54.999000549316406,0.0,596759000
2024-01-12,54.551883697509766,54.709999084472656,0.0,54.970001220703125,54.33000183105469,54.619998931884766,0.0,352994000
2024-01-16,56.219051361083984,56.38199996948242,0.0,56.834999084472656,54.900001525878906,55.018001556396484,0.0,449580000
2024-01-17,55.89100646972656,56.053001403808594,0.0,56.47100067138672,54.7400016784668,56.34700012207031,0.0,474394000
2024-01-18,56.94196319580078,57.106998443603516,0.0,57.599998474121094,56.106998443603516,57.2599983215332,0.0,491650000
2024-01-19,59.319068908691406,59.49100112915039,0.0,59.5,57.224998474121094,57.98899841308594,0.0,543501000
2024-01-22,59.48159408569336,59.65399932861328,0.0,60.33100128173828,59.06999969482422,60.04899978637695,0.0,452955000
2024-01-23,59.69995880126953,59.87300109863281,0.0,59.90999984741211,58.584999084472656,59.56999969482422,0.0,294654000
2024-01-24,61.184661865234375,61.36199951171875,0.0,62.8489990234375,59.9379997253418,60.30400085449219,0.0,560271000
2024-01-25,61.43892288208008,61.617000579833984,0.0,62.71900177001953,60.849998474121094,62.349998474121094,0.0,482777000
2024-01-26,60.854610443115234,61.03099822998047,0.0,61.78300094604492,60.573001861572266,60.959999084472656,0.0,390309000
2024-01-29,62.28447341918945,62.46500015258789,0.0,62.48899841308594,60.90700149536133,61.231998443603516,0.0,348733000
2024-01-30,62.59257888793945,62.77399826049805,0.0,63.49300003051758,62.2599983215332,62.900001525878906,0.0,410735000
2024-01-31,61.34918212890625,61.527000427246094,0.0,62.26900100708008,60.70000076293945,61.439998626708984,0.0,453795000
2024-02-01,62.844844818115234,63.027000427246094,0.0,63.191001892089844,61.650001525878906,62.099998474121094,0.0,369146000
2024-02-02,65.96880340576172,66.16000366210938,0.0,66.5999984741211,63.689998626708984,63.9739990234375,0.0,476578000
2024-02-05,69.13162994384766,69.33200073242188,0.0,69.49700164794922,67.20500183105469,68.2249984741211,0.0,680078000
2024-02-06,68.02582550048828,68.2229995727539,0.0,69.75399780273438,66.30000305175781,69.62999725341797,0.0,683111000
2024-02-07,69.89640808105469,70.0989990234375,0.0,70.22000122070312,67.5999984741211,68.31900024414062,0.0,495575000
2024-02-08,69.43972778320312,69.64099884033203,0.0,70.79399871826172,69.45500183105469,70.0739974975586,0.0,414422000
2024-02-09,71.9245376586914,72.13300323486328,0.0,72.18499755859375,70.21199798583984,70.53299713134766,0.0,436637000
2024-02-12,72.03919219970703,72.24800109863281,0.0,74.61100006103516,71.25,72.5999984741211,0.0,613710000
2024-02-13,71.91954803466797,72.12799835205078,0.0,73.44999694824219,69.62000274658203,70.4000015258789,0.0,602580000
2024-02-14,73.68641662597656,73.9000015258789,0.0,74.23600006103516,71.93800354003906,73.2020034790039,0.0,504917000
2024-02-15,72.4480209350586,72.65799713134766,0.0,73.9749984741211,72.4000015258789,73.86900329589844,0.0,420122000
2024-02-16,72.40313720703125,72.61299896240234,0.0,74.4020004272461,72.5009994506836,74.0999984741211,0.0,495327000
2024-02-20,69.25129699707031,69.4520034790039,0.0,71.95600128173828,67.73400115966797,71.9469985961914,0.0,704833000
2024-02-21,67.2770004272461,67.47200012207031,0.0,68.88800048828125,66.24800109863281,68.00599670410156,0.0,673755000
2024-02-22,78.31101989746094,78.53800201416016,0.0,78.57499694824219,74.22000122070312,75.0250015258789,0.0,865100000
2024-02-23,78.58922576904297,78.81700134277344,0.0,82.39399719238281,77.56999969482422,80.79000091552734,0.0,829388000
2024-02-26,78.8634262084961,79.09200286865234,0.0,80.64600372314453,78.50499725341797,79.69999694824219,0.0,503973000
2024-02-27,78.47354125976562,78.70099639892578,0.0,79.4800033569336,77.16200256347656,79.38099670410156,0.0,391705000
2024-02-28,77.43855285644531,77.66300201416016,0.0,78.93299865722656,77.125,77.62000274658203,0.0,393110000
2024-02-29,78.88336181640625,79.11199951171875,0.0,79.98999786376953,78.3499984741211,79.09400177001953,0.0,507289000
2024-03-01,82.04121398925781,82.27899932861328,0.0,82.30000305175781,79.43499755859375,80.0,0.0,479135000
2024-03-04,84.99065399169922,85.23699951171875,0.0,87.69499969482422,83.71900177001953,84.12999725341797,0.0,615616000
2024-03-05,85.7195816040039,85.96399688720703,0.004,86.09700012207031,83.41699981689453,85.2699966430664,0.0,520639000
2024-03-06,88.44780731201172,88.69999694824219,0.0,89.7239990234375,87.02999877929688,88.02200317382812,0.0,582520000
2024-03-07,92.405517578125,92.66899871826172,0.0,92.76699829101562,89.60199737548828,90.15799713134766,0.0,608119000
2024-03-08,87.27912902832031,87.52799987792969,0.0,97.4000015258789,86.50599670410156,95.13800048828125,0.0,1142269000
2024-03-11,85.53012084960938,85.77400207519531,0.0,88.7969970703125,84.16600036621094,86.42900085449219,0.0,678364000
2024-03-12,91.65165710449219,91.91300201416016,0.0,91.95999908447266,86.1500015258789,88.04900360107422,0.0,668075000
2024-03-13,90.62958526611328,90.88800048828125,0.0,91.50399780273438,88.43499755859375,91.05500030517578,0.0,635713000
2024-03-14,87.69396209716797,87.94400024414062,0.0,90.64600372314453,86.5999984741211,89.5770034790039,0.0,602318000
2024-03-15,87.5872573852539,87.83699798583984,0.0,89.5459976196289,86.25700378417969,86.93000030517578,0.0,642086000
2024-03-18,88.20349884033203,88.45500183105469,0.0,92.40499877929688,87.08499908447266,90.38800048828125,0.0,668976000
2024-03-19,89.1438217163086,89.39800262451172,0.0,90.54399871826172,85.01000213623047,86.69999694824219,0.0,672171000
2024-03-20,90.11505126953125,90.37200164794922,0.0,90.41000366210938,88.2229995727539,89.7969970703125,0.0,479063000
2024-03-21,91.1750259399414,91.43499755859375,0.0,92.64800262451172,90.40499877929688,92.30000305175781,0.0,480372000
2024-03-22,94.02091979980469,94.28900146484375,0.0,94.77799987792969,90.83399963378906,91.14099884033203,0.0,586719000
2024-03-25,94.73188781738281,95.00199890136719,0.0,96.76599884033203,93.51000213623047,93.94100189208984,0.0,552136000
2024-03-26,92.29781341552734,92.56099700927734,0.0,96.375,92.50199890136719,95.85099792480469,0.0,513648000
2024-03-27,89.99339294433594,90.25,0.0,93.23999786376953,89.12300109863281,93.11199951171875,0.0,586067000
2024-03-28,90.09911346435547,90.35600280761719,0.0,91.30000305175781,89.19300079345703,90.0,0.0,435212000
2024-04-01,90.10608673095703,90.36299896240234,0.0,92.2249984741211,89.2040023803711,90.29900360107422,0.0,452441000
2024-04-02,89.19766998291016,89.4520034790039,0.0,90.09400177001953,87.62000274658203,88.447998046875,0.0,433064000
2024-04-03,88.71104431152344,88.96399688720703,0.0,90.3740005493164,88.4000015258789,88.48400115966797,0.0,370067000
2024-04-04,85.66075134277344,85.90499877929688,0.0,90.63400268554688,85.87999725341797,90.40599822998047,0.0,434965000
2024-04-05,87.75776672363281,88.00800323486328,0.0,88.48100280761719,85.9260025024414,86.86599731445312,0.0,399678000
2024-04-08,86.88525390625,87.13300323486328,0.0,88.83000183105469,86.73200225830078,88.69999694824219,0.0,283220000
2024-04-09,85.1113052368164,85.35399627685547,0.0,87.63500213623047,83.02200317382812,87.44200134277344,0.0,501700000
2024-04-10,86.7915267944336,87.03900146484375,0.0,87.4000015258789,83.70899963378906,83.9260025024414,0.0,431929000
2024-04-11,90.35836029052734,90.61599731445312,0.0,90.73899841308594,86.9260025024414,87.41999816894531,0.0,431637000
2024-04-12,87.93525695800781,88.18599700927734,0.0,90.17500305175781,87.52999877929688,89.6989974975586,0.0,426805000
2024-04-15,85.7564697265625,86.0009994506836,0.0,90.61299896240234,85.92900085449219,89.0979995727539,0.0,443077000
2024-04-16,87.16645812988281,87.41500091552734,0.0,88.11799621582031,86.06400299072266,86.43299865722656,0.0,370453000
2024-04-17,83.79606628417969,84.03500366210938,0.0,88.7750015258789,83.94999694824219,88.33999633789062,0.0,495400000
2024-04-18,84.43024444580078,84.6709976196289,0.0,86.19000244140625,82.4020004272461,84.97000122070312,0.0,447260000
2024-04-19,75.98333740234375,76.19999694824219,0.0,84.3239974975586,75.60600280761719,83.1500015258789,0.0,875198000
2024-04-22,79.29190826416016,79.51799774169922,0.0,80.072998046875,76.4000015258789,78.10399627685547,0.0,596341000
2024-04-23,82.18865203857422,82.4229965209961,0.0,82.76899719238281,80.26399993896484,80.76899719238281,0.0,438559000
2024-04-24,79.45044708251953,79.677001953125,0.0,84.08200073242188,79.18299865722656,83.94999694824219,0.0,512208000
2024-04-25,82.3970718383789,82.63200378417969,0.0,83.322998046875,78.2229995727539,78.86799621582031,0.0,424641000
2024-04-26,87.48554229736328,87.73500061035156,0.0,88.33100128173828,83.38700103759766,83.81800079345703,0.0,551011000
2024-04-29,87.50749206542969,87.75700378417969,0.0,87.99199676513672,85.26599884033203,87.59500122070312,0.0,388971000
2024-04-30,86.15633392333984,86.4020004272461,0.0,88.81900024414062,86.30000305175781,87.23999786376953,0.0,363709000
2024-05-01,82.80489349365234,83.04100036621094,0.0,86.0,81.25499725341797,85.0770034790039,0.0,559863000
2024-05-02,85.57301330566406,85.81700134277344,0.0,86.23699951171875,83.19999694824219,84.4489974975586,0.0,377898000
2024-05-03,88.53656005859375,88.78900146484375,0.0,89.28099822998047,87.04000091552734,87.78900146484375,0.0,398341000
2024-05-06,91.8780288696289,92.13999938964844,0.0,92.22000122070312,89.05500030517578,89.38999938964844,0.0,376203000
2024-05-07,90.29653930664062,90.55400085449219,0.0,91.78099822998047,89.01100158691406,91.0979995727539,0.0,437342000
2024-05-08,90.1549301147461,90.41200256347656,0.0,91.19400024414062,89.41999816894531,89.48300170898438,0.0,325721000
2024-05-09,88.49466705322266,88.74700164794922,0.0,91.0719985961914,88.23100280761719,90.52899932861328,0.0,378013000
2024-05-10,89.62244415283203,89.87799835205078,0.0,91.4010009765625,89.22699737548828,90.30500030517578,0.0,335325000
2024-05-13,90.14196014404297,90.39900207519531,0.0,90.99800109863281,88.52899932861328,90.47799682617188,0.0,289680000
2024-05-14,91.09626007080078,91.35600280761719,0.0,91.6510009765625,88.93399810791016,89.5989990234375,0.0,296507000
2024-05-15,94.36093139648438,94.62999725341797,0.0,94.86199951171875,91.5989990234375,92.47200012207031,0.0,417735000
2024-05-16,94.09070587158203,94.35900115966797,0.0,95.81900024414062,94.10299682617188,94.91000366210938,0.0,323952000
2024-05-17,92.21604919433594,92.47899627685547,0.0,94.73999786376953,91.80599975585938,94.36900329589844,0.0,359691000
2024-05-20,94.510498046875,94.77999877929688,0.0,95.19999694824219,93.44000244140625,93.75,0.0,318764000
2024-05-21,95.11479949951172,95.38600158691406,0.0,95.4000015258789,93.18000030517578,93.5989990234375,0.0,328946000
2024-05-22,94.68001556396484,94.94999694824219,0.0,96.0199966430664,93.2490005493164,95.45899963378906,0.0,548648000
2024-05-23,103.5038833618164,103.79900360107422,0.0,106.31999969482422,101.5199966430664,102.02799987792969,0.0,835065000
2024-05-24,106.1662826538086,106.46900177001953,0.0,106.4749984741211,103.0,104.4489974975586,0.0,429494000
2024-05-28,113.57715606689453,113.9010009765625,0.0,114.93900299072266,109.88300323486328,110.24400329589844,0.0,652728000
2024-05-29,114.4985122680664,114.82499694824219,0.0,115.49199676513672,110.9010009765625,113.05000305175781,0.0,557442000
2024-05-30,110.18582153320312,110.5,0.0,115.81900024414062,109.66300201416016,114.6500015258789,0.0,484553000
2024-05-31,109.32128143310547,109.63300323486328,0.0,112.71700286865234,106.94000244140625,112.5199966430664,0.0,613263000
2024-06-03,114.67301940917969,115.0,0.0,115.0,112.00299835205078,113.62100219726562,0.0,438392000
2024-06-04,116.10592651367188,116.43699645996094,0.0,116.5999984741211,114.04499816894531,115.71600341796875,0.0,403324000
2024-06-05,122.09187316894531,122.44000244140625,0.0,122.4489974975586,117.46800231933594,118.37100219726562,0.0,528402000
2024-06-06,120.65396881103516,120.99800109863281,0.0,125.58699798583984,118.31999969482422,124.0479965209961,0.0,664696000
2024-06-07,120.5442886352539,120.88800048828125,0.0,121.69200134277344,118.02200317382812,119.7699966430664,0.0,412386000
2024-06-10,121.44371795654297,121.79000091552734,0.0,123.0999984741211,117.01000213623047,120.37000274658203,10.0,313434100
2024-06-11,120.57612609863281,120.91000366210938,0.01,122.87000274658203,118.73999786376953,121.7699966430664,0.0,222551200
2024-06-12,124.85427856445312,125.19999694824219,0.0,126.87999725341797,122.56999969482422,123.05999755859375,0.0,299595000
2024-06-13,129.25210571289062,129.61000061035156,0.0,129.8000030517578,127.16000366210938,129.38999938964844,0.0,260704500
2024-06-14,131.51580810546875,131.8800048828125,0.0,132.83999633789062,128.32000732421875,129.9600067138672,0.0,309320400
2024-06-17,130.6183319091797,130.97999572753906,0.0,133.72999572753906,129.5800018310547,132.99000549316406,0.0,288504400
2024-06-18,135.20562744140625,135.5800018310547,0.0,136.3300018310547,130.69000244140625,131.13999938964844,0.0,294335100
2024-06-20,130.41885375976562,130.77999877929688,0.0,140.75999450683594,129.52000427246094,139.8000030517578,0.0,517768400
2024-06-21,126.22048950195312,126.56999969482422,0.0,130.6300048828125,124.30000305175781,127.12000274658203,0.0,649445800
2024-06-24,117.78384399414062,118.11000061035156,0.0,124.45999908447266,118.04000091552734,123.23999786376953,0.0,476060900
2024-06-25,125.74181365966797,126.08999633789062,0.0,126.5,119.31999969482422,121.19999694824219,0.0,414192600
2024-06-26,126.05097198486328,126.4000015258789,0.0,128.1199951171875,122.5999984741211,126.12999725341797,0.0,362975900
2024-06-27,123.64762115478516,123.98999786376953,0.0,126.41000366210938,122.91999816894531,124.0999984741211,0.0,252571700
2024-06-28,123.1988754272461,123.54000091552734,0.0,127.70999908447266,122.75,124.58000183105469,0.0,315516700
2024-07-01,123.95675659179688,124.30000305175781,0.0,124.83999633789062,118.83000183105469,123.47000122070312,0.0,284885500
2024-07-02,122.33125305175781,122.66999816894531,0.0,123.41000366210938,121.02999877929688,121.12999725341797,0.0,218374000
2024-07-03,127.92579650878906,128.27999877929688,0.0,128.27999877929688,121.36000061035156,121.66000366210938,0.0,215749000
2024-07-05,125.48253631591797,125.83000183105469,0.0,128.85000610351562,125.68000030517578,127.37999725341797,0.0,214176700
2024-07-08,127.84599304199219,128.1999969482422,0.0,130.77000427246094,127.04000091552734,127.48999786376953,0.0,237677300
2024-07-09,131.01722717285156,131.3800048828125,0.0,133.82000732421875,128.64999389648438,130.35000610351562,0.0,285366600
2024-07-10,134.5374755859375,134.91000366210938,0.0,135.10000610351562,132.4199981689453,134.02999877929688,0.0,248978600
2024-07-11,127.0482177734375,127.4000015258789,0.0,136.14999389648438,127.05000305175781,135.75,0.0,374782700
2024-07-12,128.8831329345703,129.24000549316406,0.0,131.9199981689453,127.22000122070312,128.25999450683594,0.0,252680500
2024-07-15,128.08534240722656,128.44000244140625,0.0,131.38999938964844,127.18000030517578,130.55999755859375,0.0,208326200
2024-07-16,126.01106262207031,126.36000061035156,0.0,129.0399932861328,124.58000183105469,128.44000244140625,0.0,214769500
2024-07-17,117.66417694091797,117.98999786376953,0.0,121.8499984741211,116.72000122070312,121.3499984741211,0.0,390086200
2024-07-18,120.755615234375,121.08999633789062,0.0,122.4000015258789,116.55999755859375,121.8499984741211,0.0,320979500
2024-07-19,117.60435485839844,117.93000030517578,0.0,121.5999984741211,117.37000274658203,120.3499984741211,0.0,217223800
2024-07-22,123.1988754272461,123.54000091552734,0.0,124.06999969482422,119.86000061035156,120.3499984741211,0.0,258068900
2024-07-23,122.25148010253906,122.58999633789062,0.0,124.69000244140625,122.0999984741211,122.77999877929688,0.0,173911000
2024-07-24,113.93451690673828,114.25,0.0,119.94999694824219,113.44000244140625,119.16999816894531,0.0,327776900
2024-07-25,111.96995544433594,112.27999877929688,0.0,116.62999725341797,106.30000305175781,113.04000091552734,0.0,460067000
2024-07-26,112.74779510498047,113.05999755859375,0.0,116.19999694824219,111.58000183105469,116.19000244140625,0.0,293399100
2024-07-29,111.28185272216797,111.58999633789062,0.0,116.27999877929688,111.30000305175781,113.69000244140625,0.0,248152100
2024-07-30,103.44355773925781,103.7300033569336,0.0,111.98999786376953,102.54000091552734,111.5199966430664,0.0,486833300
2024-07-31,116.69686126708984,117.0199966430664,0.0,118.33999633789062,110.87999725341797,112.9000015258789,0.0,473174200
2024-08-01,108.9084243774414,109.20999908447266,0.0,120.16000366210938,106.80999755859375,117.52999877929688,0.0,523462300
2024-08-02,106.97378540039062,107.2699966430664,0.0,108.72000122070312,101.37000274658203,103.76000213623047,0.0,482027500
2024-08-05,100.17261505126953,100.44999694824219,0.0,103.41000366210938,90.69000244140625,92.05999755859375,0.0,552842400
2024-08-06,103.96212005615234,104.25,0.0,107.70999908447266,100.55000305175781,103.83999633789062,0.0,409012100
2024-08-07,98.63687896728516,98.91000366210938,0.0,108.80000305175781,98.69000244140625,107.80999755859375,0.0,411440400
2024-08-08,104.68013763427734,104.97000122070312,0.0,105.5,97.5199966430664,102.0,0.0,391910000
2024-08-09,104.46076202392578,104.75,0.0,106.5999984741211,103.43000030517578,105.63999938964844,0.0,290844200
2024-08-12,108.71895599365234,109.0199966430664,0.0,111.06999969482422,106.26000213623047,106.31999969482422,0.0,325559900
2024-08-13,115.81930541992188,116.13999938964844,0.0,116.2300033569336,111.58000183105469,112.44000244140625,0.0,312646700
2024-08-14,117.75393676757812,118.08000183105469,0.0,118.5999984741211,114.06999969482422,118.52999877929688,0.0,339246400
2024-08-15,122.52073669433594,122.86000061035156,0.0,123.23999786376953,117.47000122070312,118.76000213623047,0.0,318086700
2024-08-16,124.2359848022461,124.58000183105469,0.0,125.0,121.18000030517578,121.94000244140625,0.0,302589900
2024-08-19,129.64100646972656,130.0,0.0,130.0,123.41999816894531,124.27999877929688,0.0,318333600
2024-08-20,126.89861297607422,127.25,0.0,129.8800048828125,125.88999938964844,128.39999389648438,0.0,300087400
2024-08-21,128.14517211914062,128.5,0.0,129.35000610351562,126.66000366210938,127.31999969482422,0.0,257883600
2024-08-22,123.39830017089844,123.73999786376953,0.0,130.75,123.0999984741211,130.02000427246094,0.0,376189100
2024-08-23,129.01275634765625,129.3699951171875,0.0,129.60000610351562,125.22000122070312,125.86000061035156,0.0,323230300
2024-08-26,126.11078643798828,126.45999908447266,0.0,131.25999450683594,124.37000274658203,129.57000732421875,0.0,331964700
2024-08-27,127.94571685791016,128.3000030517578,0.0,129.1999969482422,123.87999725341797,125.05000305175781,0.0,303134600
2024-08-28,125.26315307617188,125.61000061035156,0.0,128.3300018310547,122.63999938964844,128.1199951171875,0.0,448101100
2024-08-29,117.26527404785156,117.58999633789062,0.0,124.43000030517578,116.70999908447266,121.36000061035156,0.0,453023300
2024-08-30,119.04037475585938,119.37000274658203,0.0,121.75,117.22000122070312,119.52999877929688,0.0,333751600
2024-09-03,107.70176696777344,108.0,0.0,116.20999908447266,107.29000091552734,116.01000213623047,0.0,477155100
2024-09-04,105.91670989990234,106.20999908447266,0.0,113.2699966430664,104.12000274658203,105.41000366210938,0.0,372470300
2024-09-05,106.91394805908203,107.20999908447266,0.0,109.6500015258789,104.76000213623047,104.98999786376953,0.0,306850700
2024-09-06,102.54605865478516,102.83000183105469,0.0,108.1500015258789,100.94999694824219,108.04000091552734,0.0,413638100
2024-09-09,106.1760025024414,106.47000122070312,0.0,106.55000305175781,103.69000244140625,104.87999725341797,0.0,273912000
2024-09-10,107.80148315429688,108.0999984741211,0.0,109.4000015258789,104.94999694824219,107.80999755859375,0.0,268283700
2024-09-11,116.58717346191406,116.91000366210938,0.0,117.19000244140625,107.41999816894531,109.38999938964844,0.0,441422400
2024-09-12,118.82118225097656,119.13999938964844,0.01,120.79000091552734,115.37999725341797,116.83999633789062,0.0,366052700
2024-09-13,118.78128051757812,119.0999984741211,0.0,119.95999908447266,117.5999984741211,119.08000183105469,0.0,238358300
2024-09-16,116.46749114990234,116.77999877929688,0.0,118.18000030517578,114.36000061035156,116.79000091552734,0.0,248772300
2024-09-17,115.28067016601562,115.58999633789062,0.0,118.80000305175781,114.83000183105469,118.16999816894531,0.0,231925900
2024-09-18,113.06661987304688,113.37000274658203,0.0,117.69999694824219,113.22000122070312,115.88999938964844,0.0,310318900
2024-09-19,117.55458068847656,117.87000274658203,0.0,119.66000366210938,117.25,117.3499984741211,0.0,293506400
2024-09-20,115.68958282470703,116.0,0.0,118.62000274658203,115.38999938964844,117.05999755859375,0.0,382462400
2024-09-23,115.9488754272461,116.26000213623047,0.0,116.98999786376953,114.86000061035156,116.55000305175781,0.0,206228500
2024-09-24,120.54655456542969,120.87000274658203,0.0,121.80000305175781,115.37999725341797,116.5199966430664,0.0,354966800
2024-09-25,123.17947387695312,123.51000213623047,0.0,124.94000244140625,121.61000061035156,122.0199966430664,0.0,284692900
2024-09-26,123.70805358886719,124.04000091552734,0.0,127.66999816894531,121.80000305175781,126.80000305175781,0.0,302582900
2024-09-27,121.07511901855469,121.4000015258789,0.0,124.02999877929688,119.26000213623047,123.97000122070312,0.0,271009200
2024-09-30,121.11502838134766,121.44000244140625,0.0,121.5,118.1500015258789,118.30999755859375,0.0,226553700
2024-10-01,116.6868896484375,117.0,0.0,122.44000244140625,115.79000091552734,121.7699966430664,0.0,302094500
2024-10-02,118.53195190429688,118.8499984741211,0.0,119.37999725341797,115.13999938964844,116.44000244140625,0.0,221845900
2024-10-03,122.52124786376953,122.8499984741211,0.0,124.36000061035156,120.33999633789062,120.91999816894531,0.0,277118000
2024-10-04,124.58570098876953,124.91999816894531,0.0,125.04000091552734,121.83000183105469,124.94000244140625,0.0,243678100
2024-10-07,127.37820434570312,127.72000122070312,0.0,130.63999938964844,124.94999694824219,124.98999786376953,0.0,346250200
2024-10-08,132.53439331054688,132.88999938964844,0.0,133.47999572753906,129.4199981689453,130.25999450683594,0.0,285722500
2024-10-09,132.29502868652344,132.64999389648438,0.0,134.52000427246094,131.3800048828125,134.11000061035156,0.0,246191600
2024-10-10,134.44923400878906,134.80999755859375,0.0,135.0,131.0,131.91000366210938,0.0,242311300
2024-10-11,134.43927001953125,134.8000030517578,0.0,135.77999877929688,133.66000366210938,134.00999450683594,0.0,170209500
2024-10-14,137.7005157470703,138.07000732421875,0.0,139.60000610351562,136.3000030517578,136.47000122070312,0.0,232347700
2024-10-15,131.24783325195312,131.60000610351562,0.0,138.57000732421875,128.74000549316406,137.8699951171875,0.0,377831000
2024-10-16,135.3568115234375,135.72000122070312,0.0,136.6199951171875,131.5800018310547,133.97999572753906,0.0,264879700
2024-10-17,136.56358337402344,136.92999267578125,0.0,140.88999938964844,136.8699951171875,139.33999633789062,0.0,306435900
2024-10-18,137.63072204589844,138.0,0.0,138.89999389648438,137.27999877929688,138.6699981689453,0.0,176090200
2024-10-21,143.325439453125,143.7100067138672,0.0,143.7100067138672,138.0,138.1300048828125,0.0,264554500
2024-10-22,143.2057342529297,143.58999633789062,0.0,144.4199981689453,141.77999877929688,142.91000366210938,0.0,226311600
2024-10-23,139.18653869628906,139.55999755859375,0.0,142.42999267578125,137.4600067138672,142.02999877929688,0.0,285930000
2024-10-24,140.03427124023438,140.41000366210938,0.0,141.35000610351562,138.4600067138672,140.82000732421875,0.0,172354900
2024-10-25,141.16122436523438,141.5399932861328,0.0,144.1300048828125,140.8000030517578,140.92999267578125,0.0,205122100
2024-10-28,140.14393615722656,140.52000427246094,0.0,143.13999938964844,140.0500030517578,143.0,0.0,173586700
2024-10-29,140.87200927734375,141.25,0.0,142.25999450683594,138.89999389648438,140.2899932861328,0.0,157593600
2024-10-30,138.9671173095703,139.33999633789062,0.0,140.3300018310547,136.80999755859375,139.5399932861328,0.0,179418100
2024-10-31,132.4047088623047,132.75999450683594,0.0,137.61000061035156,132.11000061035156,137.60000610351562,0.0,270039600
2024-11-01,135.03765869140625,135.39999389648438,0.0,137.30999755859375,134.57000732421875,134.6999969482422,0.0,207127800
2024-11-04,135.6859130859375,136.0500030517578,0.0,138.9600067138672,135.57000732421875,137.2100067138672,0.0,187528200
2024-11-05,139.5355987548828,139.91000366210938,0.0,140.3699951171875,137.3300018310547,137.4499969482422,0.0,160537400
2024-11-06,145.2203369140625,145.61000061035156,0.0,146.49000549316406,141.9600067138672,142.9600067138672,0.0,242043900
2024-11-07,148.48159790039062,148.8800048828125,0.0,148.92999267578125,146.1699981689453,146.38999938964844,0.0,207323300
2024-11-08,147.23492431640625,147.6300048828125,0.0,149.77000427246094,146.25999450683594,148.77000427246094,0.0,175665800
2024-11-11,144.8712921142578,145.25999450683594,0.0,148.85000610351562,143.57000732421875,148.67999267578125,0.0,182325600
2024-11-12,147.89317321777344,148.2899932861328,0.0,149.64999389648438,146.00999450683594,146.77999877929688,0.0,198634700
2024-11-13,145.8785858154297,146.27000427246094,0.0,149.3300018310547,145.89999389648438,149.07000732421875,0.0,191903300
2024-11-14,146.36724853515625,146.75999450683594,0.0,149.0,145.5500030517578,147.63999938964844,0.0,194463300
2024-11-15,141.60006713867188,141.97999572753906,0.0,145.24000549316406,140.0800018310547,144.8699951171875,0.0,250132900
2024-11-18,139.7749481201172,140.14999389648438,0.0,141.5500030517578,137.14999389648438,139.5,0.0,221205300
2024-11-19,146.6165771484375,147.00999450683594,0.0,147.1300048828125,140.99000549316406,141.32000732421875,0.0,227834900
2024-11-20,145.49960327148438,145.88999938964844,0.0,147.55999755859375,142.72999572753906,147.41000366210938,0.0,309871700
2024-11-21,146.2775115966797,146.6699981689453,0.0,152.88999938964844,140.6999969482422,149.35000610351562,0.0,400946600
2024-11-22,141.5701446533203,141.9499969482422,0.0,147.16000366210938,141.10000610351562,145.92999267578125,0.0,236406200
2024-11-25,135.65602111816406,136.02000427246094,0.0,142.0500030517578,135.82000732421875,141.99000549316406,0.0,344941900
2024-11-26,136.55361938476562,136.9199981689453,0.0,139.3000030517578,135.6699981689453,137.6999969482422,0.0,190287700
2024-11-27,134.97781372070312,135.33999633789062,0.0,137.22000122070312,131.8000030517578,135.00999450683594,0.0,226370900
2024-11-29,137.8800506591797,138.25,0.0,139.35000610351562,136.0500030517578,136.77999877929688,0.0,141863200
2024-12-02,138.25904846191406,138.6300048828125,0.0,140.4499969482422,137.82000732421875,138.8300018310547,0.0,171682800
2024-12-03,139.88462829589844,140.25999450683594,0.0,140.5399932861328,137.9499969482422,138.25999450683594,0.0,164414000
2024-12-04,144.7515869140625,145.13999938964844,0.0,145.7899932861328,140.2899932861328,142.0,0.0,231224300
2024-12-05,144.68179321289062,145.05999755859375,0.01,146.5399932861328,143.9499969482422,145.11000061035156,0.0,172621200
2024-12-06,142.06861877441406,142.44000244140625,0.0,145.6999969482422,141.30999755859375,144.60000610351562,0.0,188505600
2024-12-09,138.4480743408203,138.80999755859375,0.0,139.9499969482422,137.1300048828125,138.97000122070312,0.0,189308600
2024-12-10,134.7178192138672,135.07000732421875,0.0,141.82000732421875,133.7899932861328,139.00999450683594,0.0,210020900
2024-12-11,138.94676208496094,139.30999755859375,0.0,140.1699981689453,135.2100067138672,137.36000061035156,0.0,184905200
2024-12-12,136.98190307617188,137.33999633789062,0.0,138.44000244140625,135.8000030517578,137.0800018310547,0.0,159211400
2024-12-13,133.89996337890625,134.25,0.0,139.60000610351562,132.5399932861328,138.94000244140625,0.0,231514900
2024-12-16,131.65582275390625,132.0,0.0,134.39999389648438,130.4199981689453,134.17999267578125,0.0,237951100
2024-12-17,130.05003356933594,130.38999938964844,0.0,131.58999633789062,126.86000061035156,129.08999633789062,0.0,259410300
2024-12-18,128.57388305664062,128.91000366210938,0.0,136.6999969482422,128.27999877929688,133.86000061035156,0.0,277444500
2024-12-19,130.3392791748047,130.67999267578125,0.0,134.02999877929688,129.5500030517578,131.75999450683594,0.0,209719200
2024-12-20,134.34878540039062,134.6999969482422,0.0,135.27999877929688,128.22000122070312,129.80999755859375,0.0,306528600
2024-12-23,139.30581665039062,139.6699981689453,0.0,139.7899932861328,135.1199951171875,136.27999877929688,0.0,176053500
2024-12-24,139.85440063476562,140.22000122070312,0.0,141.89999389648438,138.64999389648438,140.0,0.0,105157000
2024-12-26,139.56515502929688,139.92999267578125,0.0,140.85000610351562,137.72999572753906,139.6999969482422,0.0,116205600
2024-12-27,136.6527557373047,137.00999450683594,0.0,139.02000427246094,134.7100067138672,138.5500030517578,0.0,170582600
2024-12-30,137.1315155029297,137.49000549316406,0.0,140.27000427246094,134.02000427246094,134.8300018310547,0.0,167734700
2024-12-31,133.9398651123047,134.2899932861328,0.0,138.07000732421875,133.8300018310547,138.02999877929688,0.0,155659200
2025-01-02,137.94935607910156,138.30999755859375,0.0,138.8800048828125,134.6300048828125,136.0,0.0,198247200
2025-01-03,144.09332275390625,144.47000122070312,0.0,144.89999389648438,139.72999572753906,140.00999450683594,0.0,229322500
2025-01-06,149.04039001464844,149.42999267578125,0.0,152.16000366210938,147.82000732421875,148.58999633789062,0.0,265377400
2025-01-07,139.77459716796875,140.13999938964844,0.0,153.1300048828125,140.00999450683594,153.02999877929688,0.0,351782200
2025-01-08,139.74468994140625,140.11000061035156,0.0,143.9499969482422,137.55999755859375,142.5800018310547,0.0,227349900
2025-01-10,135.55563354492188,135.91000366210938,0.0,139.9199981689453,134.22000122070312,137.4499969482422,0.0,207602500
2025-01-13,132.8826141357422,133.22999572753906,0.0,133.49000549316406,129.50999450683594,129.99000549316406,0.0,204808900
2025-01-14,131.41647338867188,131.75999450683594,0.0,136.3800048828125,130.0500030517578,136.0500030517578,0.0,195590500
2025-01-15,135.88479614257812,136.24000549316406,0.0,136.4499969482422,131.2899932861328,133.64999389648438,0.0,185217300
2025-01-16,133.22174072265625,133.57000732421875,0.0,138.75,133.49000549316406,138.63999938964844,0.0,209235600
2025-01-17,137.3509521484375,137.7100067138672,0.0,138.5,135.4600067138672,136.69000244140625,0.0,201188800
2025-01-21,140.4628143310547,140.8300018310547,0.0,141.8300018310547,137.08999633789062,139.16000366210938,0.0,197749000
2025-01-22,146.6865692138672,147.07000732421875,0.0,147.7899932861328,143.6699981689453,144.66000366210938,0.0,237651400
2025-01-23,146.83616638183594,147.22000122070312,0.0,147.22999572753906,143.72000122070312,145.0500030517578,0.0,155915500
2025-01-24,142.24813842773438,142.6199951171875,0.0,148.97000122070312,141.8800048828125,148.3699951171875,0.0,234657600
2025-01-27,118.11124420166016,118.41999816894531,0.0,128.39999389648438,116.69999694824219,124.80000305175781,0.0,818830900
2025-01-28,128.6536865234375,128.99000549316406,0.0,129.0,116.25,121.80999755859375,0.0,579666400
2025-01-29,123.37747955322266,123.69999694824219,0.0,126.88999938964844,120.05000305175781,126.5,0.0,467120600
2025-01-30,124.32499694824219,124.6500015258789,0.0,125.0,118.0999984741211,123.0999984741211,0.0,392925500
2025-01-31,119.7569351196289,120.06999969482422,0.0,127.8499984741211,119.19000244140625,123.77999877929688,0.0,388161100
2025-02-03,116.35582733154297,116.66000366210938,0.0,118.56999969482422,113.01000213623047,114.75,0.0,371235700
2025-02-04,118.34062957763672,118.6500015258789,0.0,121.19999694824219,116.69999694824219,116.95999908447266,0.0,256550000
2025-02-05,124.50453186035156,124.83000183105469,0.0,125.0,120.76000213623047,121.76000213623047,0.0,262230800
2025-02-06,128.344482421875,128.67999267578125,0.0,128.77000427246094,125.20999908447266,127.41999816894531,0.0,251483600
2025-02-07,129.50146484375,129.83999633789062,0.0,130.3699951171875,125.0,129.22000122070312,0.0,228186300
2025-02-10,133.22174072265625,133.57000732421875,0.0,135.0,129.9600067138672,130.08999633789062,0.0,216989100
2025-02-11,132.4537353515625,132.8000030517578,0.0,134.47999572753906,131.02000427246094,132.5800018310547,0.0,178902400
2025-02-12,130.79808044433594,131.13999938964844,0.0,132.24000549316406,129.0800018310547,130.02000427246094,0.0,160278600
2025-02-13,134.93724060058594,135.2899932861328,0.0,136.5,131.1699981689453,131.55999755859375,0.0,197430000
2025-02-14,138.4879913330078,138.85000610351562,0.0,139.25,135.5,136.47999572753906,0.0,195479600
2025-02-18,139.03652954101562,139.39999389648438,0.0,143.44000244140625,137.92999267578125,141.27000427246094,0.0,219176600
2025-02-19,138.86697387695312,139.22999572753906,0.0,141.36000061035156,137.22000122070312,139.50999450683594,0.0,167536000
2025-02-20,139.74468994140625,140.11000061035156,0.0,140.66000366210938,136.7899932861328,140.02999877929688,0.0,143903600
2025-02-21,134.07948303222656,134.42999267578125,0.0,141.4600067138672,134.02999877929688,140.0399932861328,0.0,228217600
2025-02-24,129.94032287597656,130.27999877929688,0.0,138.58999633789062,130.0800018310547,136.55999755859375,0.0,251381100
2025-02-25,126.2998275756836,126.62999725341797,0.0,130.1999969482422,124.44000244140625,129.97999572753906,0.0,271428700
2025-02-26,130.93771362304688,131.27999877929688,0.0,133.72999572753906,128.49000549316406,129.99000549316406,0.0,322553800
2025-02-27,119.83673095703125,120.1500015258789,0.0,135.00999450683594,120.01000213623047,135.0,0.0,443175800
2025-02-28,124.59429168701172,124.91999816894531,0.0,125.08999633789062,116.4000015258789,118.0199966430664,0.0,389091100
2025-03-03,113.76261138916016,114.05999755859375,0.0,123.69999694824219,112.27999877929688,123.51000213623047,0.0,411381400
2025-03-04,115.68757629394531,115.98999786376953,0.0,119.30999755859375,110.11000061035156,110.6500015258789,0.0,398163300
2025-03-05,116.99417114257812,117.30000305175781,0.0,118.27999877929688,114.51000213623047,117.58000183105469,0.0,284337900
2025-03-06,110.28170776367188,110.56999969482422,0.0,115.3499984741211,110.22000122070312,113.52999877929688,0.0,321181900
2025-03-07,112.39618682861328,112.69000244140625,0.0,113.4800033569336,107.55999755859375,111.25,0.0,341755500
2025-03-10,106.7010726928711,106.9800033569336,0.0,111.8499984741211,105.45999908447266,109.9000015258789,0.0,366487400
2025-03-11,108.4764175415039,108.76000213623047,0.0,112.23999786376953,104.7699966430664,106.98999786376953,0.0,354865700
2025-03-12,115.4488525390625,115.73999786376953,0.01,116.76000213623047,112.87999725341797,114.12000274658203,0.0,323857500
2025-03-13,115.28924560546875,115.58000183105469,0.0,117.76000213623047,113.79000091552734,117.02999877929688,0.0,299033100
2025-03-14,121.36392211914062,121.66999816894531,0.0,121.87999725341797,118.1500015258789,118.61000061035156,0.0,277593500
2025-03-17,119.22930145263672,119.52999877929688,0.0,122.88999938964844,118.02999877929688,122.73999786376953,0.0,255501500
2025-03-18,115.1396255493164,115.43000030517578,0.0,119.0199966430664,114.54000091552734,118.0,0.0,299686900
2025-03-19,117.22435760498047,117.5199966430664,0.0,120.44999694824219,115.68000030517578,117.2699966430664,0.0,273426200
2025-03-20,118.23182678222656,118.52999877929688,0.0,120.19999694824219,116.47000122070312,116.55000305175781,0.0,248829700
2025-03-21,117.4039077758789,117.69999694824219,0.0,117.98999786376953,115.41999816894531,116.94000244140625,0.0,266498500
2025-03-24,121.10458374023438,121.41000366210938,0.0,122.22000122070312,119.33999633789062,119.87999725341797,0.0,228452500
2025-03-25,120.38639068603516,120.69000244140625,0.0,121.29000091552734,118.91999816894531,120.55000305175781,0.0,167447200
2025-03-26,113.47383117675781,113.76000213623047,0.0,118.83999633789062,112.70999908447266,118.7300033569336,0.0,293463300
2025-03-27,111.14967346191406,111.43000030517578,0.0,114.44999694824219,110.66000366210938,111.3499984741211,0.0,236902100
2025-03-28,109.39411163330078,109.66999816894531,0.0,112.87000274658203,109.06999969482422,111.48999786376953,0.0,229872500
2025-03-31,108.10736083984375,108.37999725341797,0.0,110.95999908447266,103.6500015258789,105.12999725341797,0.0,299212700
2025-04-01,109.87291717529297,110.1500015258789,0.0,110.19999694824219,106.47000122070312,108.5199966430664,0.0,222614000
2025-04-02,110.14221954345703,110.41999816894531,0.0,111.9800033569336,106.79000091552734,107.29000091552734,0.0,220601200
2025-04-03,101.5439224243164,101.80000305175781,0.0,105.62999725341797,101.5999984741211,103.51000213623047,0.0,338769400
2025-04-04,94.07276153564453,94.30999755859375,0.0,100.12999725341797,92.11000061035156,98.91000366210938,0.0,532273800
2025-04-07,97.39437103271484,97.63999938964844,0.0,101.75,86.62000274658203,87.45999908447266,0.0,611041300
2025-04-08,96.05775451660156,96.30000305175781,0.0,105.8499984741211,94.45999908447266,103.80999755859375,0.0,476243400
2025-04-09,114.04239654541016,114.33000183105469,0.0,115.0999984741211,97.52999877929688,98.88999938964844,0.0,612918300
2025-04-10,107.29939270019531,107.56999969482422,0.0,110.86000061035156,99.1500015258789,109.37000274658203,0.0,437812400
2025-04-11,110.65095520019531,110.93000030517578,0.0,111.55000305175781,107.4800033569336,108.5,0.0,313417300
2025-04-14,110.43150329589844,110.70999908447266,0.0,114.29000091552734,109.06999969482422,114.11000061035156,0.0,264705000
2025-04-15,111.9177474975586,112.19999694824219,0.0,113.62000274658203,110.5,110.97000122070312,0.0,228966900
2025-04-16,104.2271499633789,104.48999786376953,0.0,106.79000091552734,100.44999694824219,104.55000305175781,0.0,397016900
2025-04-17,101.23468780517578,101.48999786376953,0.0,104.47000122070312,100.05000305175781,104.44999694824219,0.0,292517500
2025-04-21,96.66622161865234,96.91000366210938,0.0,99.44000244140625,95.04000091552734,98.7699966430664,0.0,288501100
2025-04-22,98.64122772216797,98.88999938964844,0.0,99.80999755859375,97.27999877929688,98.77999877929688,0.0,241004800
2025-04-23,102.45162200927734,102.70999908447266,0.0,104.80000305175781,102.0199966430664,104.5199966430664,0.0,247526000
2025-04-24,106.16226196289062,106.43000030517578,0.0,106.54000091552734,103.11000061035156,103.4800033569336,0.0,220815000
2025-04-25,110.73074340820312,111.01000213623047,0.0,111.91999816894531,105.7300033569336,106.8499984741211,0.0,251064700
2025-04-28,108.45648193359375,108.7300033569336,0.0,110.37000274658203,106.0199966430664,109.69000244140625,0.0,207708500
2025-04-29,108.7457504272461,109.0199966430664,0.0,110.19999694824219,107.44000244140625,107.66999816894531,0.0,170444300
2025-04-30,108.64599609375,108.91999816894531,0.0,108.91999816894531,104.08000183105469,104.47000122070312,0.0,235044600
2025-05-01,111.32923126220703,111.61000061035156,0.0,114.94000244140625,111.30000305175781,113.08000183105469,0.0,236121500
2025-05-02,114.21196746826172,114.5,0.0,115.4000015258789,113.37000274658203,114.18000030517578,0.0,190194800
2025-05-05,113.53368377685547,113.81999969482422,0.0,114.66999816894531,112.66000366210938,112.91000366210938,0.0,133163200
2025-05-06,113.25438690185547,113.54000091552734,0.0,114.73999786376953,110.81999969482422,111.4800033569336,0.0,158525600
2025-05-07,116.7655258178711,117.05999755859375,0.0,117.68000030517578,112.27999877929688,113.05000305175781,0.0,206758800
2025-05-08,117.07474517822266,117.37000274658203,0.0,118.68000030517578,115.8499984741211,118.25,0.0,198428100
2025-05-09,116.3565673828125,116.6500015258789,0.0,118.2300033569336,115.20999908447266,117.3499984741211,0.0,132972200
2025-05-12,122.69058990478516,123.0,0.0,123.0,120.27999877929688,121.97000122070312,0.0,225023300
2025-05-13,129.60311889648438,129.92999267578125,0.0,131.22000122070312,124.47000122070312,124.9800033569336,0.0,330430100
2025-05-14,134.99954223632812,135.33999633789062,0.0,135.44000244140625,131.67999267578125,133.1999969482422,0.0,281180800
2025-05-15,134.49081420898438,134.8300018310547,0.0,136.3000030517578,132.66000366210938,134.2899932861328,0.0,226632600
2025-05-16,135.05938720703125,135.39999389648438,0.0,136.35000610351562,133.4600067138672,136.22000122070312,0.0,226542500
2025-05-19,135.22897338867188,135.57000732421875,0.0,135.8699951171875,132.38999938964844,132.38999938964844,0.0,193154600
2025-05-20,134.04196166992188,134.3800048828125,0.0,134.5800018310547,132.6199951171875,134.2899932861328,0.0,161514200
2025-05-21,131.46847534179688,131.8000030517578,0.0,137.39999389648438,130.58999633789062,133.05999755859375,0.0,270608700
2025-05-22,132.495849609375,132.8300018310547,0.0,134.25,131.5500030517578,132.22999572753906,0.0,187344000
2025-05-23,130.95970153808594,131.2899932861328,0.0,132.67999267578125,129.16000366210938,130.0,0.0,198821300
2025-05-27,135.1591339111328,135.5,0.0,135.66000366210938,133.30999755859375,134.14999389648438,0.0,192953600
2025-05-28,134.47085571289062,134.80999755859375,0.0,137.25,134.7899932861328,136.02999877929688,0.0,304021100
2025-05-29,138.83985900878906,139.19000244140625,0.0,143.49000549316406,137.91000366210938,142.25,0.0,369241900
2025-05-30,134.7900848388672,135.1300048828125,0.0,139.6199951171875,132.9199981689453,138.72000122070312,0.0,333170900
2025-06-02,137.03440856933594,137.3800048828125,0.0,138.1199951171875,135.39999389648438,135.49000549316406,0.0,197663100
2025-06-03,140.86474609375,141.22000122070312,0.0,142.0,137.9499969482422,138.77999877929688,0.0,225578800
2025-06-04,141.56298828125,141.9199981689453,0.0,142.38999938964844,139.5399932861328,142.19000244140625,0.0,167120800
2025-06-05,139.6378631591797,139.99000549316406,0.0,144.0,138.8300018310547,142.1699981689453,0.0,231397900
2025-06-06,141.36351013183594,141.72000122070312,0.0,143.27000427246094,141.50999450683594,142.50999450683594,0.0,153986200
2025-06-09,142.2711944580078,142.6300048828125,0.0,145.0,141.94000244140625,143.19000244140625,0.0,185114500
2025-06-10,143.59786987304688,143.9600067138672,0.0,144.2899932861328,141.52999877929688,142.69000244140625,0.0,155881900
2025-06-11,142.48060607910156,142.8300018310547,0.01,144.99000549316406,141.8699951171875,144.61000061035156,0.0,167694000
2025-06-12,144.64529418945312,145.0,0.0,145.0,141.85000610351562,141.97000122070312,0.0,162365000
2025-06-13,141.62271118164062,141.97000122070312,0.0,143.5800018310547,140.85000610351562,142.47999572753906,0.0,180820600
2025-06-16,144.33604431152344,144.69000244140625,0.0,146.17999267578125,143.1999969482422,143.35000610351562,0.0,183133700
2025-06-17,143.76744079589844,144.1199951171875,0.0,145.22000122070312,143.77999877929688,144.49000549316406,0.0,139108000
2025-06-18,145.1240997314453,145.47999572753906,0.0,145.64999389648438,143.1199951171875,144.00999450683594,0.0,161494100
2025-06-20,143.4980926513672,143.85000610351562,0.0,146.1999969482422,142.64999389648438,145.4499969482422,0.0,242956200
2025-06-23,143.81732177734375,144.1699981689453,0.0,144.77999877929688,142.02999877929688,142.5,0.0,154308900
2025-06-24,147.53817749023438,147.89999389648438,0.0,147.9600067138672,145.5,145.55999755859375,0.0,187566100
2025-06-25,153.9324951171875,154.30999755859375,0.0,154.4499969482422,149.25999450683594,149.27000427246094,0.0,269146500
2025-06-26,154.64076232910156,155.02000427246094,0.0,156.72000122070312,154.0,155.97999572753906,0.0,198145700
2025-06-27,157.36410522460938,157.75,0.0,158.7100067138672,155.25999450683594,156.0399932861328,0.0,263234500
2025-06-30,157.60350036621094,157.99000549316406,0.0,158.66000366210938,155.9600067138672,158.39999389648438,0.0,194580300
2025-07-01,152.9249725341797,153.3000030517578,0.0,157.1999969482422,151.49000549316406,156.2899932861328,0.0,213143600
2025-07-02,156.86532592773438,157.25,0.0,157.60000610351562,152.97000122070312,152.97999572753906,0.0,171224100
2025-07-03,158.95018005371094,159.33999633789062,0.0,160.97999572753906,157.77000427246094,158.3699951171875,0.0,143716100
2025-07-07,157.85289001464844,158.24000549316406,0.0,159.30999755859375,157.33999633789062,158.1999969482422,0.0,140139000
2025-07-08,159.60858154296875,160.0,0.0,160.22000122070312,158.38999938964844,159.3300018310547,0.0,138133000
2025-07-09,162.48153686523438,162.8800048828125,0.0,164.4199981689453,161.16000366210938,161.22000122070312,0.0,183656400
2025-07-10,163.69854736328125,164.10000610351562,0.0,164.5,161.61000061035156,164.32000732421875,0.0,167704100
2025-07-11,164.51654052734375,164.9199981689453,0.0,167.88999938964844,163.47000122070312,163.72000122070312,0.0,193633300
2025-07-14,163.6686248779297,164.07000732421875,0.0,165.49000549316406,162.02000427246094,165.3699951171875,0.0,136975800
2025-07-15,170.28240966796875,170.6999969482422,0.0,172.39999389648438,169.1999969482422,171.19000244140625,0.0,230627400
2025-07-16,170.95077514648438,171.3699951171875,0.0,171.75,168.89999389648438,171.05999755859375,0.0,158831500
2025-07-17,172.5767822265625,173.0,0.0,174.16000366210938,170.8300018310547,172.02000427246094,0.0,160841100
2025-07-18,171.9882354736328,172.41000366210938,0.0,174.25,171.25999450683594,173.63999938964844,0.0,146456400
2025-07-21,170.9607391357422,171.3800048828125,0.0,173.3800048828125,171.0,172.75,0.0,123126100
2025-07-22,166.6213836669922,167.02999877929688,0.0,171.38999938964844,164.5800018310547,171.33999633789062,0.0,193114300
2025-07-23,170.3622283935547,170.77999877929688,0.0,171.25999450683594,167.97000122070312,169.52999877929688,0.0,154082200
2025-07-24,173.3149871826172,173.74000549316406,0.0,173.8300018310547,171.3000030517578,172.44000244140625,0.0,128984600
2025-07-25,173.0755615234375,173.5,0.0,174.72000122070312,172.9600067138672,173.61000061035156,0.0,122316800
2025-07-28,176.317626953125,176.75,0.0,177.0,173.97000122070312,174.02000427246094,0.0,140023500
2025-07-29,175.08062744140625,175.50999450683594,0.0,179.3800048828125,175.02000427246094,177.9600067138672,0.0,154077500
2025-07-30,178.83145141601562,179.27000427246094,0.0,179.88999938964844,176.0399932861328,176.50999450683594,0.0,174312200
2025-07-31,177.43487548828125,177.8699951171875,0.0,183.3000030517578,175.92999267578125,182.89999389648438,0.0,221685400
2025-08-01,173.29501342773438,173.72000122070312,0.0,176.5399932861328,170.88999938964844,174.08999633789062,0.0,204529000
2025-08-04,179.55966186523438,180.0,0.0,180.1999969482422,174.52000427246094,175.16000366210938,0.0,148174600
2025-08-05,177.8238983154297,178.25999450683594,0.0,180.25999450683594,175.89999389648438,179.6199951171875,0.0,156407600
2025-08-06,178.9810791015625,179.4199981689453,0.0,179.89999389648438,176.25,176.3300018310547,0.0,137192300
2025-08-07,180.32777404785156,180.77000427246094,0.0,183.8800048828125,178.8000030517578,181.57000732421875,0.0,151878400
2025-08-08,182.2530517578125,182.6999969482422,0.0,183.3000030517578,180.39999389648438,181.5500030517578,0.0,123396700
2025-08-11,181.6146240234375,182.05999755859375,0.0,183.83999633789062,180.25,182.0500030517578,0.0,138323200
2025-08-12,182.71194458007812,183.16000366210938,0.0,184.47999572753906,179.4600067138672,182.9600067138672,0.0,145485700
2025-08-13,181.14576721191406,181.58999633789062,0.0,183.97000122070312,179.35000610351562,182.6199951171875,0.0,179871700
2025-08-14,181.57472229003906,182.02000427246094,0.0,183.02000427246094,179.4600067138672,179.75,0.0,129554000
2025-08-15,180.008544921875,180.4499969482422,0.0,181.89999389648438,178.0399932861328,181.8800048828125,0.0,156602200
2025-08-18,181.5647430419922,182.00999450683594,0.0,182.94000244140625,180.58999633789062,180.60000610351562,0.0,132008000
2025-08-19,175.21034240722656,175.63999938964844,0.0,182.5,175.49000549316406,182.42999267578125,0.0,185229200
2025-08-20,174.9709014892578,175.39999389648438,0.0,176.0,168.8000030517578,175.1699981689453,0.0,215142700
2025-08-21,174.5519256591797,174.97999572753906,0.0,176.89999389648438,173.80999755859375,174.85000610351562,0.0,140040900
2025-08-22,177.55458068847656,177.99000549316406,0.0,178.58999633789062,171.1999969482422,172.61000061035156,0.0,172789400
2025-08-25,179.37013244628906,179.80999755859375,0.0,181.91000366210938,176.57000732421875,178.35000610351562,0.0,163012800
2025-08-26,181.32533264160156,181.77000427246094,0.0,182.38999938964844,178.80999755859375,180.05999755859375,0.0,168688200
2025-08-27,181.15574645996094,181.60000610351562,0.0,182.49000549316406,179.10000610351562,181.97999572753906,0.0,235518900
2025-08-28,179.72921752929688,180.1699981689453,0.0,184.47000122070312,176.41000366210938,180.82000732421875,0.0,281787800
2025-08-29,173.75389099121094,174.17999267578125,0.0,178.14999389648438,173.14999389648438,178.11000061035156,0.0,243257900
2025-09-02,170.3622283935547,170.77999877929688,0.0,172.3800048828125,167.22000122070312,170.0,0.0,231164900
2025-09-03,170.2025909423828,170.6199951171875,0.0,172.41000366210938,168.8800048828125,171.05999755859375,0.0,164424900
2025-09-04,171.2400665283203,171.66000366210938,0.0,171.86000061035156,169.41000366210938,170.57000732421875,0.0,141670100
2025-09-05,166.61141967773438,167.02000427246094,0.0,169.02999877929688,164.07000732421875,168.02999877929688,0.0,224441400
2025-09-08,167.89825439453125,168.30999755859375,0.0,170.9600067138672,167.35000610351562,167.5500030517578,0.0,163769100
2025-09-09,170.34226989746094,170.75999450683594,0.0,170.97999572753906,166.74000549316406,169.08999633789062,0.0,157548400
2025-09-10,176.8961944580078,177.3300018310547,0.0,179.2899932861328,175.47000122070312,176.63999938964844,0.0,226852000
2025-09-11,176.7465362548828,177.1699981689453,0.01,180.27999877929688,176.47999572753906,179.67999267578125,0.0,151159300
2025-09-12,177.39501953125,177.82000732421875,0.0,178.60000610351562,176.4499969482422,177.77000427246094,0.0,124911000
2025-09-15,177.32516479492188,177.75,0.0,178.85000610351562,174.50999450683594,175.6699981689453,0.0,147061600
2025-09-16,174.4620361328125,174.8800048828125,0.0,177.5,174.3800048828125,177.0,0.0,140737800
2025-09-17,169.88296508789062,170.2899932861328,0.0,173.1999969482422,168.41000366210938,172.63999938964844,0.0,211843800
2025-09-18,175.8187713623047,176.24000549316406,0.0,177.10000610351562,172.9600067138672,173.97999572753906,0.0,191763300
2025-09-19,176.24774169921875,176.6699981689453,0.0,178.0800018310547,175.17999267578125,175.77000427246094,0.0,237182100
2025-09-22,183.17115783691406,183.61000061035156,0.0,184.5500030517578,174.7100067138672,175.3000030517578,0.0,269637000
2025-09-23,178.0035400390625,178.42999267578125,0.0,182.4199981689453,176.2100067138672,181.97000122070312,0.0,192559600
2025-09-24,176.54702758789062,176.97000122070312,0.0,179.77999877929688,175.39999389648438,179.77000427246094,0.0,143564100
2025-09-25,177.2653045654297,177.69000244140625,0.0,180.25999450683594,173.1300048828125,174.47999572753906,0.0,191586700
2025-09-26,177.7641143798828,178.19000244140625,0.0,179.77000427246094,174.92999267578125,178.1699981689453,0.0,148573700
2025-09-29,181.41537475585938,181.85000610351562,0.0,184.0,180.32000732421875,180.42999267578125,0.0,193063500
2025-09-30,186.13406372070312,186.5800018310547,0.0,187.35000610351562,181.47999572753906,182.0800018310547,0.0,236981000
2025-10-01,186.79248046875,187.24000549316406,0.0,188.13999938964844,183.89999389648438,185.24000549316406,0.0,173844900
2025-10-02,188.4385528564453,188.88999938964844,0.0,191.0500030517578,188.05999755859375,189.60000610351562,0.0,136805800
2025-10-03,187.17156982421875,187.6199951171875,0.0,190.36000061035156,185.3800048828125,189.19000244140625,0.0,137596900
2025-10-06,185.09654235839844,185.5399932861328,0.0,187.22999572753906,183.3300018310547,185.5,0.0,157678100
2025-10-07,184.5977325439453,185.0399932861328,0.0,189.05999755859375,184.0,186.22999572753906,0.0,140088000
2025-10-08,188.65802001953125,189.11000061035156,0.0,189.60000610351562,186.5399932861328,186.57000732421875,0.0,130168900
2025-10-09,192.1097412109375,192.57000732421875,0.0,195.3000030517578,191.05999755859375,192.22999572753906,0.0,182997200
2025-10-10,182.7222442626953,183.16000366210938,0.0,195.6199951171875,182.0500030517578,193.50999450683594,0.0,268774400
2025-10-13,187.8699188232422,188.32000732421875,0.0,190.11000061035156,185.9600067138672,187.97000122070312,0.0,153482800
2025-10-14,179.59971618652344,180.02999877929688,0.0,184.8000030517578,179.6999969482422,184.77000427246094,0.0,205641400
2025-10-15,179.40020751953125,179.8300018310547,0.0,184.8699951171875,177.2899932861328,184.8000030517578,0.0,214450500
2025-10-16,181.37545776367188,181.80999755859375,0.0,183.27999877929688,179.77000427246094,182.22999572753906,0.0,179723300
2025-10-17,182.7821044921875,183.22000122070312,0.0,184.10000610351562,179.75,180.17999267578125,0.0,173135200
2025-10-20,182.20347595214844,182.63999938964844,0.0,185.1999969482422,181.72999572753906,183.1300048828125,0.0,128544700
2025-10-21,180.72702026367188,181.16000366210938,0.0,182.7899932861328,179.8000030517578,182.7899932861328,0.0,124240200
2025-10-22,179.84912109375,180.27999877929688,0.0,183.44000244140625,176.75999450683594,181.13999938964844,0.0,162249600
2025-10-23,181.724609375,182.16000366210938,0.0,183.02999877929688,179.7899932861328,180.4199981689453,0.0,111363700
2025-10-24,185.8148193359375,186.25999450683594,0.0,187.47000122070312,183.5,183.83999633789062,0.0,131296700
2025-10-27,191.03231811523438,191.49000549316406,0.0,192.0,188.42999267578125,189.99000549316406,0.0,153452700
2025-10-28,200.54953002929688,201.02999877929688,0.0,203.14999389648438,191.91000366210938,193.0500030517578,0.0,297986200
2025-10-29,206.54515075683594,207.0399932861328,0.0,212.19000244140625,204.77999877929688,207.97999572753906,0.0,308829600
2025-10-30,202.4050750732422,202.88999938964844,0.0,206.16000366210938,201.41000366210938,205.14999389648438,0.0,178864400
2025-10-31,202.0060272216797,202.49000549316406,0.0,207.97000122070312,202.07000732421875,206.4499969482422,0.0,179802200
2025-11-03,206.38555908203125,206.8800048828125,0.0,211.33999633789062,205.55999755859375,208.0800018310547,0.0,180267300
2025-11-04,198.21511840820312,198.69000244140625,0.0,203.97000122070312,197.92999267578125,203.0,0.0,188919300
2025-11-05,194.74343872070312,195.2100067138672,0.0,202.9199981689453,194.64999389648438,198.77000427246094,0.0,171350300
2025-11-06,187.63047790527344,188.0800018310547,0.0,197.6199951171875,186.3800048828125,196.4199981689453,0.0,223029800
2025-11-07,187.70028686523438,188.14999389648438,0.0,188.32000732421875,178.91000366210938,184.89999389648438,0.0,264942300
2025-11-10,198.5742645263672,199.0500030517578,0.0,199.94000244140625,193.7899932861328,195.11000061035156,0.0,198897100
2025-11-11,192.6983184814453,193.16000366210938,0.0,195.4199981689453,191.3000030517578,195.16000366210938,0.0,176483300
2025-11-12,193.3367919921875,193.8000030517578,0.0,195.88999938964844,191.1300048828125,195.72000122070312,0.0,154935300
2025-11-13,186.41339111328125,186.86000061035156,0.0,191.44000244140625,183.85000610351562,191.0500030517578,0.0,207423100
2025-11-14,189.71546936035156,190.1699981689453,0.0,191.00999450683594,180.5800018310547,182.86000061035156,0.0,186591900
2025-11-17,186.15402221679688,186.60000610351562,0.0,189.0,184.32000732421875,185.97000122070312,0.0,173628900
2025-11-18,180.92654418945312,181.36000061035156,0.0,184.8000030517578,179.64999389648438,183.3800048828125,0.0,213598900
2025-11-19,186.07420349121094,186.52000427246094,0.0,187.86000061035156,182.8300018310547,184.7899932861328,0.0,247246400
2025-11-20,180.208251953125,180.63999938964844,0.0,196.0,179.85000610351562,195.9499969482422,0.0,343504800
2025-11-21,178.4524688720703,178.8800048828125,0.0,184.55999755859375,172.92999267578125,181.24000549316406,0.0,346926200
2025-11-24,182.11370849609375,182.5500030517578,0.0,183.5,176.47999572753906,179.49000549316406,0.0,256618300
2025-11-25,177.39501953125,177.82000732421875,0.0,178.16000366210938,169.5500030517578,174.91000366210938,0.0,320600300
2025-11-26,179.8291473388672,180.25999450683594,0.0,182.91000366210938,178.24000549316406,181.6300048828125,0.0,183852000
2025-11-28,176.57696533203125,177.0,0.0,179.2899932861328,176.5,179.00999450683594,0.0,121332800
2025-12-01,179.48995971679688,179.9199981689453,0.0,180.3000030517578,173.67999267578125,174.75999450683594,0.0,188131000
2025-12-02,181.02630615234375,181.4600067138672,0.0,185.66000366210938,180.0,181.75999450683594,0.0,182632200
2025-12-03,179.16078186035156,179.58999633789062,0.0,182.4499969482422,179.11000061035156,181.0800018310547,0.0,165138000
2025-12-04,182.95188903808594,183.3800048828125,0.01,184.52000427246094,179.9600067138672,181.6199951171875,0.0,167364900
2025-12-05,181.98414611816406,182.41000366210938,0.0,184.66000366210938,180.91000366210938,183.88999938964844,0.0,143971100
2025-12-08,185.1168212890625,185.5500030517578,0.0,188.0,182.39999389648438,182.63999938964844,0.0,204378100
2025-12-09,184.53817749023438,184.97000122070312,0.0,185.72000122070312,183.32000732421875,185.55999755859375,0.0,144719700
2025-12-10,183.35096740722656,183.77999877929688,0.0,185.47999572753906,182.0399932861328,184.97000122070312,0.0,162785400
2025-12-11,180.50759887695312,180.92999267578125,0.0,181.32000732421875,176.6199951171875,180.27999877929688,0.0,182136600
2025-12-12,174.61141967773438,175.02000427246094,0.0,182.82000732421875,174.6199951171875,181.11000061035156,0.0,204274900
2025-12-15,175.87843322753906,176.2899932861328,0.0,178.4199981689453,175.02999877929688,177.94000244140625,0.0,164775600
2025-12-16,177.3050994873047,177.72000122070312,0.0,178.49000549316406,174.89999389648438,176.25999450683594,0.0,148588100
2025-12-17,170.54092407226562,170.94000244140625,0.0,176.1300048828125,170.30999755859375,176.10000610351562,0.0,222775500
2025-12-18,173.73345947265625,174.13999938964844,0.0,176.14999389648438,171.82000732421875,174.52999877929688,0.0,176096000
2025-12-19,180.56748962402344,180.99000549316406,0.0,181.4499969482422,176.33999633789062,176.6699981689453,0.0,324925900
2025-12-22,183.26116943359375,183.69000244140625,0.0,184.16000366210938,182.35000610351562,183.9199981689453,0.0,129064400
2025-12-23,188.76829528808594,189.2100067138672,0.0,189.3300018310547,182.89999389648438,182.97000122070312,0.0,174873600
2025-12-24,188.169677734375,188.61000061035156,0.0,188.91000366210938,186.58999633789062,187.94000244140625,0.0,65528500
2025-12-26,190.085205078125,190.52999877929688,0.0,192.69000244140625,188.0,189.9199981689453,0.0,139740300
2025-12-29,187.7805938720703,188.22000122070312,0.0,188.75999450683594,185.91000366210938,187.7100067138672,0.0,120006100
2025-12-30,187.1021728515625,187.5399932861328,0.0,188.99000549316406,186.92999267578125,188.24000549316406,0.0,97687300
2025-12-31,186.06460571289062,186.5,0.0,190.55999755859375,186.49000549316406,189.57000732421875,0.0,120100500
2026-01-02,188.4091339111328,188.85000610351562,0.0,192.92999267578125,188.25999450683594,189.83999633789062,0.0,148240500
2026-01-05,187.68081665039062,188.1199951171875,0.0,193.6300048828125,186.14999389648438,191.75999450683594,0.0,183529700
2026-01-06,186.80288696289062,187.24000549316406,0.0,192.1699981689453,186.82000732421875,190.52000427246094,0.0,176862600
2026-01-07,188.66851806640625,189.11000061035156,0.0,191.3699951171875,186.55999755859375,188.57000732421875,0.0,153543200
2026-01-08,184.60801696777344,185.0399932861328,0.0,189.5500030517578,183.7100067138672,189.11000061035156,0.0,172457000
2026-01-09,184.42843627929688,184.86000061035156,0.0,186.33999633789062,183.6699981689453,185.0800018310547,0.0,131327500
2026-01-12,184.5082550048828,184.94000244140625,0.0,187.1199951171875,183.02000427246094,183.22000122070312,0.0,137968500
2026-01-13,185.37620544433594,185.80999755859375,0.0,188.11000061035156,183.39999389648438,185.0,0.0,160128900
2026-01-14,182.71246337890625,183.13999938964844,0.0,184.4600067138672,180.8000030517578,184.32000732421875,0.0,159586100
2026-01-15,186.6133270263672,187.0500030517578,0.0,189.6999969482422,186.3300018310547,186.5,0.0,206188600
2026-01-16,185.7952423095703,186.22999572753906,0.0,190.44000244140625,186.0800018310547,189.0800018310547,0.0,187967200
2026-01-20,177.65431213378906,178.07000732421875,0.0,182.3800048828125,177.61000061035156,181.89999389648438,0.0,223345300
2026-01-21,182.89202880859375,183.32000732421875,0.0,185.3800048828125,178.39999389648438,179.0500030517578,0.0,200381000
2026-01-22,184.40847778320312,184.83999633789062,0.0,186.1699981689453,183.92999267578125,184.75,0.0,139636600
2026-01-23,187.23187255859375,187.6699981689453,0.0,189.60000610351562,186.82000732421875,187.5,0.0,142748100
2026-01-26,186.03468322753906,186.47000122070312,0.0,189.1199951171875,185.99000549316406,187.16000366210938,0.0,124799600
2026-01-27,188.07989501953125,188.52000427246094,0.0,190.0,185.6999969482422,187.24000549316406,0.0,143711600
2026-01-28,191.0728759765625,191.52000427246094,0.0,192.35000610351562,189.83999633789062,191.27000427246094,0.0,148552700
2026-01-29,192.06057739257812,192.50999450683594,0.0,193.47999572753906,186.05999755859375,191.33999633789062,0.0,171764400
2026-01-30,190.68380737304688,191.1300048828125,0.0,194.49000549316406,189.47000122070312,191.2100067138672,0.0,179489500
2026-02-02,185.1766815185547,185.61000061035156,0.0,190.3000030517578,184.8800048828125,187.1999969482422,0.0,165794100
2026-02-03,179.91897583007812,180.33999633789062,0.0,186.27000427246094,176.22999572753906,186.24000549316406,0.0,204019600
2026-02-04,173.78335571289062,174.19000244140625,0.0,179.5800018310547,171.91000366210938,179.4600067138672,0.0,207014100
2026-02-05,171.47874450683594,171.8800048828125,0.0,176.82000732421875,171.02999877929688,174.92999267578125,0.0,206312900
2026-02-06,184.9771728515625,185.41000366210938,0.0,187.0,174.60000610351562,176.69000244140625,0.0,231346200
2026-02-09,189.59632873535156,190.0399932861328,0.0,193.66000366210938,183.9499969482422,184.25999450683594,0.0,196387400
2026-02-10,188.099853515625,188.5399932861328,0.0,192.47999572753906,188.1199951171875,191.3800048828125,0.0,136764800
2026-02-11,189.6063232421875,190.0500030517578,0.0,193.25999450683594,188.77000427246094,192.4499969482422,0.0,144192700
2026-02-12,186.5035858154297,186.94000244140625,0.0,193.61000061035156,186.50999450683594,193.02999877929688,0.0,189932500
2026-02-13,182.3832244873047,182.80999755859375,0.0,187.5,181.58999633789062,187.47999572753906,0.0,161888000
2026-02-17,184.53817749023438,184.97000122070312,0.0,187.14999389648438,179.17999267578125,181.75,0.0,162276900
2026-02-18,187.5411376953125,187.97999572753906,0.0,190.3699951171875,186.75999450683594,188.75,0.0,164749100
2026-02-19,187.46133422851562,187.89999389648438,0.0,188.42999267578125,185.66000366210938,187.05999755859375,0.0,126554500
2026-02-20,189.37686157226562,189.82000732421875,0.0,190.3300018310547,185.94000244140625,186.57000732421875,0.0,178422300
2026-02-23,191.10281372070312,191.5500030517578,0.0,193.9499969482422,189.5800018310547,191.39999389648438,0.0,171584800
2026-02-24,192.39979553222656,192.85000610351562,0.0,193.77000427246094,187.39999389648438,191.49000549316406,0.0,175123600
2026-02-25,195.10345458984375,195.55999755859375,0.0,197.6300048828125,193.7899932861328,194.4499969482422,0.0,250637100
2026-02-26,184.4583740234375,184.88999938964844,0.0,194.2899932861328,184.32000732421875,194.27000427246094,0.0,360807900
2026-02-27,176.77635192871094,177.19000244140625,0.0,182.58999633789062,176.3800048828125,181.25,0.0,311636500
2026-03-02,182.05398559570312,182.47999572753906,0.0,183.4600067138672,174.63999938964844,175.00999450683594,0.0,209095300
2026-03-03,179.62966918945312,180.0500030517578,0.0,180.89999389648438,176.9199981689453,178.49000549316406,0.0,178099400
2026-03-04,182.6126708984375,183.0399932861328,0.0,184.6999969482422,180.05999755859375,180.44000244140625,0.0,177731200
2026-03-05,182.91197204589844,183.33999633789062,0.0,184.05999755859375,177.8800048828125,181.1699981689453,0.0,198779700
2026-03-06,177.40489196777344,177.82000732421875,0.0,182.75999450683594,176.82000732421875,179.83999633789062,0.0,189021900
2026-03-09,182.2235870361328,182.64999389648438,0.0,182.91000366210938,175.55999755859375,176.8300018310547,0.0,177213600
2026-03-10,184.33863830566406,184.77000427246094,0.0,186.44000244140625,182.00999450683594,182.39999389648438,0.0,179118500
2026-03-11,185.60574340820312,186.02999877929688,0.01,187.6199951171875,184.4499969482422,185.91000366210938,0.0,145280400
2026-03-12,182.72235107421875,183.13999938964844,0.0,184.94000244140625,181.75,184.0500030517578,0.0,155762700
2026-03-13,179.83892822265625,180.25,0.0,186.08999633789062,179.94000244140625,184.9199981689453,0.0,160988400
2026-03-16,182.8021697998047,183.22000122070312,0.0,188.8800048828125,181.41000366210938,182.97000122070312,0.0,217307400
2026-03-17,181.5150909423828,181.92999267578125,0.0,185.39999389648438,181.67999267578125,185.05999755859375,0.0,182497800
2026-03-18,179.98858642578125,180.39999389648438,0.0,183.3800048828125,180.3300018310547,182.47999572753906,0.0,156683100
2026-03-19,178.1527862548828,178.55999755859375,0.0,179.97999572753906,175.7899932861328,178.00999450683594,0.0,170968500
2026-03-20,172.30613708496094,172.6999969482422,0.0,178.25999450683594,171.72000122070312,178.0,0.0,241323500
2026-03-23,175.23944091796875,175.63999938964844,0.0,178.3699951171875,174.75999450683594,177.25999450683594,0.0,182836300
2026-03-24,174.80044555664062,175.1999969482422,0.0,176.22000122070312,173.97999572753906,174.8300018310547,0.0,147667800
2026-03-25,178.2725067138672,178.67999267578125,0.0,181.22000122070312,176.85000610351562,177.10000610351562,0.0,162602100
2026-03-26,170.8494873046875,171.24000549316406,0.0,176.50999450683594,171.13999938964844,176.07000732421875,0.0,186152200
2026-03-27,167.13795471191406,167.52000427246094,0.0,170.97000122070312,167.00999450683594,170.0,0.0,196212700
2026-03-30,164.79331970214844,165.1699981689453,0.0,169.4499969482422,164.27000427246094,168.77999877929688,0.0,185627000
2026-03-31,174.0022735595703,174.39999389648438,0.0,174.6199951171875,166.9600067138672,166.97000122070312,0.0,226181300
2026-04-01,175.3491973876953,175.75,0.0,177.3699951171875,174.75,176.0,0.0,168132000
2026-04-02,176.98544311523438,177.38999938964844,0.0,177.49000549316406,171.3699951171875,172.17999267578125,0.0,143143200
2026-04-06,177.23487854003906,177.63999938964844,0.0,177.7899932861328,175.75999450683594,177.16000366210938,0.0,107564300
2026-04-07,177.69383239746094,178.10000610351562,0.0,178.22999572753906,173.66000366210938,175.72999572753906,0.0,132534900
2026-04-08,181.66476440429688,182.0800018310547,0.0,185.25999450683594,180.3000030517578,184.5,0.0,147732700
2026-04-09,183.49058532714844,183.91000366210938,0.0,184.0800018310547,180.6199951171875,181.83999633789062,0.0,116428500
2026-04-10,188.1998291015625,188.6300048828125,0.0,190.0,184.3000030517578,184.30999755859375,0.0,160459500
2026-04-13,188.87826538085938,189.30999755859375,0.0,189.66000366210938,185.74000549316406,186.02999877929688,0.0,133648200
2026-04-14,196.0618438720703,196.50999450683594,0.0,196.50999450683594,190.77000427246094,190.83999633789062,0.0,161307000
2026-04-15,198.41647338867188,198.8699951171875,0.0,200.39999389648438,195.74000549316406,196.5399932861328,0.0,185338400
2026-04-16,197.8976593017578,198.35000610351562,0.0,199.85000610351562,195.80999755859375,197.42999267578125,0.0,134012900
2026-04-17,201.2200469970703,201.67999267578125,0.0,201.6999969482422,199.27000427246094,199.89999389648438,0.0,160324400
2026-04-20,201.59918212890625,202.05999755859375,0.0,202.1699981689453,197.83999633789062,199.97999572753906,0.0,119381400
2026-04-21,199.42417907714844,199.8800048828125,0.0,202.75,199.0,202.1300048828125,0.0,107945300
2026-04-22,202.03819274902344,202.5,0.0,202.5,199.0,200.99000549316406,0.0,107501000
2026-04-23,199.18470764160156,199.63999938964844,0.0,203.8300018310547,197.22000122070312,202.4600067138672,0.0,113561800
2026-04-24,207.79502868652344,208.27000427246094,0.0,210.9499969482422,199.80999755859375,199.9600067138672,0.0,214134400
2026-04-27,216.1160125732422,216.61000061035156,0.0,216.8300018310547,207.3800048828125,209.64999389648438,0.0,187172400
2026-04-28,212.68385314941406,213.1699981689453,0.0,214.72999572753906,208.1999969482422,209.49000549316406,0.0,180275400
2026-04-29,208.77279663085938,209.25,0.0,212.72000122070312,207.5800018310547,212.6999969482422,0.0,123711800
2026-04-30,199.11488342285156,199.57000732421875,0.0,210.3000030517578,198.6999969482422,209.92999267578125,0.0,225239200
2026-05-01,197.99742126464844,198.4499969482422,0.0,203.0,197.1199951171875,201.27999877929688,0.0,128647000
2026-05-04,198.02734375,198.47999572753906,0.0,201.72999572753906,194.74000549316406,199.5,0.0,125368100
2026-05-05,196.05186462402344,196.5,0.0,200.24000549316406,196.02999877929688,199.3000030517578,0.0,113406600
2026-05-06,207.3560333251953,207.8300018310547,0.0,208.27000427246094,198.61000061035156,199.88999938964844,0.0,188362800
2026-05-07,211.01766967773438,211.5,0.0,214.1999969482422,206.5,208.33999633789062,0.0,168307900
2026-05-08,214.709228515625,215.1999969482422,0.0,217.8000030517578,212.88999938964844,213.02999877929688,0.0,136421400
2026-05-11,218.93955993652344,219.44000244140625,0.0,222.3000030517578,213.88999938964844,214.0399932861328,0.0,160685800
2026-05-12,220.27650451660156,220.77999877929688,0.0,223.75,214.9199981689453,218.5500030517578,0.0,159176600
2026-05-13,225.3149871826172,225.8300018310547,0.0,227.83999633789062,221.57000732421875,224.92999267578125,0.0,150405400
2026-05-14,235.202392578125,235.74000549316406,0.0,236.5399932861328,229.3000030517578,229.85000610351562,0.0,180782900
2026-05-15,224.80616760253906,225.32000732421875,0.0,231.5,224.24000549316406,229.75999450683594,0.0,180977600
2026-05-18,221.81300354003906,222.32000732421875,0.0,230.0,218.3699951171875,229.8699951171875,0.0,146280900
2026-05-19,220.1068878173828,220.61000061035156,0.0,224.47999572753906,217.91000366210938,219.6199951171875,0.0,140948200
2026-05-20,222.9603729248047,223.47000122070312,0.0,226.1300048828125,220.5,223.17999267578125,0.0,184201600
2026-05-21,219.0093994140625,219.50999450683594,0.0,227.39999389648438,217.92999267578125,222.2899932861328,0.0,203381800
2026-05-22,214.83892822265625,215.3300018310547,0.0,221.00999450683594,214.8000030517578,220.89999389648438,0.0,169275700
2026-05-26,214.37001037597656,214.86000061035156,0.0,218.17999267578125,212.0,216.5399932861328,0.0,187202600
2026-05-27,212.1151580810547,212.60000610351562,0.0,214.14999389648438,208.77999877929688,214.1199951171875,0.0,167601200
2026-05-28,213.76138305664062,214.25,0.0,215.52000427246094,211.22000122070312,211.27999877929688,0.0,143996000
2026-05-29,210.6584930419922,211.13999938964844,0.0,217.86000061035156,211.1300048828125,214.5800018310547,0.0,289410600
2026-06-01,223.8483428955078,224.36000061035156,0.0,224.8699951171875,215.6999969482422,215.72999572753906,0.0,212850700
2026-06-02,222.3118438720703,222.82000732421875,0.0,232.27999877929688,221.35000610351562,227.17999267578125,0.0,193362900
2026-06-03,214.26025390625,214.75,0.0,222.82000732421875,214.50999450683594,221.72000122070312,0.0,160907000
2026-06-04,218.4156036376953,218.66000366210938,0.25,221.60000610351562,210.97000122070312,213.91000366210938,0.0,169022200
2026-06-05,204.87075805664062,205.10000610351562,0.0,214.8699951171875,204.3300018310547,214.52999877929688,0.0,219655500
2026-06-08,208.40679931640625,208.63999938964844,0.0,210.47000122070312,206.0,210.17999267578125,0.0,138372800
2026-06-09,207.95730590820312,208.19000244140625,0.0,211.39999389648438,199.33999633789062,210.6199951171875,0.0,180962500
2026-06-10,200.19598388671875,200.4199981689453,0.0,207.22000122070312,199.9199981689453,204.42999267578125,0.0,161746600
2026-06-11,204.64100646972656,204.8699951171875,0.0,205.66000366210938,199.5399932861328,201.49000549316406,0.0,158643200
2026-06-12,204.96066284179688,205.19000244140625,0.0,207.07000732421875,203.44000244140625,204.86000061035156,0.0,112001800
2026-06-15,212.21253967285156,212.4499969482422,0.0,212.7100067138672,208.33999633789062,208.9199981689453,0.0,149936700
2026-06-16,207.1781768798828,207.41000366210938,0.0,211.49000549316406,207.2899932861328,211.17999267578125,0.0,125694100
2026-06-17,204.42124938964844,204.64999389648438,0.0,209.2100067138672,203.0800018310547,208.52999877929688,0.0,128363500
2026-06-18,210.4545135498047,210.69000244140625,0.0,211.38999938964844,206.5,207.3300018310547,0.0,241272000
2026-06-22,208.41677856445312,208.64999389648438,0.0,213.99000549316406,207.72000122070312,211.44000244140625,0.0,122041400
2026-06-23,199.81640625,200.0399932861328,0.0,203.77000427246094,200.0,202.1699981689453,0.0,153496200
2026-06-24,198.77757263183594,199.0,0.0,201.6699981689453,196.5800018310547,200.1199951171875,0.0,151810700
2026-06-25,195.52122497558594,195.74000549316406,0.0,200.8000030517578,192.1300048828125,200.0800018310547,0.0,149550000
2026-06-26,192.31480407714844,192.52999877929688,0.0,195.5500030517578,191.22000122070312,193.1199951171875,0.0,179304100
2026-06-29,194.7520751953125,194.97000122070312,0.0,196.17999267578125,189.8000030517578,193.85000610351562,0.0,148835700
2026-06-30,199.86634826660156,200.08999633789062,0.0,200.6300048828125,195.11000061035156,197.24000549316406,0.0,166476700
2026-07-01,197.35916137695312,197.5800018310547,0.0,199.85000610351562,193.4499969482422,196.1999969482422,0.0,146147600
2026-07-02,194.61224365234375,194.8300018310547,0.0,200.05999755859375,192.35000610351562,197.13999938964844,0.0,142068700
2026-07-06,195.33143615722656,195.5500030517578,0.0,197.5500030517578,193.99000549316406,194.4199981689453,0.0,108999000
2026-07-07,196.7098846435547,196.92999267578125,0.0,198.41000366210938,191.13999938964844,192.3699951171875,0.0,124154600
2026-07-08,203.891845703125,204.1199951171875,0.0,205.16000366210938,195.05999755859375,195.17999267578125,0.0,147419100
2026-07-09,202.5533447265625,202.77999877929688,0.0,204.58999633789062,198.9600067138672,204.4600067138672,0.0,132037400
2026-07-10,210.72421264648438,210.9600067138672,0.0,211.0,201.9199981689453,202.0,0.0,148421000
2026-07-13,203.30250549316406,203.52999877929688,0.0,210.57000732421875,203.0,208.5399932861328,0.0,121411000
2026-07-14,211.5632781982422,211.8000030517578,0.0,212.5500030517578,203.8000030517578,208.1999969482422,0.0,124379600
2026-07-15,212.26248168945312,212.5,0.0,213.80999755859375,206.0399932861328,211.9600067138672,0.0,124797200
2026-07-16,207.16818237304688,207.39999389648438,0.0,211.0800018310547,205.85000610351562,210.1699981689453,0.0,122986100
2026-07-17,202.58331298828125,202.80999755859375,0.0,206.64999389648438,197.97000122070312,202.63999938964844,0.0,144281900
2026-07-20,203.05279541015625,203.27999877929688,0.0,207.74000549316406,202.27999877929688,205.8699951171875,0.0,88701500
2026-07-21,207.0583038330078,207.2899932861328,0.0,208.64999389648438,204.00999450683594,207.5399932861328,0.0,108685600
2026-07-22,211.82298278808594,212.05999755859375,0.0,214.38999938964844,204.9499969482422,205.80999755859375,0.0,137645600
2026-07-23,208.5266571044922,208.75999450683594,0.0,210.8699951171875,205.9600067138672,209.4600067138672,0.0,110505300
2026-07-24,206.6088104248047,206.83999633789062,0.0,211.91000366210938,204.80999755859375,207.4499969482422,0.0,114836800
2026-07-27,196.2903594970703,196.50999450683594,0.0,208.75,195.44000244140625,208.1999969482422,0.0,154353700
2026-07-28,196.789794921875,197.00999450683594,0.0,198.6999969482422,192.74000549316406,195.0,0.0,134111500
2026-07-29,189.79762268066406,190.00999450683594,0.0,197.07000732421875,190.00999450683594,195.85000610351562,0.0,147680800
2026-07-30,194.82199096679688,195.0399932861328,0.0,197.25,191.52000427246094,193.4499969482422,0.0,129010200
2026-07-31,200.52561950683594,200.75,0.0,202.0,194.9499969482422,198.44000244140625,0.0,139961200
2026-08-03,206.40904235839844,206.63999938964844,0.0,208.74000549316406,196.85000610351562,197.69000244140625,0.0,128406900
2026-08-04,211.70310974121094,211.94000244140625,0.0,213.05999755859375,209.0500030517578,211.3000030517578,0.0,134922000
2026-08-05,218.9749755859375,219.22000122070312,0.0,222.22000122070312,216.39999389648438,216.86000061035156,0.0,158187400
2026-08-06,218.7452392578125,218.99000549316406,0.0,223.6300048828125,217.0,221.52999877929688,0.0,113940600
2026-08-07,223.70968627929688,223.9600067138672,0.0,224.75999450683594,220.66000366210938,221.5399932861328,0.0,105669400
2026-08-10,217.3068389892578,217.5500030517578,0.0,224.13999938964844,216.77000427246094,223.39999389648438,0.0,115846600
2026-08-11,217.25689697265625,217.5,0.0,222.1999969482422,216.1999969482422,222.1699981689453,0.0,101273100
2026-08-12,223.8395233154297,224.08999633789062,0.0,225.10000610351562,220.1999969482422,221.0399932861328,0.0,108783600
2026-08-13,225.04818725585938,225.3000030517578,0.0,227.22999572753906,223.7100067138672,225.05999755859375,0.0,98867200
2026-08-14,224.90834045410156,225.16000366210938,0.0,227.49000549316406,224.5,226.77000427246094,0.0,75680900
2026-08-17,224.7584991455078,225.00999450683594,0.0,227.9199981689453,224.86000061035156,225.97999572753906,0.0,93678700
2026-08-18,219.49440002441406,219.74000549316406,0.0,221.63999938964844,218.69000244140625,220.4499969482422,0.0,103128200
2026-08-19,217.31683349609375,217.55999755859375,0.0,222.8699951171875,216.75999450683594,221.6699981689453,0.0,96797300
2026-08-20,216.60763549804688,216.85000610351562,0.0,219.86000061035156,215.66000366210938,218.36000061035156,0.0,92457000
2026-08-21,214.48001098632812,214.72000122070312,0.0,218.74000549316406,214.5,218.4199981689453,0.0,98869300
2026-08-24,208.24697875976562,208.47999572753906,0.0,215.58999633789062,207.25,215.52999877929688,0.0,135187300
2026-08-25,212.81187438964844,213.0500030517578,0.0,214.72999572753906,210.11000061035156,211.02999877929688,0.0,122309000
2026-08-26,209.4256591796875,209.66000366210938,0.0,213.60000610351562,209.22999572753906,212.63999938964844,0.0,179900000
2026-08-27,227.7251739501953,227.97999572753906,0.0,230.47000122070312,220.89999389648438,222.86000061035156,0.0,298909800
2026-08-28,217.3068389892578,217.5500030517578,0.0,229.25999450683594,216.80999755859375,227.36000061035156,0.0,195116400
2026-08-31,220.53323364257812,220.77999877929688,0.0,221.3000030517578,216.2100067138672,218.8699951171875,0.0,124702700
2026-09-01,217.1969757080078,217.44000244140625,0.0,220.41000366210938,215.10000610351562,216.75,0.0,109756200
2026-09-02,224.1591796875,224.41000366210938,0.0,227.9499969482422,218.47999572753906,218.7899932861328,0.0,157104700
2026-09-03,228.1946563720703,228.4499969482422,0.0,230.39999389648438,224.75,226.02000427246094,0.0,134681600
2026-09-04,230.10252380371094,230.36000061035156,0.0,234.75999450683594,229.6300048828125,231.08999633789062,0.0,135352400
2026-09-08,225.47769165039062,225.72999572753906,0.0,233.7100067138672,224.85000610351562,233.11000061035156,0.0,122965600
2026-09-09,223.4199981689453,223.6699981689453,0.0,226.17999267578125,223.4600067138672,225.27999877929688,0.0,82955500
2026-09-10,218.36000061035156,218.36000061035156,0.25,220.99000549316406,217.1999969482422,220.52999877929688,0.0,105768000
2026-09-11,218.2899932861328,218.2899932861328,0.0,222.0,218.14999389648438,221.24000549316406,0.0,89060100
2026-09-14,210.9600067138672,210.9600067138672,0.0,212.77000427246094,208.92999267578125,211.24000549316406,0.0,132267200
2026-09-15,212.1699981689453,212.1699981689453,0.0,213.94000244140625,211.16000366210938,213.3800048828125,0.0,88059700
2026-09-16,213.89999389648438,213.89999389648438,0.0,216.75999450683594,212.5,214.13999938964844,0.0,96563600
2026-09-17,219.33999633789062,219.33999633789062,0.0,219.91000366210938,217.14999389648438,218.3800048828125,0.0,94191300
2026-09-18,222.27000427246094,222.27000427246094,0.0,222.72999572753906,218.02999877929688,219.35000610351562,0.0,190287400
2026-09-21,227.3800048828125,227.3800048828125,0.0,228.5,221.55999755859375,222.94000244140625,0.0,109806100
2026-09-22,228.8699951171875,228.8699951171875,0.0,229.97999572753906,226.5,226.85000610351562,0.0,95746700
2026-09-23,225.50999450683594,225.50999450683594,0.0,228.9499969482422,224.02000427246094,228.02999877929688,0.0,89547300
2026-09-24,224.5800018310547,224.5800018310547,0.0,224.94000244140625,221.08999633789062,222.0800018310547,0.0,77469900
2026-09-25,225.07000732421875,225.07000732421875,0.0,226.94000244140625,223.1300048828125,225.1300048828125,0.0,89947700
2026-09-28,228.86000061035156,228.86000061035156,0.0,233.2100067138672,228.0399932861328,229.75,0.0,142344300
2026-09-29,227.2100067138672,227.2100067138672,0.0,232.82000732421875,227.02999877929688,230.97000122070312,0.0,101494900
2026-09-30,228.3800048828125,228.3800048828125,0.0,232.3699951171875,228.1699981689453,229.27000427246094,0.0,121732200
2026-10-01,230.86000061035156,230.86000061035156,0.0,232.2899932861328,228.16000366210938,229.97999572753906,0.0,98591400
2026-10-02,233.9499969482422,233.9499969482422,0.0,237.8800048828125,233.60000610351562,236.05999755859375,0.0,134914600
