Datetime,Adj Close,Close,Dividends,High,Low,Open,Stock Splits,Volume
2024-10-07 08:00:00+00:00,124.24,124.24,0.0,124.52,123.92,124.16,0.0,0
2024-10-07 09:00:00+00:00,123.08,123.08,0.0,124.37,123.01,124.23,0.0,0
2024-10-07 10:00:00+00:00,123.59,123.59,0.0,123.66,123.08,123.08,0.0,0
2024-10-07 11:00:00+00:00,124.11,124.11,0.0,124.19,123.55,123.62,0.0,0
2024-10-07 12:00:00+00:00,124.74,124.74,0.0,125.12,123.01,124.11,0.0,0
2024-10-07 13:00:00+00:00,124.97,124.97,0.0,125.03,124.26,124.779,0.0,0
2024-10-07 13:30:00+00:00,127.24500274658203,127.24500274658203,0.0,127.80999755859375,124.94999694824219,124.94999694824219,0.0,80097596
2024-10-07 14:30:00+00:00,128.5991973876953,128.5991973876953,0.0,128.61000061035156,126.51000213623047,127.24500274658203,0.0,47992679
2024-10-07 15:30:00+00:00,129.55630493164062,129.55630493164062,0.0,129.64999389648438,128.5500030517578,128.5998992919922,0.0,46140495
2024-10-07 16:30:00+00:00,129.42970275878906,129.42970275878906,0.0,129.6999969482422,128.80999755859375,129.5594024658203,0.0,29112870
2024-10-07 17:30:00+00:00,129.72999572753906,129.72999572753906,0.0,130.63999938964844,129.1699981689453,129.44979858398438,0.0,49595566
2024-10-07 18:30:00+00:00,128.2449951171875,128.2449951171875,0.0,129.7799072265625,127.94000244140625,129.72999572753906,0.0,43181861
2024-10-07 19:30:00+00:00,127.79000091552734,127.79000091552734,0.0,128.6199951171875,127.5199966430664,128.25,0.0,26902103
2024-10-07 20:00:00+00:00,128.16,128.16,0.0,128.47,121.445,127.77,0.0,0
2024-10-07 21:00:00+00:00,128.22,128.22,0.0,133.326,127.72,128.1695,0.0,0
2024-10-07 22:00:00+00:00,127.96,127.96,0.0,128.2785,127.72,128.2198,0.0,0
2024-10-07 23:00:00+00:00,128.1,128.1,0.0,128.1,127.91,127.95,0.0,0
2024-10-08 08:00:00+00:00,128.94,128.94,0.0,129.24,127.8,128.08,0.0,0
2024-10-08 09:00:00+00:00,129.6,129.6,0.0,129.6,128.61,128.97,0.0,0
2024-10-08 10:00:00+00:00,130.03,130.03,0.0,130.16,129.17,129.57,0.0,0
2024-10-08 11:00:00+00:00,130.26,130.26,0.0,130.49,129.62,130.01,0.0,0
2024-10-08 12:00:00+00:00,129.8,129.8,0.0,130.49,127.72,130.25,0.0,0
2024-10-08 13:00:00+00:00,130.24,130.24,0.0,130.4,125.135,129.81,0.0,0
2024-10-08 13:30:00+00:00,131.63980102539062,131.63980102539062,0.0,131.8800048828125,129.4199981689453,130.3300018310547,0.0,88240738
2024-10-08 14:30:00+00:00,131.8939971923828,131.8939971923828,0.0,132.9199981689453,131.53500366210938,131.63499450683594,0.0,53037326
2024-10-08 15:30:00+00:00,132.56500244140625,132.56500244140625,0.0,132.5749969482422,131.61000061035156,131.9001007080078,0.0,27024947
2024-10-08 16:30:00+00:00,132.0500030517578,132.0500030517578,0.0,132.69000244140625,131.6999969482422,132.55999755859375,0.0,21136447
2024-10-08 17:30:00+00:00,132.61929321289062,132.61929321289062,0.0,132.63059997558594,131.99989318847656,132.06410217285156,0.0,17193286
2024-10-08 18:30:00+00:00,133.2899932861328,133.2899932861328,0.0,133.3000030517578,132.27000427246094,132.61500549316406,0.0,32581100
2024-10-08 19:30:00+00:00,132.93600463867188,132.93600463867188,0.0,133.47999572753906,132.74400329589844,133.2899932861328,0.0,23691861
2024-10-08 20:00:00+00:00,132.52,132.52,0.0,132.94,132.49,132.94,0.0,0
2024-10-08 21:00:00+00:00,132.825,132.825,0.0,132.89,92.9379,132.52,0.0,0
2024-10-08 22:00:00+00:00,132.71,132.71,0.0,156.7755,82.0062,87.0808,0.0,0
2024-10-08 23:00:00+00:00,133.0,133.0,0.0,133.04,132.68,132.7205,0.0,0
2024-10-09 08:00:00+00:00,133.89,133.89,0.0,133.99,133.15,133.5,0.0,0
2024-10-09 09:00:00+00:00,134.5,134.5,0.0,134.85,133.7,133.89,0.0,0
2024-10-09 10:00:00+00:00,134.55,134.55,0.0,134.75,134.41,134.5,0.0,0
2024-10-09 11:00:00+00:00,134.57,134.57,0.0,134.79,134.2,134.5,0.0,0
2024-10-09 12:00:00+00:00,134.5038,134.5038,0.0,134.84,123.5751,134.57,0.0,0
2024-10-09 13:00:00+00:00,134.14,134.14,0.0,134.689,132.89,134.52,0.0,0
2024-10-09 13:30:00+00:00,133.9095001220703,133.9095001220703,0.0,134.3000030517578,131.3800048828125,134.2187957763672,0.0,87025783
2024-10-09 14:30:00+00:00,133.14059448242188,133.14059448242188,0.0,133.9600067138672,132.50999450683594,133.90499877929688,0.0,36984056
2024-10-09 15:30:00+00:00,132.30990600585938,132.30990600585938,0.0,133.42909240722656,131.47000122070312,133.14930725097656,0.0,31493459
2024-10-09 16:30:00+00:00,131.98500061035156,131.98500061035156,0.0,132.55999755859375,131.6699981689453,132.30340576171875,0.0,20003973
2024-10-09 17:30:00+00:00,132.6309051513672,132.6309051513672,0.0,132.67999267578125,131.47999572753906,131.98460388183594,0.0,21393569
2024-10-09 18:30:00+00:00,132.33090209960938,132.33090209960938,0.0,132.69000244140625,132.1199951171875,132.63999938964844,0.0,17609317
2024-10-09 19:30:00+00:00,132.625,132.625,0.0,132.83999633789062,132.30999755859375,132.3350067138672,0.0,16425633
2024-10-09 20:00:00+00:00,132.35,132.35,0.0,133.225,124.985,132.63,0.0,0
2024-10-09 21:00:00+00:00,132.34,132.34,0.0,134.0171,131.5215,132.36,0.0,0
2024-10-09 22:00:00+00:00,132.21,132.21,0.0,132.65,132.12,132.34,0.0,0
2024-10-09 23:00:00+00:00,132.14,132.14,0.0,132.36,123.23,132.2,0.0,0
2024-10-10 08:00:00+00:00,131.91,131.91,0.0,132.6,131.7,132.5,0.0,0
2024-10-10 09:00:00+00:00,131.75,131.75,0.0,131.93,131.35,131.86,0.0,0
2024-10-10 10:00:00+00:00,132.13,132.13,0.0,132.23,131.75,131.75,0.0,0
2024-10-10 11:00:00+00:00,132.42,132.42,0.0,132.489,131.9,132.15,0.0,0
2024-10-10 12:00:00+00:00,132.7,132.7,0.0,132.95,131.3904,132.41,0.0,0
2024-10-10 13:00:00+00:00,131.96,131.96,0.0,134.24,130.195,132.69,0.0,0
2024-10-10 13:30:00+00:00,134.26499938964844,134.26499938964844,0.0,134.2899932861328,131.30189514160156,131.52000427246094,0.0,73574479
2024-10-10 14:30:00+00:00,134.08009338378906,134.08009338378906,0.0,134.77000427246094,133.4600067138672,134.25999450683594,0.0,37325114
2024-10-10 15:30:00+00:00,134.38470458984375,134.38470458984375,0.0,135.0,133.94009399414062,134.0850067138672,0.0,27402661
2024-10-10 16:30:00+00:00,134.7957000732422,134.7957000732422,0.0,134.89999389648438,133.9499969482422,134.3699951171875,0.0,25312958
2024-10-10 17:30:00+00:00,134.33999633789062,134.33999633789062,0.0,134.97999572753906,134.1300048828125,134.80999755859375,0.0,18223135
2024-10-10 18:30:00+00:00,134.64500427246094,134.64500427246094,0.0,134.75,133.52000427246094,134.33140563964844,0.0,26083908
2024-10-10 19:30:00+00:00,134.8000030517578,134.8000030517578,0.0,134.85000610351562,134.16400146484375,134.63999938964844,0.0,17638828
2024-10-10 20:00:00+00:00,134.67,134.67,0.0,134.85,134.3953,134.83,0.0,0
2024-10-10 21:00:00+00:00,134.58,134.58,0.0,170.3116,85.1408,134.69,0.0,0
2024-10-10 22:00:00+00:00,134.68,134.68,0.0,134.79,134.58,134.58,0.0,0
2024-10-10 23:00:00+00:00,134.79,134.79,0.0,134.81,134.67,134.67,0.0,0
2024-10-11 08:00:00+00:00,134.22,134.22,0.0,134.89,133.9,134.82,0.0,0
2024-10-11 09:00:00+00:00,134.42,134.42,0.0,134.5,134.02,134.22,0.0,0
2024-10-11 10:00:00+00:00,134.79,134.79,0.0,134.84,134.33,134.42,0.0,0
2024-10-11 11:00:00+00:00,134.88,134.88,0.0,135.0,134.63,134.79,0.0,0
2024-10-11 12:00:00+00:00,134.73,134.73,0.0,134.99,133.9024,134.89,0.0,0
2024-10-11 13:00:00+00:00,134.04,134.04,0.0,134.99,134.0,134.71,0.0,0
2024-10-11 13:30:00+00:00,135.02980041503906,135.02980041503906,0.0,135.77999877929688,133.66000366210938,134.02000427246094,0.0,62079200
2024-10-11 14:30:00+00:00,134.95010375976562,134.95010375976562,0.0,135.42999267578125,134.17999267578125,135.0299072265625,0.0,29731851
2024-10-11 15:30:00+00:00,135.1199951171875,135.1199951171875,0.0,135.25,134.67999267578125,134.94149780273438,0.0,17430163
2024-10-11 16:30:00+00:00,134.85000610351562,134.85000610351562,0.0,135.14999389648438,134.6699981689453,135.1300048828125,0.0,12064169
2024-10-11 17:30:00+00:00,134.8990020751953,134.8990020751953,0.0,135.14990234375,134.77000427246094,134.83999633789062,0.0,11584827
2024-10-11 18:30:00+00:00,134.82000732421875,134.82000732421875,0.0,134.97000122070312,134.55999755859375,134.89999389648438,0.0,12431698
2024-10-11 19:30:00+00:00,134.75,134.75,0.0,134.92999267578125,134.68499755859375,134.81910705566406,0.0,11468505
2024-10-11 20:00:00+00:00,134.5605,134.5605,0.0,134.8045,131.88,134.73,0.0,0
2024-10-11 21:00:00+00:00,134.5,134.5,0.0,141.8604,134.5,134.565,0.0,0
2024-10-11 22:00:00+00:00,134.42,134.42,0.0,134.8,134.4,134.52,0.0,0
2024-10-11 23:00:00+00:00,134.37,134.37,0.0,134.48,134.28,134.4208,0.0,0
2024-10-14 08:00:00+00:00,135.69,135.69,0.0,135.77,134.59,135.13,0.0,0
2024-10-14 09:00:00+00:00,135.56,135.56,0.0,135.84,135.45,135.69,0.0,0
2024-10-14 10:00:00+00:00,135.8,135.8,0.0,135.9,135.4,135.57,0.0,0
2024-10-14 11:00:00+00:00,135.97,135.97,0.0,136.33,135.71,135.81,0.0,0
2024-10-14 12:00:00+00:00,136.24,136.24,0.0,136.38,134.15,135.98,0.0,0
2024-10-14 13:00:00+00:00,136.42,136.42,0.0,136.69,134.075,136.24,0.0,0
2024-10-14 13:30:00+00:00,139.31500244140625,139.31500244140625,0.0,139.52999877929688,136.3000030517578,136.42999267578125,0.0,80017009
2024-10-14 14:30:00+00:00,138.02000427246094,138.02000427246094,0.0,139.60000610351562,137.72000122070312,139.3000030517578,0.0,35801251
2024-10-14 15:30:00+00:00,138.5,138.5,0.0,138.52000427246094,137.42999267578125,138.02000427246094,0.0,22565261
2024-10-14 16:30:00+00:00,138.58999633789062,138.58999633789062,0.0,138.73989868164062,138.13999938964844,138.49000549316406,0.0,16453146
2024-10-14 17:30:00+00:00,138.6907958984375,138.6907958984375,0.0,138.99000549316406,138.49000549316406,138.58999633789062,0.0,13863861
2024-10-14 18:30:00+00:00,138.74000549316406,138.74000549316406,0.0,139.0500030517578,138.41000366210938,138.6999969482422,0.0,19238805
2024-10-14 19:30:00+00:00,138.14010620117188,138.14010620117188,0.0,138.89999389648438,137.86000061035156,138.74000549316406,0.0,20398623
2024-10-14 20:00:00+00:00,138.28,138.28,0.0,151.7816,88.073,138.16,0.0,0
2024-10-14 21:00:00+00:00,138.0498,138.0498,0.0,151.7816,88.073,138.295,0.0,0
2024-10-14 22:00:00+00:00,137.9201,137.9201,0.0,138.07,137.89,138.05,0.0,0
2024-10-14 23:00:00+00:00,138.0801,138.0801,0.0,138.15,137.9,137.925,0.0,0
2024-10-15 08:00:00+00:00,135.61,135.61,0.0,137.68,135.6,137.51,0.0,0
2024-10-15 09:00:00+00:00,136.8,136.8,0.0,136.89,135.5,135.58,0.0,0
2024-10-15 10:00:00+00:00,136.07,136.07,0.0,136.88,135.91,136.8,0.0,0
2024-10-15 11:00:00+00:00,137.13,137.13,0.0,137.46,136.03,136.1,0.0,0
2024-10-15 12:00:00+00:00,137.1795,137.1795,0.0,138.13,134.8,137.12,0.0,0
2024-10-15 13:00:00+00:00,137.95,137.95,0.0,138.0,136.6,137.18,0.0,0
2024-10-15 13:30:00+00:00,132.11000061035156,132.11000061035156,0.0,138.57000732421875,131.86000061035156,137.5800018310547,0.0,98327408
2024-10-15 14:30:00+00:00,131.79600524902344,131.79600524902344,0.0,132.8179931640625,128.74000549316406,132.10440063476562,0.0,96019919
2024-10-15 15:30:00+00:00,130.8350067138672,130.8350067138672,0.0,132.39500427246094,130.00999450683594,131.77999877929688,0.0,43374304
2024-10-15 16:30:00+00:00,131.0800018310547,131.0800018310547,0.0,131.6999969482422,130.83349609375,130.83999633789062,0.0,27417003
2024-10-15 17:30:00+00:00,131.83999633789062,131.83999633789062,0.0,132.25,130.8300018310547,131.0850067138672,0.0,26669839
2024-10-15 18:30:00+00:00,131.19090270996094,131.19090270996094,0.0,132.19000244140625,130.64500427246094,131.8300018310547,0.0,28013192
2024-10-15 19:30:00+00:00,131.61000061035156,131.61000061035156,0.0,131.97999572753906,130.64999389648438,131.1999969482422,0.0,26366584
2024-10-15 20:00:00+00:00,131.05,131.05,0.0,132.0,130.89,131.77,0.0,0
2024-10-15 21:00:00+00:00,130.9401,130.9401,0.0,131.05,100.45,131.05,0.0,0
2024-10-15 22:00:00+00:00,131.29,131.29,0.0,132.9511,130.7,130.94,0.0,0
2024-10-15 23:00:00+00:00,131.255,131.255,0.0,131.49,131.21,131.3,0.0,0
2024-10-16 08:00:00+00:00,131.97,131.97,0.0,132.6,131.7,132.24,0.0,0
2024-10-16 09:00:00+00:00,132.47,132.47,0.0,132.82,131.9,131.99,0.0,0
2024-10-16 10:00:00+00:00,132.49,132.49,0.0,132.62,132.32,132.47,0.0,0
2024-10-16 11:00:00+00:00,132.77,132.77,0.0,132.79,132.05,132.47,0.0,0
2024-10-16 12:00:00+00:00,132.72,132.72,0.0,133.15,131.6,132.75,0.0,0
2024-10-16 13:00:00+00:00,134.01,134.01,0.0,139.305,129.055,132.72,0.0,0
2024-10-16 13:30:00+00:00,134.4219970703125,134.4219970703125,0.0,134.64999389648438,131.5800018310547,133.9550018310547,0.0,76813534
2024-10-16 14:30:00+00:00,134.16000366210938,134.16000366210938,0.0,134.77999877929688,132.67300415039062,134.44000244140625,0.0,40168282
2024-10-16 15:30:00+00:00,134.22000122070312,134.22000122070312,0.0,134.33999633789062,133.74000549316406,134.16000366210938,0.0,22304078
2024-10-16 16:30:00+00:00,135.4770050048828,135.4770050048828,0.0,135.6959991455078,134.1300048828125,134.2200927734375,0.0,27949316
2024-10-16 17:30:00+00:00,136.4199981689453,136.4199981689453,0.0,136.44000244140625,135.47000122070312,135.47999572753906,0.0,30790484
2024-10-16 18:30:00+00:00,136.0260009765625,136.0260009765625,0.0,136.6199951171875,135.91000366210938,136.4250030517578,0.0,26041553
2024-10-16 19:30:00+00:00,135.70989990234375,135.70989990234375,0.0,136.07000732421875,135.3105926513672,136.02999877929688,0.0,19418534
2024-10-16 20:00:00+00:00,135.475,135.475,0.0,135.7235,134.2672,135.69,0.0,0
2024-10-16 21:00:00+00:00,135.535,135.535,0.0,137.7489,128.7753,135.48,0.0,0
2024-10-16 22:00:00+00:00,135.92,135.92,0.0,135.96,135.49,135.525,0.0,0
2024-10-16 23:00:00+00:00,135.5339,135.5339,0.0,136.02,135.5,135.92,0.0,0
2024-10-17 08:00:00+00:00,139.12,139.12,0.0,139.4,137.3,138.43,0.0,0
2024-10-17 09:00:00+00:00,138.85,138.85,0.0,139.32,138.83,139.13,0.0,0
2024-10-17 10:00:00+00:00,139.3,139.3,0.0,139.33,138.6,138.9,0.0,0
2024-10-17 11:00:00+00:00,139.859,139.859,0.0,140.3,139.2,139.3,0.0,0
2024-10-17 12:00:00+00:00,139.77,139.77,0.0,140.23,135.41,139.84,0.0,0
2024-10-17 13:00:00+00:00,139.33,139.33,0.0,140.3,132.785,139.79,0.0,0
2024-10-17 13:30:00+00:00,139.59019470214844,139.59019470214844,0.0,140.88999938964844,137.375,139.35000610351562,0.0,121602338
2024-10-17 14:30:00+00:00,139.64999389648438,139.64999389648438,0.0,139.74000549316406,138.38999938964844,139.63999938964844,0.0,40882687
2024-10-17 15:30:00+00:00,139.46009826660156,139.46009826660156,0.0,140.2519989013672,139.22000122070312,139.64999389648438,0.0,32335890
2024-10-17 16:30:00+00:00,139.53990173339844,139.53990173339844,0.0,139.67999267578125,138.89340209960938,139.46499633789062,0.0,21696482
2024-10-17 17:30:00+00:00,138.66400146484375,138.66400146484375,0.0,139.9199981689453,138.30999755859375,139.53500366210938,0.0,23245295
2024-10-17 18:30:00+00:00,137.9261932373047,137.9261932373047,0.0,138.97999572753906,137.91000366210938,138.6649932861328,0.0,23161284
2024-10-17 19:30:00+00:00,136.9199981689453,136.9199981689453,0.0,138.1699981689453,136.8699951171875,137.9499969482422,0.0,23689363
2024-10-17 20:00:00+00:00,137.29,137.29,0.0,137.68,136.33,136.92,0.0,0
2024-10-17 21:00:00+00:00,137.39,137.39,0.0,146.8387,135.8298,137.288,0.0,0
2024-10-17 22:00:00+00:00,137.57,137.57,0.0,137.7,136.93,137.395,0.0,0
2024-10-17 23:00:00+00:00,137.39,137.39,0.0,137.55,137.28,137.53,0.0,0
2024-10-18 08:00:00+00:00,138.5,138.5,0.0,138.82,132.87,132.87,0.0,0
2024-10-18 09:00:00+00:00,138.58,138.58,0.0,138.65,138.3,138.5,0.0,0
2024-10-18 10:00:00+00:00,138.31,138.31,0.0,138.6,138.06,138.57,0.0,0
2024-10-18 11:00:00+00:00,138.35,138.35,0.0,138.5,137.74,138.31,0.0,0
2024-10-18 12:00:00+00:00,138.48,138.48,0.0,138.82,136.9212,138.35,0.0,0
2024-10-18 13:00:00+00:00,138.63,138.63,0.0,139.805,132.475,138.48,0.0,0
2024-10-18 13:30:00+00:00,138.2227020263672,138.2227020263672,0.0,138.89999389648438,137.3800048828125,138.14500427246094,0.0,59459699
2024-10-18 14:30:00+00:00,137.96499633789062,137.96499633789062,0.0,138.35000610351562,137.4499969482422,138.22109985351562,0.0,21659549
2024-10-18 15:30:00+00:00,137.5540008544922,137.5540008544922,0.0,138.10000610351562,137.27999877929688,137.97999572753906,0.0,15798333
2024-10-18 16:30:00+00:00,138.33999633789062,138.33999633789062,0.0,138.6699981689453,137.52999877929688,137.5500030517578,0.0,19479007
2024-10-18 17:30:00+00:00,138.27000427246094,138.27000427246094,0.0,138.5,138.00999450683594,138.33999633789062,0.0,12656560
2024-10-18 18:30:00+00:00,138.1800994873047,138.1800994873047,0.0,138.3300018310547,137.8699951171875,138.26499938964844,0.0,13544144
2024-10-18 19:30:00+00:00,137.97999572753906,137.97999572753906,0.0,138.18499755859375,137.88999938964844,138.18499755859375,0.0,12321477
2024-10-18 20:00:00+00:00,138.015,138.015,0.0,138.04,118.85,137.985,0.0,0
2024-10-18 21:00:00+00:00,137.9999,137.9999,0.0,163.7518,87.3127,138.02,0.0,0
2024-10-18 22:00:00+00:00,137.965,137.965,0.0,138.02,137.95,137.99,0.0,0
2024-10-18 23:00:00+00:00,137.98,137.98,0.0,138.02,137.91,137.97,0.0,0
2024-10-21 08:00:00+00:00,138.75,138.75,0.0,138.84,138.2,138.3,0.0,0
2024-10-21 09:00:00+00:00,138.38,138.38,0.0,138.86,138.28,138.71,0.0,0
2024-10-21 10:00:00+00:00,138.37,138.37,0.0,138.47,138.16,138.3,0.0,0
2024-10-21 11:00:00+00:00,137.2,137.2,0.0,138.77,136.78,138.32,0.0,0
2024-10-21 12:00:00+00:00,137.575,137.575,0.0,138.8428,136.8908,137.15,0.0,0
2024-10-21 13:00:00+00:00,138.05,138.05,0.0,138.76,137.35,137.59,0.0,0
2024-10-21 13:30:00+00:00,141.42999267578125,141.42999267578125,0.0,141.8000030517578,138.00999450683594,138.14500427246094,0.0,78715899
2024-10-21 14:30:00+00:00,140.35499572753906,140.35499572753906,0.0,141.52999877929688,139.94000244140625,141.4300994873047,0.0,37727208
2024-10-21 15:30:00+00:00,141.07679748535156,141.07679748535156,0.0,141.5500030517578,140.28500366210938,140.35000610351562,0.0,22578413
2024-10-21 16:30:00+00:00,141.53570556640625,141.53570556640625,0.0,141.6999969482422,140.69000244140625,141.08909606933594,0.0,17172594
2024-10-21 17:30:00+00:00,142.0699005126953,142.0699005126953,0.0,142.4600067138672,141.52999877929688,141.53500366210938,0.0,30023012
2024-10-21 18:30:00+00:00,142.47000122070312,142.47000122070312,0.0,142.61000061035156,141.77999877929688,142.0601043701172,0.0,21972410
2024-10-21 19:30:00+00:00,143.6999969482422,143.6999969482422,0.0,143.7100067138672,142.13999938964844,142.47999572753906,0.0,27144345
2024-10-21 20:00:00+00:00,144.23,144.23,0.0,144.4,141.2432,143.7,0.0,0
2024-10-21 21:00:00+00:00,144.215,144.215,0.0,144.25,143.71,144.19,0.0,0
2024-10-21 22:00:00+00:00,144.1298,144.1298,0.0,144.3,144.05,144.21,0.0,0
2024-10-21 23:00:00+00:00,144.4999,144.4999,0.0,144.5,144.01,144.12,0.0,0
2024-10-22 08:00:00+00:00,143.17,143.17,0.0,143.52,142.85,143.1,0.0,0
2024-10-22 09:00:00+00:00,142.98,142.98,0.0,143.24,142.68,143.15,0.0,0
2024-10-22 10:00:00+00:00,143.13,143.13,0.0,143.33,142.95,143.02,0.0,0
2024-10-22 11:00:00+00:00,144.07,144.07,0.0,144.12,142.9,143.12,0.0,0
2024-10-22 12:00:00+00:00,144.16,144.16,0.0,144.37,142.61,144.05,0.0,0
2024-10-22 13:00:00+00:00,142.972,142.972,0.0,144.2,137.71,144.16,0.0,0
2024-10-22 13:30:00+00:00,143.52000427246094,143.52000427246094,0.0,144.4199981689453,141.77999877929688,142.2899932861328,0.0,79487338
2024-10-22 14:30:00+00:00,143.26010131835938,143.26010131835938,0.0,143.75,142.3300018310547,143.52000427246094,0.0,32440573
2024-10-22 15:30:00+00:00,142.61500549316406,142.61500549316406,0.0,143.49000549316406,142.52999877929688,143.26600646972656,0.0,17057980
2024-10-22 16:30:00+00:00,143.41990661621094,143.41990661621094,0.0,143.4199981689453,141.9600067138672,142.6199951171875,0.0,21629451
2024-10-22 17:30:00+00:00,143.35000610351562,143.35000610351562,0.0,144.05990600585938,143.3000030517578,143.4197998046875,0.0,22305926
2024-10-22 18:30:00+00:00,143.74000549316406,143.74000549316406,0.0,143.75,143.1114959716797,143.36000061035156,0.0,17050545
2024-10-22 19:30:00+00:00,143.57000732421875,143.57000732421875,0.0,143.86000061035156,143.4499969482422,143.74000549316406,0.0,14702197
2024-10-22 20:00:00+00:00,143.535,143.535,0.0,187.4345,99.5712,143.57,0.0,0
2024-10-22 21:00:00+00:00,143.31,143.31,0.0,187.4345,99.5712,143.56,0.0,0
2024-10-22 22:00:00+00:00,143.19,143.19,0.0,143.59,143.0995,143.35,0.0,0
2024-10-22 23:00:00+00:00,143.3,143.3,0.0,143.47,143.1795,143.1897,0.0,0
2024-10-23 08:00:00+00:00,143.35,143.35,0.0,143.5,143.16,143.22,0.0,0
2024-10-23 09:00:00+00:00,142.98,142.98,0.0,143.39,142.4,143.35,0.0,0
2024-10-23 10:00:00+00:00,142.45,142.45,0.0,143.07,142.45,142.99,0.0,0
2024-10-23 11:00:00+00:00,142.5,142.5,0.0,142.78,142.01,142.48,0.0,0
2024-10-23 12:00:00+00:00,142.7,142.7,0.0,143.59,142.0124,142.5,0.0,0
2024-10-23 13:00:00+00:00,142.0,142.0,0.0,143.59,137.465,142.7,0.0,0
2024-10-23 13:30:00+00:00,140.33999633789062,140.33999633789062,0.0,142.42999267578125,138.25999450683594,141.84300231933594,0.0,85128048
2024-10-23 14:30:00+00:00,139.73199462890625,139.73199462890625,0.0,141.41000366210938,139.66000366210938,140.35000610351562,0.0,40222146
2024-10-23 15:30:00+00:00,139.40499877929688,139.40499877929688,0.0,140.6999969482422,139.35000610351562,139.7100067138672,0.0,25775688
2024-10-23 16:30:00+00:00,138.4387969970703,138.4387969970703,0.0,139.8699951171875,137.6999969482422,139.39999389648438,0.0,31996546
2024-10-23 17:30:00+00:00,138.44500732421875,138.44500732421875,0.0,138.5,137.4600067138672,138.43080139160156,0.0,27671609
2024-10-23 18:30:00+00:00,138.9199981689453,138.9199981689453,0.0,139.24000549316406,138.22000122070312,138.44500732421875,0.0,30472018
2024-10-23 19:30:00+00:00,139.57000732421875,139.57000732421875,0.0,139.85989379882812,138.63999938964844,138.9250030517578,0.0,19363612
2024-10-23 20:00:00+00:00,140.02,140.02,0.0,140.55,139.33,139.55,0.0,0
2024-10-23 21:00:00+00:00,140.4003,140.4003,0.0,140.44,139.56,140.02,0.0,0
2024-10-23 22:00:00+00:00,140.26,140.26,0.0,140.4199,139.56,140.4,0.0,0
2024-10-23 23:00:00+00:00,140.23,140.23,0.0,140.34,140.12,140.234,0.0,0
2024-10-24 08:00:00+00:00,141.57,141.57,0.0,141.88,140.39,140.39,0.0,0
2024-10-24 09:00:00+00:00,140.56,140.56,0.0,141.77,140.47,141.56,0.0,0
2024-10-24 10:00:00+00:00,141.37,141.37,0.0,141.38,140.59,140.59,0.0,0
2024-10-24 11:00:00+00:00,141.1,141.1,0.0,141.41,140.85,141.37,0.0,0
2024-10-24 12:00:00+00:00,141.47,141.47,0.0,142.09,140.5295,141.08,0.0,0
2024-10-24 13:00:00+00:00,140.805,140.805,0.0,146.26,138.265,141.48,0.0,0
2024-10-24 13:30:00+00:00,138.52999877929688,138.52999877929688,0.0,141.35000610351562,138.4600067138672,140.82000732421875,0.0,57260778
2024-10-24 14:30:00+00:00,139.7050018310547,139.7050018310547,0.0,140.02969360351562,138.52000427246094,138.5399932861328,0.0,26348227
2024-10-24 15:30:00+00:00,139.4250030517578,139.4250030517578,0.0,139.85000610351562,138.7899932861328,139.6999969482422,0.0,17309886
2024-10-24 16:30:00+00:00,139.53700256347656,139.53700256347656,0.0,140.05999755859375,139.14500427246094,139.42999267578125,0.0,14765867
2024-10-24 17:30:00+00:00,139.85719299316406,139.85719299316406,0.0,140.13999938964844,139.25999450683594,139.5399932861328,0.0,12461923
2024-10-24 18:30:00+00:00,140.52999877929688,140.52999877929688,0.0,140.5399932861328,139.60000610351562,139.87600708007812,0.0,14405766
2024-10-24 19:30:00+00:00,140.39999389648438,140.39999389648438,0.0,140.83999633789062,140.25,140.52499389648438,0.0,13277656
2024-10-24 20:00:00+00:00,140.13,140.13,0.0,140.41,139.9781,140.41,0.0,0
2024-10-24 21:00:00+00:00,140.15,140.15,0.0,147.5161,140.01,140.17,0.0,0
2024-10-24 22:00:00+00:00,140.17,140.17,0.0,140.41,140.15,140.165,0.0,0
2024-10-24 23:00:00+00:00,140.09,140.09,0.0,140.3,140.05,140.17,0.0,0
2024-10-25 08:00:00+00:00,140.76,140.76,0.0,141.04,140.46,140.89,0.0,0
2024-10-25 09:00:00+00:00,140.78,140.78,0.0,140.93,140.66,140.78,0.0,0
2024-10-25 10:00:00+00:00,140.79,140.79,0.0,140.84,140.53,140.78,0.0,0
2024-10-25 11:00:00+00:00,140.85,140.85,0.0,141.05,140.63,140.8,0.0,0
2024-10-25 12:00:00+00:00,141.12,141.12,0.0,143.43,139.685,140.85,0.0,0
2024-10-25 13:00:00+00:00,140.98,140.98,0.0,141.2,140.83,141.12,0.0,0
2024-10-25 13:30:00+00:00,143.45010375976562,143.45010375976562,0.0,143.5500030517578,140.8000030517578,140.94000244140625,0.0,59191386
2024-10-25 14:30:00+00:00,143.7299041748047,143.7299041748047,0.0,144.11000061035156,143.02000427246094,143.4600067138672,0.0,30457488
2024-10-25 15:30:00+00:00,143.6199951171875,143.6199951171875,0.0,144.0500030517578,143.30999755859375,143.74000549316406,0.0,21337436
2024-10-25 16:30:00+00:00,142.5198974609375,142.5198974609375,0.0,143.6300048828125,142.50999450683594,143.61990356445312,0.0,16722765
2024-10-25 17:30:00+00:00,141.95989990234375,141.95989990234375,0.0,142.74000549316406,140.94200134277344,142.50999450683594,0.0,31614170
2024-10-25 18:30:00+00:00,141.94290161132812,141.94290161132812,0.0,142.29989624023438,141.6750030517578,141.9600067138672,0.0,15965833
2024-10-25 19:30:00+00:00,141.47000122070312,141.47000122070312,0.0,142.19000244140625,141.3800048828125,141.94500732421875,0.0,13457139
2024-10-25 20:00:00+00:00,141.42,141.42,0.0,142.664,141.1,141.47,0.0,0
2024-10-25 21:00:00+00:00,141.59,141.59,0.0,163.7518,99.0848,141.43,0.0,0
2024-10-25 22:00:00+00:00,141.5399,141.5399,0.0,141.64,141.49,141.6,0.0,0
2024-10-25 23:00:00+00:00,141.045,141.045,0.0,141.54,140.77,141.54,0.0,0
2024-10-28 08:00:00+00:00,143.25,143.25,0.0,143.3,142.1,142.1,0.0,0
2024-10-28 09:00:00+00:00,143.35,143.35,0.0,143.46,143.0,143.21,0.0,0
2024-10-28 10:00:00+00:00,142.91,142.91,0.0,143.38,142.91,143.33,0.0,0
2024-10-28 11:00:00+00:00,142.99,142.99,0.0,143.14,142.75,142.91,0.0,0
2024-10-28 12:00:00+00:00,142.98,142.98,0.0,143.21,141.187,142.98,0.0,0
2024-10-28 13:00:00+00:00,143.05,143.05,0.0,143.21,134.81,142.98,0.0,0
2024-10-28 13:30:00+00:00,141.4600067138672,141.4600067138672,0.0,142.38999938964844,140.88999938964844,142.3697967529297,0.0,50535052
2024-10-28 14:30:00+00:00,141.01539611816406,141.01539611816406,0.0,141.6999969482422,140.7899932861328,141.46490478515625,0.0,25699061
2024-10-28 15:30:00+00:00,140.5399932861328,140.5399932861328,0.0,141.07000732421875,140.0500030517578,141.02999877929688,0.0,23081781
2024-10-28 16:30:00+00:00,141.1699981689453,141.1699981689453,0.0,141.27999877929688,140.17999267578125,140.5399932861328,0.0,15707963
2024-10-28 17:30:00+00:00,141.24000549316406,141.24000549316406,0.0,141.49000549316406,141.00999450683594,141.17999267578125,0.0,13467263
2024-10-28 18:30:00+00:00,141.23069763183594,141.23069763183594,0.0,141.3300018310547,140.72999572753906,141.24000549316406,0.0,12228507
2024-10-28 19:30:00+00:00,140.61000061035156,140.61000061035156,0.0,141.3300018310547,140.39999389648438,141.23500061035156,0.0,13105912
2024-10-28 20:00:00+00:00,140.47,140.47,0.0,143.8339,140.27,140.62,0.0,0
2024-10-28 21:00:00+00:00,140.43,140.43,0.0,151.7816,127.9996,140.46,0.0,0
2024-10-28 22:00:00+00:00,140.4096,140.4096,0.0,140.43,140.2597,140.425,0.0,0
2024-10-28 23:00:00+00:00,140.23,140.23,0.0,140.43,140.2008,140.4,0.0,0
2024-10-29 08:00:00+00:00,140.03,140.03,0.0,140.59,139.62,140.55,0.0,0
2024-10-29 09:00:00+00:00,139.71,139.71,0.0,140.14,139.6,140.03,0.0,0
2024-10-29 10:00:00+00:00,139.77,139.77,0.0,139.92,139.55,139.7,0.0,0
2024-10-29 11:00:00+00:00,140.12,140.12,0.0,140.35,139.77,139.77,0.0,0
2024-10-29 12:00:00+00:00,140.0,140.0,0.0,140.68,139.5676,140.13,0.0,0
2024-10-29 13:00:00+00:00,140.29,140.29,0.0,141.965,139.69,139.98,0.0,0
2024-10-29 13:30:00+00:00,140.3300018310547,140.3300018310547,0.0,140.72999572753906,138.89999389648438,140.25,0.0,41937597
2024-10-29 14:30:00+00:00,141.0388946533203,141.0388946533203,0.0,141.11000061035156,140.1999969482422,140.3300018310547,0.0,19797823
2024-10-29 15:30:00+00:00,141.6800994873047,141.6800994873047,0.0,142.0,140.6999969482422,141.0399932861328,0.0,18853341
2024-10-29 16:30:00+00:00,141.48500061035156,141.48500061035156,0.0,141.85000610351562,141.19790649414062,141.6959991455078,0.0,14274390
2024-10-29 17:30:00+00:00,141.6999969482422,141.6999969482422,0.0,141.75990295410156,141.25,141.5,0.0,10575850
2024-10-29 18:30:00+00:00,142.08999633789062,142.08999633789062,0.0,142.2550048828125,141.6199951171875,141.69000244140625,0.0,14725585
2024-10-29 19:30:00+00:00,141.1999969482422,141.1999969482422,0.0,142.1387939453125,141.02000427246094,142.0850067138672,0.0,13662138
2024-10-29 20:00:00+00:00,140.785,140.785,0.0,143.1914,140.0593,141.36,0.0,0
2024-10-29 21:00:00+00:00,140.92,140.92,0.0,144.9087,140.62,140.77,0.0,0
2024-10-29 22:00:00+00:00,141.2602,141.2602,0.0,141.36,140.82,140.92,0.0,0
2024-10-29 23:00:00+00:00,141.39,141.39,0.0,141.39,141.01,141.27,0.0,0
2024-10-30 08:00:00+00:00,140.66,140.66,0.0,141.36,140.6,140.98,0.0,0
2024-10-30 09:00:00+00:00,140.39,140.39,0.0,140.66,139.75,140.62,0.0,0
2024-10-30 10:00:00+00:00,140.35,140.35,0.0,140.52,140.02,140.4,0.0,0
2024-10-30 11:00:00+00:00,140.92,140.92,0.0,141.06,140.18,140.35,0.0,0
2024-10-30 12:00:00+00:00,140.28,140.28,0.0,141.338,139.7743,140.93,0.0,0
2024-10-30 13:00:00+00:00,139.51,139.51,0.0,140.51,134.81,140.2799,0.0,0
2024-10-30 13:30:00+00:00,139.3699951171875,139.3699951171875,0.0,139.9149932861328,136.80999755859375,139.44000244140625,0.0,61262191
2024-10-30 14:30:00+00:00,140.17990112304688,140.17990112304688,0.0,140.17999267578125,138.8300018310547,139.3699951171875,0.0,19613802
2024-10-30 15:30:00+00:00,139.55499267578125,139.55499267578125,0.0,140.17999267578125,139.47000122070312,140.1699981689453,0.0,14023471
2024-10-30 16:30:00+00:00,139.82989501953125,139.82989501953125,0.0,140.3300018310547,139.36000061035156,139.5699005126953,0.0,11933106
2024-10-30 17:30:00+00:00,139.97000122070312,139.97000122070312,0.0,140.27999877929688,138.9600067138672,139.8092041015625,0.0,14964589
2024-10-30 18:30:00+00:00,139.4199981689453,139.4199981689453,0.0,140.16000366210938,139.32000732421875,139.9600067138672,0.0,12164956
2024-10-30 19:30:00+00:00,139.17999267578125,139.17999267578125,0.0,139.99000549316406,139.1300048828125,139.4149932861328,0.0,14161047
2024-10-30 20:00:00+00:00,139.0,139.0,0.0,139.6,94.1017,139.47,0.0,0
2024-10-30 21:00:00+00:00,139.06,139.06,0.0,176.6096,50.1287,138.99,0.0,0
2024-10-30 22:00:00+00:00,137.54,137.54,0.0,139.24,137.3501,139.03,0.0,0
2024-10-30 23:00:00+00:00,137.85,137.85,0.0,137.99,137.35,137.48,0.0,0
2024-10-31 08:00:00+00:00,137.42,137.42,0.0,137.5,136.58,136.81,0.0,0
2024-10-31 09:00:00+00:00,137.31,137.31,0.0,137.45,137.03,137.45,0.0,0
2024-10-31 10:00:00+00:00,137.17,137.17,0.0,137.45,137.04,137.31,0.0,0
2024-10-31 11:00:00+00:00,137.67,137.67,0.0,137.789,137.05,137.23,0.0,0
2024-10-31 12:00:00+00:00,138.22,138.22,0.0,139.335,136.05,137.67,0.0,0
2024-10-31 13:00:00+00:00,137.6,137.6,0.0,140.595,137.11,138.2,0.0,0
2024-10-31 13:30:00+00:00,133.80999755859375,133.80999755859375,0.0,137.61000061035156,132.37010192871094,137.61000061035156,0.0,82137383
2024-10-31 14:30:00+00:00,133.83050537109375,133.83050537109375,0.0,134.17999267578125,133.02000427246094,133.80999755859375,0.0,31508825
2024-10-31 15:30:00+00:00,133.5850067138672,133.5850067138672,0.0,133.94000244140625,132.3000030517578,133.82000732421875,0.0,27711250
2024-10-31 16:30:00+00:00,133.3249969482422,133.3249969482422,0.0,133.83999633789062,133.22999572753906,133.5800018310547,0.0,14571145
2024-10-31 17:30:00+00:00,132.64529418945312,132.64529418945312,0.0,133.42999267578125,132.50999450683594,133.3249969482422,0.0,17674160
2024-10-31 18:30:00+00:00,133.62789916992188,133.62789916992188,0.0,134.0399932861328,132.11300659179688,132.64990234375,0.0,26786914
2024-10-31 19:30:00+00:00,132.69500732421875,132.69500732421875,0.0,134.5500030517578,132.41000366210938,133.6300048828125,0.0,25757359
2024-10-31 20:00:00+00:00,133.215,133.215,0.0,133.62,132.37,132.55,0.0,0
2024-10-31 21:00:00+00:00,134.39,134.39,0.0,142.596,132.76,133.2,0.0,0
2024-10-31 22:00:00+00:00,134.17,134.17,0.0,134.48,134.1,134.3901,0.0,0
2024-10-31 23:00:00+00:00,134.4101,134.4101,0.0,134.42,134.13,134.22,0.0,0
2024-11-01 08:00:00+00:00,135.12,135.12,0.0,135.27,134.58,134.88,0.0,0
2024-11-01 09:00:00+00:00,135.54,135.54,0.0,135.59,135.02,135.06,0.0,0
2024-11-01 10:00:00+00:00,135.48,135.48,0.0,135.57,135.2,135.56,0.0,0
2024-11-01 11:00:00+00:00,134.88,134.88,0.0,135.74,134.61,135.48,0.0,0
2024-11-01 12:00:00+00:00,134.96,134.96,0.0,135.7,132.429,134.92,0.0,0
2024-11-01 13:00:00+00:00,134.7,134.7,0.0,140.855,132.76,134.99,0.0,0
2024-11-01 13:30:00+00:00,137.1739959716797,137.1739959716797,0.0,137.30999755859375,134.57000732421875,134.66000366210938,0.0,61795417
2024-11-01 14:30:00+00:00,137.0063018798828,137.0063018798828,0.0,137.2292938232422,135.90049743652344,137.19000244140625,0.0,31891433
2024-11-01 15:30:00+00:00,136.4001007080078,136.4001007080078,0.0,137.1300048828125,136.0908966064453,137.00999450683594,0.0,16319752
2024-11-01 16:30:00+00:00,136.3300018310547,136.3300018310547,0.0,136.68499755859375,135.5,136.36000061035156,0.0,19585389
2024-11-01 17:30:00+00:00,135.4739990234375,135.4739990234375,0.0,136.36000061035156,134.9499969482422,136.3249969482422,0.0,18874792
2024-11-01 18:30:00+00:00,135.59500122070312,135.59500122070312,0.0,136.0800018310547,135.3311004638672,135.47909545898438,0.0,14485066
2024-11-01 19:30:00+00:00,135.4199981689453,135.4199981689453,0.0,136.02999877929688,135.03500366210938,135.58999633789062,0.0,14798805
2024-11-01 20:00:00+00:00,135.43,135.43,0.0,138.4516,135.29,135.41,0.0,0
2024-11-01 21:00:00+00:00,138.91,138.91,0.0,138.92,134.15,135.4,0.0,0
2024-11-01 22:00:00+00:00,139.16,139.16,0.0,139.83,135.4,138.9197,0.0,0
2024-11-01 23:00:00+00:00,139.3199,139.3199,0.0,139.46,138.91,139.15,0.0,0
2024-11-04 09:00:00+00:00,138.66,138.66,0.0,139.49,138.62,139.3,0.0,0
2024-11-04 10:00:00+00:00,138.65,138.65,0.0,138.91,138.27,138.66,0.0,0
2024-11-04 11:00:00+00:00,138.03,138.03,0.0,138.77,138.0,138.67,0.0,0
2024-11-04 12:00:00+00:00,137.95,137.95,0.0,138.75,137.73,138.05,0.0,0
2024-11-04 13:00:00+00:00,137.94,137.94,0.0,139.99,137.31,137.93,0.0,0
2024-11-04 14:00:00+00:00,137.225,137.225,0.0,138.17,130.025,137.98,0.0,0
2024-11-04 14:30:00+00:00,137.8249969482422,137.8249969482422,0.0,137.99530029296875,135.57000732421875,137.25559997558594,0.0,60781340
2024-11-04 15:30:00+00:00,138.60609436035156,138.60609436035156,0.0,138.9600067138672,137.2100067138672,137.80999755859375,0.0,25903089
2024-11-04 16:30:00+00:00,137.7519989013672,137.7519989013672,0.0,138.72999572753906,137.02999877929688,138.61000061035156,0.0,22303822
2024-11-04 17:30:00+00:00,137.77000427246094,137.77000427246094,0.0,138.0800018310547,137.32000732421875,137.75990295410156,0.0,15805625
2024-11-04 18:30:00+00:00,137.87989807128906,137.87989807128906,0.0,138.389892578125,137.64999389648438,137.76499938964844,0.0,11550013
2024-11-04 19:30:00+00:00,137.5,137.5,0.0,138.14999389648438,137.49000549316406,137.8699951171875,0.0,14224016
2024-11-04 20:30:00+00:00,136.0800018310547,136.0800018310547,0.0,137.5500030517578,136.0,137.5,0.0,18100851
2024-11-04 21:00:00+00:00,136.15,136.15,0.0,137.4851,135.9,136.14,0.0,0
2024-11-04 22:00:00+00:00,136.05,136.05,0.0,136.2,135.76,136.1497,0.0,0
2024-11-04 23:00:00+00:00,136.01,136.01,0.0,136.2,135.85,136.1,0.0,0
2024-11-05 09:00:00+00:00,137.1,137.1,0.0,137.36,136.18,136.24,0.0,0
2024-11-05 10:00:00+00:00,137.09,137.09,0.0,137.25,136.81,137.08,0.0,0
2024-11-05 11:00:00+00:00,137.15,137.15,0.0,137.2,136.93,137.12,0.0,0
2024-11-05 12:00:00+00:00,136.8,136.8,0.0,137.68,136.76,137.15,0.0,0
2024-11-05 13:00:00+00:00,137.16,137.16,0.0,137.68,136.0,136.8,0.0,0
2024-11-05 14:00:00+00:00,137.46,137.46,0.0,137.496,136.55,137.1694,0.0,0
2024-11-05 14:30:00+00:00,138.7700958251953,138.7700958251953,0.0,139.35000610351562,137.35000610351562,137.42999267578125,0.0,44790395
2024-11-05 15:30:00+00:00,139.64500427246094,139.64500427246094,0.0,139.72999572753906,138.72999572753906,138.78089904785156,0.0,18847028
2024-11-05 16:30:00+00:00,139.69039916992188,139.69039916992188,0.0,140.37010192871094,139.6199951171875,139.64999389648438,0.0,20776294
2024-11-05 17:30:00+00:00,139.5601043701172,139.5601043701172,0.0,139.97000122070312,139.35000610351562,139.6990966796875,0.0,14092325
2024-11-05 18:30:00+00:00,139.82000732421875,139.82000732421875,0.0,140.0,139.0800018310547,139.57000732421875,0.0,14137270
2024-11-05 19:30:00+00:00,139.87339782714844,139.87339782714844,0.0,139.9499969482422,139.25010681152344,139.8249969482422,0.0,12962335
2024-11-05 20:30:00+00:00,139.91000366210938,139.91000366210938,0.0,139.94000244140625,139.12930297851562,139.86000061035156,0.0,14420996
2024-11-05 21:00:00+00:00,139.73,139.73,0.0,147.833,134.315,139.91,0.0,0
2024-11-05 22:00:00+00:00,139.65,139.65,0.0,147.833,139.48,139.73,0.0,0
2024-11-05 23:00:00+00:00,139.685,139.685,0.0,139.78,139.13,139.64,0.0,0
2024-11-06 09:00:00+00:00,141.72,141.72,0.0,142.16,141.38,141.39,0.0,0
2024-11-06 10:00:00+00:00,142.11,142.11,0.0,142.48,141.68,141.72,0.0,0
2024-11-06 11:00:00+00:00,141.8,141.8,0.0,142.33,141.78,142.11,0.0,0
2024-11-06 12:00:00+00:00,141.2,141.2,0.0,142.17,140.17,141.84,0.0,0
2024-11-06 13:00:00+00:00,141.74,141.74,0.0,142.4796,133.0012,141.22,0.0,0
2024-11-06 14:00:00+00:00,143.0,143.0,0.0,143.03,137.68,141.75,0.0,0
2024-11-06 14:30:00+00:00,144.06500244140625,144.06500244140625,0.0,144.6300048828125,141.9600067138672,142.92999267578125,0.0,78272745
2024-11-06 15:30:00+00:00,144.0500030517578,144.0500030517578,0.0,144.30999755859375,143.22999572753906,144.06500244140625,0.0,23301199
2024-11-06 16:30:00+00:00,144.881103515625,144.881103515625,0.0,145.0,143.89999389648438,144.05499267578125,0.0,22389081
2024-11-06 17:30:00+00:00,146.1699981689453,146.1699981689453,0.0,146.3350067138672,144.67999267578125,144.8813018798828,0.0,33826579
2024-11-06 18:30:00+00:00,146.02000427246094,146.02000427246094,0.0,146.22999572753906,145.4199981689453,146.1699981689453,0.0,17108631
2024-11-06 19:30:00+00:00,146.24000549316406,146.24000549316406,0.0,146.49000549316406,145.89999389648438,145.99000549316406,0.0,20189742
2024-11-06 20:30:00+00:00,145.6199951171875,145.6199951171875,0.0,146.33999633789062,145.32159423828125,146.24000549316406,0.0,18744290
2024-11-06 21:00:00+00:00,145.48,145.48,0.0,145.75,145.08,145.555,0.0,0
2024-11-06 22:00:00+00:00,145.54,145.54,0.0,174.2191,74.3526,145.5,0.0,0
2024-11-06 23:00:00+00:00,145.66,145.66,0.0,145.9,145.5,145.54,0.0,0
2024-11-07 09:00:00+00:00,145.61,145.61,0.0,145.8,145.01,145.32,0.0,0
2024-11-07 10:00:00+00:00,145.28,145.28,0.0,145.7,145.25,145.64,0.0,0
2024-11-07 11:00:00+00:00,144.84,144.84,0.0,145.38,144.6,145.28,0.0,0
2024-11-07 12:00:00+00:00,145.65,145.65,0.0,145.75,144.84,144.91,0.0,0
2024-11-07 13:00:00+00:00,145.75,145.75,0.0,146.29,144.6148,145.659,0.0,0
2024-11-07 14:00:00+00:00,146.4,146.4,0.0,146.52,145.6,145.73,0.0,0
2024-11-07 14:30:00+00:00,148.1199951171875,148.1199951171875,0.0,148.75,146.1699981689453,146.36000061035156,0.0,61418565
2024-11-07 15:30:00+00:00,147.96180725097656,147.96180725097656,0.0,148.3800048828125,147.2899932861328,148.125,0.0,26539772
2024-11-07 16:30:00+00:00,148.02999877929688,148.02999877929688,0.0,148.29989624023438,147.7100067138672,147.9600067138672,0.0,14263951
2024-11-07 17:30:00+00:00,147.7899932861328,147.7899932861328,0.0,148.25,147.4499969482422,148.02999877929688,0.0,14763668
2024-11-07 18:30:00+00:00,147.91000366210938,147.91000366210938,0.0,148.4949951171875,147.64999389648438,147.78500366210938,0.0,16271871
2024-11-07 19:30:00+00:00,148.27499389648438,148.27499389648438,0.0,148.4799041748047,147.55999755859375,147.9149932861328,0.0,22875030
2024-11-07 20:30:00+00:00,148.88999938964844,148.88999938964844,0.0,148.9199981689453,148.05999755859375,148.27000427246094,0.0,16759777
2024-11-07 21:00:00+00:00,148.73,148.73,0.0,149.24,142.615,148.89,0.0,0
2024-11-07 22:00:00+00:00,148.8,148.8,0.0,158.7218,147.5161,148.71,0.0,0
2024-11-07 23:00:00+00:00,149.01,149.01,0.0,149.1,148.7,148.8,0.0,0
2024-11-08 09:00:00+00:00,149.7,149.7,0.0,149.95,149.47,149.5,0.0,0
2024-11-08 10:00:00+00:00,148.53,148.53,0.0,149.75,148.51,149.7,0.0,0
2024-11-08 11:00:00+00:00,147.47,147.47,0.0,148.59,146.8,148.53,0.0,0
2024-11-08 12:00:00+00:00,148.79,148.79,0.0,148.94,147.34,147.51,0.0,0
2024-11-08 13:00:00+00:00,149.08,149.08,0.0,150.0,146.8012,148.79,0.0,0
2024-11-08 14:00:00+00:00,148.8,148.8,0.0,149.09,141.395,149.08,0.0,0
2024-11-08 14:30:00+00:00,147.08999633789062,147.08999633789062,0.0,149.75999450683594,146.25999450683594,148.77000427246094,0.0,66970756
2024-11-08 15:30:00+00:00,147.25,147.25,0.0,147.5800018310547,146.35000610351562,147.0800018310547,0.0,23309931
2024-11-08 16:30:00+00:00,147.52000427246094,147.52000427246094,0.0,147.97000122070312,147.1300048828125,147.25,0.0,15218271
2024-11-08 17:30:00+00:00,147.45989990234375,147.45989990234375,0.0,147.85000610351562,147.22000122070312,147.51499938964844,0.0,9951775
2024-11-08 18:30:00+00:00,147.3000030517578,147.3000030517578,0.0,147.72999572753906,147.13009643554688,147.4499969482422,0.0,10606342
2024-11-08 19:30:00+00:00,147.25010681152344,147.25010681152344,0.0,147.4499969482422,146.85000610351562,147.2949981689453,0.0,12668465
2024-11-08 20:30:00+00:00,147.5,147.5,0.0,147.83999633789062,147.11000061035156,147.24000549316406,0.0,12861470
2024-11-08 21:00:00+00:00,147.54,147.54,0.0,147.81,120.87,147.6501,0.0,0
2024-11-08 22:00:00+00:00,147.55,147.55,0.0,163.7518,99.0848,147.53,0.0,0
2024-11-08 23:00:00+00:00,147.5,147.5,0.0,147.63,147.46,147.535,0.0,0
2024-11-11 09:00:00+00:00,147.84,147.84,0.0,148.58,146.81,148.56,0.0,0
2024-11-11 10:00:00+00:00,146.51,146.51,0.0,148.27,146.4,147.84,0.0,0
2024-11-11 11:00:00+00:00,147.1,147.1,0.0,147.2,146.45,146.47,0.0,0
2024-11-11 12:00:00+00:00,148.49,148.49,0.0,148.49,147.06,147.12,0.0,0
2024-11-11 13:00:00+00:00,148.21,148.21,0.0,148.85,146.4464,148.49,0.0,0
2024-11-11 14:00:00+00:00,148.62,148.62,0.0,149.01,147.28,148.21,0.0,0
2024-11-11 14:30:00+00:00,145.0054931640625,145.0054931640625,0.0,148.77000427246094,143.57000732421875,148.67999267578125,0.0,69841367
2024-11-11 15:30:00+00:00,145.4698944091797,145.4698944091797,0.0,146.49000549316406,145.0,145.0,0.0,24566872
2024-11-11 16:30:00+00:00,144.96009826660156,144.96009826660156,0.0,145.60000610351562,144.69500732421875,145.47000122070312,0.0,16148542
2024-11-11 17:30:00+00:00,144.88710021972656,144.88710021972656,0.0,145.60000610351562,144.47000122070312,144.97000122070312,0.0,14842047
2024-11-11 18:30:00+00:00,144.69500732421875,144.69500732421875,0.0,145.13999938964844,144.6300048828125,144.88909912109375,0.0,10777542
2024-11-11 19:30:00+00:00,145.34500122070312,145.34500122070312,0.0,145.89999389648438,144.6300048828125,144.69410705566406,0.0,14414068
2024-11-11 20:30:00+00:00,145.27999877929688,145.27999877929688,0.0,145.6898956298828,144.88499450683594,145.34500122070312,0.0,11927016
2024-11-11 21:00:00+00:00,145.27,145.27,0.0,151.7816,140.76,145.28,0.0,0
2024-11-11 22:00:00+00:00,145.295,145.295,0.0,151.7816,140.76,145.27,0.0,0
2024-11-11 23:00:00+00:00,145.025,145.025,0.0,145.36,145.0,145.31,0.0,0
2024-11-12 09:00:00+00:00,144.26,144.26,0.0,145.0,143.9,145.0,0.0,0
2024-11-12 10:00:00+00:00,143.48,143.48,0.0,144.46,143.38,144.26,0.0,0
2024-11-12 11:00:00+00:00,144.13,144.13,0.0,144.44,143.42,143.42,0.0,0
2024-11-12 12:00:00+00:00,145.06,145.06,0.0,145.17,144.11,144.12,0.0,0
2024-11-12 13:00:00+00:00,146.2197,146.2197,0.0,147.63,143.419,145.04,0.0,0
2024-11-12 14:00:00+00:00,146.76,146.76,0.0,148.505,131.66,146.2,0.0,0
2024-11-12 14:30:00+00:00,149.22000122070312,149.22000122070312,0.0,149.5500030517578,146.00999450683594,146.73500061035156,0.0,64287360
2024-11-12 15:30:00+00:00,148.64500427246094,148.64500427246094,0.0,149.6199951171875,147.92999267578125,149.2100067138672,0.0,28277149
2024-11-12 16:30:00+00:00,148.0850067138672,148.0850067138672,0.0,149.3699951171875,147.5500030517578,148.63999938964844,0.0,21174825
2024-11-12 17:30:00+00:00,147.1199951171875,147.1199951171875,0.0,148.1300048828125,146.5800018310547,148.07000732421875,0.0,19093300
2024-11-12 18:30:00+00:00,148.23089599609375,148.23089599609375,0.0,148.55999755859375,147.0800018310547,147.08900451660156,0.0,13856982
2024-11-12 19:30:00+00:00,147.78619384765625,147.78619384765625,0.0,148.7449951171875,147.5500030517578,148.22500610351562,0.0,12812037
2024-11-12 20:30:00+00:00,148.39999389648438,148.39999389648438,0.0,148.5299072265625,147.6199951171875,147.77999877929688,0.0,14689439
2024-11-12 21:00:00+00:00,148.22,148.22,0.0,179.2685,101.0201,148.39,0.0,0
2024-11-12 22:00:00+00:00,148.65,148.65,0.0,148.68,147.93,148.22,0.0,0
2024-11-12 23:00:00+00:00,148.52,148.52,0.0,148.75,148.25,148.6503,0.0,0
2024-11-13 09:00:00+00:00,147.87,147.87,0.0,148.62,147.43,148.62,0.0,0
2024-11-13 10:00:00+00:00,148.14,148.14,0.0,148.3,147.6,147.9,0.0,0
2024-11-13 11:00:00+00:00,148.93,148.93,0.0,149.0,148.1,148.13,0.0,0
2024-11-13 12:00:00+00:00,148.57,148.57,0.0,148.94,148.22,148.93,0.0,0
2024-11-13 13:00:00+00:00,148.446,148.446,0.0,148.9964,147.4476,148.57,0.0,0
2024-11-13 14:00:00+00:00,149.05,149.05,0.0,149.67,146.365,148.45,0.0,0
2024-11-13 14:30:00+00:00,147.24400329589844,147.24400329589844,0.0,149.3300018310547,146.72000122070312,149.0500030517578,0.0,52875837
2024-11-13 15:30:00+00:00,147.3249969482422,147.3249969482422,0.0,147.75999450683594,146.5500030517578,147.25,0.0,20146063
2024-11-13 16:30:00+00:00,146.9600067138672,146.9600067138672,0.0,147.4199981689453,145.89999389648438,147.30349731445312,0.0,21527509
2024-11-13 17:30:00+00:00,147.02499389648438,147.02499389648438,0.0,147.33999633789062,146.41000366210938,146.9600067138672,0.0,14159243
2024-11-13 18:30:00+00:00,146.8498992919922,146.8498992919922,0.0,147.83999633789062,146.52999877929688,147.02499389648438,0.0,14839533
2024-11-13 19:30:00+00:00,146.49000549316406,146.49000549316406,0.0,147.1999053955078,146.35000610351562,146.83999633789062,0.0,14872318
2024-11-13 20:30:00+00:00,146.4199981689453,146.4199981689453,0.0,147.0399932861328,145.9499969482422,146.47500610351562,0.0,15990383
2024-11-13 21:00:00+00:00,146.51,146.51,0.0,147.32,137.7489,146.245,0.0,0
2024-11-13 22:00:00+00:00,146.56,146.56,0.0,146.64,146.27,146.51,0.0,0
2024-11-13 23:00:00+00:00,146.55,146.55,0.0,146.61,146.41,146.58,0.0,0
2024-11-14 09:00:00+00:00,147.1,147.1,0.0,147.45,146.72,146.72,0.0,0
2024-11-14 10:00:00+00:00,147.42,147.42,0.0,147.55,147.07,147.11,0.0,0
2024-11-14 11:00:00+00:00,147.44,147.44,0.0,147.64,147.24,147.46,0.0,0
2024-11-14 12:00:00+00:00,147.35,147.35,0.0,147.73,147.11,147.41,0.0,0
2024-11-14 13:00:00+00:00,147.51,147.51,0.0,147.74,146.14,147.35,0.0,0
2024-11-14 14:00:00+00:00,147.63,147.63,0.0,149.135,144.63,147.525,0.0,0
2024-11-14 14:30:00+00:00,148.31520080566406,148.31520080566406,0.0,148.57000732421875,145.7449951171875,147.2899932861328,0.0,54272218
2024-11-14 15:30:00+00:00,148.86500549316406,148.86500549316406,0.0,148.99000549316406,147.69000244140625,148.30999755859375,0.0,25106650
2024-11-14 16:30:00+00:00,147.7550048828125,147.7550048828125,0.0,149.0,147.67120361328125,148.875,0.0,18098271
2024-11-14 17:30:00+00:00,147.42750549316406,147.42750549316406,0.0,147.8699951171875,147.27000427246094,147.75390625,0.0,16034380
2024-11-14 18:30:00+00:00,146.80259704589844,146.80259704589844,0.0,147.52000427246094,146.47000122070312,147.42999267578125,0.0,25311371
2024-11-14 19:30:00+00:00,146.16000366210938,146.16000366210938,0.0,147.10519409179688,145.85000610351562,146.8000030517578,0.0,19908657
2024-11-14 20:30:00+00:00,146.8000946044922,146.8000946044922,0.0,146.89010620117188,145.75999450683594,146.1699981689453,0.0,13599159
2024-11-14 21:00:00+00:00,146.7,146.7,0.0,146.93,146.31,146.8,0.0,0
2024-11-14 22:00:00+00:00,146.49,146.49,0.0,155.7173,141.0553,146.7,0.0,0
2024-11-14 23:00:00+00:00,146.45,146.45,0.0,146.55,146.22,146.5,0.0,0
2024-11-15 09:00:00+00:00,145.8,145.8,0.0,146.25,145.56,146.01,0.0,0
2024-11-15 10:00:00+00:00,146.12,146.12,0.0,146.15,145.7,145.76,0.0,0
2024-11-15 11:00:00+00:00,146.55,146.55,0.0,146.61,145.82,146.07,0.0,0
2024-11-15 12:00:00+00:00,146.1,146.1,0.0,146.56,146.0,146.51,0.0,0
2024-11-15 13:00:00+00:00,145.43,145.43,0.0,146.76,145.31,146.1,0.0,0
2024-11-15 14:00:00+00:00,144.74,144.74,0.0,145.72,144.74,145.4,0.0,0
2024-11-15 14:30:00+00:00,142.38999938964844,142.38999938964844,0.0,145.24000549316406,141.80999755859375,144.8699951171875,0.0,67749741
2024-11-15 15:30:00+00:00,142.97000122070312,142.97000122070312,0.0,143.52999877929688,142.3000030517578,142.3800048828125,0.0,26200905
2024-11-15 16:30:00+00:00,141.80999755859375,141.80999755859375,0.0,143.10000610351562,140.83999633789062,142.9600067138672,0.0,29495799
2024-11-15 17:30:00+00:00,141.23500061035156,141.23500061035156,0.0,142.19000244140625,140.72000122070312,141.7949981689453,0.0,22083629
2024-11-15 18:30:00+00:00,140.1199951171875,140.1199951171875,0.0,141.3361053466797,140.0800018310547,141.22000122070312,0.0,24284572
2024-11-15 19:30:00+00:00,142.07000732421875,142.07000732421875,0.0,142.33999633789062,140.10000610351562,140.1300048828125,0.0,31079307
2024-11-15 20:30:00+00:00,141.97030639648438,141.97030639648438,0.0,142.31500244140625,141.5449981689453,142.0500030517578,0.0,20081701
2024-11-15 21:00:00+00:00,142.045,142.045,0.0,147.03,138.4516,141.88,0.0,0
2024-11-15 22:00:00+00:00,142.1697,142.1697,0.0,142.22,141.95,142.05,0.0,0
2024-11-15 23:00:00+00:00,142.32,142.32,0.0,142.41,142.15,142.17,0.0,0
2024-11-18 09:00:00+00:00,139.66,139.66,0.0,143.21,139.15,143.21,0.0,0
2024-11-18 10:00:00+00:00,138.52,138.52,0.0,139.82,137.2,139.76,0.0,0
2024-11-18 11:00:00+00:00,139.22,139.22,0.0,139.34,138.08,138.52,0.0,0
2024-11-18 12:00:00+00:00,138.92,138.92,0.0,139.83,138.14,139.22,0.0,0
2024-11-18 13:00:00+00:00,138.045,138.045,0.0,143.29,137.13,138.93,0.0,0
2024-11-18 14:00:00+00:00,139.59,139.59,0.0,139.81,138.0,138.0697,0.0,0
2024-11-18 14:30:00+00:00,140.00999450683594,140.00999450683594,0.0,140.1300048828125,137.14999389648438,139.83999633789062,0.0,74926664
2024-11-18 15:30:00+00:00,141.02999877929688,141.02999877929688,0.0,141.1699981689453,139.63999938964844,140.00999450683594,0.0,24675009
2024-11-18 16:30:00+00:00,139.52999877929688,139.52999877929688,0.0,141.27999877929688,139.35000610351562,141.02000427246094,0.0,22706788
2024-11-18 17:30:00+00:00,139.843505859375,139.843505859375,0.0,140.0500030517578,138.8800048828125,139.52999877929688,0.0,16132498
2024-11-18 18:30:00+00:00,139.7100067138672,139.7100067138672,0.0,140.39999389648438,139.35299682617188,139.86000061035156,0.0,15415554
2024-11-18 19:30:00+00:00,141.5,141.5,0.0,141.5500030517578,139.55999755859375,139.72000122070312,0.0,15272534
2024-11-18 20:30:00+00:00,140.1999969482422,140.1999969482422,0.0,141.5,139.5,141.47000122070312,0.0,18040131
2024-11-18 21:00:00+00:00,140.27,140.27,0.0,148.73,140.0,140.2,0.0,0
2024-11-18 22:00:00+00:00,140.66,140.66,0.0,205.1873,140.22,140.22,0.0,0
2024-11-18 23:00:00+00:00,140.52,140.52,0.0,140.69,140.34,140.6,0.0,0
2024-11-19 09:00:00+00:00,141.57,141.57,0.0,142.59,140.92,140.99,0.0,0
2024-11-19 10:00:00+00:00,141.3,141.3,0.0,141.82,140.73,141.53,0.0,0
2024-11-19 11:00:00+00:00,141.82,141.82,0.0,142.08,141.24,141.29,0.0,0
2024-11-19 12:00:00+00:00,142.5,142.5,0.0,142.57,141.26,141.8,0.0,0
2024-11-19 13:00:00+00:00,141.67,141.67,0.0,142.5864,140.15,142.5,0.0,0
2024-11-19 14:00:00+00:00,141.3199,141.3199,0.0,145.13,117.87,141.6601,0.0,0
2024-11-19 14:30:00+00:00,142.97999572753906,142.97999572753906,0.0,143.5500030517578,140.99000549316406,141.5,0.0,59592508
2024-11-19 15:30:00+00:00,143.67999267578125,143.67999267578125,0.0,144.5500030517578,142.77000427246094,142.97000122070312,0.0,29728176
2024-11-19 16:30:00+00:00,143.60000610351562,143.60000610351562,0.0,144.16000366210938,143.16000366210938,143.6804962158203,0.0,17453921
2024-11-19 17:30:00+00:00,144.60690307617188,144.60690307617188,0.0,144.66000366210938,143.41000366210938,143.60000610351562,0.0,16232534
2024-11-19 18:30:00+00:00,146.03460693359375,146.03460693359375,0.0,146.30999755859375,144.50999450683594,144.61000061035156,0.0,25125970
2024-11-19 19:30:00+00:00,146.63490295410156,146.63490295410156,0.0,146.97000122070312,145.77999877929688,146.03500366210938,0.0,26511111
2024-11-19 20:30:00+00:00,146.99000549316406,146.99000549316406,0.0,147.1300048828125,146.1300048828125,146.6300048828125,0.0,21863148
2024-11-19 21:00:00+00:00,147.13,147.13,0.0,156.7755,141.9251,147.0,0.0,0
2024-11-19 22:00:00+00:00,146.975,146.975,0.0,147.18,146.76,147.18,0.0,0
2024-11-19 23:00:00+00:00,147.46,147.46,0.0,147.6,146.88,146.97,0.0,0
2024-11-20 09:00:00+00:00,147.58,147.58,0.0,147.9,147.28,147.63,0.0,0
2024-11-20 10:00:00+00:00,146.9,146.9,0.0,147.67,146.35,147.6,0.0,0
2024-11-20 11:00:00+00:00,147.28,147.28,0.0,147.45,146.81,146.85,0.0,0
2024-11-20 12:00:00+00:00,147.82,147.82,0.0,148.08,147.08,147.27,0.0,0
2024-11-20 13:00:00+00:00,147.78,147.78,0.0,148.08,146.35,147.83,0.0,0
2024-11-20 14:00:00+00:00,147.345,147.345,0.0,147.96,137.185,147.76,0.0,0
2024-11-20 14:30:00+00:00,143.83450317382812,143.83450317382812,0.0,147.3800048828125,142.72999572753906,146.36000061035156,0.0,70469342
2024-11-20 15:30:00+00:00,144.7899932861328,144.7899932861328,0.0,146.5800018310547,143.7899932861328,143.8300018310547,0.0,39712714
2024-11-20 16:30:00+00:00,145.3101043701172,145.3101043701172,0.0,146.22000122070312,144.1999969482422,144.81080627441406,0.0,28787398
2024-11-20 17:30:00+00:00,145.02099609375,145.02099609375,0.0,145.5,144.3800048828125,145.31500244140625,0.0,19184166
2024-11-20 18:30:00+00:00,143.47000122070312,143.47000122070312,0.0,145.0500030517578,143.24000549316406,145.02000427246094,0.0,22144642
2024-11-20 19:30:00+00:00,144.47000122070312,144.47000122070312,0.0,144.57000732421875,143.41000366210938,143.4600067138672,0.0,25982186
2024-11-20 20:30:00+00:00,145.92999267578125,145.92999267578125,0.0,146.16000366210938,144.4510955810547,144.4600067138672,0.0,29516785
2024-11-20 21:00:00+00:00,144.94,144.94,0.0,146.6,137.91,145.93,0.0,0
2024-11-20 22:00:00+00:00,144.1199,144.1199,0.0,145.85,142.37,144.97,0.0,0
2024-11-20 23:00:00+00:00,143.54,143.54,0.0,144.51,143.3,144.12,0.0,0
2024-11-21 09:00:00+00:00,140.49,140.49,0.0,143.31,139.8,143.31,0.0,0
2024-11-21 10:00:00+00:00,141.2,141.2,0.0,141.69,140.33,140.47,0.0,0
2024-11-21 11:00:00+00:00,142.64,142.64,0.0,142.9,141.11,141.18,0.0,0
2024-11-21 12:00:00+00:00,144.67,144.67,0.0,144.98,142.55,142.64,0.0,0
2024-11-21 13:00:00+00:00,148.1419,148.1419,0.0,148.36,139.7831,144.7,0.0,0
2024-11-21 14:00:00+00:00,149.32,149.32,0.0,149.69,147.54,148.1999,0.0,0
2024-11-21 14:30:00+00:00,141.1959991455078,141.1959991455078,0.0,152.88999938964844,141.02000427246094,149.31500244140625,0.0,161308642
2024-11-21 15:30:00+00:00,144.98199462890625,144.98199462890625,0.0,145.08990478515625,140.6999969482422,141.1522979736328,0.0,53973735
2024-11-21 16:30:00+00:00,144.27999877929688,144.27999877929688,0.0,145.4550018310547,143.14999389648438,144.99000549316406,0.0,36124960
2024-11-21 17:30:00+00:00,145.17999267578125,145.17999267578125,0.0,145.4199981689453,143.7100067138672,144.30999755859375,0.0,25072264
2024-11-21 18:30:00+00:00,147.10159301757812,147.10159301757812,0.0,147.61000061035156,145.19000244140625,145.1999969482422,0.0,40308019
2024-11-21 19:30:00+00:00,148.1750030517578,148.1750030517578,0.0,148.5500030517578,146.9499969482422,147.10989379882812,0.0,34275796
2024-11-21 20:30:00+00:00,146.6300048828125,146.6300048828125,0.0,148.42999267578125,146.3000030517578,148.1750030517578,0.0,24086105
2024-11-21 21:00:00+00:00,146.12,146.12,0.0,147.0,140.295,146.62,0.0,0
2024-11-21 22:00:00+00:00,146.2,146.2,0.0,150.1094,146.05,146.1,0.0,0
2024-11-21 23:00:00+00:00,146.09,146.09,0.0,146.67,146.07,146.18,0.0,0
2024-11-22 09:00:00+00:00,144.86,144.86,0.0,146.4,144.63,146.26,0.0,0
2024-11-22 10:00:00+00:00,145.24,145.24,0.0,145.66,144.3,144.81,0.0,0
2024-11-22 11:00:00+00:00,145.88,145.88,0.0,146.1,145.22,145.23,0.0,0
2024-11-22 12:00:00+00:00,146.07,146.07,0.0,146.25,145.6,145.89,0.0,0
2024-11-22 13:00:00+00:00,146.1,146.1,0.0,146.67,144.3271,146.07,0.0,0
2024-11-22 14:00:00+00:00,145.891,145.891,0.0,152.815,138.4,146.2999,0.0,0
2024-11-22 14:30:00+00:00,142.7449951171875,142.7449951171875,0.0,147.16000366210938,142.4600067138672,145.91000366210938,0.0,72309140
2024-11-22 15:30:00+00:00,142.2799072265625,142.2799072265625,0.0,143.88999938964844,142.00999450683594,142.75999450683594,0.0,35885016
2024-11-22 16:30:00+00:00,142.09719848632812,142.09719848632812,0.0,142.3800048828125,141.5301055908203,142.27999877929688,0.0,29752903
2024-11-22 17:30:00+00:00,141.99000549316406,141.99000549316406,0.0,142.3300018310547,141.7899932861328,142.08999633789062,0.0,17601923
2024-11-22 18:30:00+00:00,141.4600067138672,141.4600067138672,0.0,142.1699981689453,141.10000610351562,141.98500061035156,0.0,21078391
2024-11-22 19:30:00+00:00,142.0,142.0,0.0,142.22000122070312,141.43089294433594,141.46499633789062,0.0,20326048
2024-11-22 20:30:00+00:00,141.89999389648438,141.89999389648438,0.0,142.1300048828125,141.47999572753906,141.99989318847656,0.0,18195187
2024-11-22 21:00:00+00:00,141.99,141.99,0.0,142.9908,141.8,141.9,0.0,0
2024-11-22 22:00:00+00:00,142.0,142.0,0.0,142.08,141.92,141.97,0.0,0
2024-11-22 23:00:00+00:00,141.74,141.74,0.0,142.0,141.71,142.0,0.0,0
2024-11-25 09:00:00+00:00,142.36,142.36,0.0,143.18,140.04,142.95,0.0,0
2024-11-25 10:00:00+00:00,142.09,142.09,0.0,142.51,141.85,142.36,0.0,0
2024-11-25 11:00:00+00:00,142.02,142.02,0.0,142.26,141.68,142.08,0.0,0
2024-11-25 12:00:00+00:00,141.98,141.98,0.0,142.25,141.8,142.05,0.0,0
2024-11-25 13:00:00+00:00,141.5703,141.5703,0.0,143.32,141.01,141.97,0.0,0
2024-11-25 14:00:00+00:00,141.99,141.99,0.0,149.44,141.41,141.5703,0.0,0
2024-11-25 14:30:00+00:00,137.1699981689453,137.1699981689453,0.0,142.0500030517578,136.49000549316406,141.97000122070312,0.0,93964898
2024-11-25 15:30:00+00:00,138.279296875,138.279296875,0.0,138.33999633789062,136.22000122070312,137.13999938964844,0.0,36654509
2024-11-25 16:30:00+00:00,136.96200561523438,136.96200561523438,0.0,138.66000366210938,136.63999938964844,138.28500366210938,0.0,26386230
2024-11-25 17:30:00+00:00,137.0897979736328,137.0897979736328,0.0,137.88999938964844,136.4499969482422,136.9698944091797,0.0,25854910
2024-11-25 18:30:00+00:00,136.927001953125,136.927001953125,0.0,137.1999969482422,136.3000030517578,137.0800018310547,0.0,21813470
2024-11-25 19:30:00+00:00,136.72500610351562,136.72500610351562,0.0,137.4149932861328,136.35000610351562,136.9199981689453,0.0,20414076
2024-11-25 20:30:00+00:00,135.94000244140625,135.94000244140625,0.0,137.14830017089844,135.82000732421875,136.72999572753906,0.0,25894894
2024-11-25 21:00:00+00:00,136.25,136.25,0.0,136.54,135.38,135.94,0.0,0
2024-11-25 22:00:00+00:00,136.43,136.43,0.0,143.8339,127.9996,136.2505,0.0,0
2024-11-25 23:00:00+00:00,136.085,136.085,0.0,136.74,136.02,136.43,0.0,0
2024-11-26 09:00:00+00:00,136.59,136.59,0.0,136.94,135.8,136.0,0.0,0
2024-11-26 10:00:00+00:00,136.59,136.59,0.0,136.83,136.39,136.6,0.0,0
2024-11-26 11:00:00+00:00,136.59,136.59,0.0,136.87,136.32,136.56,0.0,0
2024-11-26 12:00:00+00:00,137.39,137.39,0.0,137.5,136.51,136.56,0.0,0
2024-11-26 13:00:00+00:00,137.85,137.85,0.0,137.97,135.8195,137.42,0.0,0
2024-11-26 14:00:00+00:00,137.67,137.67,0.0,138.55,136.02,137.84,0.0,0
2024-11-26 14:30:00+00:00,136.96310424804688,136.96310424804688,0.0,139.3000030517578,136.30999755859375,137.69000244140625,0.0,69441466
2024-11-26 15:30:00+00:00,136.9250030517578,136.9250030517578,0.0,137.1699981689453,136.1699981689453,136.97999572753906,0.0,27336608
2024-11-26 16:30:00+00:00,136.81619262695312,136.81619262695312,0.0,137.13999938964844,136.47999572753906,136.91000366210938,0.0,15867762
2024-11-26 17:30:00+00:00,136.63499450683594,136.63499450683594,0.0,137.10000610351562,136.375,136.8249969482422,0.0,12135169
2024-11-26 18:30:00+00:00,135.9600067138672,135.9600067138672,0.0,136.85499572753906,135.6699981689453,136.6300048828125,0.0,14953767
2024-11-26 19:30:00+00:00,136.83990478515625,136.83990478515625,0.0,136.84500122070312,135.80999755859375,135.9499969482422,0.0,13655903
2024-11-26 20:30:00+00:00,136.82000732421875,136.82000732421875,0.0,137.10000610351562,136.55999755859375,136.8350067138672,0.0,13840913
2024-11-26 21:00:00+00:00,136.69,136.69,0.0,141.82,136.465,136.86,0.0,0
2024-11-26 22:00:00+00:00,136.33,136.33,0.0,164.3445,101.0201,136.71,0.0,0
2024-11-26 23:00:00+00:00,136.32,136.32,0.0,136.92,136.26,136.34,0.0,0
2024-11-27 09:00:00+00:00,135.38,135.38,0.0,136.52,135.3,136.52,0.0,0
2024-11-27 10:00:00+00:00,135.29,135.29,0.0,135.68,135.11,135.35,0.0,0
2024-11-27 11:00:00+00:00,135.36,135.36,0.0,135.6,135.05,135.28,0.0,0
2024-11-27 12:00:00+00:00,135.26,135.26,0.0,135.64,135.12,135.35,0.0,0
2024-11-27 13:00:00+00:00,135.285,135.285,0.0,136.75,135.0101,135.26,0.0,0
2024-11-27 14:00:00+00:00,135.005,135.005,0.0,135.45,134.89,135.28,0.0,0
2024-11-27 14:30:00+00:00,132.35989379882812,132.35989379882812,0.0,135.1199951171875,132.25,135.00999450683594,0.0,72333292
2024-11-27 15:30:00+00:00,132.4149932861328,132.4149932861328,0.0,133.0800018310547,132.0,132.3780975341797,0.0,34349238
2024-11-27 16:30:00+00:00,132.59500122070312,132.59500122070312,0.0,132.7899932861328,131.89999389648438,132.41000366210938,0.0,20553359
2024-11-27 17:30:00+00:00,133.65989685058594,133.65989685058594,0.0,133.65989685058594,132.22999572753906,132.58999633789062,0.0,17619519
2024-11-27 18:30:00+00:00,134.14999389648438,134.14999389648438,0.0,134.57000732421875,133.6199951171875,133.65089416503906,0.0,19717594
2024-11-27 19:30:00+00:00,134.4398956298828,134.4398956298828,0.0,135.1699981689453,133.97999572753906,134.14500427246094,0.0,19235243
2024-11-27 20:30:00+00:00,135.4199981689453,135.4199981689453,0.0,135.4199981689453,134.17999267578125,134.43499755859375,0.0,14427684
2024-11-27 21:00:00+00:00,135.42,135.42,0.0,142.66,135.11,135.41,0.0,0
2024-11-27 22:00:00+00:00,135.31,135.31,0.0,137.7489,128.7753,135.4192,0.0,0
2024-11-27 23:00:00+00:00,135.43,135.43,0.0,135.45,135.06,135.34,0.0,0
2024-11-29 09:00:00+00:00,137.72,137.72,0.0,137.79,137.0,137.56,0.0,0
2024-11-29 10:00:00+00:00,137.48,137.48,0.0,137.75,137.24,137.72,0.0,0
2024-11-29 11:00:00+00:00,137.59,137.59,0.0,137.67,137.37,137.47,0.0,0
2024-11-29 12:00:00+00:00,137.27,137.27,0.0,137.8,137.15,137.6,0.0,0
2024-11-29 13:00:00+00:00,136.7101,136.7101,0.0,137.9988,135.34,137.25,0.0,0
2024-11-29 14:00:00+00:00,136.71,136.71,0.0,138.15,132.51,136.71,0.0,0
2024-11-29 14:30:00+00:00,138.6750030517578,138.6750030517578,0.0,139.35000610351562,136.0500030517578,136.85000610351562,0.0,57723304
2024-11-29 15:30:00+00:00,138.35000610351562,138.35000610351562,0.0,139.14999389648438,138.1999969482422,138.6699981689453,0.0,23606266
2024-11-29 16:30:00+00:00,138.82000732421875,138.82000732421875,0.0,139.0800018310547,138.1300048828125,138.35000610351562,0.0,19259852
2024-11-29 18:00:00+00:00,138.08030700683594,138.08030700683594,0.0,139.02999877929688,138.0,138.81500244140625,0.0,0
2024-11-29 19:00:00+00:00,138.1401,138.1401,0.0,138.385,138.01,138.0899,0.0,0
2024-11-29 20:00:00+00:00,138.12,138.12,0.0,146.8387,129.1495,138.15,0.0,0
2024-11-29 21:00:00+00:00,138.1202,138.1202,0.0,138.25,138.06,138.1,0.0,0
2024-12-02 09:00:00+00:00,136.66,136.66,0.0,138.18,136.36,137.97,0.0,0
2024-12-02 10:00:00+00:00,136.55,136.55,0.0,136.75,135.71,136.62,0.0,0
2024-12-02 11:00:00+00:00,136.6,136.6,0.0,136.74,136.32,136.55,0.0,0
2024-12-02 12:00:00+00:00,137.72,137.72,0.0,137.74,136.47,136.63,0.0,0
2024-12-02 13:00:00+00:00,137.85,137.85,0.0,138.39,135.7792,137.72,0.0,0
2024-12-02 14:00:00+00:00,138.73,138.73,0.0,138.87,137.42,137.87,0.0,0
2024-12-02 14:30:00+00:00,139.1699981689453,139.1699981689453,0.0,140.4499969482422,138.08999633789062,138.83999633789062,0.0,53770929
2024-12-02 15:30:00+00:00,138.99400329589844,138.99400329589844,0.0,139.27000427246094,138.3000030517578,139.16000366210938,0.0,21944827
2024-12-02 16:30:00+00:00,139.1649932861328,139.1649932861328,0.0,139.64990234375,138.72000122070312,138.98989868164062,0.0,14733385
2024-12-02 17:30:00+00:00,138.2949981689453,138.2949981689453,0.0,139.22999572753906,138.2899932861328,139.1699981689453,0.0,13513148
2024-12-02 18:30:00+00:00,138.12860107421875,138.12860107421875,0.0,138.83999633789062,137.8249969482422,138.3000030517578,0.0,14799496
2024-12-02 19:30:00+00:00,138.79879760742188,138.79879760742188,0.0,138.8699951171875,138.0800018310547,138.1260986328125,0.0,10879220
2024-12-02 20:30:00+00:00,138.63999938964844,138.63999938964844,0.0,138.88999938964844,137.88999938964844,138.7949981689453,0.0,14377830
2024-12-02 21:00:00+00:00,138.48,138.48,0.0,141.415,138.3,138.63,0.0,0
2024-12-02 22:00:00+00:00,138.42,138.42,0.0,147.7039,138.36,138.505,0.0,0
2024-12-02 23:00:00+00:00,138.41,138.41,0.0,147.7039,138.34,138.4,0.0,0
2024-12-03 09:00:00+00:00,138.52,138.52,0.0,138.79,138.19,138.4,0.0,0
2024-12-03 10:00:00+00:00,138.42,138.42,0.0,138.68,138.3,138.5,0.0,0
2024-12-03 11:00:00+00:00,138.29,138.29,0.0,138.47,138.25,138.42,0.0,0
2024-12-03 12:00:00+00:00,138.56,138.56,0.0,138.71,138.29,138.29,0.0,0
2024-12-03 13:00:00+00:00,138.8,138.8,0.0,138.93,138.17,138.55,0.0,0
2024-12-03 14:00:00+00:00,138.29,138.29,0.0,140.14,137.8,138.785,0.0,0
2024-12-03 14:30:00+00:00,138.5299072265625,138.5299072265625,0.0,140.5399932861328,137.9499969482422,138.31500244140625,0.0,44241821
2024-12-03 15:30:00+00:00,139.17919921875,139.17919921875,0.0,139.39999389648438,138.10000610351562,138.52999877929688,0.0,20134225
2024-12-03 16:30:00+00:00,138.77999877929688,138.77999877929688,0.0,139.4499969482422,138.4949951171875,139.18499755859375,0.0,19621458
2024-12-03 17:30:00+00:00,139.05870056152344,139.05870056152344,0.0,139.44000244140625,138.50999450683594,138.78500366210938,0.0,14091472
2024-12-03 18:30:00+00:00,139.26589965820312,139.26589965820312,0.0,139.39999389648438,138.9199981689453,139.0500030517578,0.0,9524141
2024-12-03 19:30:00+00:00,140.22999572753906,140.22999572753906,0.0,140.27999877929688,139.26499938964844,139.27000427246094,0.0,15387277
2024-12-03 20:30:00+00:00,140.25,140.25,0.0,140.27999877929688,139.72000122070312,140.22360229492188,0.0,15928668
2024-12-03 21:00:00+00:00,140.525,140.525,0.0,140.78,139.7172,140.26,0.0,0
2024-12-03 22:00:00+00:00,140.55,140.55,0.0,140.64,137.8095,140.5198,0.0,0
2024-12-03 23:00:00+00:00,140.7,140.7,0.0,140.73,140.41,140.55,0.0,0
2024-12-04 09:00:00+00:00,141.5,141.5,0.0,141.7,141.11,141.2,0.0,0
2024-12-04 10:00:00+00:00,141.52,141.52,0.0,141.67,141.36,141.49,0.0,0
2024-12-04 11:00:00+00:00,141.52,141.52,0.0,141.52,141.25,141.52,0.0,0
2024-12-04 12:00:00+00:00,141.689,141.689,0.0,141.84,141.36,141.52,0.0,0
2024-12-04 13:00:00+00:00,141.93,141.93,0.0,142.07,137.931,141.69,0.0,0
2024-12-04 14:00:00+00:00,142.0,142.0,0.0,142.28,141.84,141.94,0.0,0
2024-12-04 14:30:00+00:00,141.8000030517578,141.8000030517578,0.0,142.6300048828125,140.2899932861328,142.02000427246094,0.0,50608437
2024-12-04 15:30:00+00:00,142.9499969482422,142.9499969482422,0.0,143.0,141.6199951171875,141.8000030517578,0.0,24494468
2024-12-04 16:30:00+00:00,144.5749969482422,144.5749969482422,0.0,144.5800018310547,142.91000366210938,142.94110107421875,0.0,32275847
2024-12-04 17:30:00+00:00,143.83009338378906,143.83009338378906,0.0,144.6199951171875,143.80999755859375,144.5749969482422,0.0,21547289
2024-12-04 18:30:00+00:00,145.5050048828125,145.5050048828125,0.0,145.52000427246094,143.7530059814453,143.83380126953125,0.0,24719833
2024-12-04 19:30:00+00:00,145.3800048828125,145.3800048828125,0.0,145.7899932861328,145.25999450683594,145.5050048828125,0.0,24269319
2024-12-04 20:30:00+00:00,145.13819885253906,145.13819885253906,0.0,145.6699981689453,144.5800018310547,145.3699951171875,0.0,20550348
2024-12-04 21:00:00+00:00,144.8207,144.8207,0.0,145.15,137.54,145.13,0.0,0
2024-12-04 22:00:00+00:00,144.7992,144.7992,0.0,145.14,144.66,144.84,0.0,0
2024-12-04 23:00:00+00:00,144.5106,144.5106,0.0,144.85,144.45,144.785,0.0,0
2024-12-05 09:00:00+00:00,144.51,144.51,0.0,144.66,144.15,144.47,0.0,0
2024-12-05 10:00:00+00:00,144.67,144.67,0.0,144.67,144.31,144.49,0.0,0
2024-12-05 11:00:00+00:00,144.82,144.82,0.0,144.88,144.54,144.69,0.0,0
2024-12-05 12:00:00+00:00,145.32,145.32,0.0,145.49,144.79,144.81,0.0,0
2024-12-05 13:00:00+00:00,145.0201,145.0201,0.0,145.49,144.19,145.28,0.0,0
2024-12-05 14:00:00+00:00,145.12,145.12,0.0,145.18,141.045,145.02,0.0,0
2024-12-05 14:30:00+00:00,144.61000061035156,144.61000061035156,0.01,145.9600067138672,143.9499969482422,144.25100708007812,0.0,47984197
2024-12-05 15:30:00+00:00,145.94500732421875,145.94500732421875,0.0,146.19000244140625,144.24000549316406,144.610107421875,0.0,23943465
2024-12-05 16:30:00+00:00,146.0,146.0,0.0,146.5399932861328,145.75999450683594,145.94979858398438,0.0,18441563
2024-12-05 17:30:00+00:00,144.9199981689453,144.9199981689453,0.0,146.17990112304688,144.66000366210938,145.99000549316406,0.0,18051433
2024-12-05 18:30:00+00:00,144.87600708007812,144.87600708007812,0.0,145.1710968017578,144.30999755859375,144.9149932861328,0.0,15370696
2024-12-05 19:30:00+00:00,144.98989868164062,144.98989868164062,0.0,145.5,144.85000610351562,144.86000061035156,0.0,12772741
2024-12-05 20:30:00+00:00,145.00999450683594,145.00999450683594,0.0,145.25,144.8800048828125,144.97999572753906,0.0,12218215
2024-12-05 21:00:00+00:00,144.8001,144.8001,0.0,145.17,144.67,145.06,0.0,0
2024-12-05 22:00:00+00:00,144.52,144.52,0.0,147.833,144.49,144.81,0.0,0
2024-12-05 23:00:00+00:00,144.4212,144.4212,0.0,145.06,144.36,144.53,0.0,0
2024-12-06 09:00:00+00:00,144.8,144.8,0.0,145.14,144.73,144.96,0.0,0
2024-12-06 10:00:00+00:00,144.82,144.82,0.0,144.96,144.55,144.8,0.0,0
2024-12-06 11:00:00+00:00,144.67,144.67,0.0,144.87,144.51,144.81,0.0,0
2024-12-06 12:00:00+00:00,144.81,144.81,0.0,144.89,144.51,144.66,0.0,0
2024-12-06 13:00:00+00:00,144.4,144.4,0.0,145.101,144.2,144.79,0.0,0
2024-12-06 14:00:00+00:00,144.62,144.62,0.0,145.715,144.2,144.36,0.0,0
2024-12-06 14:30:00+00:00,144.5500030517578,144.5500030517578,0.0,145.6999969482422,144.1750030517578,144.6300048828125,0.0,44083095
2024-12-06 15:30:00+00:00,142.69000244140625,142.69000244140625,0.0,144.7050018310547,141.72000122070312,144.5500030517578,0.0,35632112
2024-12-06 16:30:00+00:00,142.91099548339844,142.91099548339844,0.0,143.22999572753906,141.30999755859375,142.67999267578125,0.0,27987480
2024-12-06 17:30:00+00:00,142.6708984375,142.6708984375,0.0,142.92999267578125,142.02999877929688,142.91709899902344,0.0,14468084
2024-12-06 18:30:00+00:00,142.5850067138672,142.5850067138672,0.0,142.6999969482422,142.17999267578125,142.67990112304688,0.0,11155484
2024-12-06 19:30:00+00:00,142.10499572753906,142.10499572753906,0.0,142.7100067138672,141.8800048828125,142.58999633789062,0.0,13885046
2024-12-06 20:30:00+00:00,142.39999389648438,142.39999389648438,0.0,142.47999572753906,141.7899932861328,142.10499572753906,0.0,14636169
2024-12-06 21:00:00+00:00,142.11,142.11,0.0,142.48,133.326,142.43,0.0,0
2024-12-06 22:00:00+00:00,141.92,141.92,0.0,142.44,141.8604,142.14,0.0,0
2024-12-06 23:00:00+00:00,141.92,141.92,0.0,142.05,141.81,141.93,0.0,0
2024-12-09 09:00:00+00:00,141.38,141.38,0.0,142.49,141.2,142.01,0.0,0
2024-12-09 10:00:00+00:00,141.03,141.03,0.0,141.51,140.73,141.35,0.0,0
2024-12-09 11:00:00+00:00,141.08,141.08,0.0,141.24,140.61,141.05,0.0,0
2024-12-09 12:00:00+00:00,139.88,139.88,0.0,141.1,138.81,141.09,0.0,0
2024-12-09 13:00:00+00:00,139.1901,139.1901,0.0,143.0988,138.856,139.9,0.0,0
2024-12-09 14:00:00+00:00,139.0,139.0,0.0,139.6,138.9,139.19,0.0,0
2024-12-09 14:30:00+00:00,138.66000366210938,138.66000366210938,0.0,139.9499969482422,137.80999755859375,138.0,0.0,63026259
2024-12-09 15:30:00+00:00,138.08999633789062,138.08999633789062,0.0,138.86729431152344,137.1300048828125,138.66000366210938,0.0,31012042
2024-12-09 16:30:00+00:00,138.4499969482422,138.4499969482422,0.0,138.7100067138672,137.8800048828125,138.08999633789062,0.0,14990840
2024-12-09 17:30:00+00:00,139.56500244140625,139.56500244140625,0.0,139.7830047607422,138.43040466308594,138.4550018310547,0.0,14749724
2024-12-09 18:30:00+00:00,138.67999267578125,138.67999267578125,0.0,139.83999633789062,138.63999938964844,139.57000732421875,0.0,11428516
2024-12-09 19:30:00+00:00,138.28500366210938,138.28500366210938,0.0,138.77000427246094,138.0500030517578,138.69000244140625,0.0,12452486
2024-12-09 20:30:00+00:00,138.80499267578125,138.80499267578125,0.0,139.13999938964844,138.24989318847656,138.3000030517578,0.0,11453233
2024-12-09 21:00:00+00:00,138.475,138.475,0.0,145.475,131.5215,138.805,0.0,0
2024-12-09 22:00:00+00:00,138.395,138.395,0.0,138.81,138.31,138.45,0.0,0
2024-12-09 23:00:00+00:00,138.12,138.12,0.0,138.4,138.0,138.4,0.0,0
2024-12-10 09:00:00+00:00,137.18,137.18,0.0,137.99,137.08,137.99,0.0,0
2024-12-10 10:00:00+00:00,137.58,137.58,0.0,137.7,137.02,137.18,0.0,0
2024-12-10 11:00:00+00:00,137.87,137.87,0.0,137.95,137.5,137.61,0.0,0
2024-12-10 12:00:00+00:00,138.48,138.48,0.0,138.53,137.89,137.89,0.0,0
2024-12-10 13:00:00+00:00,138.735,138.735,0.0,139.15,137.0236,138.46,0.0,0
2024-12-10 14:00:00+00:00,139.0,139.0,0.0,139.1,138.5,138.85,0.0,0
2024-12-10 14:30:00+00:00,140.07000732421875,140.07000732421875,0.0,141.82000732421875,138.80999755859375,138.89999389648438,0.0,46374574
2024-12-10 15:30:00+00:00,137.17990112304688,137.17990112304688,0.0,140.16000366210938,137.07000732421875,140.05999755859375,0.0,29845197
2024-12-10 16:30:00+00:00,136.2899932861328,136.2899932861328,0.0,137.25999450683594,135.764892578125,137.19000244140625,0.0,26121686
2024-12-10 17:30:00+00:00,136.41000366210938,136.41000366210938,0.0,136.85000610351562,135.96009826660156,136.2899932861328,0.0,13846109
2024-12-10 18:30:00+00:00,135.88999938964844,135.88999938964844,0.0,136.64999389648438,135.6300048828125,136.41000366210938,0.0,14589609
2024-12-10 19:30:00+00:00,134.5800018310547,134.5800018310547,0.0,135.9694061279297,133.8000030517578,135.88009643554688,0.0,28768670
2024-12-10 20:30:00+00:00,135.0,135.0,0.0,135.3800048828125,134.44000244140625,134.58999633789062,0.0,19039483
2024-12-10 21:00:00+00:00,135.445,135.445,0.0,143.1914,130.59,135.08,0.0,0
2024-12-10 22:00:00+00:00,135.385,135.385,0.0,135.48,135.07,135.47,0.0,0
2024-12-10 23:00:00+00:00,135.6,135.6,0.0,135.75,135.07,135.39,0.0,0
2024-12-11 09:00:00+00:00,136.52,136.52,0.0,136.68,136.0,136.22,0.0,0
2024-12-11 10:00:00+00:00,136.31,136.31,0.0,136.72,136.24,136.58,0.0,0
2024-12-11 11:00:00+00:00,136.76,136.76,0.0,136.88,136.22,136.32,0.0,0
2024-12-11 12:00:00+00:00,136.47,136.47,0.0,136.79,136.33,136.77,0.0,0
2024-12-11 13:00:00+00:00,136.35,136.35,0.0,136.89,135.07,136.49,0.0,0
2024-12-11 14:00:00+00:00,137.44,137.44,0.0,143.69,135.2,136.3485,0.0,0
2024-12-11 14:30:00+00:00,136.2050018310547,136.2050018310547,0.0,138.0500030517578,135.2100067138672,137.20010375976562,0.0,48972591
2024-12-11 15:30:00+00:00,137.64999389648438,137.64999389648438,0.0,137.7100067138672,135.42999267578125,136.197998046875,0.0,22757958
2024-12-11 16:30:00+00:00,138.6300048828125,138.6300048828125,0.0,139.0500030517578,137.17999267578125,137.64999389648438,0.0,21971597
2024-12-11 17:30:00+00:00,139.17880249023438,139.17880249023438,0.0,139.17999267578125,138.22999572753906,138.639892578125,0.0,14256316
2024-12-11 18:30:00+00:00,139.45449829101562,139.45449829101562,0.0,139.92999267578125,139.10000610351562,139.17979431152344,0.0,16419617
2024-12-11 19:30:00+00:00,140.11160278320312,140.11160278320312,0.0,140.1699981689453,139.35000610351562,139.4503936767578,0.0,18622791
2024-12-11 20:30:00+00:00,139.27000427246094,139.27000427246094,0.0,140.11500549316406,138.94000244140625,140.11500549316406,0.0,13537749
2024-12-11 21:00:00+00:00,138.96,138.96,0.0,148.1469,137.7489,139.31,0.0,0
2024-12-11 22:00:00+00:00,139.05,139.05,0.0,148.1469,133.7914,138.95,0.0,0
2024-12-11 23:00:00+00:00,138.9605,138.9605,0.0,139.31,138.88,139.07,0.0,0
2024-12-12 09:00:00+00:00,138.6,138.6,0.0,139.43,138.42,139.06,0.0,0
2024-12-12 10:00:00+00:00,138.94,138.94,0.0,139.05,138.38,138.65,0.0,0
2024-12-12 11:00:00+00:00,138.91,138.91,0.0,139.2,138.62,138.9,0.0,0
2024-12-12 12:00:00+00:00,138.8,138.8,0.0,139.18,138.69,138.9,0.0,0
2024-12-12 13:00:00+00:00,138.8094,138.8094,0.0,139.43,138.3797,138.82,0.0,0
2024-12-12 14:00:00+00:00,137.0595,137.0595,0.0,139.09,136.635,138.81,0.0,0
2024-12-12 14:30:00+00:00,136.6739959716797,136.6739959716797,0.0,137.5500030517578,135.8000030517578,137.10000610351562,0.0,52104111
2024-12-12 15:30:00+00:00,136.72000122070312,136.72000122070312,0.0,137.52999877929688,136.3800048828125,136.66000366210938,0.0,18884134
2024-12-12 16:30:00+00:00,137.37010192871094,137.37010192871094,0.0,137.38999938964844,136.09010314941406,136.72999572753906,0.0,13556780
2024-12-12 17:30:00+00:00,138.2050018310547,138.2050018310547,0.0,138.41000366210938,136.9499969482422,137.3699951171875,0.0,16490344
2024-12-12 18:30:00+00:00,137.96090698242188,137.96090698242188,0.0,138.25,137.32000732421875,138.2050018310547,0.0,13279870
2024-12-12 19:30:00+00:00,137.38499450683594,137.38499450683594,0.0,138.1199951171875,137.27000427246094,137.9600067138672,0.0,11982914
2024-12-12 20:30:00+00:00,137.30999755859375,137.30999755859375,0.0,137.75,137.0,137.38999938964844,0.0,9286520
2024-12-12 21:00:00+00:00,137.245,137.245,0.0,141.95,136.93,137.3,0.0,0
2024-12-12 22:00:00+00:00,138.96,138.96,0.0,146.8387,129.1495,137.29,0.0,0
2024-12-12 23:00:00+00:00,138.79,138.79,0.0,139.41,137.34,138.95,0.0,0
2024-12-13 09:00:00+00:00,138.53,138.53,0.0,139.8,138.0,139.8,0.0,0
2024-12-13 10:00:00+00:00,138.85,138.85,0.0,138.99,138.43,138.5,0.0,0
2024-12-13 11:00:00+00:00,138.75,138.75,0.0,138.96,138.6,138.87,0.0,0
2024-12-13 12:00:00+00:00,139.09,139.09,0.0,139.15,138.49,138.77,0.0,0
2024-12-13 13:00:00+00:00,139.78,139.78,0.0,139.82,137.34,139.09,0.0,0
2024-12-13 14:00:00+00:00,138.89,138.89,0.0,139.98,136.505,139.78,0.0,0
2024-12-13 14:30:00+00:00,136.49000549316406,136.49000549316406,0.0,139.60000610351562,136.4499969482422,139.0,0.0,49347246
2024-12-13 15:30:00+00:00,132.9499969482422,132.9499969482422,0.0,137.0,132.5399932861328,136.50999450683594,0.0,55221021
2024-12-13 16:30:00+00:00,133.27999877929688,133.27999877929688,0.0,134.14999389648438,132.89999389648438,132.9517059326172,0.0,31987618
2024-12-13 17:30:00+00:00,134.5294952392578,134.5294952392578,0.0,134.52999877929688,132.85000610351562,133.3000030517578,0.0,18658386
2024-12-13 18:30:00+00:00,134.63479614257812,134.63479614257812,0.0,134.75,133.9499969482422,134.52499389648438,0.0,14065097
2024-12-13 19:30:00+00:00,133.98699951171875,133.98699951171875,0.0,134.9199981689453,133.64999389648438,134.63229370117188,0.0,22835599
2024-12-13 20:30:00+00:00,134.22000122070312,134.22000122070312,0.0,134.30999755859375,133.72000122070312,133.97999572753906,0.0,14372220
2024-12-13 21:00:00+00:00,133.995,133.995,0.0,139.0312,125.8178,134.22,0.0,0
2024-12-13 22:00:00+00:00,134.08,134.08,0.0,134.25,133.99,134.0,0.0,0
2024-12-13 23:00:00+00:00,134.01,134.01,0.0,134.1,134.0,134.09,0.0,0
2024-12-16 09:00:00+00:00,133.63,133.63,0.0,134.27,133.32,134.27,0.0,0
2024-12-16 10:00:00+00:00,133.54,133.54,0.0,133.67,133.05,133.63,0.0,0
2024-12-16 11:00:00+00:00,133.63,133.63,0.0,133.7,133.33,133.55,0.0,0
2024-12-16 12:00:00+00:00,133.81,133.81,0.0,133.87,133.42,133.64,0.0,0
2024-12-16 13:00:00+00:00,134.6,134.6,0.0,134.71,133.0436,133.81,0.0,0
2024-12-16 14:00:00+00:00,134.23,134.23,0.0,139.545,132.6,134.63,0.0,0
2024-12-16 14:30:00+00:00,132.29010009765625,132.29010009765625,0.0,134.39999389648438,130.4199981689453,134.1649932861328,0.0,73858692
2024-12-16 15:30:00+00:00,130.92990112304688,130.92990112304688,0.0,132.4600067138672,130.88999938964844,132.3000030517578,0.0,27169378
2024-12-16 16:30:00+00:00,130.96299743652344,130.96299743652344,0.0,131.57000732421875,130.44000244140625,130.92010498046875,0.0,23176778
2024-12-16 17:30:00+00:00,131.3184051513672,131.3184051513672,0.0,132.0399932861328,130.82000732421875,130.9600067138672,0.0,19102314
2024-12-16 18:30:00+00:00,131.61000061035156,131.61000061035156,0.0,131.77999877929688,130.7100067138672,131.30999755859375,0.0,23414928
2024-12-16 19:30:00+00:00,132.39999389648438,132.39999389648438,0.0,132.77999877929688,131.58999633789062,131.6300048828125,0.0,22170031
2024-12-16 20:30:00+00:00,131.99000549316406,131.99000549316406,0.0,132.44000244140625,131.52000427246094,132.38999938964844,0.0,16535776
2024-12-16 21:00:00+00:00,131.62,131.62,0.0,132.15,131.54,132.0,0.0,0
2024-12-16 22:00:00+00:00,131.3892,131.3892,0.0,132.0,131.21,131.615,0.0,0
2024-12-16 23:00:00+00:00,131.0899,131.0899,0.0,132.0,131.01,131.39,0.0,0
2024-12-17 09:00:00+00:00,129.09,129.09,0.0,130.96,129.04,130.72,0.0,0
2024-12-17 10:00:00+00:00,129.46,129.46,0.0,129.68,128.88,129.08,0.0,0
2024-12-17 11:00:00+00:00,130.3,130.3,0.0,130.3,129.47,129.47,0.0,0
2024-12-17 12:00:00+00:00,130.17,130.17,0.0,130.4,129.7,130.31,0.0,0
2024-12-17 13:00:00+00:00,129.58,129.58,0.0,132.0,128.9024,130.16,0.0,0
2024-12-17 14:00:00+00:00,129.11,129.11,0.0,129.83,128.69,129.55,0.0,0
2024-12-17 14:30:00+00:00,127.62000274658203,127.62000274658203,0.0,129.61000061035156,126.86000061035156,129.0,0.0,87462311
2024-12-17 15:30:00+00:00,128.99000549316406,128.99000549316406,0.0,129.3000030517578,127.62000274658203,127.62000274658203,0.0,33645194
2024-12-17 16:30:00+00:00,131.19000244140625,131.19000244140625,0.0,131.2100067138672,128.80999755859375,128.97999572753906,0.0,30929782
2024-12-17 17:30:00+00:00,129.72430419921875,129.72430419921875,0.0,131.58999633789062,129.7100067138672,131.1999969482422,0.0,20569000
2024-12-17 18:30:00+00:00,129.89999389648438,129.89999389648438,0.0,130.1999053955078,129.25,129.72500610351562,0.0,16935727
2024-12-17 19:30:00+00:00,129.3249053955078,129.3249053955078,0.0,130.00999450683594,129.10000610351562,129.89999389648438,0.0,15589185
2024-12-17 20:30:00+00:00,130.35000610351562,130.35000610351562,0.0,130.41000366210938,128.82000732421875,129.3249969482422,0.0,19970966
2024-12-17 21:00:00+00:00,130.895,130.895,0.0,139.375,130.29,130.39,0.0,0
2024-12-17 22:00:00+00:00,130.83,130.83,0.0,130.98,127.8854,130.9,0.0,0
2024-12-17 23:00:00+00:00,131.2,131.2,0.0,131.2883,130.11,130.82,0.0,0
2024-12-18 09:00:00+00:00,133.77,133.77,0.0,133.83,131.84,131.91,0.0,0
2024-12-18 10:00:00+00:00,134.6,134.6,0.0,135.0,133.63,133.77,0.0,0
2024-12-18 11:00:00+00:00,134.12,134.12,0.0,134.63,133.7,134.63,0.0,0
2024-12-18 12:00:00+00:00,134.06,134.06,0.0,134.25,133.1,134.12,0.0,0
2024-12-18 13:00:00+00:00,134.06,134.06,0.0,134.94,130.39,134.06,0.0,0
2024-12-18 14:00:00+00:00,133.8895,133.8895,0.0,134.24,133.3,134.01,0.0,0
2024-12-18 14:30:00+00:00,135.56370544433594,135.56370544433594,0.0,135.77999877929688,132.80999755859375,133.8699951171875,0.0,63894115
2024-12-18 15:30:00+00:00,135.25,135.25,0.0,136.6999969482422,134.9550018310547,135.5601043701172,0.0,33075633
2024-12-18 16:30:00+00:00,135.61500549316406,135.61500549316406,0.0,135.86000061035156,134.66000366210938,135.27000427246094,0.0,18318841
2024-12-18 17:30:00+00:00,135.98500061035156,135.98500061035156,0.0,136.4199981689453,135.11000061035156,135.61990356445312,0.0,14292090
2024-12-18 18:30:00+00:00,133.8699951171875,133.8699951171875,0.0,136.3350067138672,133.74000549316406,135.97999572753906,0.0,24494848
2024-12-18 19:30:00+00:00,130.97000122070312,130.97000122070312,0.0,134.4499969482422,130.7899932861328,133.8520050048828,0.0,33555951
2024-12-18 20:30:00+00:00,128.7100067138672,128.7100067138672,0.0,131.57989501953125,128.27999877929688,130.9550018310547,0.0,36863879
2024-12-18 21:00:00+00:00,129.771,129.771,0.0,134.36,126.5,128.76,0.0,0
2024-12-18 22:00:00+00:00,130.6,130.6,0.0,131.43,125.2099,129.745,0.0,0
2024-12-18 23:00:00+00:00,130.469,130.469,0.0,130.75,129.65,130.6006,0.0,0
2024-12-19 09:00:00+00:00,131.78,131.78,0.0,133.0,131.61,132.03,0.0,0
2024-12-19 10:00:00+00:00,131.95,131.95,0.0,132.3,131.62,131.74,0.0,0
2024-12-19 11:00:00+00:00,131.11,131.11,0.0,131.94,131.03,131.94,0.0,0
2024-12-19 12:00:00+00:00,132.56,132.56,0.0,132.7,131.05,131.12,0.0,0
2024-12-19 13:00:00+00:00,132.08,132.08,0.0,132.9307,128.91,132.59,0.0,0
2024-12-19 14:00:00+00:00,131.7,131.7,0.0,132.25,131.31,132.2,0.0,0
2024-12-19 14:30:00+00:00,130.22000122070312,130.22000122070312,0.0,132.05999755859375,129.8217010498047,131.72000122070312,0.0,56394762
2024-12-19 15:30:00+00:00,133.14990234375,133.14990234375,0.0,133.44000244140625,129.5500030517578,130.22000122070312,0.0,33593760
2024-12-19 16:30:00+00:00,131.61729431152344,131.61729431152344,0.0,134.02999877929688,131.4499969482422,133.1199951171875,0.0,22742846
2024-12-19 17:30:00+00:00,131.74000549316406,131.74000549316406,0.0,132.58999633789062,131.52000427246094,131.60499572753906,0.0,18404115
2024-12-19 18:30:00+00:00,132.0408935546875,132.0408935546875,0.0,132.9499969482422,131.57000732421875,131.7449951171875,0.0,13856362
2024-12-19 19:30:00+00:00,131.57009887695312,131.57009887695312,0.0,132.08999633789062,130.9499969482422,132.05999755859375,0.0,15554561
2024-12-19 20:30:00+00:00,130.6719970703125,130.6719970703125,0.0,131.89999389648438,130.3000030517578,131.58999633789062,0.0,15479724
2024-12-19 21:00:00+00:00,131.01,131.01,0.0,138.81,128.72,130.66,0.0,0
2024-12-19 22:00:00+00:00,131.0,131.0,0.0,145.06,121.8797,131.01,0.0,0
2024-12-19 23:00:00+00:00,131.03,131.03,0.0,131.25,130.86,131.0,0.0,0
2024-12-20 09:00:00+00:00,127.6,127.6,0.0,129.32,127.55,128.9,0.0,0
2024-12-20 10:00:00+00:00,127.75,127.75,0.0,128.13,127.21,127.58,0.0,0
2024-12-20 11:00:00+00:00,127.7,127.7,0.0,127.95,127.37,127.75,0.0,0
2024-12-20 12:00:00+00:00,126.84,126.84,0.0,127.8,126.34,127.67,0.0,0
2024-12-20 13:00:00+00:00,128.02,128.02,0.0,130.68,126.356,126.8,0.0,0
2024-12-20 14:00:00+00:00,129.825,129.825,0.0,133.25,127.275,128.03,0.0,0
2024-12-20 14:30:00+00:00,132.44679260253906,132.44679260253906,0.0,132.5,128.22000122070312,129.80999755859375,0.0,73961621
2024-12-20 15:30:00+00:00,133.91000366210938,133.91000366210938,0.0,134.14999389648438,132.36000061035156,132.4405059814453,0.0,32066759
2024-12-20 16:30:00+00:00,134.98489379882812,134.98489379882812,0.0,135.00999450683594,133.82000732421875,133.91000366210938,0.0,25135974
2024-12-20 17:30:00+00:00,133.69000244140625,133.69000244140625,0.0,135.27999877929688,133.5399932861328,134.97999572753906,0.0,20457543
2024-12-20 18:30:00+00:00,134.92970275878906,134.92970275878906,0.0,134.99000549316406,133.5800018310547,133.6970977783203,0.0,16952324
2024-12-20 19:30:00+00:00,133.889892578125,133.889892578125,0.0,135.02999877929688,133.6999969482422,134.9199981689453,0.0,18593721
2024-12-20 20:30:00+00:00,134.9600067138672,134.9600067138672,0.0,135.00999450683594,132.89999389648438,133.88999938964844,0.0,24109566
2024-12-20 21:00:00+00:00,134.65,134.65,0.0,138.935,134.3,134.7,0.0,0
2024-12-20 22:00:00+00:00,135.3,135.3,0.0,141.8604,134.6,134.65,0.0,0
2024-12-20 23:00:00+00:00,135.59,135.59,0.0,135.6,135.1,135.29,0.0,0
2024-12-23 09:00:00+00:00,136.14,136.14,0.0,137.17,135.8,136.54,0.0,0
2024-12-23 10:00:00+00:00,135.71,135.71,0.0,136.5,135.61,136.12,0.0,0
2024-12-23 11:00:00+00:00,134.63,134.63,0.0,135.94,134.59,135.7,0.0,0
2024-12-23 12:00:00+00:00,136.06,136.06,0.0,136.23,134.56,134.64,0.0,0
2024-12-23 13:00:00+00:00,136.41,136.41,0.0,137.28,134.58,136.05,0.0,0
2024-12-23 14:00:00+00:00,136.23,136.23,0.0,136.48,128.975,136.42,0.0,0
2024-12-23 14:30:00+00:00,136.1999969482422,136.1999969482422,0.0,137.82000732421875,135.12010192871094,136.27999877929688,0.0,49997537
2024-12-23 15:30:00+00:00,137.25990295410156,137.25990295410156,0.0,137.50999450683594,135.8300018310547,136.1999969482422,0.0,19313071
2024-12-23 16:30:00+00:00,137.92999267578125,137.92999267578125,0.0,138.47000122070312,136.85000610351562,137.25,0.0,18596455
2024-12-23 17:30:00+00:00,138.52999877929688,138.52999877929688,0.0,139.0,137.7550048828125,137.92999267578125,0.0,16154943
2024-12-23 18:30:00+00:00,139.35000610351562,139.35000610351562,0.0,139.6999969482422,138.52000427246094,138.53990173339844,0.0,17563953
2024-12-23 19:30:00+00:00,139.05999755859375,139.05999755859375,0.0,139.52000427246094,138.33999633789062,139.3592071533203,0.0,18497265
2024-12-23 20:30:00+00:00,139.65499877929688,139.65499877929688,0.0,139.7899932861328,138.88999938964844,139.07000732421875,0.0,14565048
2024-12-23 21:00:00+00:00,139.41,139.41,0.0,143.8339,135.07,139.67,0.0,0
2024-12-23 22:00:00+00:00,139.32,139.32,0.0,139.67,139.28,139.4003,0.0,0
2024-12-23 23:00:00+00:00,139.16,139.16,0.0,139.39,139.06,139.32,0.0,0
2024-12-24 09:00:00+00:00,139.63,139.63,0.0,140.2,139.5,139.5,0.0,0
2024-12-24 10:00:00+00:00,139.53,139.53,0.0,139.96,139.4,139.61,0.0,0
2024-12-24 11:00:00+00:00,139.5,139.5,0.0,139.74,139.41,139.52,0.0,0
2024-12-24 12:00:00+00:00,140.2,140.2,0.0,140.5,139.23,139.52,0.0,0
2024-12-24 13:00:00+00:00,140.38,140.38,0.0,140.55,139.244,140.2,0.0,0
2024-12-24 14:00:00+00:00,140.0099,140.0099,0.0,140.5,128.7815,140.39,0.0,0
2024-12-24 14:30:00+00:00,140.82009887695312,140.82009887695312,0.0,141.89999389648438,139.310302734375,139.89500427246094,0.0,44242434
2024-12-24 15:30:00+00:00,141.39500427246094,141.39500427246094,0.0,141.40989685058594,140.25999450683594,140.8300018310547,0.0,19811591
2024-12-24 16:30:00+00:00,140.76449584960938,140.76449584960938,0.0,141.39999389648438,140.4600067138672,141.39999389648438,0.0,14936424
2024-12-24 18:00:00+00:00,140.0601043701172,140.0601043701172,0.0,140.8300018310547,135.91000366210938,140.75999450683594,0.0,0
2024-12-24 19:00:00+00:00,139.75,139.75,0.0,144.9087,130.59,140.07,0.0,0
2024-12-24 20:00:00+00:00,139.63,139.63,0.0,141.16,139.5,139.7503,0.0,0
2024-12-24 21:00:00+00:00,139.77,139.77,0.0,140.22,139.51,139.65,0.0,0
2024-12-26 09:00:00+00:00,139.03,139.03,0.0,140.37,138.47,140.37,0.0,0
2024-12-26 10:00:00+00:00,138.75,138.75,0.0,139.25,138.19,139.05,0.0,0
2024-12-26 11:00:00+00:00,138.97,138.97,0.0,139.08,138.64,138.8,0.0,0
2024-12-26 12:00:00+00:00,139.44,139.44,0.0,139.6,138.41,139.0,0.0,0
2024-12-26 13:00:00+00:00,138.94,138.94,0.0,140.9,138.3852,139.42,0.0,0
2024-12-26 14:00:00+00:00,139.64,139.64,0.0,139.7,138.86,138.95,0.0,0
2024-12-26 14:30:00+00:00,138.72000122070312,138.72000122070312,0.0,140.85000610351562,137.72999572753906,139.52499389648438,0.0,38224769
2024-12-26 15:30:00+00:00,139.3699951171875,139.3699951171875,0.0,139.66000366210938,138.406005859375,138.7100067138672,0.0,16077919
2024-12-26 16:30:00+00:00,139.94009399414062,139.94009399414062,0.0,140.44000244140625,139.22999572753906,139.360107421875,0.0,13461581
2024-12-26 17:30:00+00:00,140.22000122070312,140.22000122070312,0.0,140.39999389648438,139.36000061035156,139.9600067138672,0.0,11051236
2024-12-26 18:30:00+00:00,139.99000549316406,139.99000549316406,0.0,140.35000610351562,139.85000610351562,140.2100067138672,0.0,9968537
2024-12-26 19:30:00+00:00,140.1649932861328,140.1649932861328,0.0,140.2899932861328,139.85000610351562,140.0,0.0,8107739
2024-12-26 20:30:00+00:00,139.88999938964844,139.88999938964844,0.0,140.27999877929688,139.82000732421875,140.14999389648438,0.0,8622750
2024-12-26 21:00:00+00:00,139.66,139.66,0.0,141.495,130.44,139.91,0.0,0
2024-12-26 22:00:00+00:00,139.83,139.83,0.0,148.9265,130.68,139.67,0.0,0
2024-12-26 23:00:00+00:00,139.73,139.73,0.0,139.95,139.65,139.82,0.0,0
2024-12-27 09:00:00+00:00,138.84,138.84,0.0,139.2,138.5,138.76,0.0,0
2024-12-27 10:00:00+00:00,138.92,138.92,0.0,138.95,138.66,138.8,0.0,0
2024-12-27 11:00:00+00:00,139.15,139.15,0.0,139.33,138.89,138.94,0.0,0
2024-12-27 12:00:00+00:00,139.35,139.35,0.0,139.67,139.14,139.18,0.0,0
2024-12-27 13:00:00+00:00,139.05,139.05,0.0,139.93,138.5,139.36,0.0,0
2024-12-27 14:00:00+00:00,138.5,138.5,0.0,140.615,138.5,139.06,0.0,0
2024-12-27 14:30:00+00:00,135.639892578125,135.639892578125,0.0,139.02000427246094,134.7100067138672,138.55499267578125,0.0,51034871
2024-12-27 15:30:00+00:00,136.86380004882812,136.86380004882812,0.0,136.8699951171875,135.14999389648438,135.63499450683594,0.0,21330869
2024-12-27 16:30:00+00:00,135.6999969482422,135.6999969482422,0.0,136.92999267578125,135.17999267578125,136.86000061035156,0.0,18977464
2024-12-27 17:30:00+00:00,135.95989990234375,135.95989990234375,0.0,136.5699005126953,135.36000061035156,135.6999969482422,0.0,14807348
2024-12-27 18:30:00+00:00,136.23129272460938,136.23129272460938,0.0,136.8300018310547,135.85499572753906,135.94119262695312,0.0,11959118
2024-12-27 19:30:00+00:00,136.76849365234375,136.76849365234375,0.0,136.99000549316406,136.16000366210938,136.22999572753906,0.0,14163644
2024-12-27 20:30:00+00:00,137.13999938964844,137.13999938964844,0.0,137.13999938964844,136.3000030517578,136.77000427246094,0.0,16695144
2024-12-27 21:00:00+00:00,137.01,137.01,0.0,137.33,136.96,137.01,0.0,0
2024-12-27 22:00:00+00:00,136.77,136.77,0.0,142.0586,136.7,136.995,0.0,0
2024-12-27 23:00:00+00:00,136.69,136.69,0.0,137.01,136.63,136.7701,0.0,0
2024-12-30 09:00:00+00:00,135.63,135.63,0.0,136.42,135.28,136.11,0.0,0
2024-12-30 10:00:00+00:00,135.87,135.87,0.0,136.06,135.5,135.57,0.0,0
2024-12-30 11:00:00+00:00,136.34,136.34,0.0,136.4,135.83,135.9,0.0,0
2024-12-30 12:00:00+00:00,136.05,136.05,0.0,136.74,135.89,136.33,0.0,0
2024-12-30 13:00:00+00:00,134.78,134.78,0.0,137.01,134.75,136.05,0.0,0
2024-12-30 14:00:00+00:00,134.9,134.9,0.0,137.9,133.93,134.7807,0.0,0
2024-12-30 14:30:00+00:00,136.7100067138672,136.7100067138672,0.0,138.6699981689453,134.02000427246094,135.1343994140625,0.0,51292533
2024-12-30 15:30:00+00:00,137.55990600585938,137.55990600585938,0.0,138.2899932861328,136.64999389648438,136.6999969482422,0.0,21647966
2024-12-30 16:30:00+00:00,139.02000427246094,139.02000427246094,0.0,139.07000732421875,137.39239501953125,137.5500030517578,0.0,15602989
2024-12-30 17:30:00+00:00,139.5500030517578,139.5500030517578,0.0,140.27000427246094,138.89999389648438,139.02999877929688,0.0,22612504
2024-12-30 18:30:00+00:00,139.01100158691406,139.01100158691406,0.0,139.94000244140625,138.83999633789062,139.5399932861328,0.0,14240428
2024-12-30 19:30:00+00:00,138.5998992919922,138.5998992919922,0.0,139.5,138.57000732421875,139.02000427246094,0.0,14145908
2024-12-30 20:30:00+00:00,137.41000366210938,137.41000366210938,0.0,138.8249969482422,137.3800048828125,138.60000610351562,0.0,13996718
2024-12-30 21:00:00+00:00,137.09,137.09,0.0,144.1125,136.78,137.4,0.0,0
2024-12-30 22:00:00+00:00,136.8,136.8,0.0,137.49,133.7,137.0528,0.0,0
2024-12-30 23:00:00+00:00,136.7303,136.7303,0.0,136.86,136.63,136.8099,0.0,0
2024-12-31 09:00:00+00:00,138.46,138.46,0.0,138.64,136.97,136.97,0.0,0
2024-12-31 10:00:00+00:00,138.3,138.3,0.0,138.83,138.12,138.48,0.0,0
2024-12-31 11:00:00+00:00,138.3,138.3,0.0,138.61,138.18,138.3,0.0,0
2024-12-31 12:00:00+00:00,138.58,138.58,0.0,138.74,138.2,138.28,0.0,0
2024-12-31 13:00:00+00:00,138.5,138.5,0.0,138.8228,136.9,138.58,0.0,0
2024-12-31 14:00:00+00:00,138.01,138.01,0.0,141.405,134.215,138.51,0.0,0
2024-12-31 14:30:00+00:00,137.47000122070312,137.47000122070312,0.0,137.7899932861328,135.6699981689453,137.60000610351562,0.0,37279333
2024-12-31 15:30:00+00:00,135.11000061035156,135.11000061035156,0.0,137.625,135.0800018310547,137.49000549316406,0.0,19151346
2024-12-31 16:30:00+00:00,135.0500030517578,135.0500030517578,0.0,136.1999969482422,134.92999267578125,135.10000610351562,0.0,16280814
2024-12-31 17:30:00+00:00,134.42999267578125,134.42999267578125,0.0,135.72239685058594,134.25599670410156,135.02999877929688,0.0,16882852
2024-12-31 18:30:00+00:00,134.1199951171875,134.1199951171875,0.0,134.8350067138672,133.83160400390625,134.4398956298828,0.0,14681046
2024-12-31 19:30:00+00:00,135.4615020751953,135.4615020751953,0.0,135.6199951171875,133.88999938964844,134.1199951171875,0.0,16433112
2024-12-31 20:30:00+00:00,134.2899932861328,134.2899932861328,0.0,135.5699005126953,134.0,135.4499969482422,0.0,16463481
2024-12-31 21:00:00+00:00,134.37,134.37,0.0,137.8095,131.75,134.26,0.0,0
2024-12-31 22:00:00+00:00,134.365,134.365,0.0,134.49,134.25,134.36,0.0,0
2024-12-31 23:00:00+00:00,134.21,134.21,0.0,134.35,134.19,134.34,0.0,0
2025-01-02 09:00:00+00:00,135.66,135.66,0.0,135.94,133.29,134.72,0.0,0
2025-01-02 10:00:00+00:00,135.79,135.79,0.0,136.1,135.41,135.67,0.0,0
2025-01-02 11:00:00+00:00,136.0,136.0,0.0,136.01,135.65,135.79,0.0,0
2025-01-02 12:00:00+00:00,136.61,136.61,0.0,136.84,135.81,135.99,0.0,0
2025-01-02 13:00:00+00:00,136.06,136.06,0.0,136.8264,133.0412,136.63,0.0,0
2025-01-02 14:00:00+00:00,136.0099,136.0099,0.0,143.24,134.29,136.11,0.0,0
2025-01-02 14:30:00+00:00,136.97999572753906,136.97999572753906,0.0,138.3699951171875,134.6300048828125,136.39999389648438,0.0,57155225
2025-01-02 15:30:00+00:00,137.92129516601562,137.92129516601562,0.0,138.07000732421875,136.41000366210938,136.97999572753906,0.0,22385014
2025-01-02 16:30:00+00:00,137.00999450683594,137.00999450683594,0.0,138.8800048828125,136.9114990234375,137.9199981689453,0.0,22996889
2025-01-02 17:30:00+00:00,136.36990356445312,136.36990356445312,0.0,137.00970458984375,135.16000366210938,137.0,0.0,23813747
2025-01-02 18:30:00+00:00,137.3022003173828,137.3022003173828,0.0,137.36000061035156,135.52999877929688,136.35499572753906,0.0,15287714
2025-01-02 19:30:00+00:00,137.9149932861328,137.9149932861328,0.0,138.0399932861328,136.64999389648438,137.2899932861328,0.0,16465639
2025-01-02 20:30:00+00:00,138.27999877929688,138.27999877929688,0.0,138.62600708007812,137.30999755859375,137.92999267578125,0.0,14882303
2025-01-02 21:00:00+00:00,138.3,138.3,0.0,138.75,136.069,138.275,0.0,0
2025-01-02 22:00:00+00:00,138.33,138.33,0.0,147.5161,129.2819,138.35,0.0,0
2025-01-02 23:00:00+00:00,137.9016,137.9016,0.0,138.4,137.8,138.3497,0.0,0
2025-01-03 09:00:00+00:00,138.97,138.97,0.0,139.19,138.44,138.45,0.0,0
2025-01-03 10:00:00+00:00,139.18,139.18,0.0,139.35,138.91,138.99,0.0,0
2025-01-03 11:00:00+00:00,139.3,139.3,0.0,139.34,139.04,139.16,0.0,0
2025-01-03 12:00:00+00:00,138.96,138.96,0.0,139.56,138.51,139.3,0.0,0
2025-01-03 13:00:00+00:00,139.39,139.39,0.0,139.57,138.31,138.95,0.0,0
2025-01-03 14:00:00+00:00,140.0176,140.0176,0.0,140.2297,135.515,139.39,0.0,0
2025-01-03 14:30:00+00:00,143.11270141601562,143.11270141601562,0.0,144.2198944091797,139.77000427246094,140.02000427246094,0.0,79451070
2025-01-03 15:30:00+00:00,143.46009826660156,143.46009826660156,0.0,143.72000122070312,142.75289916992188,143.1199951171875,0.0,27317067
2025-01-03 16:30:00+00:00,143.6802978515625,143.6802978515625,0.0,144.1300048828125,143.1800994873047,143.47000122070312,0.0,19087152
2025-01-03 17:30:00+00:00,144.49530029296875,144.49530029296875,0.0,144.74000549316406,143.63999938964844,143.69000244140625,0.0,20329289
2025-01-03 18:30:00+00:00,144.37100219726562,144.37100219726562,0.0,144.89999389648438,143.82000732421875,144.5,0.0,19539730
2025-01-03 19:30:00+00:00,144.32000732421875,144.32000732421875,0.0,144.5500030517578,144.0399932861328,144.3699951171875,0.0,15989401
2025-01-03 20:30:00+00:00,144.58999633789062,144.58999633789062,0.0,144.72000122070312,144.05999755859375,144.3000030517578,0.0,17801822
2025-01-03 21:00:00+00:00,144.56,144.56,0.0,144.85,141.8604,144.59,0.0,0
2025-01-03 22:00:00+00:00,144.81,144.81,0.0,144.83,144.47,144.5699,0.0,0
2025-01-03 23:00:00+00:00,144.91,144.91,0.0,144.97,144.79,144.82,0.0,0
2025-01-06 09:00:00+00:00,147.21,147.21,0.0,147.3,144.87,145.8,0.0,0
2025-01-06 10:00:00+00:00,147.11,147.11,0.0,147.69,147.0,147.25,0.0,0
2025-01-06 11:00:00+00:00,147.58,147.58,0.0,147.79,146.99,147.1,0.0,0
2025-01-06 12:00:00+00:00,148.31,148.31,0.0,148.739,147.02,147.57,0.0,0
2025-01-06 13:00:00+00:00,148.445,148.445,0.0,148.74,144.47,148.32,0.0,0
2025-01-06 14:00:00+00:00,148.634,148.634,0.0,148.76,136.55,148.4501,0.0,0
2025-01-06 14:30:00+00:00,151.5312042236328,151.5312042236328,0.0,151.6999969482422,148.10499572753906,148.5601043701172,0.0,91209338
2025-01-06 15:30:00+00:00,151.8887939453125,151.8887939453125,0.0,152.156005859375,151.03500366210938,151.52000427246094,0.0,34157939
2025-01-06 16:30:00+00:00,151.3096923828125,151.3096923828125,0.0,151.91859436035156,150.88999938964844,151.8800048828125,0.0,21844568
2025-01-06 17:30:00+00:00,151.6750030517578,151.6750030517578,0.0,151.85000610351562,150.80999755859375,151.30189514160156,0.0,19322484
2025-01-06 18:30:00+00:00,150.2949981689453,150.2949981689453,0.0,151.83889770507812,149.66000366210938,151.66879272460938,0.0,23113785
2025-01-06 19:30:00+00:00,150.52499389648438,150.52499389648438,0.0,150.6199951171875,149.3699951171875,150.3000030517578,0.0,18639381
2025-01-06 20:30:00+00:00,149.51010131835938,149.51010131835938,0.0,150.8300018310547,148.2550048828125,150.52000427246094,0.0,25098803
2025-01-06 21:00:00+00:00,149.4615,149.4615,0.0,149.92,140.76,149.43,0.0,0
2025-01-06 22:00:00+00:00,150.1,150.1,0.0,151.7816,140.76,149.4605,0.0,0
2025-01-06 23:00:00+00:00,150.28,150.28,0.0,150.39,150.05,150.05,0.0,0
2025-01-07 09:00:00+00:00,151.68,151.68,0.0,151.68,146.45,146.45,0.0,0
2025-01-07 10:00:00+00:00,151.68,151.68,0.0,152.13,151.31,151.69,0.0,0
2025-01-07 11:00:00+00:00,152.44,152.44,0.0,152.44,151.65,151.68,0.0,0
2025-01-07 12:00:00+00:00,153.0,153.0,0.0,153.65,152.05,152.44,0.0,0
2025-01-07 13:00:00+00:00,152.78,152.78,0.0,153.66,138.01,152.96,0.0,0
2025-01-07 14:00:00+00:00,153.01,153.01,0.0,153.74,148.415,152.78,0.0,0
2025-01-07 14:30:00+00:00,143.7899932861328,143.7899932861328,0.0,152.36000061035156,143.73440551757812,152.1999969482422,0.0,115634781
2025-01-07 15:30:00+00:00,142.76669311523438,142.76669311523438,0.0,143.1300048828125,140.44000244140625,142.9199981689453,0.0,80981326
2025-01-07 16:30:00+00:00,141.4290008544922,141.4290008544922,0.0,149.42999267578125,141.1199951171875,142.75999450683594,0.0,32583750
2025-01-07 17:30:00+00:00,143.11500549316406,143.11500549316406,0.0,143.4499969482422,141.30999755859375,141.42999267578125,0.0,23029395
2025-01-07 18:30:00+00:00,141.64010620117188,141.64010620117188,0.0,143.1699981689453,141.39999389648438,143.11000061035156,0.0,18605910
2025-01-07 19:30:00+00:00,140.60499572753906,140.60499572753906,0.0,141.66000366210938,140.44000244140625,141.64500427246094,0.0,24935062
2025-01-07 20:30:00+00:00,140.1199951171875,140.1199951171875,0.0,141.3000030517578,140.00999450683594,140.61000061035156,0.0,25410017
2025-01-07 21:00:00+00:00,141.37,141.37,0.0,142.1539,140.02,140.12,0.0,0
2025-01-07 22:00:00+00:00,141.2,141.2,0.0,144.9087,141.09,141.38,0.0,0
2025-01-07 23:00:00+00:00,141.475,141.475,0.0,141.5,141.0,141.22,0.0,0
2025-01-08 09:00:00+00:00,142.67,142.67,0.0,142.8,142.0,142.34,0.0,0
2025-01-08 10:00:00+00:00,142.73,142.73,0.0,142.77,142.2,142.7,0.0,0
2025-01-08 11:00:00+00:00,141.86,141.86,0.0,142.81,141.8,142.74,0.0,0
2025-01-08 12:00:00+00:00,140.38,140.38,0.0,142.08,140.04,141.86,0.0,0
2025-01-08 13:00:00+00:00,141.9299,141.9299,0.0,142.7785,140.0,140.4,0.0,0
2025-01-08 14:00:00+00:00,142.66,142.66,0.0,142.7,141.21,141.9,0.0,0
2025-01-08 14:30:00+00:00,140.58999633789062,140.58999633789062,0.0,143.9499969482422,139.4300994873047,142.66000366210938,0.0,79113578
2025-01-08 15:30:00+00:00,140.031005859375,140.031005859375,0.0,141.5,139.42999267578125,140.5800018310547,0.0,27638578
2025-01-08 16:30:00+00:00,138.1298065185547,138.1298065185547,0.0,140.85000610351562,138.02999877929688,140.0399932861328,0.0,21229554
2025-01-08 17:30:00+00:00,140.6199951171875,140.6199951171875,0.0,140.85000610351562,137.88999938964844,138.13999938964844,0.0,22854066
2025-01-08 18:30:00+00:00,140.7100067138672,140.7100067138672,0.0,141.02000427246094,139.57000732421875,140.6199951171875,0.0,21783866
2025-01-08 19:30:00+00:00,139.9989013671875,139.9989013671875,0.0,140.6999969482422,139.70010375976562,140.6999969482422,0.0,15800747
2025-01-08 20:30:00+00:00,140.05999755859375,140.05999755859375,0.0,140.27000427246094,139.77999877929688,139.97999572753906,0.0,12892815
2025-01-08 21:00:00+00:00,138.69,138.69,0.0,149.72,137.5901,140.11,0.0,0
2025-01-08 22:00:00+00:00,138.91,138.91,0.0,148.1469,133.7914,138.7,0.0,0
2025-01-08 23:00:00+00:00,138.3899,138.3899,0.0,140.11,138.3606,138.94,0.0,0
2025-01-10 09:00:00+00:00,138.25,138.25,0.0,139.07,137.31,137.31,0.0,0
2025-01-10 10:00:00+00:00,138.5,138.5,0.0,138.61,137.9,138.25,0.0,0
2025-01-10 11:00:00+00:00,139.25,139.25,0.0,139.6,138.47,138.51,0.0,0
2025-01-10 12:00:00+00:00,137.87,137.87,0.0,139.5,137.51,139.27,0.0,0
2025-01-10 13:00:00+00:00,137.63,137.63,0.0,139.58,137.47,137.85,0.0,0
2025-01-10 14:00:00+00:00,137.44,137.44,0.0,149.41,134.29,137.67,0.0,0
2025-01-10 14:30:00+00:00,136.15130615234375,136.15130615234375,0.0,137.6750030517578,134.22000122070312,137.3699951171875,0.0,71482682
2025-01-10 15:30:00+00:00,135.6199951171875,135.6199951171875,0.0,137.4199981689453,135.1199951171875,136.15899658203125,0.0,30235066
2025-01-10 16:30:00+00:00,136.1699981689453,136.1699981689453,0.0,136.1999969482422,135.0,135.61000061035156,0.0,19282492
2025-01-10 17:30:00+00:00,136.52999877929688,136.52999877929688,0.0,136.89500427246094,136.10000610351562,136.16000366210938,0.0,15418478
2025-01-10 18:30:00+00:00,136.24000549316406,136.24000549316406,0.0,137.10989379882812,135.77000427246094,136.52000427246094,0.0,15407385
2025-01-10 19:30:00+00:00,135.64999389648438,135.64999389648438,0.0,136.46670532226562,135.42140197753906,136.22999572753906,0.0,14690719
2025-01-10 20:30:00+00:00,135.86000061035156,135.86000061035156,0.0,136.1300048828125,135.4199981689453,135.63999938964844,0.0,13963294
2025-01-10 21:00:00+00:00,135.96,135.96,0.0,137.462,135.82,135.86,0.0,0
2025-01-10 22:00:00+00:00,135.8,135.8,0.0,137.48,135.8,135.9994,0.0,0
2025-01-10 23:00:00+00:00,135.78,135.78,0.0,198.0528,84.6854,135.81,0.0,0
2025-01-13 09:00:00+00:00,132.24,132.24,0.0,133.53,131.9,133.16,0.0,0
2025-01-13 10:00:00+00:00,131.8,131.8,0.0,132.32,131.45,132.24,0.0,0
2025-01-13 11:00:00+00:00,131.47,131.47,0.0,132.13,131.36,131.81,0.0,0
2025-01-13 12:00:00+00:00,131.76,131.76,0.0,132.0,131.0,131.49,0.0,0
2025-01-13 13:00:00+00:00,131.7,131.7,0.0,135.91,131.01,131.76,0.0,0
2025-01-13 14:00:00+00:00,130.0,130.0,0.0,141.75,129.11,131.71,0.0,0
2025-01-13 14:30:00+00:00,130.74989318847656,130.74989318847656,0.0,132.61000061035156,129.6300048828125,131.61000061035156,0.0,78759504
2025-01-13 15:30:00+00:00,131.63499450683594,131.63499450683594,0.0,133.11000061035156,130.72000122070312,130.72000122070312,0.0,27363869
2025-01-13 16:30:00+00:00,132.6300048828125,132.6300048828125,0.0,132.83999633789062,131.13999938964844,131.6300048828125,0.0,19761358
2025-01-13 17:30:00+00:00,132.51499938964844,132.51499938964844,0.0,132.91000366210938,131.9550018310547,132.6300048828125,0.0,13032729
2025-01-13 18:30:00+00:00,132.2949981689453,132.2949981689453,0.0,132.6300048828125,131.57000732421875,132.52000427246094,0.0,13159817
2025-01-13 19:30:00+00:00,132.1907958984375,132.1907958984375,0.0,132.639892578125,131.94000244140625,132.29949951171875,0.0,14548338
2025-01-13 20:30:00+00:00,133.24000549316406,133.24000549316406,0.0,133.49000549316406,132.16000366210938,132.1999969482422,0.0,14212783
2025-01-13 21:00:00+00:00,134.13,134.13,0.0,134.4,133.03,133.23,0.0,0
2025-01-13 22:00:00+00:00,134.57,134.57,0.0,134.58,125.8178,134.13,0.0,0
2025-01-13 23:00:00+00:00,135.13,135.13,0.0,135.6,134.56,134.57,0.0,0
2025-01-14 09:00:00+00:00,136.2,136.2,0.0,136.22,135.65,136.0,0.0,0
2025-01-14 10:00:00+00:00,135.85,135.85,0.0,136.35,135.62,136.22,0.0,0
2025-01-14 11:00:00+00:00,135.4,135.4,0.0,136.08,135.3,135.86,0.0,0
2025-01-14 12:00:00+00:00,134.67,134.67,0.0,135.74,134.25,135.38,0.0,0
2025-01-14 13:00:00+00:00,134.68,134.68,0.0,136.35,133.23,134.62,0.0,0
2025-01-14 14:00:00+00:00,136.04,136.04,0.0,136.74,134.695,134.695,0.0,0
2025-01-14 14:30:00+00:00,132.55999755859375,132.55999755859375,0.0,136.3800048828125,132.514404296875,136.05999755859375,0.0,56314616
2025-01-14 15:30:00+00:00,130.9810028076172,130.9810028076172,0.0,132.9503936767578,130.32000732421875,132.55999755859375,0.0,37323371
2025-01-14 16:30:00+00:00,131.1300048828125,131.1300048828125,0.0,131.24000549316406,130.4499969482422,130.99000549316406,0.0,16714373
2025-01-14 17:30:00+00:00,131.656005859375,131.656005859375,0.0,131.7899932861328,130.5800018310547,131.13499450683594,0.0,14111137
2025-01-14 18:30:00+00:00,131.7050018310547,131.7050018310547,0.0,132.36000061035156,131.4600067138672,131.6558074951172,0.0,16793453
2025-01-14 19:30:00+00:00,130.79580688476562,130.79580688476562,0.0,132.0399932861328,130.0500030517578,131.70950317382812,0.0,21614619
2025-01-14 20:30:00+00:00,131.85000610351562,131.85000610351562,0.0,131.85000610351562,130.4600067138672,130.7949981689453,0.0,15064220
2025-01-14 21:00:00+00:00,131.92,131.92,0.0,137.8095,129.805,131.85,0.0,0
2025-01-14 22:00:00+00:00,131.5295,131.5295,0.0,131.95,130.7454,131.95,0.0,0
2025-01-14 23:00:00+00:00,131.3179,131.3179,0.0,131.58,131.2,131.53,0.0,0
2025-01-15 09:00:00+00:00,131.17,131.17,0.0,131.33,130.81,131.31,0.0,0
2025-01-15 10:00:00+00:00,131.33,131.33,0.0,131.7,131.04,131.19,0.0,0
2025-01-15 11:00:00+00:00,131.4,131.4,0.0,131.47,131.22,131.33,0.0,0
2025-01-15 12:00:00+00:00,132.06,132.06,0.0,132.25,131.4,131.41,0.0,0
2025-01-15 13:00:00+00:00,132.11,132.11,0.0,132.3,130.87,132.04,0.0,0
2025-01-15 14:00:00+00:00,133.73,133.73,0.0,136.325,129.41,132.11,0.0,0
2025-01-15 14:30:00+00:00,134.1999969482422,134.1999969482422,0.0,134.5500030517578,131.2899932861328,133.6300048828125,0.0,53514058
2025-01-15 15:30:00+00:00,134.389892578125,134.389892578125,0.0,135.58999633789062,133.94000244140625,134.2100067138672,0.0,28196095
2025-01-15 16:30:00+00:00,134.8813018798828,134.8813018798828,0.0,134.91000366210938,133.49000549316406,134.3800048828125,0.0,18294033
2025-01-15 17:30:00+00:00,135.5247039794922,135.5247039794922,0.0,135.74989318847656,134.86000061035156,134.88499450683594,0.0,17977109
2025-01-15 18:30:00+00:00,135.9398956298828,135.9398956298828,0.0,135.97000122070312,135.12010192871094,135.52870178222656,0.0,12270239
2025-01-15 19:30:00+00:00,136.06700134277344,136.06700134277344,0.0,136.24000549316406,135.25999450683594,135.9385986328125,0.0,15108793
2025-01-15 20:30:00+00:00,136.1999969482422,136.1999969482422,0.0,136.4250030517578,135.7100067138672,136.05999755859375,0.0,14667621
2025-01-15 21:00:00+00:00,135.94,135.94,0.0,136.31,131.24,136.2,0.0,0
2025-01-15 22:00:00+00:00,136.17,136.17,0.0,136.24,126.664,135.94,0.0,0
2025-01-15 23:00:00+00:00,136.07,136.07,0.0,136.28,136.0,136.16,0.0,0
2025-01-16 09:00:00+00:00,138.85,138.85,0.0,140.21,138.7,139.18,0.0,0
2025-01-16 10:00:00+00:00,138.8,138.8,0.0,139.0,137.68,138.87,0.0,0
2025-01-16 11:00:00+00:00,138.67,138.67,0.0,138.98,138.25,138.8,0.0,0
2025-01-16 12:00:00+00:00,137.84,137.84,0.0,138.9,137.68,138.7,0.0,0
2025-01-16 13:00:00+00:00,138.01,138.01,0.0,151.8388,134.98,137.84,0.0,0
2025-01-16 14:00:00+00:00,138.66,138.66,0.0,138.844,131.285,138.04,0.0,0
2025-01-16 14:30:00+00:00,137.1999969482422,137.1999969482422,0.0,138.6999969482422,136.29409790039062,137.5,0.0,59855103
2025-01-16 15:30:00+00:00,135.24000549316406,135.24000549316406,0.0,137.3800048828125,135.11000061035156,137.2050018310547,0.0,26007675
2025-01-16 16:30:00+00:00,135.56570434570312,135.56570434570312,0.0,135.61000061035156,134.11000061035156,135.25,0.0,22592545
2025-01-16 17:30:00+00:00,134.25999450683594,134.25999450683594,0.0,135.6699981689453,134.24000549316406,135.57000732421875,0.0,12856152
2025-01-16 18:30:00+00:00,135.125,135.125,0.0,135.32000732421875,133.5500030517578,134.25999450683594,0.0,26434872
2025-01-16 19:30:00+00:00,135.20010375976562,135.20010375976562,0.0,135.8686065673828,134.99000549316406,135.1300048828125,0.0,16984829
2025-01-16 20:30:00+00:00,133.55999755859375,133.55999755859375,0.0,135.35000610351562,133.5,135.2050018310547,0.0,16315423
2025-01-16 21:00:00+00:00,133.6,133.6,0.0,140.11,133.28,133.57,0.0,0
2025-01-16 22:00:00+00:00,133.75,133.75,0.0,139.88,125.0558,133.561,0.0,0
2025-01-16 23:00:00+00:00,133.69,133.69,0.0,133.91,133.57,133.75,0.0,0
2025-01-17 09:00:00+00:00,135.41,135.41,0.0,135.74,134.75,134.82,0.0,0
2025-01-17 10:00:00+00:00,135.07,135.07,0.0,135.44,135.01,135.41,0.0,0
2025-01-17 11:00:00+00:00,135.33,135.33,0.0,135.42,134.87,135.05,0.0,0
2025-01-17 12:00:00+00:00,134.82,134.82,0.0,135.33,134.54,135.33,0.0,0
2025-01-17 13:00:00+00:00,135.24,135.24,0.0,135.74,133.57,134.83,0.0,0
2025-01-17 14:00:00+00:00,136.8,136.8,0.0,138.7,133.57,135.23,0.0,0
2025-01-17 14:30:00+00:00,136.75,136.75,0.0,137.6291046142578,135.47000122070312,135.94149780273438,0.0,65138447
2025-01-17 15:30:00+00:00,138.1291961669922,138.1291961669922,0.0,138.24000549316406,136.7200927734375,136.75,0.0,27166921
2025-01-17 16:30:00+00:00,137.968505859375,137.968505859375,0.0,138.2200927734375,137.65379333496094,138.13499450683594,0.0,19344161
2025-01-17 17:30:00+00:00,138.25999450683594,138.25999450683594,0.0,138.5,137.5800018310547,137.96499633789062,0.0,13857648
2025-01-17 18:30:00+00:00,138.08999633789062,138.08999633789062,0.0,138.30999755859375,137.47000122070312,138.25999450683594,0.0,15651447
2025-01-17 19:30:00+00:00,137.68499755859375,137.68499755859375,0.0,138.1649932861328,137.30999755859375,138.0800018310547,0.0,16654190
2025-01-17 20:30:00+00:00,137.72999572753906,137.72999572753906,0.0,138.10000610351562,137.52999877929688,137.67999267578125,0.0,15314643
2025-01-17 21:00:00+00:00,137.98,137.98,0.0,138.02,137.6,137.73,0.0,0
2025-01-17 22:00:00+00:00,137.695,137.695,0.0,141.8604,131.76,137.97,0.0,0
2025-01-17 23:00:00+00:00,137.68,137.68,0.0,137.94,137.61,137.69,0.0,0
2025-01-21 09:00:00+00:00,139.08,139.08,0.0,139.25,138.4,138.62,0.0,0
2025-01-21 10:00:00+00:00,138.93,138.93,0.0,139.22,138.8,139.05,0.0,0
2025-01-21 11:00:00+00:00,138.83,138.83,0.0,139.0,138.76,138.91,0.0,0
2025-01-21 12:00:00+00:00,138.42,138.42,0.0,138.92,138.13,138.83,0.0,0
2025-01-21 13:00:00+00:00,138.7,138.7,0.0,139.26,138.12,138.41,0.0,0
2025-01-21 14:00:00+00:00,139.17,139.17,0.0,139.31,136.475,138.718,0.0,0
2025-01-21 14:30:00+00:00,138.5166015625,138.5166015625,0.0,140.2100067138672,137.08999633789062,139.16000366210938,0.0,52007076
2025-01-21 15:30:00+00:00,138.97999572753906,138.97999572753906,0.0,139.22000122070312,138.1300048828125,138.50999450683594,0.0,17474761
2025-01-21 16:30:00+00:00,139.33009338378906,139.33009338378906,0.0,139.49000549316406,138.3300018310547,138.9700927734375,0.0,12989005
2025-01-21 17:30:00+00:00,141.57960510253906,141.57960510253906,0.0,141.8300018310547,139.2899932861328,139.35000610351562,0.0,26808979
2025-01-21 18:30:00+00:00,141.27999877929688,141.27999877929688,0.0,141.75999450683594,140.76260375976562,141.5800018310547,0.0,17160453
2025-01-21 19:30:00+00:00,141.5800018310547,141.5800018310547,0.0,141.58999633789062,140.94000244140625,141.28750610351562,0.0,14044572
2025-01-21 20:30:00+00:00,140.8300018310547,140.8300018310547,0.0,141.72000122070312,140.5800018310547,141.5749969482422,0.0,13699719
2025-01-21 21:00:00+00:00,141.3088,141.3088,0.0,143.8339,140.6,140.83,0.0,0
2025-01-21 22:00:00+00:00,143.02,143.02,0.0,144.9087,138.12,141.28,0.0,0
2025-01-21 23:00:00+00:00,142.825,142.825,0.0,143.21,140.83,143.04,0.0,0
2025-01-22 09:00:00+00:00,144.3,144.3,0.0,144.33,143.41,143.46,0.0,0
2025-01-22 10:00:00+00:00,144.72,144.72,0.0,144.81,144.1,144.31,0.0,0
2025-01-22 11:00:00+00:00,144.69,144.69,0.0,144.9,144.4,144.74,0.0,0
2025-01-22 12:00:00+00:00,145.13,145.13,0.0,145.46,144.52,144.69,0.0,0
2025-01-22 13:00:00+00:00,145.03,145.03,0.0,169.9988,140.83,145.12,0.0,0
2025-01-22 14:00:00+00:00,144.72,144.72,0.0,146.0,134.3298,145.03,0.0,0
2025-01-22 14:30:00+00:00,146.37890625,146.37890625,0.0,147.42999267578125,143.6699981689453,144.75,0.0,82029594
2025-01-22 15:30:00+00:00,146.0050048828125,146.0050048828125,0.0,147.17999267578125,145.5500030517578,146.375,0.0,31356657
2025-01-22 16:30:00+00:00,146.75929260253906,146.75929260253906,0.0,146.92990112304688,145.6999969482422,146.00990295410156,0.0,21005879
2025-01-22 17:30:00+00:00,146.60000610351562,146.60000610351562,0.0,147.10000610351562,146.3800048828125,146.75970458984375,0.0,15569337
2025-01-22 18:30:00+00:00,147.37010192871094,147.37010192871094,0.0,147.7100067138672,146.5399932861328,146.59500122070312,0.0,22193366
2025-01-22 19:30:00+00:00,147.05810546875,147.05810546875,0.0,147.7899932861328,147.02999877929688,147.3800048828125,0.0,18442995
2025-01-22 20:30:00+00:00,147.0399932861328,147.0399932861328,0.0,147.4499969482422,146.6999969482422,147.05499267578125,0.0,17907158
2025-01-22 21:00:00+00:00,146.6807,146.6807,0.0,147.11,140.14,147.03,0.0,0
2025-01-22 22:00:00+00:00,146.399,146.399,0.0,148.1469,137.7489,146.7,0.0,0
2025-01-22 23:00:00+00:00,146.02,146.02,0.0,147.07,146.01,146.399,0.0,0
2025-01-23 09:00:00+00:00,144.16,144.16,0.0,145.3,144.08,145.3,0.0,0
2025-01-23 10:00:00+00:00,144.44,144.44,0.0,144.75,144.05,144.18,0.0,0
2025-01-23 11:00:00+00:00,144.33,144.33,0.0,144.48,144.09,144.44,0.0,0
2025-01-23 12:00:00+00:00,144.75,144.75,0.0,144.76,144.13,144.33,0.0,0
2025-01-23 13:00:00+00:00,144.6872,144.6872,0.0,147.07,143.83,144.76,0.0,0
2025-01-23 14:00:00+00:00,145.059,145.059,0.0,146.795,138.495,144.71,0.0,0
2025-01-23 14:30:00+00:00,145.2899932861328,145.2899932861328,0.0,145.92999267578125,143.72000122070312,145.02000427246094,0.0,49364950
2025-01-23 15:30:00+00:00,145.71499633789062,145.71499633789062,0.0,146.2899932861328,145.0500030517578,145.29049682617188,0.0,21234259
2025-01-23 16:30:00+00:00,145.3800048828125,145.3800048828125,0.0,146.3199005126953,145.27999877929688,145.7100067138672,0.0,12997316
2025-01-23 17:30:00+00:00,145.90499877929688,145.90499877929688,0.0,146.11000061035156,144.97999572753906,145.38499450683594,0.0,12459325
2025-01-23 18:30:00+00:00,146.58990478515625,146.58990478515625,0.0,146.72000122070312,145.8800048828125,145.89999389648438,0.0,12121155
2025-01-23 19:30:00+00:00,146.47999572753906,146.47999572753906,0.0,146.86000061035156,146.0,146.58999633789062,0.0,15219675
2025-01-23 20:30:00+00:00,147.1999969482422,147.1999969482422,0.0,147.22999572753906,146.07000732421875,146.47500610351562,0.0,15857774
2025-01-23 21:00:00+00:00,146.84,146.84,0.0,147.24,146.01,147.21,0.0,0
2025-01-23 22:00:00+00:00,146.54,146.54,0.0,155.7173,140.6607,146.8495,0.0,0
2025-01-23 23:00:00+00:00,146.6104,146.6104,0.0,146.68,146.3,146.535,0.0,0
2025-01-24 09:00:00+00:00,147.26,147.26,0.0,147.32,146.26,146.26,0.0,0
2025-01-24 10:00:00+00:00,147.02,147.02,0.0,147.4,147.0,147.27,0.0,0
2025-01-24 11:00:00+00:00,146.28,146.28,0.0,147.05,146.2,147.0,0.0,0
2025-01-24 12:00:00+00:00,146.7,146.7,0.0,146.779,145.51,146.28,0.0,0
2025-01-24 13:00:00+00:00,146.4505,146.4505,0.0,147.37,145.5607,146.71,0.0,0
2025-01-24 14:00:00+00:00,148.34,148.34,0.0,149.1,144.1,146.45,0.0,0
2025-01-24 14:30:00+00:00,146.0500030517578,146.0500030517578,0.0,148.5395050048828,145.75999450683594,148.5,0.0,63266630
2025-01-24 15:30:00+00:00,145.1999969482422,145.1999969482422,0.0,146.57000732421875,144.9199981689453,146.0399932861328,0.0,27036979
2025-01-24 16:30:00+00:00,144.43499755859375,144.43499755859375,0.0,145.39999389648438,144.13999938964844,145.19000244140625,0.0,22004122
2025-01-24 17:30:00+00:00,143.38999938964844,143.38999938964844,0.0,144.6154022216797,142.6199951171875,144.42999267578125,0.0,25876751
2025-01-24 18:30:00+00:00,142.3101043701172,142.3101043701172,0.0,143.57000732421875,141.94009399414062,143.38999938964844,0.0,30513147
2025-01-24 19:30:00+00:00,142.03500366210938,142.03500366210938,0.0,142.85000610351562,141.8800048828125,142.30999755859375,0.0,20342241
2025-01-24 20:30:00+00:00,142.60040283203125,142.60040283203125,0.0,142.83599853515625,141.89999389648438,142.02499389648438,0.0,21485810
2025-01-24 21:00:00+00:00,142.475,142.475,0.0,144.06,138.4516,142.61,0.0,0
2025-01-24 22:00:00+00:00,142.295,142.295,0.0,142.49,133.215,142.475,0.0,0
2025-01-24 23:00:00+00:00,142.18,142.18,0.0,142.33,142.05,142.2999,0.0,0
2025-01-27 09:00:00+00:00,130.43,130.43,0.0,133.69,130.01,133.0,0.0,0
2025-01-27 10:00:00+00:00,126.63,126.63,0.0,131.37,126.4,130.43,0.0,0
2025-01-27 11:00:00+00:00,126.2,126.2,0.0,127.77,122.72,126.63,0.0,0
2025-01-27 12:00:00+00:00,125.93,125.93,0.0,127.4,123.79,126.21,0.0,0
2025-01-27 13:00:00+00:00,125.99,125.99,0.0,142.62,122.77,125.92,0.0,0
2025-01-27 14:00:00+00:00,124.89,124.89,0.0,148.815,124.22,125.99,0.0,0
2025-01-27 14:30:00+00:00,124.02999877929688,124.02999877929688,0.0,128.39999389648438,123.05000305175781,124.79000091552734,0.0,243794418
2025-01-27 15:30:00+00:00,119.1500015258789,119.1500015258789,0.0,124.95999908447266,119.0,124.0199966430664,0.0,111922566
2025-01-27 16:30:00+00:00,119.76000213623047,119.76000213623047,0.0,121.75,117.26000213623047,119.1449966430664,0.0,119667017
2025-01-27 17:30:00+00:00,117.875,117.875,0.0,121.0154037475586,117.80000305175781,119.7699966430664,0.0,64458183
2025-01-27 18:30:00+00:00,118.80500030517578,118.80500030517578,0.0,119.95999908447266,117.36000061035156,117.87090301513672,0.0,65261226
2025-01-27 19:30:00+00:00,117.77999877929688,117.77999877929688,0.0,119.47000122070312,116.69999694824219,118.80500030517578,0.0,78086044
2025-01-27 20:30:00+00:00,118.51000213623047,118.51000213623047,0.0,118.62999725341797,117.7750015258789,117.77999877929688,0.0,61664583
2025-01-27 21:00:00+00:00,120.425,120.425,0.0,124.64,117.0,118.51,0.0,0
2025-01-27 22:00:00+00:00,122.69,122.69,0.0,204.3675,99.4765,120.43,0.0,0
2025-01-27 23:00:00+00:00,121.25,121.25,0.0,124.217,118.42,122.71,0.0,0
2025-01-28 09:00:00+00:00,123.69,123.69,0.0,124.49,122.84,124.17,0.0,0
2025-01-28 10:00:00+00:00,124.48,124.48,0.0,125.1,123.38,123.77,0.0,0
2025-01-28 11:00:00+00:00,124.36,124.36,0.0,125.02,124.16,124.48,0.0,0
2025-01-28 12:00:00+00:00,121.38,121.38,0.0,124.4,121.33,124.35,0.0,0
2025-01-28 13:00:00+00:00,122.6,122.6,0.0,125.1,118.42,121.38,0.0,0
2025-01-28 14:00:00+00:00,121.81,121.81,0.0,143.9903,116.91,122.6,0.0,0
2025-01-28 14:30:00+00:00,121.7699966430664,121.7699966430664,0.0,122.0,116.25,121.80500030517578,0.0,180037322
2025-01-28 15:30:00+00:00,120.7699966430664,120.7699966430664,0.0,121.80999755859375,119.36000061035156,121.7699966430664,0.0,63928166
2025-01-28 16:30:00+00:00,126.0199966430664,126.0199966430664,0.0,126.63999938964844,120.66200256347656,120.77010345458984,0.0,91004183
2025-01-28 17:30:00+00:00,126.08999633789062,126.08999633789062,0.0,126.91999816894531,124.9177017211914,126.01499938964844,0.0,61486818
2025-01-28 18:30:00+00:00,126.7750015258789,126.7750015258789,0.0,127.4000015258789,125.45240020751953,126.08499908447266,0.0,44202557
2025-01-28 19:30:00+00:00,127.59010314941406,127.59010314941406,0.0,127.87000274658203,126.63999938964844,126.7699966430664,0.0,46205682
2025-01-28 20:30:00+00:00,128.9801025390625,128.9801025390625,0.0,129.0,126.9000015258789,127.58999633789062,0.0,50320355
2025-01-28 21:00:00+00:00,127.67,127.67,0.0,150.785,117.195,128.99,0.0,0
2025-01-28 22:00:00+00:00,127.5707,127.5707,0.0,156.7755,81.6584,127.67,0.0,0
2025-01-28 23:00:00+00:00,127.65,127.65,0.0,128.99,127.5705,127.5705,0.0,0
2025-01-29 09:00:00+00:00,129.06,129.06,0.0,130.29,128.1,129.81,0.0,0
2025-01-29 10:00:00+00:00,128.43,128.43,0.0,129.87,128.3,129.06,0.0,0
2025-01-29 11:00:00+00:00,128.34,128.34,0.0,129.2,128.06,128.44,0.0,0
2025-01-29 12:00:00+00:00,128.08,128.08,0.0,128.51,127.57,128.36,0.0,0
2025-01-29 13:00:00+00:00,126.54,126.54,0.0,132.0,125.6,128.09,0.0,0
2025-01-29 14:00:00+00:00,126.5,126.5,0.0,137.74,115.145,126.5405,0.0,0
2025-01-29 14:30:00+00:00,124.0,124.0,0.0,126.64990234375,123.71499633789062,126.46150207519531,0.0,97792943
2025-01-29 15:30:00+00:00,122.98159790039062,122.98159790039062,0.0,124.3499984741211,121.72000122070312,123.98999786376953,0.0,63372499
2025-01-29 16:30:00+00:00,122.99839782714844,122.99839782714844,0.0,123.2300033569336,121.87999725341797,122.9800033569336,0.0,37340162
2025-01-29 17:30:00+00:00,121.58999633789062,121.58999633789062,0.0,123.48989868164062,120.05000305175781,122.99800109863281,0.0,53048844
2025-01-29 18:30:00+00:00,120.91000366210938,120.91000366210938,0.0,122.08999633789062,120.30000305175781,121.58999633789062,0.0,37832248
2025-01-29 19:30:00+00:00,123.1500015258789,123.1500015258789,0.0,123.3499984741211,120.55000305175781,120.91000366210938,0.0,45222438
2025-01-29 20:30:00+00:00,123.80999755859375,123.80999755859375,0.0,123.80999755859375,121.61000061035156,123.16999816894531,0.0,37735388
2025-01-29 21:00:00+00:00,126.0,126.0,0.0,128.99,120.9499,123.81,0.0,0
2025-01-29 22:00:00+00:00,125.07,125.07,0.0,134.0171,117.8819,126.0,0.0,0
2025-01-29 23:00:00+00:00,121.79,121.79,0.0,125.2,121.55,125.135,0.0,0
2025-01-30 09:00:00+00:00,124.0,124.0,0.0,124.68,123.49,123.71,0.0,0
2025-01-30 10:00:00+00:00,122.52,122.52,0.0,124.22,122.25,124.0,0.0,0
2025-01-30 11:00:00+00:00,122.7,122.7,0.0,122.9,122.0,122.53,0.0,0
2025-01-30 12:00:00+00:00,122.72,122.72,0.0,123.5,122.52,122.69,0.0,0
2025-01-30 13:00:00+00:00,123.0517,123.0517,0.0,124.6776,122.0104,122.75,0.0,0
2025-01-30 14:00:00+00:00,123.04,123.04,0.0,135.135,119.915,123.11,0.0,0
2025-01-30 14:30:00+00:00,119.56999969482422,119.56999969482422,0.0,124.1500015258789,119.44999694824219,123.08000183105469,0.0,90528663
2025-01-30 15:30:00+00:00,119.05470275878906,119.05470275878906,0.0,120.4000015258789,118.0999984741211,119.5813980102539,0.0,63174251
2025-01-30 16:30:00+00:00,119.29000091552734,119.29000091552734,0.0,120.88999938964844,118.44000244140625,119.05010223388672,0.0,39697758
2025-01-30 17:30:00+00:00,119.4749984741211,119.4749984741211,0.0,120.19999694824219,119.11000061035156,119.28500366210938,0.0,23780625
2025-01-30 18:30:00+00:00,121.45500183105469,121.45500183105469,0.0,121.56999969482422,119.37999725341797,119.4800033569336,0.0,32649141
2025-01-30 19:30:00+00:00,123.41500091552734,123.41500091552734,0.0,123.4800033569336,121.0,121.45429992675781,0.0,43926561
2025-01-30 20:30:00+00:00,124.91000366210938,124.91000366210938,0.0,125.0,121.93000030517578,123.41000366210938,0.0,47647645
2025-01-30 21:00:00+00:00,123.05,123.05,0.0,125.06,119.0901,124.925,0.0,0
2025-01-30 22:00:00+00:00,123.28,123.28,0.0,129.582,115.192,123.07,0.0,0
2025-01-30 23:00:00+00:00,123.375,123.375,0.0,124.65,123.07,123.29,0.0,0
2025-01-31 09:00:00+00:00,123.48,123.48,0.0,123.49,122.81,123.18,0.0,0
2025-01-31 10:00:00+00:00,123.43,123.43,0.0,123.9,123.22,123.48,0.0,0
2025-01-31 11:00:00+00:00,123.0,123.0,0.0,123.42,122.76,123.42,0.0,0
2025-01-31 12:00:00+00:00,122.96,122.96,0.0,123.66,122.591,123.0,0.0,0
2025-01-31 13:00:00+00:00,122.87,122.87,0.0,124.9388,122.59,122.98,0.0,0
2025-01-31 14:00:00+00:00,123.82,123.82,0.0,124.92,122.3695,122.8891,0.0,0
2025-01-31 14:30:00+00:00,126.18599700927734,126.18599700927734,0.0,126.62999725341797,123.20999908447266,123.80999755859375,0.0,84699752
2025-01-31 15:30:00+00:00,126.75,126.75,0.0,127.8499984741211,125.75,126.18000030517578,0.0,58838231
2025-01-31 16:30:00+00:00,125.30999755859375,125.30999755859375,0.0,126.97000122070312,124.05999755859375,126.73999786376953,0.0,44879038
2025-01-31 17:30:00+00:00,124.16999816894531,124.16999816894531,0.0,125.95480346679688,124.11000061035156,125.31999969482422,0.0,27608473
2025-01-31 18:30:00+00:00,123.01000213623047,123.01000213623047,0.0,124.42759704589844,122.56999969482422,124.1511001586914,0.0,34339688
2025-01-31 19:30:00+00:00,120.10990142822266,120.10990142822266,0.0,123.12999725341797,119.88009643554688,123.0250015258789,0.0,48003349
2025-01-31 20:30:00+00:00,120.0,120.0,0.0,120.3499984741211,119.19000244140625,120.1050033569336,0.0,40804602
2025-01-31 21:00:00+00:00,120.055,120.055,0.0,128.21,99.8803,120.0,0.0,0
2025-01-31 22:00:00+00:00,119.7804,119.7804,0.0,163.7518,99.0848,120.0301,0.0,0
2025-01-31 23:00:00+00:00,119.7196,119.7196,0.0,120.08,119.6113,119.8,0.0,0
2025-02-03 09:00:00+00:00,116.24,116.24,0.0,117.67,115.0,117.67,0.0,0
2025-02-03 10:00:00+00:00,116.79,116.79,0.0,116.96,116.0,116.24,0.0,0
2025-02-03 11:00:00+00:00,117.45,117.45,0.0,117.99,116.8,116.8,0.0,0
2025-02-03 12:00:00+00:00,115.52,115.52,0.0,117.53,115.15,117.45,0.0,0
2025-02-03 13:00:00+00:00,115.6596,115.6596,0.0,120.0288,113.41,115.5,0.0,0
2025-02-03 14:00:00+00:00,114.78,114.78,0.0,135.85,114.01,115.6336,0.0,0
2025-02-03 14:30:00+00:00,115.76000213623047,115.76000213623047,0.0,116.38999938964844,113.01000213623047,114.70999908447266,0.0,133603571
2025-02-03 15:30:00+00:00,116.53700256347656,116.53700256347656,0.0,117.98999786376953,115.41999816894531,115.75,0.0,54914957
2025-02-03 16:30:00+00:00,115.88999938964844,115.88999938964844,0.0,117.4000015258789,115.8499984741211,116.54000091552734,0.0,28736939
2025-02-03 17:30:00+00:00,115.93990325927734,115.93990325927734,0.0,116.48999786376953,115.51000213623047,115.87999725341797,0.0,28422904
2025-02-03 18:30:00+00:00,117.6447982788086,117.6447982788086,0.0,118.56999969482422,115.9000015258789,115.94000244140625,0.0,36003187
2025-02-03 19:30:00+00:00,117.46990203857422,117.46990203857422,0.0,118.13140106201172,117.1500015258789,117.6449966430664,0.0,27327687
2025-02-03 20:30:00+00:00,116.66000366210938,116.66000366210938,0.0,117.93000030517578,116.01000213623047,117.47000122070312,0.0,25588651
2025-02-03 21:00:00+00:00,118.2,118.2,0.0,172.8835,113.0224,116.66,0.0,0
2025-02-03 22:00:00+00:00,118.2294,118.2294,0.0,185.6951,101.7251,118.185,0.0,0
2025-02-03 23:00:00+00:00,118.8701,118.8701,0.0,118.92,116.66,118.215,0.0,0
2025-02-04 09:00:00+00:00,117.65,117.65,0.0,117.75,117.07,117.25,0.0,0
2025-02-04 10:00:00+00:00,117.45,117.45,0.0,117.77,117.32,117.64,0.0,0
2025-02-04 11:00:00+00:00,117.37,117.37,0.0,117.66,117.17,117.46,0.0,0
2025-02-04 12:00:00+00:00,117.29,117.29,0.0,117.48,116.89,117.42,0.0,0
2025-02-04 13:00:00+00:00,117.0101,117.0101,0.0,117.99,115.42,117.3,0.0,0
2025-02-04 14:00:00+00:00,116.915,116.915,0.0,117.34,113.12,117.05,0.0,0
2025-02-04 14:30:00+00:00,119.93000030517578,119.93000030517578,0.0,121.19999694824219,116.69999694824219,116.94000244140625,0.0,77281308
2025-02-04 15:30:00+00:00,120.11000061035156,120.11000061035156,0.0,120.36000061035156,119.27999877929688,119.94499969482422,0.0,33499092
2025-02-04 16:30:00+00:00,117.88999938964844,117.88999938964844,0.0,120.16999816894531,117.86000061035156,120.11000061035156,0.0,29580724
2025-02-04 17:30:00+00:00,119.09010314941406,119.09010314941406,0.0,119.33000183105469,117.85009765625,117.88999938964844,0.0,20084695
2025-02-04 18:30:00+00:00,119.30999755859375,119.30999755859375,0.0,119.81999969482422,119.0,119.08999633789062,0.0,17759010
2025-02-04 19:30:00+00:00,118.46499633789062,118.46499633789062,0.0,119.5999984741211,118.3499984741211,119.30999755859375,0.0,21662859
2025-02-04 20:30:00+00:00,118.68000030517578,118.68000030517578,0.0,118.95500183105469,118.08000183105469,118.46610260009766,0.0,17723334
2025-02-04 21:00:00+00:00,112.9257,112.9257,0.0,120.59,111.2409,118.685,0.0,0
2025-02-04 22:00:00+00:00,118.96,118.96,0.0,122.7269,111.2409,119.19,0.0,0
2025-02-04 23:00:00+00:00,118.34,118.34,0.0,119.21,118.28,118.96,0.0,0
2025-02-05 09:00:00+00:00,119.03,119.03,0.0,119.16,118.35,118.58,0.0,0
2025-02-05 10:00:00+00:00,118.95,118.95,0.0,119.07,118.8,119.01,0.0,0
2025-02-05 11:00:00+00:00,118.96,118.96,0.0,119.04,118.42,118.97,0.0,0
2025-02-05 12:00:00+00:00,119.41,119.41,0.0,119.41,118.72,118.96,0.0,0
2025-02-05 13:00:00+00:00,120.22,120.22,0.0,120.35,118.4302,119.4,0.0,0
2025-02-05 14:00:00+00:00,121.745,121.745,0.0,121.85,117.3,120.2297,0.0,0
2025-02-05 14:30:00+00:00,122.30999755859375,122.30999755859375,0.0,123.30000305175781,120.76000213623047,122.3499984741211,0.0,88881320
2025-02-05 15:30:00+00:00,123.22599792480469,123.22599792480469,0.0,123.5,122.02999877929688,122.31539916992188,0.0,32575720
2025-02-05 16:30:00+00:00,124.03500366210938,124.03500366210938,0.0,124.63999938964844,123.05000305175781,123.22000122070312,0.0,30969306
2025-02-05 17:30:00+00:00,123.23989868164062,123.23989868164062,0.0,124.2300033569336,122.9000015258789,124.04000091552734,0.0,19752387
2025-02-05 18:30:00+00:00,123.32499694824219,123.32499694824219,0.0,123.55000305175781,122.33000183105469,123.2300033569336,0.0,20373343
2025-02-05 19:30:00+00:00,124.44000244140625,124.44000244140625,0.0,124.5,123.19999694824219,123.33000183105469,0.0,20964315
2025-02-05 20:30:00+00:00,124.95500183105469,124.95500183105469,0.0,125.0,123.54499816894531,124.43000030517578,0.0,24966962
2025-02-05 21:00:00+00:00,124.2,124.2,0.0,125.25,116.24,124.96,0.0,0
2025-02-05 22:00:00+00:00,124.3,124.3,0.0,128.7753,116.8607,124.17,0.0,0
2025-02-05 23:00:00+00:00,124.49,124.49,0.0,124.58,124.3,124.31,0.0,0
2025-02-06 09:00:00+00:00,126.12,126.12,0.0,126.38,125.11,125.35,0.0,0
2025-02-06 10:00:00+00:00,125.39,125.39,0.0,126.13,125.3,126.11,0.0,0
2025-02-06 11:00:00+00:00,125.87,125.87,0.0,126.2,125.27,125.4,0.0,0
2025-02-06 12:00:00+00:00,125.75,125.75,0.0,125.99,125.31,125.87,0.0,0
2025-02-06 13:00:00+00:00,126.9,126.9,0.0,126.95,124.67,125.74,0.0,0
2025-02-06 14:00:00+00:00,127.44,127.44,0.0,127.59,126.61,126.9,0.0,0
2025-02-06 14:30:00+00:00,126.22160339355469,126.22160339355469,0.0,127.5,125.20999908447266,127.41999816894531,0.0,72706327
2025-02-06 15:30:00+00:00,126.86000061035156,126.86000061035156,0.0,127.0,125.93000030517578,126.2300033569336,0.0,26067881
2025-02-06 16:30:00+00:00,127.73529815673828,127.73529815673828,0.0,128.24000549316406,126.5999984741211,126.86000061035156,0.0,36681781
2025-02-06 17:30:00+00:00,128.11000061035156,128.11000061035156,0.0,128.32000732421875,127.4000015258789,127.75,0.0,21309637
2025-02-06 18:30:00+00:00,127.6948013305664,127.6948013305664,0.0,128.44000244140625,127.4800033569336,128.10499572753906,0.0,20105477
2025-02-06 19:30:00+00:00,128.125,128.125,0.0,128.25,124.83000183105469,127.69999694824219,0.0,25923574
2025-02-06 20:30:00+00:00,128.68499755859375,128.68499755859375,0.0,128.75,127.92500305175781,128.1300048828125,0.0,19331163
2025-02-06 21:00:00+00:00,128.61,128.61,0.0,129.39,116.3,128.69,0.0,0
2025-02-06 22:00:00+00:00,128.025,128.025,0.0,169.3956,82.4356,128.61,0.0,0
2025-02-06 23:00:00+00:00,128.0,128.0,0.0,128.39,127.6822,128.025,0.0,0
2025-02-07 09:00:00+00:00,128.2,128.2,0.0,129.06,128.09,128.43,0.0,0
2025-02-07 10:00:00+00:00,127.42,127.42,0.0,128.42,127.01,128.21,0.0,0
2025-02-07 11:00:00+00:00,127.82,127.82,0.0,127.89,127.32,127.45,0.0,0
2025-02-07 12:00:00+00:00,128.72,128.72,0.0,128.85,127.76,127.82,0.0,0
2025-02-07 13:00:00+00:00,128.4,128.4,0.0,129.17,127.0224,128.71,0.0,0
2025-02-07 14:00:00+00:00,129.22,129.22,0.0,129.37,127.8103,128.41,0.0,0
2025-02-07 14:30:00+00:00,129.11000061035156,129.11000061035156,0.0,130.3699951171875,127.80000305175781,129.16000366210938,0.0,77600882
2025-02-07 15:30:00+00:00,128.6999969482422,128.6999969482422,0.0,129.89999389648438,128.22999572753906,129.10000610351562,0.0,32934587
2025-02-07 16:30:00+00:00,128.23500061035156,128.23500061035156,0.0,129.05960083007812,127.5999984741211,128.6999969482422,0.0,27757064
2025-02-07 17:30:00+00:00,129.2550048828125,129.2550048828125,0.0,129.64999389648438,128.02000427246094,128.22999572753906,0.0,17653887
2025-02-07 18:30:00+00:00,128.1300048828125,128.1300048828125,0.0,129.42999267578125,127.90879821777344,129.25990295410156,0.0,16675456
2025-02-07 19:30:00+00:00,128.94850158691406,128.94850158691406,0.0,129.08990478515625,127.97000122070312,128.13999938964844,0.0,16455557
2025-02-07 20:30:00+00:00,129.86000061035156,129.86000061035156,0.0,130.0,128.82000732421875,128.94500732421875,0.0,21996032
2025-02-07 21:00:00+00:00,129.23,129.23,0.0,129.87,124.8792,129.85,0.0,0
2025-02-07 22:00:00+00:00,129.12,129.12,0.0,129.84,120.9026,129.215,0.0,0
2025-02-07 23:00:00+00:00,128.98,128.98,0.0,129.84,128.85,129.1,0.0,0
2025-02-10 09:00:00+00:00,130.14,130.14,0.0,130.31,129.67,130.08,0.0,0
2025-02-10 10:00:00+00:00,130.18,130.18,0.0,130.25,129.83,130.13,0.0,0
2025-02-10 11:00:00+00:00,129.2,129.2,0.0,130.22,128.36,130.15,0.0,0
2025-02-10 12:00:00+00:00,129.92,129.92,0.0,130.0,129.0,129.21,0.0,0
2025-02-10 13:00:00+00:00,130.11,130.11,0.0,130.395,128.4152,129.92,0.0,0
2025-02-10 14:00:00+00:00,130.02,130.02,0.0,131.08,126.21,130.08,0.0,0
2025-02-10 14:30:00+00:00,134.41000366210938,134.41000366210938,0.0,134.78500366210938,129.97000122070312,130.0500030517578,0.0,77728736
2025-02-10 15:30:00+00:00,133.47500610351562,133.47500610351562,0.0,134.83999633789062,133.4499969482422,134.42999267578125,0.0,27521922
2025-02-10 16:30:00+00:00,134.0290069580078,134.0290069580078,0.0,134.1999969482422,132.99000549316406,133.50030517578125,0.0,20327925
2025-02-10 17:30:00+00:00,134.3300018310547,134.3300018310547,0.0,134.49000549316406,133.99000549316406,134.0260009765625,0.0,13224086
2025-02-10 18:30:00+00:00,134.51499938964844,134.51499938964844,0.0,134.69000244140625,134.11000061035156,134.3300018310547,0.0,15171778
2025-02-10 19:30:00+00:00,134.51930236816406,134.51930236816406,0.0,135.0,134.22000122070312,134.51210021972656,0.0,19896685
2025-02-10 20:30:00+00:00,133.50999450683594,133.50999450683594,0.0,134.6699981689453,133.38999938964844,134.50999450683594,0.0,17439170
2025-02-10 21:00:00+00:00,133.51,133.51,0.0,134.441,130.39,133.51,0.0,0
2025-02-10 22:00:00+00:00,133.505,133.505,0.0,133.6,130.4,133.515,0.0,0
2025-02-10 23:00:00+00:00,133.1899,133.1899,0.0,133.55,133.07,133.5,0.0,0
2025-02-11 09:00:00+00:00,132.6,132.6,0.0,133.18,132.46,133.1,0.0,0
2025-02-11 10:00:00+00:00,131.86,131.86,0.0,132.68,131.84,132.63,0.0,0
2025-02-11 11:00:00+00:00,132.38,132.38,0.0,132.41,131.46,131.88,0.0,0
2025-02-11 12:00:00+00:00,132.81,132.81,0.0,133.11,132.14,132.38,0.0,0
2025-02-11 13:00:00+00:00,132.499,132.499,0.0,133.62,131.4583,132.78,0.0,0
2025-02-11 14:00:00+00:00,132.58,132.58,0.0,134.425,128.8,132.48,0.0,0
2025-02-11 14:30:00+00:00,133.94500732421875,133.94500732421875,0.0,134.47999572753906,132.00999450683594,132.3699951171875,0.0,52677652
2025-02-11 15:30:00+00:00,133.9698944091797,133.9698944091797,0.0,134.3800048828125,133.64999389648438,133.94000244140625,0.0,18659627
2025-02-11 16:30:00+00:00,132.7100067138672,132.7100067138672,0.0,134.08999633789062,131.02000427246094,133.97000122070312,0.0,30097141
2025-02-11 17:30:00+00:00,132.83230590820312,132.83230590820312,0.0,132.8699951171875,131.91000366210938,132.72000122070312,0.0,14579500
2025-02-11 18:30:00+00:00,133.03500366210938,133.03500366210938,0.0,133.89999389648438,132.80999755859375,132.83999633789062,0.0,17292595
2025-02-11 19:30:00+00:00,133.45140075683594,133.45140075683594,0.0,133.74000549316406,132.97999572753906,133.02999877929688,0.0,13156103
2025-02-11 20:30:00+00:00,132.8699951171875,132.8699951171875,0.0,133.50990295410156,132.41000366210938,133.4550018310547,0.0,13494512
2025-02-11 21:00:00+00:00,132.75,132.75,0.0,137.8095,131.99,132.87,0.0,0
2025-02-11 22:00:00+00:00,133.1,133.1,0.0,133.61,132.73,132.7599,0.0,0
2025-02-11 23:00:00+00:00,133.1,133.1,0.0,133.3167,132.83,133.06,0.0,0
2025-02-12 09:00:00+00:00,132.95,132.95,0.0,133.37,132.8,133.36,0.0,0
2025-02-12 10:00:00+00:00,133.31,133.31,0.0,133.35,132.88,132.96,0.0,0
2025-02-12 11:00:00+00:00,133.46,133.46,0.0,133.57,133.04,133.31,0.0,0
2025-02-12 12:00:00+00:00,133.25,133.25,0.0,133.47,133.02,133.46,0.0,0
2025-02-12 13:00:00+00:00,133.67,133.67,0.0,133.69,132.5,133.24,0.0,0
2025-02-12 14:00:00+00:00,130.03,130.03,0.0,133.79,129.61,133.66,0.0,0
2025-02-12 14:30:00+00:00,131.32020568847656,131.32020568847656,0.0,132.24000549316406,129.0800018310547,130.00999450683594,0.0,53129779
2025-02-12 15:30:00+00:00,130.61990356445312,130.61990356445312,0.0,132.0,130.36000061035156,131.3300018310547,0.0,19227032
2025-02-12 16:30:00+00:00,131.5749969482422,131.5749969482422,0.0,132.0,130.61000061035156,130.61000061035156,0.0,17020004
2025-02-12 17:30:00+00:00,130.97500610351562,130.97500610351562,0.0,131.6199951171875,130.82119750976562,131.5749969482422,0.0,14244469
2025-02-12 18:30:00+00:00,130.6898956298828,130.6898956298828,0.0,131.1156005859375,130.19000244140625,130.97999572753906,0.0,13621244
2025-02-12 19:30:00+00:00,131.52499389648438,131.52499389648438,0.0,131.7050018310547,130.58999633789062,130.68499755859375,0.0,12791678
2025-02-12 20:30:00+00:00,131.07989501953125,131.07989501953125,0.0,131.61000061035156,130.97000122070312,131.50999450683594,0.0,11269249
2025-02-12 21:00:00+00:00,130.93,130.93,0.0,131.24,130.76,131.14,0.0,0
2025-02-12 22:00:00+00:00,130.64,130.64,0.0,165.3222,99.8982,130.915,0.0,0
2025-02-12 23:00:00+00:00,130.8604,130.8604,0.0,131.03,130.55,130.63,0.0,0
2025-02-13 09:00:00+00:00,130.42,130.42,0.0,130.59,130.0,130.48,0.0,0
2025-02-13 10:00:00+00:00,131.1,131.1,0.0,131.36,130.25,130.4,0.0,0
2025-02-13 11:00:00+00:00,131.04,131.04,0.0,131.2,130.65,131.09,0.0,0
2025-02-13 12:00:00+00:00,130.93,130.93,0.0,131.05,130.43,131.04,0.0,0
2025-02-13 13:00:00+00:00,130.7011,130.7011,0.0,131.3293,130.0592,130.96,0.0,0
2025-02-13 14:00:00+00:00,131.5008,131.5008,0.0,131.98,130.51,130.7996,0.0,0
2025-02-13 14:30:00+00:00,134.5500030517578,134.5500030517578,0.0,134.9499969482422,131.1699981689453,131.55499267578125,0.0,54411865
2025-02-13 15:30:00+00:00,135.71499633789062,135.71499633789062,0.0,136.5,134.54660034179688,134.5500030517578,0.0,36777123
2025-02-13 16:30:00+00:00,135.00999450683594,135.00999450683594,0.0,135.97999572753906,134.6300048828125,135.7100067138672,0.0,19354752
2025-02-13 17:30:00+00:00,134.52499389648438,134.52499389648438,0.0,135.57000732421875,133.4207000732422,135.0050048828125,0.0,18628170
2025-02-13 18:30:00+00:00,135.12030029296875,135.12030029296875,0.0,135.2899932861328,133.8300018310547,134.4949951171875,0.0,17283443
2025-02-13 19:30:00+00:00,135.36129760742188,135.36129760742188,0.0,135.5500030517578,134.97000122070312,135.125,0.0,15429824
2025-02-13 20:30:00+00:00,135.25,135.25,0.0,135.38999938964844,134.72999572753906,135.36000061035156,0.0,15333903
2025-02-13 21:00:00+00:00,134.97,134.97,0.0,135.29,134.85,135.25,0.0,0
2025-02-13 22:00:00+00:00,134.96,134.96,0.0,135.29,125.8178,134.98,0.0,0
2025-02-13 23:00:00+00:00,134.95,134.95,0.0,135.05,134.9,134.96,0.0,0
2025-02-14 09:00:00+00:00,135.96,135.96,0.0,136.23,135.45,135.52,0.0,0
2025-02-14 10:00:00+00:00,135.81,135.81,0.0,136.15,135.72,135.99,0.0,0
2025-02-14 11:00:00+00:00,135.3,135.3,0.0,135.87,135.23,135.79,0.0,0
2025-02-14 12:00:00+00:00,135.25,135.25,0.0,135.59,134.6,135.31,0.0,0
2025-02-14 13:00:00+00:00,135.715,135.715,0.0,136.2002,134.6795,135.27,0.0,0
2025-02-14 14:00:00+00:00,136.42,136.42,0.0,136.9002,134.695,135.73,0.0,0
2025-02-14 14:30:00+00:00,138.00010681152344,138.00010681152344,0.0,138.1699981689453,135.5,136.8800048828125,0.0,57840894
2025-02-14 15:30:00+00:00,136.5800018310547,136.5800018310547,0.0,138.30999755859375,136.24000549316406,138.00999450683594,0.0,28584822
2025-02-14 16:30:00+00:00,136.74009704589844,136.74009704589844,0.0,137.0500030517578,136.00999450683594,136.58999633789062,0.0,17594915
2025-02-14 17:30:00+00:00,137.3376007080078,137.3376007080078,0.0,137.74000549316406,136.55999755859375,136.75,0.0,13675504
2025-02-14 18:30:00+00:00,137.82000732421875,137.82000732421875,0.0,137.99000549316406,137.0800018310547,137.3300018310547,0.0,13748369
2025-02-14 19:30:00+00:00,138.36509704589844,138.36509704589844,0.0,138.47999572753906,137.64999389648438,137.81500244140625,0.0,16155253
2025-02-14 20:30:00+00:00,138.86000061035156,138.86000061035156,0.0,139.1999969482422,138.35000610351562,138.3699951171875,0.0,24516052
2025-02-14 21:00:00+00:00,138.62,138.62,0.0,139.0002,138.51,138.79,0.0,0
2025-02-14 22:00:00+00:00,138.6288,138.6288,0.0,141.8604,138.4,138.61,0.0,0
2025-02-14 23:00:00+00:00,138.585,138.585,0.0,138.85,138.4,138.6101,0.0,0
2025-02-18 09:00:00+00:00,139.97,139.97,0.0,140.2,139.82,140.0,0.0,0
2025-02-18 10:00:00+00:00,140.06,140.06,0.0,140.08,139.55,139.98,0.0,0
2025-02-18 11:00:00+00:00,139.95,139.95,0.0,140.18,139.88,140.07,0.0,0
2025-02-18 12:00:00+00:00,140.91,140.91,0.0,141.05,139.89,139.97,0.0,0
2025-02-18 13:00:00+00:00,141.38,141.38,0.0,141.52,138.503,140.92,0.0,0
2025-02-18 14:00:00+00:00,141.28,141.28,0.0,141.87,135.19,141.37,0.0,0
2025-02-18 14:30:00+00:00,140.66000366210938,140.66000366210938,0.0,143.44000244140625,140.3000030517578,141.25,0.0,75623001
2025-02-18 15:30:00+00:00,141.19500732421875,141.19500732421875,0.0,141.22000122070312,138.97999572753906,140.6649932861328,0.0,34088399
2025-02-18 16:30:00+00:00,139.96499633789062,139.96499633789062,0.0,141.19000244140625,139.8549041748047,141.19000244140625,0.0,15582760
2025-02-18 17:30:00+00:00,140.15139770507812,140.15139770507812,0.0,140.6999969482422,139.9499969482422,139.96499633789062,0.0,12499776
2025-02-18 18:30:00+00:00,139.5749969482422,139.5749969482422,0.0,140.39999389648438,139.0919952392578,140.15499877929688,0.0,16587058
2025-02-18 19:30:00+00:00,139.54989624023438,139.54989624023438,0.0,140.16990661621094,139.42999267578125,139.5675048828125,0.0,12892226
2025-02-18 20:30:00+00:00,139.41000366210938,139.41000366210938,0.0,139.72000122070312,137.9250030517578,139.52999877929688,0.0,22832152
2025-02-18 21:00:00+00:00,138.63,138.63,0.0,139.4,138.46,139.4,0.0,0
2025-02-18 22:00:00+00:00,138.77,138.77,0.0,144.9087,130.59,138.64,0.0,0
2025-02-18 23:00:00+00:00,139.22,139.22,0.0,139.24,138.785,138.8,0.0,0
2025-02-19 09:00:00+00:00,140.47,140.47,0.0,140.57,139.29,139.29,0.0,0
2025-02-19 10:00:00+00:00,139.57,139.57,0.0,140.49,139.55,140.46,0.0,0
2025-02-19 11:00:00+00:00,139.93,139.93,0.0,140.25,139.5,139.57,0.0,0
2025-02-19 12:00:00+00:00,140.05,140.05,0.0,140.28,139.85,139.93,0.0,0
2025-02-19 13:00:00+00:00,139.62,139.62,0.0,140.5324,128.68,140.09,0.0,0
2025-02-19 14:00:00+00:00,139.45,139.45,0.0,139.85,139.33,139.63,0.0,0
2025-02-19 14:30:00+00:00,139.3300018310547,139.3300018310547,0.0,140.0,137.22000122070312,139.50999450683594,0.0,43638802
2025-02-19 15:30:00+00:00,139.94830322265625,139.94830322265625,0.0,140.5,139.33189392089844,139.3350067138672,0.0,26073700
2025-02-19 16:30:00+00:00,139.81500244140625,139.81500244140625,0.0,140.11000061035156,139.49000549316406,139.94000244140625,0.0,13424823
2025-02-19 17:30:00+00:00,140.639892578125,140.639892578125,0.0,141.36000061035156,139.74000549316406,139.81500244140625,0.0,19599460
2025-02-19 18:30:00+00:00,140.44509887695312,140.44509887695312,0.0,140.85000610351562,140.1199951171875,140.63999938964844,0.0,13213960
2025-02-19 19:30:00+00:00,139.31939697265625,139.31939697265625,0.0,140.84500122070312,139.02000427246094,140.44000244140625,0.0,20162981
2025-02-19 20:30:00+00:00,139.24000549316406,139.24000549316406,0.0,139.86000061035156,138.77239990234375,139.32000732421875,0.0,14622733
2025-02-19 21:00:00+00:00,138.7497,138.7497,0.0,143.155,136.04,139.24,0.0,0
2025-02-19 22:00:00+00:00,138.9099,138.9099,0.0,139.23,138.65,138.75,0.0,0
2025-02-19 23:00:00+00:00,139.02,139.02,0.0,161.2471,102.0394,138.91,0.0,0
2025-02-20 09:00:00+00:00,138.8,138.8,0.0,138.96,138.6,138.62,0.0,0
2025-02-20 10:00:00+00:00,139.38,139.38,0.0,139.64,138.73,138.8,0.0,0
2025-02-20 11:00:00+00:00,138.99,138.99,0.0,139.79,138.99,139.34,0.0,0
2025-02-20 12:00:00+00:00,139.29,139.29,0.0,139.58,138.79,138.96,0.0,0
2025-02-20 13:00:00+00:00,139.48,139.48,0.0,139.76,138.5,139.25,0.0,0
2025-02-20 14:00:00+00:00,140.05,140.05,0.0,142.835,139.22,139.48,0.0,0
2025-02-20 14:30:00+00:00,138.62060546875,138.62060546875,0.0,140.52999877929688,136.79010009765625,140.1300048828125,0.0,45160191
2025-02-20 15:30:00+00:00,138.3000030517578,138.3000030517578,0.0,139.07000732421875,137.11000061035156,138.61000061035156,0.0,20769192
2025-02-20 16:30:00+00:00,139.5800018310547,139.5800018310547,0.0,139.97000122070312,138.22999572753906,138.3000030517578,0.0,17027606
2025-02-20 17:30:00+00:00,139.49000549316406,139.49000549316406,0.0,139.839599609375,139.08999633789062,139.560302734375,0.0,11187948
2025-02-20 18:30:00+00:00,139.80490112304688,139.80490112304688,0.0,140.0,139.38499450683594,139.49000549316406,0.0,10655696
2025-02-20 19:30:00+00:00,139.89999389648438,139.89999389648438,0.0,140.32000732421875,139.3800048828125,139.7899932861328,0.0,14152452
2025-02-20 20:30:00+00:00,140.1199951171875,140.1199951171875,0.0,140.1999969482422,139.69000244140625,139.88999938964844,0.0,10091197
2025-02-20 21:00:00+00:00,139.82,139.82,0.0,140.18,139.79,140.13,0.0,0
2025-02-20 22:00:00+00:00,139.95,139.95,0.0,148.844,135.8298,139.84,0.0,0
2025-02-20 23:00:00+00:00,139.86,139.86,0.0,140.11,139.85,139.86,0.0,0
2025-02-21 09:00:00+00:00,139.91,139.91,0.0,140.2,139.78,139.89,0.0,0
2025-02-21 10:00:00+00:00,139.99,139.99,0.0,140.23,139.87,139.9,0.0,0
2025-02-21 11:00:00+00:00,139.92,139.92,0.0,140.0,139.87,139.97,0.0,0
2025-02-21 12:00:00+00:00,140.19,140.19,0.0,140.32,139.46,139.92,0.0,0
2025-02-21 13:00:00+00:00,140.3997,140.3997,0.0,140.42,139.475,140.19,0.0,0
2025-02-21 14:00:00+00:00,140.0,140.0,0.0,140.8799,137.685,140.395,0.0,0
2025-02-21 14:30:00+00:00,139.22999572753906,139.22999572753906,0.0,141.4600067138672,138.9499969482422,140.0,0.0,48808452
2025-02-21 15:30:00+00:00,139.19920349121094,139.19920349121094,0.0,139.72000122070312,138.5500030517578,139.22999572753906,0.0,23381184
2025-02-21 16:30:00+00:00,138.99110412597656,138.99110412597656,0.0,139.8000030517578,138.3699951171875,139.19000244140625,0.0,15825238
2025-02-21 17:30:00+00:00,137.1699981689453,137.1699981689453,0.0,139.05999755859375,136.05999755859375,139.0,0.0,29842368
2025-02-21 18:30:00+00:00,135.39669799804688,135.39669799804688,0.0,138.06500244140625,135.34500122070312,137.1699981689453,0.0,24903198
2025-02-21 19:30:00+00:00,135.10000610351562,135.10000610351562,0.0,136.25999450683594,134.5800018310547,135.3800048828125,0.0,30385659
2025-02-21 20:30:00+00:00,134.27000427246094,134.27000427246094,0.0,135.1999969482422,134.0399932861328,135.10000610351562,0.0,25630708
2025-02-21 21:00:00+00:00,134.24,134.24,0.0,134.57,134.04,134.27,0.0,0
2025-02-21 22:00:00+00:00,135.3,135.3,0.0,142.0586,120.07,134.24,0.0,0
2025-02-21 23:00:00+00:00,135.02,135.02,0.0,135.35,134.43,135.3001,0.0,0
2025-02-24 09:00:00+00:00,136.15,136.15,0.0,136.44,135.7,136.02,0.0,0
2025-02-24 10:00:00+00:00,135.4,135.4,0.0,136.22,135.4,136.15,0.0,0
2025-02-24 11:00:00+00:00,136.25,136.25,0.0,136.28,135.4,135.43,0.0,0
2025-02-24 12:00:00+00:00,135.84,135.84,0.0,136.25,135.55,136.24,0.0,0
2025-02-24 13:00:00+00:00,136.985,136.985,0.0,136.99,135.3,135.85,0.0,0
2025-02-24 14:00:00+00:00,136.83,136.83,0.0,139.605,135.95,136.99,0.0,0
2025-02-24 14:30:00+00:00,132.92999267578125,132.92999267578125,0.0,138.58999633789062,131.92999267578125,136.7550048828125,0.0,76292889
2025-02-24 15:30:00+00:00,134.0399932861328,134.0399932861328,0.0,134.2899932861328,130.61000061035156,132.9199981689453,0.0,37651734
2025-02-24 16:30:00+00:00,134.60000610351562,134.60000610351562,0.0,134.99000549316406,133.49000549316406,134.0399932861328,0.0,26471760
2025-02-24 17:30:00+00:00,134.6199951171875,134.6199951171875,0.0,134.88999938964844,134.19000244140625,134.60000610351562,0.0,13394332
2025-02-24 18:30:00+00:00,132.72000122070312,132.72000122070312,0.0,134.875,132.66000366210938,134.6300048828125,0.0,15517929
2025-02-24 19:30:00+00:00,132.57000732421875,132.57000732421875,0.0,133.14999389648438,131.9199981689453,132.71009826660156,0.0,18193639
2025-02-24 20:30:00+00:00,130.10000610351562,130.10000610351562,0.0,133.0800018310547,130.0897979736328,132.5800018310547,0.0,23873374
2025-02-24 21:00:00+00:00,130.96,130.96,0.0,133.282,130.05,130.09,0.0,0
2025-02-24 22:00:00+00:00,130.77,130.77,0.0,131.0,130.28,130.95,0.0,0
2025-02-24 23:00:00+00:00,130.1001,130.1001,0.0,130.97,130.0,130.78,0.0,0
2025-02-25 09:00:00+00:00,129.12,129.12,0.0,134.0,128.2,134.0,0.0,0
2025-02-25 10:00:00+00:00,128.3,128.3,0.0,129.47,128.25,129.12,0.0,0
2025-02-25 11:00:00+00:00,128.85,128.85,0.0,128.85,127.47,128.3,0.0,0
2025-02-25 12:00:00+00:00,129.34,129.34,0.0,129.48,128.72,128.84,0.0,0
2025-02-25 13:00:00+00:00,131.8395,131.8395,0.0,131.84,127.05,129.33,0.0,0
2025-02-25 14:00:00+00:00,129.9989,129.9989,0.0,131.98,129.5,131.85,0.0,0
2025-02-25 14:30:00+00:00,125.33999633789062,125.33999633789062,0.0,130.1999969482422,124.44000244140625,129.9600067138672,0.0,85363681
2025-02-25 15:30:00+00:00,126.19000244140625,126.19000244140625,0.0,127.33999633789062,125.05000305175781,125.3499984741211,0.0,38552542
2025-02-25 16:30:00+00:00,128.52499389648438,128.52499389648438,0.0,128.5399932861328,125.75,126.19999694824219,0.0,26597121
2025-02-25 17:30:00+00:00,128.3699951171875,128.3699951171875,0.0,129.88999938964844,128.30999755859375,128.52870178222656,0.0,26234066
2025-02-25 18:30:00+00:00,127.2699966430664,127.2699966430664,0.0,129.0,127.04000091552734,128.3800048828125,0.0,22835671
2025-02-25 19:30:00+00:00,128.81500244140625,128.81500244140625,0.0,129.3800048828125,127.18000030517578,127.26000213623047,0.0,23200458
2025-02-25 20:30:00+00:00,126.62999725341797,126.62999725341797,0.0,128.8800048828125,126.19000244140625,128.82000732421875,0.0,25422556
2025-02-25 21:00:00+00:00,127.46,127.46,0.0,136.095,126.46,126.6,0.0,0
2025-02-25 22:00:00+00:00,127.6,127.6,0.0,131.41,127.27,127.46,0.0,0
2025-02-25 23:00:00+00:00,128.1699,128.1699,0.0,128.24,126.63,127.59,0.0,0
2025-02-26 09:00:00+00:00,130.09,130.09,0.0,130.5,129.28,129.45,0.0,0
2025-02-26 10:00:00+00:00,129.89,129.89,0.0,130.11,129.33,130.1,0.0,0
2025-02-26 11:00:00+00:00,129.65,129.65,0.0,129.98,129.53,129.88,0.0,0
2025-02-26 12:00:00+00:00,129.85,129.85,0.0,129.97,129.03,129.66,0.0,0
2025-02-26 13:00:00+00:00,130.31,130.31,0.0,130.4964,128.83,129.85,0.0,0
2025-02-26 14:00:00+00:00,129.99,129.99,0.0,130.32,129.27,130.32,0.0,0
2025-02-26 14:30:00+00:00,130.4499969482422,130.4499969482422,0.0,131.60980224609375,129.0500030517578,129.98500061035156,0.0,61026640
2025-02-26 15:30:00+00:00,132.4149932861328,132.4149932861328,0.0,133.72999572753906,130.4499969482422,130.47000122070312,0.0,39297221
2025-02-26 16:30:00+00:00,132.55679321289062,132.55679321289062,0.0,133.0,131.72000122070312,132.4149932861328,0.0,24467999
2025-02-26 17:30:00+00:00,130.3751983642578,130.3751983642578,0.0,132.74000549316406,130.35000610351562,132.57989501953125,0.0,25366254
2025-02-26 18:30:00+00:00,129.88999938964844,129.88999938964844,0.0,131.1199951171875,128.49000549316406,130.36000061035156,0.0,45619369
2025-02-26 19:30:00+00:00,130.74000549316406,130.74000549316406,0.0,130.8800048828125,128.9600067138672,129.8800048828125,0.0,26930195
2025-02-26 20:30:00+00:00,131.52000427246094,131.52000427246094,0.0,132.08999633789062,130.02000427246094,130.6999969482422,0.0,30301408
2025-02-26 21:00:00+00:00,134.92,134.92,0.0,136.6,124.675,131.53,0.0,0
2025-02-26 22:00:00+00:00,130.62,130.62,0.0,135.51,125.2099,134.9489,0.0,0
2025-02-26 23:00:00+00:00,130.9,130.9,0.0,131.43,130.0,130.6197,0.0,0
2025-02-27 09:00:00+00:00,131.6,131.6,0.0,131.6,129.79,131.55,0.0,0
2025-02-27 10:00:00+00:00,132.99,132.99,0.0,133.31,131.18,131.61,0.0,0
2025-02-27 11:00:00+00:00,132.46,132.46,0.0,133.19,132.3,132.97,0.0,0
2025-02-27 12:00:00+00:00,134.34,134.34,0.0,134.779,132.05,132.46,0.0,0
2025-02-27 13:00:00+00:00,134.1999,134.1999,0.0,135.5,129.68,134.34,0.0,0
2025-02-27 14:00:00+00:00,134.99,134.99,0.0,135.35,123.56,134.18,0.0,0
2025-02-27 14:30:00+00:00,127.4800033569336,127.4800033569336,0.0,135.0,125.27999877929688,135.0,0.0,139627459
2025-02-27 15:30:00+00:00,126.27999877929688,126.27999877929688,0.0,128.0699005126953,125.51000213623047,127.4800033569336,0.0,47154830
2025-02-27 16:30:00+00:00,127.08000183105469,127.08000183105469,0.0,127.41000366210938,125.6500015258789,126.29000091552734,0.0,31842499
2025-02-27 17:30:00+00:00,127.61000061035156,127.61000061035156,0.0,128.4499969482422,126.27999877929688,127.08000183105469,0.0,28567618
2025-02-27 18:30:00+00:00,123.74500274658203,123.74500274658203,0.0,127.91000366210938,123.69000244140625,127.61499786376953,0.0,40681735
2025-02-27 19:30:00+00:00,121.91000366210938,121.91000366210938,0.0,124.69000244140625,121.57140350341797,123.74500274658203,0.0,61051900
2025-02-27 20:30:00+00:00,120.01000213623047,120.01000213623047,0.0,122.55729675292969,120.01000213623047,121.90499877929688,0.0,47543937
2025-02-27 21:00:00+00:00,120.8799,120.8799,0.0,121.5,119.35,120.08,0.0,0
2025-02-27 22:00:00+00:00,120.98,120.98,0.0,190.9115,97.2121,120.8795,0.0,0
2025-02-27 23:00:00+00:00,121.66,121.66,0.0,121.92,120.96,120.96,0.0,0
2025-02-28 09:00:00+00:00,120.96,120.96,0.0,127.21,120.76,127.21,0.0,0
2025-02-28 10:00:00+00:00,120.79,120.79,0.0,121.0,120.46,120.99,0.0,0
2025-02-28 11:00:00+00:00,121.35,121.35,0.0,121.69,120.79,120.79,0.0,0
2025-02-28 12:00:00+00:00,120.01,120.01,0.0,121.44,119.75,121.39,0.0,0
2025-02-28 13:00:00+00:00,117.0295,117.0295,0.0,122.81,116.6705,120.0,0.0,0
2025-02-28 14:00:00+00:00,118.04,118.04,0.0,139.4,116.85,117.0299,0.0,0
2025-02-28 14:30:00+00:00,122.7300033569336,122.7300033569336,0.0,122.7750015258789,116.41000366210938,117.6500015258789,0.0,121634753
2025-02-28 15:30:00+00:00,121.55999755859375,121.55999755859375,0.0,123.69999694824219,121.41999816894531,122.73500061035156,0.0,53003489
2025-02-28 16:30:00+00:00,122.18099975585938,122.18099975585938,0.0,122.80000305175781,121.13999938964844,121.54000091552734,0.0,26114445
2025-02-28 17:30:00+00:00,120.57990264892578,120.57990264892578,0.0,122.27760314941406,118.84500122070312,122.19000244140625,0.0,36004561
2025-02-28 18:30:00+00:00,120.47000122070312,120.47000122070312,0.0,121.2300033569336,119.68000030517578,120.58760070800781,0.0,26592728
2025-02-28 19:30:00+00:00,121.88500213623047,121.88500213623047,0.0,122.2300033569336,120.29000091552734,120.46389770507812,0.0,29137364
2025-02-28 20:30:00+00:00,125.05000305175781,125.05000305175781,0.0,125.06999969482422,121.2699966430664,121.87999725341797,0.0,42867559
2025-02-28 21:00:00+00:00,124.87,124.87,0.0,133.72,117.3238,125.05,0.0,0
2025-02-28 22:00:00+00:00,124.5899,124.5899,0.0,124.94,116.2691,124.87,0.0,0
2025-02-28 23:00:00+00:00,124.78,124.78,0.0,125.0,124.52,124.59,0.0,0
2025-03-03 09:00:00+00:00,123.9,123.9,0.0,124.96,123.03,124.56,0.0,0
2025-03-03 10:00:00+00:00,123.82,123.82,0.0,124.44,123.55,123.98,0.0,0
2025-03-03 11:00:00+00:00,123.7,123.7,0.0,124.2,123.13,123.82,0.0,0
2025-03-03 12:00:00+00:00,124.61,124.61,0.0,124.94,123.54,123.73,0.0,0
2025-03-03 13:00:00+00:00,124.3,124.3,0.0,125.74,123.0597,124.611,0.0,0
2025-03-03 14:00:00+00:00,123.5,123.5,0.0,124.38,117.265,124.31,0.0,0
2025-03-03 14:30:00+00:00,119.51000213623047,119.51000213623047,0.0,123.69999694824219,118.30000305175781,123.50499725341797,0.0,90292423
2025-03-03 15:30:00+00:00,119.22000122070312,119.22000122070312,0.0,120.19999694824219,118.51000213623047,119.51499938964844,0.0,38941419
2025-03-03 16:30:00+00:00,118.41000366210938,118.41000366210938,0.0,119.5,118.25,119.23999786376953,0.0,30591168
2025-03-03 17:30:00+00:00,115.23999786376953,115.23999786376953,0.0,118.43000030517578,114.51000213623047,118.41000366210938,0.0,64601109
2025-03-03 18:30:00+00:00,116.04499816894531,116.04499816894531,0.0,117.2699966430664,115.04000091552734,115.24440002441406,0.0,40434891
2025-03-03 19:30:00+00:00,113.16999816894531,113.16999816894531,0.0,117.62000274658203,112.27999877929688,116.03009796142578,0.0,65189266
2025-03-03 20:30:00+00:00,114.01000213623047,114.01000213623047,0.0,114.19999694824219,112.5,113.16000366210938,0.0,44205633
2025-03-03 21:00:00+00:00,114.62,114.62,0.0,120.2,112.6,114.01,0.0,0
2025-03-03 22:00:00+00:00,113.865,113.865,0.0,121.0,109.3627,114.63,0.0,0
2025-03-03 23:00:00+00:00,114.45,114.45,0.0,114.9,113.69,113.87,0.0,0
2025-03-04 09:00:00+00:00,115.43,115.43,0.0,115.45,114.13,114.14,0.0,0
2025-03-04 10:00:00+00:00,114.04,114.04,0.0,115.55,113.83,115.42,0.0,0
2025-03-04 11:00:00+00:00,114.0,114.0,0.0,114.53,113.29,114.03,0.0,0
2025-03-04 12:00:00+00:00,110.83,110.83,0.0,114.52,110.82,114.0,0.0,0
2025-03-04 13:00:00+00:00,108.95,108.95,0.0,115.53,108.85,110.83,0.0,0
2025-03-04 14:00:00+00:00,110.725,110.725,0.0,123.39,108.86,108.95,0.0,0
2025-03-04 14:30:00+00:00,111.61000061035156,111.61000061035156,0.0,115.13999938964844,110.11000061035156,111.8949966430664,0.0,127887000
2025-03-04 15:30:00+00:00,111.83000183105469,111.83000183105469,0.0,113.30000305175781,110.9000015258789,111.5999984741211,0.0,46791250
2025-03-04 16:30:00+00:00,116.01020050048828,116.01020050048828,0.0,116.5999984741211,111.81999969482422,111.81999969482422,0.0,51255627
2025-03-04 17:30:00+00:00,116.19999694824219,116.19999694824219,0.0,117.58000183105469,115.0999984741211,116.01499938964844,0.0,40436938
2025-03-04 18:30:00+00:00,117.7698974609375,117.7698974609375,0.0,118.25,115.87999725341797,116.20999908447266,0.0,33842281
2025-03-04 19:30:00+00:00,118.88999938964844,118.88999938964844,0.0,119.30999755859375,117.04000091552734,117.76499938964844,0.0,34300518
2025-03-04 20:30:00+00:00,115.95999908447266,115.95999908447266,0.0,119.01499938964844,115.05000305175781,118.9000015258789,0.0,34552128
2025-03-04 21:00:00+00:00,117.69,117.69,0.0,120.965,109.4366,115.8977,0.0,0
2025-03-04 22:00:00+00:00,117.97,117.97,0.0,165.2462,79.2487,117.6801,0.0,0
2025-03-04 23:00:00+00:00,118.26,118.26,0.0,118.86,117.8,117.96,0.0,0
2025-03-05 09:00:00+00:00,118.45,118.45,0.0,118.82,118.09,118.71,0.0,0
2025-03-05 10:00:00+00:00,117.72,117.72,0.0,118.8,117.46,118.41,0.0,0
2025-03-05 11:00:00+00:00,117.75,117.75,0.0,118.23,117.45,117.72,0.0,0
2025-03-05 12:00:00+00:00,117.65,117.65,0.0,118.21,117.1,117.73,0.0,0
2025-03-05 13:00:00+00:00,116.79,116.79,0.0,119.2,116.67,117.7,0.0,0
2025-03-05 14:00:00+00:00,117.579,117.579,0.0,117.77,110.72,116.85,0.0,0
2025-03-05 14:30:00+00:00,115.97000122070312,115.97000122070312,0.0,118.0,114.63999938964844,117.5199966430664,0.0,78072523
2025-03-05 15:30:00+00:00,115.40989685058594,115.40989685058594,0.0,116.86000061035156,114.51000213623047,115.97000122070312,0.0,39193117
2025-03-05 16:30:00+00:00,116.56310272216797,116.56310272216797,0.0,116.81999969482422,114.5199966430664,115.4000015258789,0.0,29044947
2025-03-05 17:30:00+00:00,116.2699966430664,116.2699966430664,0.0,117.91000366210938,116.11000061035156,116.55999755859375,0.0,29662552
2025-03-05 18:30:00+00:00,117.10980224609375,117.10980224609375,0.0,118.2300033569336,115.81999969482422,116.30000305175781,0.0,26002248
2025-03-05 19:30:00+00:00,117.66000366210938,117.66000366210938,0.0,118.2780990600586,116.7300033569336,117.11000061035156,0.0,26217630
2025-03-05 20:30:00+00:00,117.29000091552734,117.29000091552734,0.0,118.20899963378906,117.16999816894531,117.625,0.0,20809411
2025-03-05 21:00:00+00:00,117.1801,117.1801,0.0,123.1038,108.8867,117.3,0.0,0
2025-03-05 22:00:00+00:00,116.8,116.8,0.0,117.3,116.78,117.1991,0.0,0
2025-03-05 23:00:00+00:00,116.65,116.65,0.0,116.93,116.64,116.78,0.0,0
2025-03-06 09:00:00+00:00,114.82,114.82,0.0,119.64,114.81,119.64,0.0,0
2025-03-06 10:00:00+00:00,115.2,115.2,0.0,115.49,114.27,114.81,0.0,0
2025-03-06 11:00:00+00:00,114.93,114.93,0.0,115.38,114.58,115.2,0.0,0
2025-03-06 12:00:00+00:00,114.39,114.39,0.0,115.2,114.01,114.9,0.0,0
2025-03-06 13:00:00+00:00,113.62,113.62,0.0,117.25,113.0,114.37,0.0,0
2025-03-06 14:00:00+00:00,113.55,113.55,0.0,113.96,113.03,113.62,0.0,0
2025-03-06 14:30:00+00:00,114.84439849853516,114.84439849853516,0.0,115.3499984741211,112.30000305175781,113.5,0.0,73446901
2025-03-06 15:30:00+00:00,114.05999755859375,114.05999755859375,0.0,115.33999633789062,113.56999969482422,114.83999633789062,0.0,34221965
2025-03-06 16:30:00+00:00,111.6355972290039,111.6355972290039,0.0,114.76000213623047,111.20999908447266,114.04000091552734,0.0,41307149
2025-03-06 17:30:00+00:00,111.53500366210938,111.53500366210938,0.0,112.29000091552734,110.94999694824219,111.63999938964844,0.0,33581282
2025-03-06 18:30:00+00:00,110.52999877929688,110.52999877929688,0.0,111.90499877929688,110.33999633789062,111.52999877929688,0.0,33771494
2025-03-06 19:30:00+00:00,111.09719848632812,111.09719848632812,0.0,112.22000122070312,110.22000122070312,110.5199966430664,0.0,39231805
2025-03-06 20:30:00+00:00,110.58000183105469,110.58000183105469,0.0,111.4999008178711,110.41000366210938,111.08999633789062,0.0,30010571
2025-03-06 21:00:00+00:00,111.85,111.85,0.0,119.335,104.9961,110.57,0.0,0
2025-03-06 22:00:00+00:00,112.0297,112.0297,0.0,119.335,106.3584,111.83,0.0,0
2025-03-06 23:00:00+00:00,111.265,111.265,0.0,112.07,111.11,112.03,0.0,0
2025-03-07 09:00:00+00:00,112.3,112.3,0.0,112.77,111.9,111.93,0.0,0
2025-03-07 10:00:00+00:00,112.05,112.05,0.0,112.4,111.82,112.26,0.0,0
2025-03-07 11:00:00+00:00,112.2,112.2,0.0,112.37,111.92,112.07,0.0,0
2025-03-07 12:00:00+00:00,111.57,111.57,0.0,112.7,111.33,112.22,0.0,0
2025-03-07 13:00:00+00:00,111.7488,111.7488,0.0,112.7624,110.57,111.56,0.0,0
2025-03-07 14:00:00+00:00,111.13,111.13,0.0,112.68,110.9,111.7,0.0,0
2025-03-07 14:30:00+00:00,111.04000091552734,111.04000091552734,0.0,113.4800033569336,110.7300033569336,111.18000030517578,0.0,76024654
2025-03-07 15:30:00+00:00,109.69999694824219,109.69999694824219,0.0,111.79000091552734,109.51190185546875,111.0199966430664,0.0,54624751
2025-03-07 16:30:00+00:00,109.00499725341797,109.00499725341797,0.0,110.0,107.55999755859375,109.70500183105469,0.0,51020128
2025-03-07 17:30:00+00:00,110.50890350341797,110.50890350341797,0.0,111.29000091552734,108.69999694824219,109.0,0.0,45996375
2025-03-07 18:30:00+00:00,112.25,112.25,0.0,112.51499938964844,110.33000183105469,110.52999877929688,0.0,34597993
2025-03-07 19:30:00+00:00,112.6050033569336,112.6050033569336,0.0,112.91999816894531,111.29499816894531,112.26000213623047,0.0,32459442
2025-03-07 20:30:00+00:00,112.7300033569336,112.7300033569336,0.0,113.0999984741211,111.03500366210938,112.5999984741211,0.0,29030527
2025-03-07 21:00:00+00:00,112.72,112.72,0.0,114.705,109.84,112.73,0.0,0
2025-03-07 22:00:00+00:00,112.43,112.43,0.0,169.6773,97.4663,112.715,0.0,0
2025-03-07 23:00:00+00:00,112.11,112.11,0.0,112.69,112.06,112.425,0.0,0
2025-03-10 09:00:00+00:00,110.21,110.21,0.0,110.46,109.76,109.9,0.0,0
2025-03-10 10:00:00+00:00,109.79,109.79,0.0,110.69,109.68,110.26,0.0,0
2025-03-10 11:00:00+00:00,110.77,110.77,0.0,110.87,109.56,109.78,0.0,0
2025-03-10 12:00:00+00:00,109.82,109.82,0.0,112.971,109.55,110.77,0.0,0
2025-03-10 13:00:00+00:00,109.97,109.97,0.0,131.28,109.02,109.82,0.0,0
2025-03-10 13:30:00+00:00,108.06439971923828,108.06439971923828,0.0,111.8499984741211,108.01000213623047,110.3499984741211,0.0,74631134
2025-03-10 14:30:00+00:00,107.658203125,107.658203125,0.0,108.47899627685547,106.18000030517578,108.06999969482422,0.0,62308207
2025-03-10 15:30:00+00:00,108.08499908447266,108.08499908447266,0.0,108.91999816894531,106.8499984741211,107.66010284423828,0.0,43453261
2025-03-10 16:30:00+00:00,107.06009674072266,107.06009674072266,0.0,108.8499984741211,106.51000213623047,108.08999633789062,0.0,36616744
2025-03-10 17:30:00+00:00,106.76000213623047,106.76000213623047,0.0,107.2968978881836,106.2300033569336,107.05500030517578,0.0,31503406
2025-03-10 18:30:00+00:00,106.64990234375,106.64990234375,0.0,107.4000015258789,105.45999908447266,106.76000213623047,0.0,44627698
2025-03-10 19:30:00+00:00,107.0199966430664,107.0199966430664,0.0,107.91000366210938,106.29000091552734,106.6500015258789,0.0,39086074
2025-03-10 20:00:00+00:00,107.06,107.06,0.0,108.83,106.68,107.02,0.0,0
2025-03-10 21:00:00+00:00,105.6,105.6,0.0,113.5096,100.1171,107.06,0.0,0
2025-03-10 22:00:00+00:00,105.93,105.93,0.0,106.98,105.43,105.6,0.0,0
2025-03-10 23:00:00+00:00,104.6702,104.6702,0.0,106.01,104.4025,105.95,0.0,0
2025-03-11 08:00:00+00:00,108.26,108.26,0.0,108.36,106.01,106.39,0.0,0
2025-03-11 09:00:00+00:00,108.87,108.87,0.0,109.0,107.9,108.28,0.0,0
2025-03-11 10:00:00+00:00,108.27,108.27,0.0,108.96,107.83,108.86,0.0,0
2025-03-11 11:00:00+00:00,107.22,107.22,0.0,108.28,106.69,108.27,0.0,0
2025-03-11 12:00:00+00:00,107.05,107.05,0.0,109.0,105.9,107.21,0.0,0
2025-03-11 13:00:00+00:00,107.02,107.02,0.0,111.79,106.58,107.01,0.0,0
2025-03-11 13:30:00+00:00,106.30999755859375,106.30999755859375,0.0,110.98999786376953,106.0999984741211,107.00499725341797,0.0,97478690
2025-03-11 14:30:00+00:00,108.8949966430664,108.8949966430664,0.0,109.47000122070312,104.7699966430664,106.30500030517578,0.0,60995863
2025-03-11 15:30:00+00:00,108.81999969482422,108.81999969482422,0.0,110.5999984741211,108.27999877929688,108.87999725341797,0.0,36587643
2025-03-11 16:30:00+00:00,107.55999755859375,107.55999755859375,0.0,109.4000015258789,107.4800033569336,108.80500030517578,0.0,28235528
2025-03-11 17:30:00+00:00,110.43000030517578,110.43000030517578,0.0,110.73999786376953,107.44999694824219,107.56500244140625,0.0,32990769
2025-03-11 18:30:00+00:00,110.80860137939453,110.80860137939453,0.0,112.23600006103516,109.9800033569336,110.44000244140625,0.0,45716228
2025-03-11 19:30:00+00:00,108.63999938964844,108.63999938964844,0.0,111.02989959716797,108.63999938964844,110.80999755859375,0.0,24887618
2025-03-11 20:00:00+00:00,108.48,108.48,0.0,115.8188,101.0201,108.65,0.0,0
2025-03-11 21:00:00+00:00,108.585,108.585,0.0,108.66,108.3,108.45,0.0,0
2025-03-11 22:00:00+00:00,109.58,109.58,0.0,109.63,108.5844,108.6,0.0,0
2025-03-11 23:00:00+00:00,109.415,109.415,0.0,109.65,109.15,109.59,0.0,0
2025-03-12 08:00:00+00:00,109.67,109.67,0.0,110.17,109.54,110.07,0.0,0
2025-03-12 09:00:00+00:00,110.38,110.38,0.0,110.49,109.63,109.69,0.0,0
2025-03-12 10:00:00+00:00,110.28,110.28,0.0,110.6,110.13,110.35,0.0,0
2025-03-12 11:00:00+00:00,111.4,111.4,0.0,111.54,110.29,110.29,0.0,0
2025-03-12 12:00:00+00:00,111.5972,111.5972,0.0,111.76,108.76,111.37,0.0,0
2025-03-12 13:00:00+00:00,114.1364,114.1364,0.0,114.27,111.59,111.5909,0.0,0
2025-03-12 13:30:00+00:00,114.65010070800781,114.65010070800781,0.01,116.76000213623047,113.87999725341797,114.12000274658203,0.0,103960062
2025-03-12 14:30:00+00:00,114.51000213623047,114.51000213623047,0.0,115.2291030883789,112.87999725341797,114.6500015258789,0.0,47132903
2025-03-12 15:30:00+00:00,115.83499908447266,115.83499908447266,0.0,116.19000244140625,114.36009979248047,114.51090240478516,0.0,33633309
2025-03-12 16:30:00+00:00,116.11499786376953,116.11499786376953,0.0,116.5999984741211,115.44000244140625,115.8499984741211,0.0,31306972
2025-03-12 17:30:00+00:00,115.55500030517578,115.55500030517578,0.0,116.26000213623047,114.30000305175781,116.11000061035156,0.0,29673338
2025-03-12 18:30:00+00:00,115.44999694824219,115.44999694824219,0.0,116.04000091552734,115.08000183105469,115.55999755859375,0.0,25861035
2025-03-12 19:30:00+00:00,115.73999786376953,115.73999786376953,0.0,115.97989654541016,114.9800033569336,115.43000030517578,0.0,25027420
2025-03-12 20:00:00+00:00,115.59,115.59,0.0,121.3833,108.5212,115.74,0.0,0
2025-03-12 21:00:00+00:00,115.96,115.96,0.0,116.15,115.55,115.58,0.0,0
2025-03-12 22:00:00+00:00,116.4293,116.4293,0.0,130.28,115.81,115.961,0.0,0
2025-03-12 23:00:00+00:00,116.96,116.96,0.0,116.98,116.4,116.43,0.0,0
2025-03-13 08:00:00+00:00,114.65,114.65,0.0,115.03,114.1,114.8,0.0,0
2025-03-13 09:00:00+00:00,115.35,115.35,0.0,115.58,114.31,114.64,0.0,0
2025-03-13 10:00:00+00:00,116.63,116.63,0.0,116.87,115.28,115.36,0.0,0
2025-03-13 11:00:00+00:00,115.98,115.98,0.0,117.18,115.75,116.65,0.0,0
2025-03-13 12:00:00+00:00,115.8452,115.8452,0.0,117.44,113.88,115.97,0.0,0
2025-03-13 13:00:00+00:00,117.04,117.04,0.0,117.18,115.75,115.9,0.0,0
2025-03-13 13:30:00+00:00,116.65499877929688,116.65499877929688,0.0,117.76000213623047,113.79000091552734,117.0199966430664,0.0,85359507
2025-03-13 14:30:00+00:00,116.08000183105469,116.08000183105469,0.0,117.25,115.61000061035156,116.65499877929688,0.0,39262209
2025-03-13 15:30:00+00:00,115.86090087890625,115.86090087890625,0.0,116.69999694824219,115.41000366210938,116.08000183105469,0.0,31632519
2025-03-13 16:30:00+00:00,115.26499938964844,115.26499938964844,0.0,116.80000305175781,114.44999694824219,115.8499984741211,0.0,30548149
2025-03-13 17:30:00+00:00,116.94999694824219,116.94999694824219,0.0,116.94999694824219,115.11019897460938,115.26499938964844,0.0,28164566
2025-03-13 18:30:00+00:00,116.00499725341797,116.00499725341797,0.0,117.7300033569336,115.88999938964844,116.94999694824219,0.0,31767650
2025-03-13 19:30:00+00:00,115.70999908447266,115.70999908447266,0.0,116.3499984741211,115.12000274658203,116.01000213623047,0.0,26425577
2025-03-13 20:00:00+00:00,115.8882,115.8882,0.0,165.4939,99.3052,115.58,0.0,0
2025-03-13 21:00:00+00:00,115.81,115.81,0.0,163.3881,99.3052,115.86,0.0,0
2025-03-13 22:00:00+00:00,116.5,116.5,0.0,116.63,115.78,115.87,0.0,0
2025-03-13 23:00:00+00:00,116.4101,116.4101,0.0,116.6,115.58,116.485,0.0,0
2025-03-14 08:00:00+00:00,117.61,117.61,0.0,117.68,117.0,117.0,0.0,0
2025-03-14 09:00:00+00:00,117.6,117.6,0.0,117.74,117.38,117.62,0.0,0
2025-03-14 10:00:00+00:00,117.71,117.71,0.0,117.87,117.45,117.59,0.0,0
2025-03-14 11:00:00+00:00,118.16,118.16,0.0,118.18,117.39,117.71,0.0,0
2025-03-14 12:00:00+00:00,119.1201,119.1201,0.0,119.13,115.58,118.16,0.0,0
2025-03-14 13:00:00+00:00,118.62,118.62,0.0,124.92,112.11,119.13,0.0,0
2025-03-14 13:30:00+00:00,119.52490234375,119.52490234375,0.0,120.56500244140625,118.1500015258789,118.62000274658203,0.0,80054675
2025-03-14 14:30:00+00:00,120.93000030517578,120.93000030517578,0.0,121.19000244140625,119.5000991821289,119.52899932861328,0.0,37708775
2025-03-14 15:30:00+00:00,120.51499938964844,120.51499938964844,0.0,121.87999725341797,120.5,120.93000030517578,0.0,33893954
2025-03-14 16:30:00+00:00,120.54499816894531,120.54499816894531,0.0,121.28500366210938,120.36000061035156,120.51010131835938,0.0,22384234
2025-03-14 17:30:00+00:00,120.2750015258789,120.2750015258789,0.0,120.8593978881836,120.11000061035156,120.54000091552734,0.0,19595435
2025-03-14 18:30:00+00:00,120.58499908447266,120.58499908447266,0.0,121.06849670410156,120.25,120.27999877929688,0.0,23734973
2025-03-14 19:30:00+00:00,121.44999694824219,121.44999694824219,0.0,121.80000305175781,120.58000183105469,120.58999633789062,0.0,29113451
2025-03-14 20:00:00+00:00,121.205,121.205,0.0,121.67,120.545,121.67,0.0,0
2025-03-14 21:00:00+00:00,121.3497,121.3497,0.0,154.6626,74.8355,121.2,0.0,0
2025-03-14 22:00:00+00:00,121.5,121.5,0.0,121.6,121.28,121.34,0.0,0
2025-03-14 23:00:00+00:00,121.4699,121.4699,0.0,121.6,121.41,121.4931,0.0,0
2025-03-17 08:00:00+00:00,122.35,122.35,0.0,122.48,121.01,121.03,0.0,0
2025-03-17 09:00:00+00:00,122.83,122.83,0.0,123.03,122.16,122.33,0.0,0
2025-03-17 10:00:00+00:00,122.68,122.68,0.0,122.87,122.4,122.8,0.0,0
2025-03-17 11:00:00+00:00,123.29,123.29,0.0,123.39,122.45,122.67,0.0,0
2025-03-17 12:00:00+00:00,123.04,123.04,0.0,123.7,120.83,123.31,0.0,0
2025-03-17 13:00:00+00:00,122.7,122.7,0.0,123.63,108.76,123.0288,0.0,0
2025-03-17 13:30:00+00:00,119.53500366210938,119.53500366210938,0.0,122.88999938964844,119.5,122.73750305175781,0.0,74495804
2025-03-17 14:30:00+00:00,119.29499816894531,119.29499816894531,0.0,120.2699966430664,118.87999725341797,119.54000091552734,0.0,34677303
2025-03-17 15:30:00+00:00,118.36509704589844,118.36509704589844,0.0,119.70999908447266,118.27999877929688,119.30500030517578,0.0,24933399
2025-03-17 16:30:00+00:00,119.17489624023438,119.17489624023438,0.0,119.25,118.02999877929688,118.37000274658203,0.0,24739657
2025-03-17 17:30:00+00:00,120.5,120.5,0.0,120.56999969482422,119.0,119.17500305175781,0.0,24394177
2025-03-17 18:30:00+00:00,120.3644027709961,120.3644027709961,0.0,121.08000183105469,120.2300033569336,120.48999786376953,0.0,25289938
2025-03-17 19:30:00+00:00,119.4800033569336,119.4800033569336,0.0,120.46499633789062,119.41999816894531,120.36000061035156,0.0,21588433
2025-03-17 20:00:00+00:00,119.65,119.65,0.0,120.0701,119.17,119.48,0.0,0
2025-03-17 21:00:00+00:00,119.805,119.805,0.0,127.9996,112.0937,119.6499,0.0,0
2025-03-17 22:00:00+00:00,119.74,119.74,0.0,119.99,119.53,119.78,0.0,0
2025-03-17 23:00:00+00:00,119.5101,119.5101,0.0,119.8,119.41,119.73,0.0,0
2025-03-18 08:00:00+00:00,120.48,120.48,0.0,120.6,119.19,119.53,0.0,0
2025-03-18 09:00:00+00:00,120.03,120.03,0.0,120.73,119.95,120.47,0.0,0
2025-03-18 10:00:00+00:00,119.74,119.74,0.0,120.19,119.19,120.04,0.0,0
2025-03-18 11:00:00+00:00,119.57,119.57,0.0,120.04,119.54,119.72,0.0,0
2025-03-18 12:00:00+00:00,119.0106,119.0106,0.0,120.73,118.69,119.57,0.0,0
2025-03-18 13:00:00+00:00,117.95,117.95,0.0,119.3,117.75,119.02,0.0,0
2025-03-18 13:30:00+00:00,115.83999633789062,115.83999633789062,0.0,118.5199966430664,114.54000091552734,118.24500274658203,0.0,72291232
2025-03-18 14:30:00+00:00,116.75499725341797,116.75499725341797,0.0,116.95999908447266,115.4800033569336,115.83000183105469,0.0,33542033
2025-03-18 15:30:00+00:00,117.63999938964844,117.63999938964844,0.0,117.68000030517578,116.1801986694336,116.75499725341797,0.0,26841463
2025-03-18 16:30:00+00:00,117.15499877929688,117.15499877929688,0.0,119.0199966430664,116.94000244140625,117.63999938964844,0.0,37041485
2025-03-18 17:30:00+00:00,116.63870239257812,116.63870239257812,0.0,117.6500015258789,115.7406997680664,117.16999816894531,0.0,38658434
2025-03-18 18:30:00+00:00,116.13500213623047,116.13500213623047,0.0,117.58000183105469,115.97000122070312,116.63999938964844,0.0,32486323
2025-03-18 19:30:00+00:00,115.58000183105469,115.58000183105469,0.0,116.29000091552734,114.94999694824219,116.13999938964844,0.0,26592776
2025-03-18 20:00:00+00:00,115.21,115.21,0.0,120.7806,107.7132,115.58,0.0,0
2025-03-18 21:00:00+00:00,115.0305,115.0305,0.0,122.7973,109.4041,115.2,0.0,0
2025-03-18 22:00:00+00:00,115.03,115.03,0.0,115.15,114.7,115.0492,0.0,0
2025-03-18 23:00:00+00:00,114.7899,114.7899,0.0,115.15,114.72,115.03,0.0,0
2025-03-19 08:00:00+00:00,115.75,115.75,0.0,115.75,115.07,115.07,0.0,0
2025-03-19 09:00:00+00:00,116.5,116.5,0.0,116.56,115.7,115.72,0.0,0
2025-03-19 10:00:00+00:00,116.91,116.91,0.0,117.24,116.36,116.49,0.0,0
2025-03-19 11:00:00+00:00,116.77,116.77,0.0,117.13,116.21,116.94,0.0,0
2025-03-19 12:00:00+00:00,116.63,116.63,0.0,117.24,114.77,116.79,0.0,0
2025-03-19 13:00:00+00:00,117.28,117.28,0.0,117.44,116.53,116.63,0.0,0
2025-03-19 13:30:00+00:00,116.98999786376953,116.98999786376953,0.0,118.16000366210938,115.68000030517578,117.30500030517578,0.0,64324915
2025-03-19 14:30:00+00:00,117.24500274658203,117.24500274658203,0.0,117.41999816894531,116.29499816894531,116.98570251464844,0.0,25356228
2025-03-19 15:30:00+00:00,118.0250015258789,118.0250015258789,0.0,118.0999984741211,117.0,117.24500274658203,0.0,26815588
2025-03-19 16:30:00+00:00,117.45860290527344,117.45860290527344,0.0,118.25,117.2699966430664,118.0199966430664,0.0,19938862
2025-03-19 17:30:00+00:00,118.53600311279297,118.53600311279297,0.0,119.26000213623047,117.33699798583984,117.45999908447266,0.0,31708228
2025-03-19 18:30:00+00:00,118.25,118.25,0.0,120.44499969482422,118.18000030517578,118.53099822998047,0.0,42933049
2025-03-19 19:30:00+00:00,117.5199966430664,117.5199966430664,0.0,119.08000183105469,117.38999938964844,118.26499938964844,0.0,28863345
2025-03-19 20:00:00+00:00,117.54,117.54,0.0,122.479,109.9363,117.52,0.0,0
2025-03-19 21:00:00+00:00,117.9201,117.9201,0.0,119.8126,109.7615,117.53,0.0,0
2025-03-19 22:00:00+00:00,118.384,118.384,0.0,118.65,117.85,117.93,0.0,0
2025-03-19 23:00:00+00:00,118.8,118.8,0.0,118.8,118.32,118.3902,0.0,0
2025-03-20 08:00:00+00:00,119.43,119.43,0.0,119.55,118.93,119.3,0.0,0
2025-03-20 09:00:00+00:00,118.49,118.49,0.0,119.53,118.43,119.44,0.0,0
2025-03-20 10:00:00+00:00,116.91,116.91,0.0,118.52,116.02,118.43,0.0,0
2025-03-20 11:00:00+00:00,116.7,116.7,0.0,117.3,116.49,116.95,0.0,0
2025-03-20 12:00:00+00:00,117.2138,117.2138,0.0,119.55,116.0728,116.67,0.0,0
2025-03-20 13:00:00+00:00,116.5299,116.5299,0.0,117.94,115.21,117.31,0.0,0
2025-03-20 13:30:00+00:00,118.9000015258789,118.9000015258789,0.0,119.44000244140625,116.76000213623047,117.23500061035156,0.0,59212296
2025-03-20 14:30:00+00:00,119.62999725341797,119.62999725341797,0.0,119.90499877929688,118.68009948730469,118.91000366210938,0.0,29473663
2025-03-20 15:30:00+00:00,118.29000091552734,118.29000091552734,0.0,120.19999694824219,118.18990325927734,119.63980102539062,0.0,36312796
2025-03-20 16:30:00+00:00,117.88899993896484,117.88899993896484,0.0,118.7750015258789,117.81999969482422,118.30999755859375,0.0,29469743
2025-03-20 17:30:00+00:00,118.0791015625,118.0791015625,0.0,119.06999969482422,117.83999633789062,117.9000015258789,0.0,20595474
2025-03-20 18:30:00+00:00,118.04499816894531,118.04499816894531,0.0,118.68000030517578,117.73999786376953,118.06500244140625,0.0,21977978
2025-03-20 19:30:00+00:00,118.47000122070312,118.47000122070312,0.0,118.91999816894531,118.05000305175781,118.05000305175781,0.0,18320216
2025-03-20 20:00:00+00:00,118.64,118.64,0.0,125.4035,115.3479,118.465,0.0,0
2025-03-20 21:00:00+00:00,118.57,118.57,0.0,118.75,115.3479,118.6112,0.0,0
2025-03-20 22:00:00+00:00,118.4,118.4,0.0,134.7,118.32,118.56,0.0,0
2025-03-20 23:00:00+00:00,118.1698,118.1698,0.0,118.53,118.12,118.45,0.0,0
2025-03-21 08:00:00+00:00,117.83,117.83,0.0,118.39,117.77,118.03,0.0,0
2025-03-21 09:00:00+00:00,117.21,117.21,0.0,118.08,116.96,117.88,0.0,0
2025-03-21 10:00:00+00:00,117.52,117.52,0.0,117.7,116.99,117.26,0.0,0
2025-03-21 11:00:00+00:00,117.77,117.77,0.0,117.77,117.04,117.51,0.0,0
2025-03-21 12:00:00+00:00,117.6699,117.6699,0.0,118.45,116.97,117.76,0.0,0
2025-03-21 13:00:00+00:00,117.04,117.04,0.0,118.53,116.0,117.6301,0.0,0
2025-03-21 13:30:00+00:00,116.46939849853516,116.46939849853516,0.0,117.66999816894531,115.41999816894531,116.95800018310547,0.0,77008403
2025-03-21 14:30:00+00:00,116.29000091552734,116.29000091552734,0.0,117.05000305175781,116.0199966430664,116.47000122070312,0.0,23739474
2025-03-21 15:30:00+00:00,117.3499984741211,117.3499984741211,0.0,117.62999725341797,116.2699966430664,116.29499816894531,0.0,22178576
2025-03-21 16:30:00+00:00,117.06500244140625,117.06500244140625,0.0,117.98999786376953,116.97000122070312,117.3550033569336,0.0,27230579
2025-03-21 17:30:00+00:00,117.19110107421875,117.19110107421875,0.0,117.55999755859375,116.81999969482422,117.06500244140625,0.0,14765667
2025-03-21 18:30:00+00:00,116.78500366210938,116.78500366210938,0.0,117.41000366210938,116.68499755859375,117.19000244140625,0.0,17897704
2025-03-21 19:30:00+00:00,117.63500213623047,117.63500213623047,0.0,117.80000305175781,116.4000015258789,116.77999877929688,0.0,23788360
2025-03-21 20:00:00+00:00,117.84,117.84,0.0,117.99,112.92,117.63,0.0,0
2025-03-21 21:00:00+00:00,117.7191,117.7191,0.0,119.7243,111.1016,117.86,0.0,0
2025-03-21 22:00:00+00:00,117.65,117.65,0.0,117.78,117.0382,117.71,0.0,0
2025-03-21 23:00:00+00:00,117.64,117.64,0.0,117.71,117.52,117.63,0.0,0
2025-03-24 08:00:00+00:00,119.53,119.53,0.0,119.64,118.82,119.1,0.0,0
2025-03-24 09:00:00+00:00,118.93,118.93,0.0,119.55,118.84,119.5,0.0,0
2025-03-24 10:00:00+00:00,119.28,119.28,0.0,119.36,118.74,118.92,0.0,0
2025-03-24 11:00:00+00:00,119.95,119.95,0.0,119.98,119.22,119.26,0.0,0
2025-03-24 12:00:00+00:00,120.055,120.055,0.0,120.14,117.406,119.95,0.0,0
2025-03-24 13:00:00+00:00,119.87,119.87,0.0,120.25,117.7,120.07,0.0,0
2025-03-24 13:30:00+00:00,120.4800033569336,120.4800033569336,0.0,121.06999969482422,119.33999633789062,119.88999938964844,0.0,60100425
2025-03-24 14:30:00+00:00,122.04000091552734,122.04000091552734,0.0,122.22000122070312,120.33000183105469,120.47000122070312,0.0,34041886
2025-03-24 15:30:00+00:00,121.75,121.75,0.0,122.22000122070312,121.3499984741211,122.04010009765625,0.0,21429703
2025-03-24 16:30:00+00:00,121.72879791259766,121.72879791259766,0.0,122.08000183105469,121.37999725341797,121.75499725341797,0.0,15509433
2025-03-24 17:30:00+00:00,121.81500244140625,121.81500244140625,0.0,121.9800033569336,121.55999755859375,121.7249984741211,0.0,13064300
2025-03-24 18:30:00+00:00,121.79499816894531,121.79499816894531,0.0,122.08000183105469,121.6500015258789,121.81500244140625,0.0,16563480
2025-03-24 19:30:00+00:00,121.2300033569336,121.2300033569336,0.0,122.00990295410156,121.2300033569336,121.79499816894531,0.0,19638306
2025-03-24 20:00:00+00:00,102.3052,102.3052,0.0,149.0198,95.792,121.22,0.0,0
2025-03-24 21:00:00+00:00,121.2128,121.2128,0.0,147.7039,95.1137,121.29,0.0,0
2025-03-24 22:00:00+00:00,120.97,120.97,0.0,121.23,120.84,121.21,0.0,0
2025-03-24 23:00:00+00:00,120.9695,120.9695,0.0,121.03,120.92,120.9699,0.0,0
2025-03-25 08:00:00+00:00,119.84,119.84,0.0,120.91,119.8,120.74,0.0,0
2025-03-25 09:00:00+00:00,120.35,120.35,0.0,120.44,119.73,119.82,0.0,0
2025-03-25 10:00:00+00:00,120.61,120.61,0.0,120.76,120.31,120.31,0.0,0
2025-03-25 11:00:00+00:00,120.66,120.66,0.0,121.25,120.57,120.59,0.0,0
2025-03-25 12:00:00+00:00,120.66,120.66,0.0,121.25,119.7448,120.69,0.0,0
2025-03-25 13:00:00+00:00,120.54,120.54,0.0,121.41,120.43,120.65,0.0,0
2025-03-25 13:30:00+00:00,119.9800033569336,119.9800033569336,0.0,120.94000244140625,118.91999816894531,120.56749725341797,0.0,54305819
2025-03-25 14:30:00+00:00,120.2615966796875,120.2615966796875,0.0,120.44000244140625,119.44499969482422,119.9800033569336,0.0,22280992
2025-03-25 15:30:00+00:00,120.66020202636719,120.66020202636719,0.0,120.98999786376953,120.04000091552734,120.2699966430664,0.0,18179130
2025-03-25 16:30:00+00:00,120.23500061035156,120.23500061035156,0.0,121.41000366210938,120.16999816894531,120.66999816894531,0.0,14869007
2025-03-25 17:30:00+00:00,120.71510314941406,120.71510314941406,0.0,121.0199966430664,120.23670196533203,120.23999786376953,0.0,13385816
2025-03-25 18:30:00+00:00,120.69499969482422,120.69499969482422,0.0,120.94999694824219,120.51000213623047,120.72000122070312,0.0,13173791
2025-03-25 19:30:00+00:00,120.6449966430664,120.6449966430664,0.0,121.29000091552734,120.51000213623047,120.69499969482422,0.0,13672618
2025-03-25 20:00:00+00:00,120.65,120.65,0.0,120.77,115.0874,120.645,0.0,0
2025-03-25 21:00:00+00:00,120.53,120.53,0.0,120.68,119.9,120.6696,0.0,0
2025-03-25 22:00:00+00:00,120.52,120.52,0.0,120.68,120.45,120.52,0.0,0
2025-03-25 23:00:00+00:00,120.61,120.61,0.0,120.64,120.5,120.5184,0.0,0
2025-03-26 08:00:00+00:00,119.95,119.95,0.0,120.06,119.64,120.06,0.0,0
2025-03-26 09:00:00+00:00,119.72,119.72,0.0,120.05,119.64,119.95,0.0,0
2025-03-26 10:00:00+00:00,119.45,119.45,0.0,119.84,119.19,119.78,0.0,0
2025-03-26 11:00:00+00:00,118.89,118.89,0.0,119.7,118.71,119.47,0.0,0
2025-03-26 12:00:00+00:00,118.78,118.78,0.0,120.16,118.5,118.85,0.0,0
2025-03-26 13:00:00+00:00,118.74,118.74,0.0,120.1181,110.52,118.7887,0.0,0
2025-03-26 13:30:00+00:00,115.11499786376953,115.11499786376953,0.0,118.83999633789062,114.45500183105469,118.75499725341797,0.0,89092370
2025-03-26 14:30:00+00:00,115.16500091552734,115.16500091552734,0.0,115.63999938964844,114.73999786376953,115.11499786376953,0.0,34117276
2025-03-26 15:30:00+00:00,114.03500366210938,114.03500366210938,0.0,115.4000015258789,113.56999969482422,115.16000366210938,0.0,35802958
2025-03-26 16:30:00+00:00,113.45999908447266,113.45999908447266,0.0,114.27999877929688,113.38999938964844,114.03500366210938,0.0,28403778
2025-03-26 17:30:00+00:00,113.6449966430664,113.6449966430664,0.0,113.79000091552734,112.70999908447266,113.46499633789062,0.0,29558918
2025-03-26 18:30:00+00:00,113.26499938964844,113.26499938964844,0.0,113.7699966430664,112.76499938964844,113.6500015258789,0.0,26875607
2025-03-26 19:30:00+00:00,113.69999694824219,113.69999694824219,0.0,114.1500015258789,113.18000030517578,113.26499938964844,0.0,24048584
2025-03-26 20:00:00+00:00,113.4997,113.4997,0.0,120.375,106.34,113.7,0.0,0
2025-03-26 21:00:00+00:00,113.38,113.38,0.0,117.8819,106.34,113.49,0.0,0
2025-03-26 22:00:00+00:00,112.41,112.41,0.0,113.47,112.01,113.3,0.0,0
2025-03-26 23:00:00+00:00,112.2001,112.2001,0.0,112.43,111.83,112.41,0.0,0
2025-03-27 08:00:00+00:00,112.04,112.04,0.0,112.44,111.53,112.0,0.0,0
2025-03-27 09:00:00+00:00,113.12,113.12,0.0,113.44,112.07,112.07,0.0,0
2025-03-27 10:00:00+00:00,112.77,112.77,0.0,113.15,112.58,113.12,0.0,0
2025-03-27 11:00:00+00:00,111.75,111.75,0.0,112.89,111.66,112.78,0.0,0
2025-03-27 12:00:00+00:00,111.593,111.593,0.0,113.43,111.55,111.74,0.0,0
2025-03-27 13:00:00+00:00,111.34,111.34,0.0,120.89,111.24,111.64,0.0,0
2025-03-27 13:30:00+00:00,112.81500244140625,112.81500244140625,0.0,113.28739929199219,110.66999816894531,111.34500122070312,0.0,68494954
2025-03-27 14:30:00+00:00,113.55000305175781,113.55000305175781,0.0,114.44999694824219,112.6500015258789,112.80999755859375,0.0,33925620
2025-03-27 15:30:00+00:00,112.50499725341797,112.50499725341797,0.0,113.55999755859375,111.95999908447266,113.55000305175781,0.0,28975493
2025-03-27 16:30:00+00:00,111.69139862060547,111.69139862060547,0.0,112.79000091552734,111.6500015258789,112.5,0.0,18461760
2025-03-27 17:30:00+00:00,112.1449966430664,112.1449966430664,0.0,112.53500366210938,111.5199966430664,111.69000244140625,0.0,18439363
2025-03-27 18:30:00+00:00,112.66999816894531,112.66999816894531,0.0,112.97000122070312,111.94999694824219,112.12999725341797,0.0,16703652
2025-03-27 19:30:00+00:00,111.43000030517578,111.43000030517578,0.0,112.68499755859375,111.18000030517578,112.6636962890625,0.0,19127222
2025-03-27 20:00:00+00:00,111.67,111.67,0.0,118.9836,104.2323,111.43,0.0,0
2025-03-27 21:00:00+00:00,111.61,111.61,0.0,113.4307,104.2308,111.6692,0.0,0
2025-03-27 22:00:00+00:00,111.6198,111.6198,0.0,111.69,111.43,111.6098,0.0,0
2025-03-27 23:00:00+00:00,111.265,111.265,0.0,111.63,111.25,111.6197,0.0,0
2025-03-28 08:00:00+00:00,110.99,110.99,0.0,111.32,110.74,111.17,0.0,0
2025-03-28 09:00:00+00:00,111.77,111.77,0.0,111.83,110.76,110.94,0.0,0
2025-03-28 10:00:00+00:00,111.92,111.92,0.0,111.98,111.3,111.78,0.0,0
2025-03-28 11:00:00+00:00,111.92,111.92,0.0,112.38,111.79,111.93,0.0,0
2025-03-28 12:00:00+00:00,112.07,112.07,0.0,112.37,110.7604,111.91,0.0,0
2025-03-28 13:00:00+00:00,111.53,111.53,0.0,117.055,111.15,112.05,0.0,0
2025-03-28 13:30:00+00:00,109.27880096435547,109.27880096435547,0.0,112.87000274658203,109.26000213623047,111.48500061035156,0.0,67383364
2025-03-28 14:30:00+00:00,109.65499877929688,109.65499877929688,0.0,110.1500015258789,109.07990264892578,109.27999877929688,0.0,30806013
2025-03-28 15:30:00+00:00,109.58499908447266,109.58499908447266,0.0,110.18389892578125,109.0999984741211,109.65499877929688,0.0,24313542
2025-03-28 16:30:00+00:00,109.4749984741211,109.4749984741211,0.0,110.1449966430664,109.23999786376953,109.58000183105469,0.0,22879578
2025-03-28 17:30:00+00:00,110.01499938964844,110.01499938964844,0.0,110.41819763183594,109.36000061035156,109.48500061035156,0.0,19879394
2025-03-28 18:30:00+00:00,109.91000366210938,109.91000366210938,0.0,110.61000061035156,109.86000061035156,110.01100158691406,0.0,21216107
2025-03-28 19:30:00+00:00,109.63999938964844,109.63999938964844,0.0,110.07859802246094,109.4000015258789,109.91000366210938,0.0,21276045
2025-03-28 20:00:00+00:00,109.13,109.13,0.0,114.5865,102.3446,109.63,0.0,0
2025-03-28 21:00:00+00:00,109.26,109.26,0.0,116.78,102.5881,109.1683,0.0,0
2025-03-28 22:00:00+00:00,109.08,109.08,0.0,109.67,109.06,109.265,0.0,0
2025-03-28 23:00:00+00:00,109.02,109.02,0.0,109.08,109.0,109.08,0.0,0
2025-03-31 08:00:00+00:00,106.18,106.18,0.0,107.09,105.96,106.85,0.0,0
2025-03-31 09:00:00+00:00,106.06,106.06,0.0,106.4,105.6,106.22,0.0,0
2025-03-31 10:00:00+00:00,105.55,105.55,0.0,106.15,105.28,106.1,0.0,0
2025-03-31 11:00:00+00:00,104.88,104.88,0.0,106.0,104.79,105.54,0.0,0
2025-03-31 12:00:00+00:00,105.29,105.29,0.0,109.67,104.7,104.889,0.0,0
2025-03-31 13:00:00+00:00,105.16,105.16,0.0,109.396,105.03,105.29,0.0,0
2025-03-31 13:30:00+00:00,103.88999938964844,103.88999938964844,0.0,106.01000213623047,103.6500015258789,105.11000061035156,0.0,87254622
2025-03-31 14:30:00+00:00,105.1895980834961,105.1895980834961,0.0,105.52999877929688,103.8949966430664,103.8949966430664,0.0,38342264
2025-03-31 15:30:00+00:00,105.9800033569336,105.9800033569336,0.0,106.01000213623047,104.7699966430664,105.18000030517578,0.0,26299485
2025-03-31 16:30:00+00:00,105.72000122070312,105.72000122070312,0.0,106.25,105.30999755859375,105.9749984741211,0.0,20941158
2025-03-31 17:30:00+00:00,107.55010223388672,107.55010223388672,0.0,107.56999969482422,105.55999755859375,105.72889709472656,0.0,21222498
2025-03-31 18:30:00+00:00,107.23999786376953,107.23999786376953,0.0,108.13999938964844,107.12000274658203,107.55000305175781,0.0,30430998
2025-03-31 19:30:00+00:00,108.7699966430664,108.7699966430664,0.0,108.95999908447266,107.13009643554688,107.25,0.0,30493185
2025-03-31 20:00:00+00:00,107.9299,107.9299,0.0,115.43,104.0171,108.77,0.0,0
2025-03-31 21:00:00+00:00,107.9,107.9,0.0,112.3114,100.8586,107.93,0.0,0
2025-03-31 22:00:00+00:00,107.74,107.74,0.0,107.96,107.56,107.925,0.0,0
2025-03-31 23:00:00+00:00,107.52,107.52,0.0,107.88,107.37,107.7298,0.0,0
2025-04-01 08:00:00+00:00,109.69,109.69,0.0,109.74,107.95,107.99,0.0,0
2025-04-01 09:00:00+00:00,109.53,109.53,0.0,109.72,109.16,109.61,0.0,0
2025-04-01 10:00:00+00:00,108.69,108.69,0.0,109.97,108.64,109.54,0.0,0
2025-04-01 11:00:00+00:00,108.75,108.75,0.0,109.23,108.16,108.65,0.0,0
2025-04-01 12:00:00+00:00,108.4736,108.4736,0.0,109.9596,107.58,108.73,0.0,0
2025-04-01 13:00:00+00:00,108.47,108.47,0.0,108.94,108.35,108.45,0.0,0
2025-04-01 13:30:00+00:00,107.12999725341797,107.12999725341797,0.0,109.09369659423828,106.47000122070312,108.53250122070312,0.0,56995789
2025-04-01 14:30:00+00:00,108.91089630126953,108.91089630126953,0.0,109.48999786376953,107.07499694824219,107.14350128173828,0.0,31564223
2025-04-01 15:30:00+00:00,109.4000015258789,109.4000015258789,0.0,109.92990112304688,108.58000183105469,108.91999816894531,0.0,25262661
2025-04-01 16:30:00+00:00,108.80120086669922,108.80120086669922,0.0,109.45500183105469,108.44999694824219,109.41000366210938,0.0,19506598
2025-04-01 17:30:00+00:00,107.71990203857422,107.71990203857422,0.0,109.2300033569336,107.41000366210938,108.80000305175781,0.0,18839819
2025-04-01 18:30:00+00:00,108.61129760742188,108.61129760742188,0.0,108.95999908447266,107.63999938964844,107.70999908447266,0.0,20397955
2025-04-01 19:30:00+00:00,110.1500015258789,110.1500015258789,0.0,110.19999694824219,108.55999755859375,108.61000061035156,0.0,23879667
2025-04-01 20:00:00+00:00,110.02,110.02,0.0,114.3028,102.6654,110.18,0.0,0
2025-04-01 21:00:00+00:00,109.915,109.915,0.0,115.058,105.3817,110.0,0.0,0
2025-04-01 22:00:00+00:00,110.11,110.11,0.0,110.5,109.9,109.91,0.0,0
2025-04-01 23:00:00+00:00,110.0201,110.0201,0.0,110.27,110.0,110.13,0.0,0
2025-04-02 08:00:00+00:00,109.5,109.5,0.0,109.56,108.77,109.02,0.0,0
2025-04-02 09:00:00+00:00,109.21,109.21,0.0,109.65,109.19,109.47,0.0,0
2025-04-02 10:00:00+00:00,108.68,108.68,0.0,109.45,108.59,109.21,0.0,0
2025-04-02 11:00:00+00:00,108.34,108.34,0.0,108.9,108.2,108.65,0.0,0
2025-04-02 12:00:00+00:00,107.8999,107.8999,0.0,109.69,107.5,108.35,0.0,0
2025-04-02 13:00:00+00:00,107.3,107.3,0.0,108.14,107.05,107.8998,0.0,0
2025-04-02 13:30:00+00:00,108.99859619140625,108.99859619140625,0.0,109.72000122070312,106.79000091552734,107.30000305175781,0.0,52456911
2025-04-02 14:30:00+00:00,110.25,110.25,0.0,110.48999786376953,108.68000030517578,109.0,0.0,24990782
2025-04-02 15:30:00+00:00,111.15239715576172,111.15239715576172,0.0,111.15499877929688,109.61000061035156,110.23999786376953,0.0,20802108
2025-04-02 16:30:00+00:00,111.23500061035156,111.23500061035156,0.0,111.9800033569336,110.1500015258789,111.15129852294922,0.0,24736543
2025-04-02 17:30:00+00:00,109.32499694824219,109.32499694824219,0.0,111.25,109.31999969482422,111.22000122070312,0.0,23167039
2025-04-02 18:30:00+00:00,109.6500015258789,109.6500015258789,0.0,110.12999725341797,108.8499984741211,109.30000305175781,0.0,20996629
2025-04-02 19:30:00+00:00,110.37999725341797,110.37999725341797,0.0,110.76000213623047,109.38999938964844,109.6449966430664,0.0,18771615
2025-04-02 20:00:00+00:00,106.76,106.76,0.0,114.3277,102.0394,110.325,0.0,0
2025-04-02 21:00:00+00:00,105.6212,105.6212,0.0,112.1008,104.02,106.79,0.0,0
2025-04-02 22:00:00+00:00,105.21,105.21,0.0,110.42,104.75,105.7,0.0,0
2025-04-02 23:00:00+00:00,104.13,104.13,0.0,105.26,104.0235,105.249,0.0,0
2025-04-03 08:00:00+00:00,107.03,107.03,0.0,107.2,105.73,105.73,0.0,0
2025-04-03 09:00:00+00:00,106.39,106.39,0.0,107.38,106.39,107.06,0.0,0
2025-04-03 10:00:00+00:00,104.91,104.91,0.0,106.78,104.5,106.4,0.0,0
2025-04-03 11:00:00+00:00,104.32,104.32,0.0,105.78,104.02,104.88,0.0,0
2025-04-03 12:00:00+00:00,103.9,103.9,0.0,110.42,103.82,104.31,0.0,0
2025-04-03 13:00:00+00:00,103.585,103.585,0.0,104.22,103.43,103.88,0.0,0
2025-04-03 13:30:00+00:00,105.1500015258789,105.1500015258789,0.0,105.62999725341797,103.26219940185547,103.50499725341797,0.0,88390819
2025-04-03 14:30:00+00:00,102.96990203857422,102.96990203857422,0.0,105.4291000366211,102.01000213623047,105.1500015258789,0.0,61147077
2025-04-03 15:30:00+00:00,103.66100311279297,103.66100311279297,0.0,104.19000244140625,102.88500213623047,102.95500183105469,0.0,32422689
2025-04-03 16:30:00+00:00,103.0199966430664,103.0199966430664,0.0,103.87000274658203,102.75,103.66999816894531,0.0,30347849
2025-04-03 17:30:00+00:00,102.625,102.625,0.0,103.36000061035156,102.30000305175781,103.0198974609375,0.0,22282652
2025-04-03 18:30:00+00:00,102.66850280761719,102.66850280761719,0.0,104.0999984741211,102.53500366210938,102.62999725341797,0.0,33686143
2025-04-03 19:30:00+00:00,101.80999755859375,101.80999755859375,0.0,103.01000213623047,101.5999984741211,102.66999816894531,0.0,36062968
2025-04-03 20:00:00+00:00,102.29,102.29,0.0,106.3298,101.56,101.785,0.0,0
2025-04-03 21:00:00+00:00,102.8,102.8,0.0,106.3584,97.2119,102.265,0.0,0
2025-04-03 22:00:00+00:00,102.3993,102.3993,0.0,102.95,101.8,102.8,0.0,0
2025-04-03 23:00:00+00:00,102.4199,102.4199,0.0,102.48,101.8,102.39,0.0,0
2025-04-04 08:00:00+00:00,102.38,102.38,0.0,102.67,101.67,101.8,0.0,0
2025-04-04 09:00:00+00:00,101.68,101.68,0.0,102.59,101.63,102.35,0.0,0
2025-04-04 10:00:00+00:00,97.15,97.15,0.0,102.26,96.88,101.7,0.0,0
2025-04-04 11:00:00+00:00,95.85,95.85,0.0,98.9,95.71,97.16,0.0,0
2025-04-04 12:00:00+00:00,97.95,97.95,0.0,102.6428,95.36,95.86,0.0,0
2025-04-04 13:00:00+00:00,99.0,99.0,0.0,99.15,97.46,97.95,0.0,0
2025-04-04 13:30:00+00:00,94.60579681396484,94.60579681396484,0.0,100.12409973144531,94.55999755859375,98.94000244140625,0.0,144457921
2025-04-04 14:30:00+00:00,95.0999984741211,95.0999984741211,0.0,96.56999969482422,92.11000061035156,94.6050033569336,0.0,99663988
2025-04-04 15:30:00+00:00,93.82990264892578,93.82990264892578,0.0,95.8499984741211,93.62999725341797,95.0999984741211,0.0,50949073
2025-04-04 16:30:00+00:00,94.10009765625,94.10009765625,0.0,94.58000183105469,93.23999786376953,93.83000183105469,0.0,42350512
2025-04-04 17:30:00+00:00,94.01000213623047,94.01000213623047,0.0,96.12989807128906,93.66500091552734,94.11000061035156,0.0,43326237
2025-04-04 18:30:00+00:00,95.16500091552734,95.16500091552734,0.0,95.55999755859375,93.26490020751953,94.0250015258789,0.0,54075828
2025-04-04 19:30:00+00:00,94.31999969482422,94.31999969482422,0.0,96.37999725341797,94.20999908447266,95.16999816894531,0.0,48492823
2025-04-04 20:00:00+00:00,93.98,93.98,0.0,149.1817,82.803,94.32,0.0,0
2025-04-04 21:00:00+00:00,93.81,93.81,0.0,160.2169,82.803,93.94,0.0,0
2025-04-04 22:00:00+00:00,93.15,93.15,0.0,93.82,93.12,93.81,0.0,0
2025-04-04 23:00:00+00:00,92.5999,92.5999,0.0,94.31,92.5497,93.1503,0.0,0
2025-04-07 08:00:00+00:00,88.87,88.87,0.0,89.03,86.05,87.0,0.0,0
2025-04-07 09:00:00+00:00,89.31,89.31,0.0,90.57,88.45,88.86,0.0,0
2025-04-07 10:00:00+00:00,91.91,91.91,0.0,92.53,89.19,89.31,0.0,0
2025-04-07 11:00:00+00:00,90.88,90.88,0.0,93.55,90.43,91.9,0.0,0
2025-04-07 12:00:00+00:00,89.68,89.68,0.0,94.075,83.75,90.9,0.0,0
2025-04-07 13:00:00+00:00,87.4,87.4,0.0,90.68,87.36,89.68,0.0,0
2025-04-07 13:30:00+00:00,93.4800033569336,93.4800033569336,0.0,101.73999786376953,86.62999725341797,88.25,0.0,243187525
2025-04-07 14:30:00+00:00,93.87999725341797,93.87999725341797,0.0,98.27999877929688,92.0199966430664,93.4800033569336,0.0,98058048
2025-04-07 15:30:00+00:00,95.87000274658203,95.87000274658203,0.0,97.73999786376953,93.86000061035156,93.86000061035156,0.0,52286254
2025-04-07 16:30:00+00:00,98.23290252685547,98.23290252685547,0.0,98.31999969482422,94.81199645996094,95.86000061035156,0.0,44582320
2025-04-07 17:30:00+00:00,97.41000366210938,97.41000366210938,0.0,99.69000244140625,97.17500305175781,98.20999908447266,0.0,54154785
2025-04-07 18:30:00+00:00,96.6500015258789,96.6500015258789,0.0,99.02999877929688,96.41999816894531,97.43070220947266,0.0,41244887
2025-04-07 19:30:00+00:00,97.70999908447266,97.70999908447266,0.0,98.37000274658203,96.2699966430664,96.66999816894531,0.0,32364653
2025-04-07 20:00:00+00:00,98.375,98.375,0.0,113.5096,92.185,97.71,0.0,0
2025-04-07 21:00:00+00:00,98.32,98.32,0.0,147.833,94.7929,98.3892,0.0,0
2025-04-07 22:00:00+00:00,99.2292,99.2292,0.0,112.555,98.25,98.33,0.0,0
2025-04-07 23:00:00+00:00,99.1799,99.1799,0.0,99.49,97.64,99.215,0.0,0
2025-04-08 08:00:00+00:00,99.44,99.44,0.0,101.22,98.91,99.83,0.0,0
2025-04-08 09:00:00+00:00,99.96,99.96,0.0,100.63,99.39,99.43,0.0,0
2025-04-08 10:00:00+00:00,99.78,99.78,0.0,100.59,99.54,99.98,0.0,0
2025-04-08 11:00:00+00:00,100.78,100.78,0.0,100.85,99.71,99.78,0.0,0
2025-04-08 12:00:00+00:00,101.72,101.72,0.0,102.34,97.95,100.73,0.0,0
2025-04-08 13:00:00+00:00,103.82,103.82,0.0,104.25,87.015,101.6905,0.0,0
2025-04-08 13:30:00+00:00,104.7300033569336,104.7300033569336,0.0,105.8499984741211,102.58999633789062,103.80500030517578,0.0,131855772
2025-04-08 14:30:00+00:00,102.05999755859375,102.05999755859375,0.0,105.2300033569336,102.0199966430664,104.72000122070312,0.0,62175660
2025-04-08 15:30:00+00:00,101.58499908447266,101.58499908447266,0.0,104.3656997680664,100.94999694824219,102.05999755859375,0.0,53337417
2025-04-08 16:30:00+00:00,98.77999877929688,98.77999877929688,0.0,101.81999969482422,98.69999694824219,101.58000183105469,0.0,54463549
2025-04-08 17:30:00+00:00,99.42990112304688,99.42990112304688,0.0,101.0,98.58000183105469,98.75499725341797,0.0,37886532
2025-04-08 18:30:00+00:00,96.31999969482422,96.31999969482422,0.0,101.0,95.2699966430664,99.42829895019531,0.0,55183916
2025-04-08 19:30:00+00:00,96.70999908447266,96.70999908447266,0.0,96.75,94.45999908447266,96.30999755859375,0.0,44320325
2025-04-08 20:00:00+00:00,96.34,96.34,0.0,101.1839,89.8286,96.73,0.0,0
2025-04-08 21:00:00+00:00,96.75,96.75,0.0,97.17,96.01,96.39,0.0,0
2025-04-08 22:00:00+00:00,94.87,94.87,0.0,96.78,94.56,96.73,0.0,0
2025-04-08 23:00:00+00:00,93.3995,93.3995,0.0,94.87,92.59,94.835,0.0,0
2025-04-09 08:00:00+00:00,98.5,98.5,0.0,101.16,98.5,98.82,0.0,0
2025-04-09 09:00:00+00:00,99.11,99.11,0.0,100.16,96.85,98.51,0.0,0
2025-04-09 10:00:00+00:00,98.31,98.31,0.0,99.36,97.85,99.2,0.0,0
2025-04-09 11:00:00+00:00,96.46,96.46,0.0,99.14,95.13,98.22,0.0,0
2025-04-09 12:00:00+00:00,96.39,96.39,0.0,108.91,93.25,96.49,0.0,0
2025-04-09 13:00:00+00:00,98.94,98.94,0.0,99.14,96.1,96.34,0.0,0
2025-04-09 13:30:00+00:00,99.97940063476562,99.97940063476562,0.0,101.18000030517578,97.53009796142578,98.87999725341797,0.0,110121099
2025-04-09 14:30:00+00:00,99.1688003540039,99.1688003540039,0.0,100.93000030517578,97.73999786376953,99.97000122070312,0.0,48978408
2025-04-09 15:30:00+00:00,99.44000244140625,99.44000244140625,0.0,99.70999908447266,98.0,99.16999816894531,0.0,33664067
2025-04-09 16:30:00+00:00,106.47000122070312,106.47000122070312,0.0,109.8499984741211,99.1500015258789,99.44000244140625,0.0,86003341
2025-04-09 17:30:00+00:00,112.02999877929688,112.02999877929688,0.0,112.98999786376953,101.56999969482422,106.47000122070312,0.0,114934175
2025-04-09 18:30:00+00:00,112.79000091552734,112.79000091552734,0.0,113.30000305175781,110.0999984741211,112.02999877929688,0.0,79368009
2025-04-09 19:30:00+00:00,114.25,114.25,0.0,115.0999984741211,112.7750015258789,112.79759979248047,0.0,69889080
2025-04-09 20:00:00+00:00,114.0001,114.0001,0.0,114.6,67.2868,114.22,0.0,0
2025-04-09 21:00:00+00:00,112.7814,112.7814,0.0,114.33,77.8688,114.05,0.0,0
2025-04-09 22:00:00+00:00,113.6,113.6,0.0,114.33,112.4,112.86,0.0,0
2025-04-09 23:00:00+00:00,112.58,112.58,0.0,114.33,99.1,113.5997,0.0,0
2025-04-10 08:00:00+00:00,110.2,110.2,0.0,111.98,109.71,111.44,0.0,0
2025-04-10 09:00:00+00:00,109.93,109.93,0.0,110.3,109.0,110.17,0.0,0
2025-04-10 10:00:00+00:00,110.81,110.81,0.0,111.3,109.8,109.95,0.0,0
2025-04-10 11:00:00+00:00,110.63,110.63,0.0,111.6,110.33,110.85,0.0,0
2025-04-10 12:00:00+00:00,109.81,109.81,0.0,114.65,109.0243,110.59,0.0,0
2025-04-10 13:00:00+00:00,109.3209,109.3209,0.0,111.38,109.21,109.76,0.0,0
2025-04-10 13:30:00+00:00,109.08000183105469,109.08000183105469,0.0,110.02999877929688,106.94000244140625,109.31999969482422,0.0,103900783
2025-04-10 14:30:00+00:00,107.8949966430664,107.8949966430664,0.0,110.86000061035156,107.88999938964844,109.05000305175781,0.0,49359864
2025-04-10 15:30:00+00:00,104.05000305175781,104.05000305175781,0.0,108.26799774169922,103.01000213623047,107.89129638671875,0.0,64357100
2025-04-10 16:30:00+00:00,106.47000122070312,106.47000122070312,0.0,108.37000274658203,103.94000244140625,104.02999877929688,0.0,52957278
2025-04-10 17:30:00+00:00,108.44400024414062,108.44400024414062,0.0,108.56999969482422,106.05000305175781,106.44999694824219,0.0,43347805
2025-04-10 18:30:00+00:00,106.44000244140625,106.44000244140625,0.0,108.9386978149414,106.41000366210938,108.44999694824219,0.0,42888124
2025-04-10 19:30:00+00:00,107.69999694824219,107.69999694824219,0.0,108.05999755859375,105.5,106.44000244140625,0.0,39204146
2025-04-10 20:00:00+00:00,107.54,107.54,0.0,126.4343,72.3758,107.7,0.0,0
2025-04-10 21:00:00+00:00,107.195,107.195,0.0,129.5107,77.8629,107.54,0.0,0
2025-04-10 22:00:00+00:00,107.8,107.8,0.0,111.13,107.04,107.19,0.0,0
2025-04-10 23:00:00+00:00,106.25,106.25,0.0,107.8,105.9,107.7704,0.0,0
2025-04-11 08:00:00+00:00,107.27,107.27,0.0,108.75,107.0,108.6,0.0,0
2025-04-11 09:00:00+00:00,107.72,107.72,0.0,107.75,106.67,107.23,0.0,0
2025-04-11 10:00:00+00:00,108.84,108.84,0.0,109.15,107.59,107.73,0.0,0
2025-04-11 11:00:00+00:00,108.58,108.58,0.0,109.19,108.48,108.84,0.0,0
2025-04-11 12:00:00+00:00,108.9,108.9,0.0,110.0,106.69,108.6,0.0,0
2025-04-11 13:00:00+00:00,108.4601,108.4601,0.0,113.98,95.23,108.94,0.0,0
2025-04-11 13:30:00+00:00,107.69999694824219,107.69999694824219,0.0,110.69000244140625,107.55999755859375,108.58999633789062,0.0,81909147
2025-04-11 14:30:00+00:00,108.63999938964844,108.63999938964844,0.0,109.83499908447266,107.4800033569336,107.70999908447266,0.0,41874415
2025-04-11 15:30:00+00:00,109.44000244140625,109.44000244140625,0.0,109.98999786376953,108.43000030517578,108.6500015258789,0.0,31153652
2025-04-11 16:30:00+00:00,109.73999786376953,109.73999786376953,0.0,111.05999755859375,109.43000030517578,109.47000122070312,0.0,35792537
2025-04-11 17:30:00+00:00,110.3499984741211,110.3499984741211,0.0,111.54989624023438,109.29010009765625,109.73999786376953,0.0,36180706
2025-04-11 18:30:00+00:00,110.11000061035156,110.11000061035156,0.0,110.5199966430664,109.58000183105469,110.36000061035156,0.0,24853430
2025-04-11 19:30:00+00:00,110.69000244140625,110.69000244140625,0.0,111.0,109.83000183105469,110.1050033569336,0.0,29628386
2025-04-11 20:00:00+00:00,110.67,110.67,0.0,122.5411,71.9844,110.7,0.0,0
2025-04-11 21:00:00+00:00,110.595,110.595,0.0,115.5581,75.458,110.69,0.0,0
2025-04-11 22:00:00+00:00,110.515,110.515,0.0,110.61,110.46,110.6099,0.0,0
2025-04-11 23:00:00+00:00,110.7097,110.7097,0.0,110.71,110.4,110.5197,0.0,0
2025-04-14 08:00:00+00:00,113.87,113.87,0.0,114.82,113.82,114.7,0.0,0
2025-04-14 09:00:00+00:00,113.19,113.19,0.0,114.0,112.88,113.87,0.0,0
2025-04-14 10:00:00+00:00,113.12,113.12,0.0,113.27,112.41,113.19,0.0,0
2025-04-14 11:00:00+00:00,114.789,114.789,0.0,114.9,113.0,113.12,0.0,0
2025-04-14 12:00:00+00:00,114.4199,114.4199,0.0,114.9,110.542,114.79,0.0,0
2025-04-14 13:00:00+00:00,114.15,114.15,0.0,115.38,114.07,114.42,0.0,0
2025-04-14 13:30:00+00:00,112.56700134277344,112.56700134277344,0.0,114.29000091552734,111.38009643554688,114.13999938964844,0.0,82789779
2025-04-14 14:30:00+00:00,111.33350372314453,111.33350372314453,0.0,112.98999786376953,111.30000305175781,112.56500244140625,0.0,32614822
2025-04-14 15:30:00+00:00,110.02999877929688,110.02999877929688,0.0,111.66000366210938,109.06999969482422,111.3499984741211,0.0,42210370
2025-04-14 16:30:00+00:00,110.44000244140625,110.44000244140625,0.0,111.19000244140625,109.93499755859375,110.02999877929688,0.0,23588472
2025-04-14 17:30:00+00:00,111.19999694824219,111.19999694824219,0.0,111.36000061035156,109.77999877929688,110.43000030517578,0.0,21463425
2025-04-14 18:30:00+00:00,111.3499984741211,111.3499984741211,0.0,111.87999725341797,111.0999984741211,111.19110107421875,0.0,20101443
2025-04-14 19:30:00+00:00,110.69999694824219,110.69999694824219,0.0,111.79000091552734,110.63999938964844,111.36000061035156,0.0,21299355
2025-04-14 20:00:00+00:00,110.42,110.42,0.0,143.8339,87.2552,110.7,0.0,0
2025-04-14 21:00:00+00:00,110.3005,110.3005,0.0,140.76,87.2552,110.44,0.0,0
2025-04-14 22:00:00+00:00,109.57,109.57,0.0,110.31,109.5608,110.3005,0.0,0
2025-04-14 23:00:00+00:00,109.3697,109.3697,0.0,109.75,109.31,109.5699,0.0,0
2025-04-15 08:00:00+00:00,111.04,111.04,0.0,111.31,110.71,111.0,0.0,0
2025-04-15 09:00:00+00:00,111.09,111.09,0.0,111.2,110.76,111.06,0.0,0
2025-04-15 10:00:00+00:00,110.96,110.96,0.0,111.25,110.72,111.08,0.0,0
2025-04-15 11:00:00+00:00,110.49,110.49,0.0,111.05,110.39,110.98,0.0,0
2025-04-15 12:00:00+00:00,110.05,110.05,0.0,111.39,109.85,110.48,0.0,0
2025-04-15 13:00:00+00:00,111.022,111.022,0.0,111.13,109.91,110.0201,0.0,0
2025-04-15 13:30:00+00:00,111.01499938964844,111.01499938964844,0.0,112.76000213623047,110.5,110.97000122070312,0.0,58803422
2025-04-15 14:30:00+00:00,112.02999877929688,112.02999877929688,0.0,112.48999786376953,111.0,111.04000091552734,0.0,26916127
2025-04-15 15:30:00+00:00,113.26499938964844,113.26499938964844,0.0,113.61499786376953,111.79000091552734,112.03500366210938,0.0,35167817
2025-04-15 16:30:00+00:00,111.84010314941406,111.84010314941406,0.0,113.4000015258789,111.7301025390625,113.2699966430664,0.0,22753728
2025-04-15 17:30:00+00:00,112.12000274658203,112.12000274658203,0.0,112.63999938964844,111.7699966430664,111.83499908447266,0.0,19596078
2025-04-15 18:30:00+00:00,112.21009826660156,112.21009826660156,0.0,112.72000122070312,111.99500274658203,112.11499786376953,0.0,17827629
2025-04-15 19:30:00+00:00,112.0999984741211,112.0999984741211,0.0,112.3499984741211,111.94999694824219,112.21499633789062,0.0,14052161
2025-04-15 20:00:00+00:00,110.1994,110.1994,0.0,119.2783,105.3817,112.1,0.0,0
2025-04-15 21:00:00+00:00,105.275,105.275,0.0,122.7973,94.9615,112.02,0.0,0
2025-04-15 22:00:00+00:00,105.88,105.88,0.0,110.25,96.3,105.28,0.0,0
2025-04-15 23:00:00+00:00,105.1187,105.1187,0.0,105.95,104.91,105.875,0.0,0
2025-04-16 08:00:00+00:00,105.0,105.0,0.0,105.71,104.21,105.27,0.0,0
2025-04-16 09:00:00+00:00,105.9,105.9,0.0,107.38,104.87,105.03,0.0,0
2025-04-16 10:00:00+00:00,105.81,105.81,0.0,106.28,105.46,105.9,0.0,0
2025-04-16 11:00:00+00:00,105.14,105.14,0.0,105.85,104.59,105.81,0.0,0
2025-04-16 12:00:00+00:00,105.14,105.14,0.0,112.2,103.55,105.14,0.0,0
2025-04-16 13:00:00+00:00,104.445,104.445,0.0,116.87,95.97,105.11,0.0,0
2025-04-16 13:30:00+00:00,105.5199966430664,105.5199966430664,0.0,106.79000091552734,104.3499984741211,104.55000305175781,0.0,101562531
2025-04-16 14:30:00+00:00,105.17510223388672,105.17510223388672,0.0,105.58470153808594,103.80000305175781,105.5250015258789,0.0,46612325
2025-04-16 15:30:00+00:00,103.91500091552734,103.91500091552734,0.0,105.37000274658203,103.58000183105469,105.18000030517578,0.0,32297195
2025-04-16 16:30:00+00:00,103.93499755859375,103.93499755859375,0.0,104.16000366210938,103.1500015258789,103.91500091552734,0.0,28022826
2025-04-16 17:30:00+00:00,102.18499755859375,102.18499755859375,0.0,103.9800033569336,101.74120330810547,103.94000244140625,0.0,46963938
2025-04-16 18:30:00+00:00,101.00499725341797,101.00499725341797,0.0,102.25499725341797,100.44999694824219,102.18499755859375,0.0,52578363
2025-04-16 19:30:00+00:00,104.5,104.5,0.0,104.55000305175781,101.01000213623047,101.01000213623047,0.0,48163675
2025-04-16 20:00:00+00:00,103.03,103.03,0.0,110.275,96.7091,104.5,0.0,0
2025-04-16 21:00:00+00:00,103.6,103.6,0.0,110.275,97.5769,103.05,0.0,0
2025-04-16 22:00:00+00:00,103.9194,103.9194,0.0,104.49,103.51,103.6,0.0,0
2025-04-16 23:00:00+00:00,103.3805,103.3805,0.0,103.92,103.25,103.92,0.0,0
2025-04-17 08:00:00+00:00,105.89,105.89,0.0,106.05,105.2,105.82,0.0,0
2025-04-17 09:00:00+00:00,105.63,105.63,0.0,105.98,105.3,105.85,0.0,0
2025-04-17 10:00:00+00:00,105.01,105.01,0.0,105.75,104.86,105.62,0.0,0
2025-04-17 11:00:00+00:00,104.51,104.51,0.0,105.15,104.22,105.03,0.0,0
2025-04-17 12:00:00+00:00,104.9491,104.9491,0.0,106.45,104.21,104.52,0.0,0
2025-04-17 13:00:00+00:00,104.48,104.48,0.0,105.06,104.0,104.95,0.0,0
2025-04-17 13:30:00+00:00,100.49500274658203,100.49500274658203,0.0,104.47000122070312,100.4800033569336,104.42500305175781,0.0,82712336
2025-04-17 14:30:00+00:00,100.39820098876953,100.39820098876953,0.0,101.33000183105469,100.05000305175781,100.49569702148438,0.0,50819134
2025-04-17 15:30:00+00:00,101.23500061035156,101.23500061035156,0.0,101.4000015258789,100.16000366210938,100.3949966430664,0.0,34589269
2025-04-17 16:30:00+00:00,100.8311996459961,100.8311996459961,0.0,101.83999633789062,100.75170135498047,101.23509979248047,0.0,26631436
2025-04-17 17:30:00+00:00,102.15630340576172,102.15630340576172,0.0,102.37999725341797,100.79000091552734,100.83999633789062,0.0,26656995
2025-04-17 18:30:00+00:00,101.21499633789062,101.21499633789062,0.0,102.48999786376953,101.0199966430664,102.16000366210938,0.0,27771508
2025-04-17 19:30:00+00:00,101.41000366210938,101.41000366210938,0.0,101.69999694824219,100.8499984741211,101.20999908447266,0.0,22752612
2025-04-17 20:00:00+00:00,101.3983,101.3983,0.0,101.7,101.23,101.4,0.0,0
2025-04-17 21:00:00+00:00,101.225,101.225,0.0,106.7981,101.18,101.36,0.0,0
2025-04-17 22:00:00+00:00,101.115,101.115,0.0,101.26,101.03,101.2107,0.0,0
2025-04-17 23:00:00+00:00,101.2805,101.2805,0.0,101.49,101.06,101.1293,0.0,0
2025-04-21 08:00:00+00:00,99.49,99.49,0.0,100.18,99.07,100.01,0.0,0
2025-04-21 09:00:00+00:00,99.21,99.21,0.0,99.68,98.77,99.47,0.0,0
2025-04-21 10:00:00+00:00,97.88,97.88,0.0,99.33,97.82,99.21,0.0,0
2025-04-21 11:00:00+00:00,98.43,98.43,0.0,99.58,97.7,97.88,0.0,0
2025-04-21 12:00:00+00:00,98.31,98.31,0.0,101.49,97.67,98.44,0.0,0
2025-04-21 13:00:00+00:00,98.7704,98.7704,0.0,105.195,98.07,98.32,0.0,0
2025-04-21 13:30:00+00:00,95.83499908447266,95.83499908447266,0.0,99.33999633789062,95.56999969482422,99.2699966430664,0.0,83473343
2025-04-21 14:30:00+00:00,95.88999938964844,95.88999938964844,0.0,96.56999969482422,95.6500015258789,95.83499908447266,0.0,33159945
2025-04-21 15:30:00+00:00,95.80000305175781,95.80000305175781,0.0,96.27999877929688,95.73999786376953,95.88999938964844,0.0,23386474
2025-04-21 16:30:00+00:00,95.36859893798828,95.36859893798828,0.0,96.38999938964844,95.1500015258789,95.80000305175781,0.0,24254282
2025-04-21 17:30:00+00:00,95.58999633789062,95.58999633789062,0.0,95.68000030517578,95.04000091552734,95.36000061035156,0.0,21645802
2025-04-21 18:30:00+00:00,95.5999984741211,95.5999984741211,0.0,95.86000061035156,95.1500015258789,95.58999633789062,0.0,25081227
2025-04-21 19:30:00+00:00,96.80000305175781,96.80000305175781,0.0,97.19999694824219,95.5999984741211,95.5999984741211,0.0,28458934
2025-04-21 20:00:00+00:00,96.2399,96.2399,0.0,102.3052,95.525,96.8,0.0,0
2025-04-21 21:00:00+00:00,96.34,96.34,0.0,103.0794,89.7486,96.2301,0.0,0
2025-04-21 22:00:00+00:00,96.049,96.049,0.0,96.91,95.9,96.34,0.0,0
2025-04-21 23:00:00+00:00,96.62,96.62,0.0,96.65,95.99,96.05,0.0,0
2025-04-22 08:00:00+00:00,97.98,97.98,0.0,98.22,97.7,98.22,0.0,0
2025-04-22 09:00:00+00:00,98.43,98.43,0.0,98.51,97.95,97.96,0.0,0
2025-04-22 10:00:00+00:00,98.04,98.04,0.0,98.44,97.98,98.43,0.0,0
2025-04-22 11:00:00+00:00,97.83,97.83,0.0,98.22,97.67,98.07,0.0,0
2025-04-22 12:00:00+00:00,98.2,98.2,0.0,98.781,96.77,97.85,0.0,0
2025-04-22 13:00:00+00:00,98.755,98.755,0.0,98.8,98.0435,98.2001,0.0,0
2025-04-22 13:30:00+00:00,99.02870178222656,99.02870178222656,0.0,99.37999725341797,97.36000061035156,98.76499938964844,0.0,59768072
2025-04-22 14:30:00+00:00,98.8949966430664,98.8949966430664,0.0,99.44999694824219,98.35009765625,99.0250015258789,0.0,29039264
2025-04-22 15:30:00+00:00,99.6500015258789,99.6500015258789,0.0,99.81099700927734,98.30000305175781,98.89640045166016,0.0,30596290
2025-04-22 16:30:00+00:00,98.1050033569336,98.1050033569336,0.0,99.7699966430664,97.95999908447266,99.65499877929688,0.0,28063300
2025-04-22 17:30:00+00:00,98.48500061035156,98.48500061035156,0.0,98.55999755859375,97.56999969482422,98.0999984741211,0.0,20303566
2025-04-22 18:30:00+00:00,97.70500183105469,97.70500183105469,0.0,98.83000183105469,97.5999984741211,98.49579620361328,0.0,17537365
2025-04-22 19:30:00+00:00,98.87999725341797,98.87999725341797,0.0,99.0,97.27999877929688,97.69999694824219,0.0,24642393
2025-04-22 20:00:00+00:00,99.0299,99.0299,0.0,105.7166,93.8797,98.8769,0.0,0
2025-04-22 21:00:00+00:00,101.9,101.9,0.0,104.187,93.8797,99.025,0.0,0
2025-04-22 22:00:00+00:00,101.995,101.995,0.0,102.1,98.89,101.9,0.0,0
2025-04-22 23:00:00+00:00,102.5,102.5,0.0,102.66,98.89,102.02,0.0,0
2025-04-23 08:00:00+00:00,103.69,103.69,0.0,103.93,102.69,102.75,0.0,0
2025-04-23 09:00:00+00:00,103.61,103.61,0.0,104.29,103.33,103.7,0.0,0
2025-04-23 10:00:00+00:00,104.09,104.09,0.0,104.3,103.54,103.63,0.0,0
2025-04-23 11:00:00+00:00,104.34,104.34,0.0,104.7,104.05,104.12,0.0,0
2025-04-23 12:00:00+00:00,104.32,104.32,0.0,104.7,102.47,104.33,0.0,0
2025-04-23 13:00:00+00:00,104.5,104.5,0.0,104.72,96.345,104.29,0.0,0
2025-04-23 13:30:00+00:00,104.18499755859375,104.18499755859375,0.0,104.80000305175781,102.58000183105469,104.52010345458984,0.0,83247065
2025-04-23 14:30:00+00:00,103.13700103759766,103.13700103759766,0.0,104.73999786376953,102.94000244140625,104.18499755859375,0.0,34974533
2025-04-23 15:30:00+00:00,103.36000061035156,103.36000061035156,0.0,103.47000122070312,102.62000274658203,103.1500015258789,0.0,25976963
2025-04-23 16:30:00+00:00,103.95999908447266,103.95999908447266,0.0,104.33000183105469,103.11000061035156,103.3550033569336,0.0,20566700
2025-04-23 17:30:00+00:00,103.71499633789062,103.71499633789062,0.0,104.23999786376953,103.55999755859375,103.97000122070312,0.0,15975552
2025-04-23 18:30:00+00:00,102.41999816894531,102.41999816894531,0.0,103.91999816894531,102.31999969482422,103.71499633789062,0.0,20008243
2025-04-23 19:30:00+00:00,102.53500366210938,102.53500366210938,0.0,102.87000274658203,102.0199966430664,102.41999816894531,0.0,20806368
2025-04-23 20:00:00+00:00,102.72,102.72,0.0,109.3004,96.083,102.51,0.0,0
2025-04-23 21:00:00+00:00,102.58,102.58,0.0,102.98,102.36,102.7198,0.0,0
2025-04-23 22:00:00+00:00,102.519,102.519,0.0,102.71,101.8,102.56,0.0,0
2025-04-23 23:00:00+00:00,102.48,102.48,0.0,102.97,102.17,102.52,0.0,0
2025-04-24 08:00:00+00:00,100.96,100.96,0.0,101.74,100.79,101.72,0.0,0
2025-04-24 09:00:00+00:00,101.09,101.09,0.0,101.19,100.63,100.92,0.0,0
2025-04-24 10:00:00+00:00,102.05,102.05,0.0,102.19,101.02,101.1,0.0,0
2025-04-24 11:00:00+00:00,102.53,102.53,0.0,103.03,102.02,102.07,0.0,0
2025-04-24 12:00:00+00:00,103.1105,103.1105,0.0,103.29,100.6224,102.52,0.0,0
2025-04-24 13:00:00+00:00,103.43,103.43,0.0,103.75,98.0,103.11,0.0,0
2025-04-24 13:30:00+00:00,105.36869812011719,105.36869812011719,0.0,105.38500213623047,103.11000061035156,103.4749984741211,0.0,56039411
2025-04-24 14:30:00+00:00,105.34500122070312,105.34500122070312,0.0,105.98999786376953,104.7300033569336,105.36499786376953,0.0,31690192
2025-04-24 15:30:00+00:00,105.7489013671875,105.7489013671875,0.0,105.87999725341797,105.03790283203125,105.3499984741211,0.0,22022097
2025-04-24 16:30:00+00:00,106.29499816894531,106.29499816894531,0.0,106.37999725341797,105.66999816894531,105.73999786376953,0.0,24284792
2025-04-24 17:30:00+00:00,106.33470153808594,106.33470153808594,0.0,106.45999908447266,105.86000061035156,106.29830169677734,0.0,16704091
2025-04-24 18:30:00+00:00,105.7249984741211,105.7249984741211,0.0,106.5,105.51010131835938,106.33000183105469,0.0,18390301
2025-04-24 19:30:00+00:00,106.37999725341797,106.37999725341797,0.0,106.54000091552734,105.66999816894531,105.7249984741211,0.0,18998196
2025-04-24 20:00:00+00:00,106.125,106.125,0.0,113.2697,101.0079,106.37,0.0,0
2025-04-24 21:00:00+00:00,106.98,106.98,0.0,138.81,99.3052,106.1018,0.0,0
2025-04-24 22:00:00+00:00,106.9296,106.9296,0.0,106.99,106.43,106.99,0.0,0
2025-04-24 23:00:00+00:00,107.72,107.72,0.0,107.9,106.85,106.93,0.0,0
2025-04-25 08:00:00+00:00,107.8,107.8,0.0,108.12,107.59,107.98,0.0,0
2025-04-25 09:00:00+00:00,107.46,107.46,0.0,107.86,107.07,107.78,0.0,0
2025-04-25 10:00:00+00:00,106.99,106.99,0.0,107.6,106.86,107.48,0.0,0
2025-04-25 11:00:00+00:00,106.75,106.75,0.0,107.14,106.0,106.96,0.0,0
2025-04-25 12:00:00+00:00,106.61,106.61,0.0,108.65,106.0,106.75,0.0,0
2025-04-25 13:00:00+00:00,106.85,106.85,0.0,126.49,101.49,106.61,0.0,0
2025-04-25 13:30:00+00:00,107.54100036621094,107.54100036621094,0.0,108.0999984741211,105.7300033569336,106.86000061035156,0.0,56519423
2025-04-25 14:30:00+00:00,108.66000366210938,108.66000366210938,0.0,108.9800033569336,107.30999755859375,107.55999755859375,0.0,26933524
2025-04-25 15:30:00+00:00,109.4749984741211,109.4749984741211,0.0,109.5199966430664,108.4800033569336,108.66000366210938,0.0,24948783
2025-04-25 16:30:00+00:00,111.87000274658203,111.87000274658203,0.0,111.91999816894531,109.31999969482422,109.47000122070312,0.0,39255944
2025-04-25 17:30:00+00:00,110.83499908447266,110.83499908447266,0.0,111.89949798583984,109.82119750976562,111.85990142822266,0.0,33902808
2025-04-25 18:30:00+00:00,110.73500061035156,110.73500061035156,0.0,111.44000244140625,110.5999984741211,110.83999633789062,0.0,25044117
2025-04-25 19:30:00+00:00,110.95999908447266,110.95999908447266,0.0,111.0,110.19999694824219,110.73999786376953,0.0,23072925
2025-04-25 20:00:00+00:00,110.9597,110.9597,0.0,117.8006,107.1461,110.96,0.0,0
2025-04-25 21:00:00+00:00,110.74,110.74,0.0,117.8006,109.17,110.95,0.0,0
2025-04-25 22:00:00+00:00,110.76,110.76,0.0,110.81,110.51,110.74,0.0,0
2025-04-25 23:00:00+00:00,110.8595,110.8595,0.0,110.88,110.69,110.78,0.0,0
2025-04-28 08:00:00+00:00,109.22,109.22,0.0,110.18,109.08,109.95,0.0,0
2025-04-28 09:00:00+00:00,109.91,109.91,0.0,109.96,109.06,109.22,0.0,0
2025-04-28 10:00:00+00:00,109.79,109.79,0.0,110.11,109.55,109.94,0.0,0
2025-04-28 11:00:00+00:00,109.43,109.43,0.0,109.98,109.16,109.81,0.0,0
2025-04-28 12:00:00+00:00,109.4536,109.4536,0.0,111.01,109.01,109.42,0.0,0
2025-04-28 13:00:00+00:00,109.71,109.71,0.0,111.595,106.02,109.465,0.0,0
2025-04-28 13:30:00+00:00,108.52519989013672,108.52519989013672,0.0,110.36990356445312,107.86000061035156,109.69499969482422,0.0,60413372
2025-04-28 14:30:00+00:00,106.5999984741211,106.5999984741211,0.0,108.68000030517578,106.3843994140625,108.52999877929688,0.0,30770324
2025-04-28 15:30:00+00:00,106.5509033203125,106.5509033203125,0.0,107.52999877929688,106.54019927978516,106.6050033569336,0.0,20240417
2025-04-28 16:30:00+00:00,106.27999877929688,106.27999877929688,0.0,107.25499725341797,106.0199966430664,106.55999755859375,0.0,18846051
2025-04-28 17:30:00+00:00,107.30000305175781,107.30000305175781,0.0,107.4000015258789,106.16999816894531,106.27999877929688,0.0,15472588
2025-04-28 18:30:00+00:00,108.19000244140625,108.19000244140625,0.0,108.29000091552734,107.08000183105469,107.29499816894531,0.0,16786692
2025-04-28 19:30:00+00:00,108.63999938964844,108.63999938964844,0.0,108.8499984741211,108.12000274658203,108.18000030517578,0.0,18093005
2025-04-28 20:00:00+00:00,108.5,108.5,0.0,115.9109,102.2292,108.63,0.0,0
2025-04-28 21:00:00+00:00,108.33,108.33,0.0,112.3114,100.8586,108.51,0.0,0
2025-04-28 22:00:00+00:00,108.15,108.15,0.0,108.34,108.01,108.3303,0.0,0
2025-04-28 23:00:00+00:00,108.11,108.11,0.0,108.73,108.0712,108.15,0.0,0
2025-04-29 08:00:00+00:00,108.85,108.85,0.0,109.14,108.46,108.96,0.0,0
2025-04-29 09:00:00+00:00,108.63,108.63,0.0,108.99,108.58,108.85,0.0,0
2025-04-29 10:00:00+00:00,108.68,108.68,0.0,108.79,108.46,108.65,0.0,0
2025-04-29 11:00:00+00:00,108.02,108.02,0.0,108.66,107.58,108.66,0.0,0
2025-04-29 12:00:00+00:00,108.07,108.07,0.0,109.1688,107.5852,108.02,0.0,0
2025-04-29 13:00:00+00:00,107.65,107.65,0.0,111.0,104.425,108.07,0.0,0
2025-04-29 13:30:00+00:00,108.52999877929688,108.52999877929688,0.0,109.70999908447266,107.81999969482422,107.87000274658203,0.0,45041087
2025-04-29 14:30:00+00:00,108.80979919433594,108.80979919433594,0.0,109.0999984741211,108.37999725341797,108.54000091552734,0.0,19083368
2025-04-29 15:30:00+00:00,108.875,108.875,0.0,109.2699966430664,108.53500366210938,108.80999755859375,0.0,13963878
2025-04-29 16:30:00+00:00,108.73500061035156,108.73500061035156,0.0,109.08000183105469,108.22000122070312,108.87999725341797,0.0,12800451
2025-04-29 17:30:00+00:00,109.9801025390625,109.9801025390625,0.0,110.19989776611328,108.73999786376953,108.73999786376953,0.0,21179656
2025-04-29 18:30:00+00:00,109.4000015258789,109.4000015258789,0.0,110.08000183105469,108.82009887695312,109.98519897460938,0.0,22598643
2025-04-29 19:30:00+00:00,108.91999816894531,108.91999816894531,0.0,109.52999877929688,108.7699966430664,109.4000015258789,0.0,16544045
2025-04-29 20:00:00+00:00,107.2007,107.2007,0.0,112.9257,99.7129,108.91,0.0,0
2025-04-29 21:00:00+00:00,106.88,106.88,0.0,114.3028,100.234,107.25,0.0,0
2025-04-29 22:00:00+00:00,106.98,106.98,0.0,107.37,103.4751,106.89,0.0,0
2025-04-29 23:00:00+00:00,106.78,106.78,0.0,107.03,106.75,106.97,0.0,0
2025-04-30 08:00:00+00:00,107.23,107.23,0.0,107.87,106.65,107.14,0.0,0
2025-04-30 09:00:00+00:00,107.45,107.45,0.0,107.47,107.12,107.23,0.0,0
2025-04-30 10:00:00+00:00,107.0,107.0,0.0,107.52,106.97,107.47,0.0,0
2025-04-30 11:00:00+00:00,106.49,106.49,0.0,107.0,106.38,107.0,0.0,0
2025-04-30 12:00:00+00:00,106.13,106.13,0.0,109.02,105.93,106.51,0.0,0
2025-04-30 13:00:00+00:00,104.48,104.48,0.0,112.6616,104.31,106.15,0.0,0
2025-04-30 13:30:00+00:00,105.98500061035156,105.98500061035156,0.0,106.12000274658203,104.08000183105469,104.47000122070312,0.0,59488326
2025-04-30 14:30:00+00:00,106.375,106.375,0.0,106.54000091552734,105.66999816894531,105.9800033569336,0.0,23685269
2025-04-30 15:30:00+00:00,106.05500030517578,106.05500030517578,0.0,106.90499877929688,105.87999725341797,106.375,0.0,19101518
2025-04-30 16:30:00+00:00,106.47000122070312,106.47000122070312,0.0,106.5,105.63999938964844,106.05999755859375,0.0,14908641
2025-04-30 17:30:00+00:00,107.19499969482422,107.19499969482422,0.0,107.7699966430664,106.37999725341797,106.47010040283203,0.0,21407425
2025-04-30 18:30:00+00:00,107.25499725341797,107.25499725341797,0.0,107.83499908447266,107.04000091552734,107.19000244140625,0.0,16187996
2025-04-30 19:30:00+00:00,108.7750015258789,108.7750015258789,0.0,108.87999725341797,107.04000091552734,107.25,0.0,24138337
2025-04-30 20:00:00+00:00,112.27,112.27,0.0,119.8126,106.4447,108.76,0.0,0
2025-04-30 21:00:00+00:00,111.81,111.81,0.0,119.8126,107.6252,112.299,0.0,0
2025-04-30 22:00:00+00:00,113.4,113.4,0.0,113.97,111.82,111.82,0.0,0
2025-04-30 23:00:00+00:00,112.9703,112.9703,0.0,113.52,108.92,113.4,0.0,0
2025-05-01 08:00:00+00:00,112.92,112.92,0.0,113.35,112.7,112.97,0.0,0
2025-05-01 09:00:00+00:00,113.24,113.24,0.0,113.64,112.56,112.9,0.0,0
2025-05-01 10:00:00+00:00,113.85,113.85,0.0,113.93,113.23,113.25,0.0,0
2025-05-01 11:00:00+00:00,114.16,114.16,0.0,114.47,113.35,113.83,0.0,0
2025-05-01 12:00:00+00:00,113.87,113.87,0.0,114.47,108.92,114.17,0.0,0
2025-05-01 13:00:00+00:00,113.04,113.04,0.0,120.3562,96.91,113.87,0.0,0
2025-05-01 13:30:00+00:00,113.33000183105469,113.33000183105469,0.0,114.07980346679688,112.08000183105469,113.0999984741211,0.0,69672901
2025-05-01 14:30:00+00:00,114.32499694824219,114.32499694824219,0.0,114.94000244140625,113.13369750976562,113.31999969482422,0.0,38782979
2025-05-01 15:30:00+00:00,113.65180206298828,113.65180206298828,0.0,114.41999816894531,113.05000305175781,114.33000183105469,0.0,28376525
2025-05-01 16:30:00+00:00,113.5647964477539,113.5647964477539,0.0,113.87000274658203,112.86000061035156,113.6500015258789,0.0,16605965
2025-05-01 17:30:00+00:00,113.66999816894531,113.66999816894531,0.0,113.91999816894531,112.9000015258789,113.56999969482422,0.0,15678013
2025-05-01 18:30:00+00:00,113.0,113.0,0.0,113.75,112.87999725341797,113.66999816894531,0.0,15249098
2025-05-01 19:30:00+00:00,111.52999877929688,111.52999877929688,0.0,113.04000091552734,111.31999969482422,113.0,0.0,22930513
2025-05-01 20:00:00+00:00,111.785,111.785,0.0,118.3354,104.9961,111.53,0.0,0
2025-05-01 21:00:00+00:00,111.0307,111.0307,0.0,115.3479,106.3584,111.785,0.0,0
2025-05-01 22:00:00+00:00,111.08,111.08,0.0,111.61,110.51,111.05,0.0,0
2025-05-01 23:00:00+00:00,111.0999,111.0999,0.0,111.55,111.03,111.1,0.0,0
2025-05-02 08:00:00+00:00,112.71,112.71,0.0,112.83,112.05,112.05,0.0,0
2025-05-02 09:00:00+00:00,112.45,112.45,0.0,112.83,112.28,112.66,0.0,0
2025-05-02 10:00:00+00:00,112.9,112.9,0.0,112.95,112.37,112.45,0.0,0
2025-05-02 11:00:00+00:00,112.82,112.82,0.0,112.94,112.52,112.89,0.0,0
2025-05-02 12:00:00+00:00,112.62,112.62,0.0,112.95,111.61,112.84,0.0,0
2025-05-02 13:00:00+00:00,114.12,114.12,0.0,114.53,103.99,112.64,0.0,0
2025-05-02 13:30:00+00:00,113.90499877929688,113.90499877929688,0.0,115.4000015258789,113.37000274658203,114.18000030517578,0.0,59365090
2025-05-02 14:30:00+00:00,114.65010070800781,114.65010070800781,0.0,114.80000305175781,113.48999786376953,113.9000015258789,0.0,23266857
2025-05-02 15:30:00+00:00,114.74500274658203,114.74500274658203,0.0,115.25,114.55000305175781,114.66000366210938,0.0,20729043
2025-05-02 16:30:00+00:00,114.364501953125,114.364501953125,0.0,114.97989654541016,113.94999694824219,114.74500274658203,0.0,15564881
2025-05-02 17:30:00+00:00,114.80000305175781,114.80000305175781,0.0,114.87999725341797,114.19000244140625,114.36499786376953,0.0,14510300
2025-05-02 18:30:00+00:00,114.47000122070312,114.47000122070312,0.0,115.02999877929688,114.22000122070312,114.80999755859375,0.0,19985024
2025-05-02 19:30:00+00:00,114.38999938964844,114.38999938964844,0.0,114.62999725341797,113.9000015258789,114.47000122070312,0.0,19368086
2025-05-02 20:00:00+00:00,114.2403,114.2403,0.0,120.5399,106.6208,114.37,0.0,0
2025-05-02 21:00:00+00:00,114.1995,114.1995,0.0,120.5399,108.262,114.245,0.0,0
2025-05-02 22:00:00+00:00,114.21,114.21,0.0,114.26,114.13,114.19,0.0,0
2025-05-02 23:00:00+00:00,114.2293,114.2293,0.0,114.29,114.14,114.2,0.0,0
2025-05-05 08:00:00+00:00,113.46,113.46,0.0,113.88,113.46,113.86,0.0,0
2025-05-05 09:00:00+00:00,113.0,113.0,0.0,113.52,112.47,113.5,0.0,0
2025-05-05 10:00:00+00:00,112.89,112.89,0.0,113.26,112.85,113.01,0.0,0
2025-05-05 11:00:00+00:00,113.07,113.07,0.0,113.21,112.66,112.9,0.0,0
2025-05-05 12:00:00+00:00,113.07,113.07,0.0,114.5,112.49,113.03,0.0,0
2025-05-05 13:00:00+00:00,112.92,112.92,0.0,115.36,95.7387,113.0798,0.0,0
2025-05-05 13:30:00+00:00,113.24500274658203,113.24500274658203,0.0,114.37999725341797,112.7699966430664,112.90499877929688,0.0,38031331
2025-05-05 14:30:00+00:00,113.9198989868164,113.9198989868164,0.0,113.97000122070312,112.66000366210938,113.24700164794922,0.0,17940252
2025-05-05 15:30:00+00:00,113.78500366210938,113.78500366210938,0.0,114.12000274658203,113.4000015258789,113.91999816894531,0.0,13139046
2025-05-05 16:30:00+00:00,114.12999725341797,114.12999725341797,0.0,114.16000366210938,113.8499984741211,113.95999908447266,0.0,10787578
2025-05-05 17:30:00+00:00,114.37100219726562,114.37100219726562,0.0,114.52999877929688,114.0999984741211,114.13500213623047,0.0,9164969
2025-05-05 18:30:00+00:00,114.3740005493164,114.3740005493164,0.0,114.66000366210938,114.04000091552734,114.37000274658203,0.0,11760297
2025-05-05 19:30:00+00:00,113.80999755859375,113.80999755859375,0.0,114.62000274658203,113.66999816894531,114.36000061035156,0.0,11600077
2025-05-05 20:00:00+00:00,113.59,113.59,0.0,119.6363,106.2694,113.82,0.0,0
2025-05-05 21:00:00+00:00,113.52,113.52,0.0,117.1351,106.2694,113.6399,0.0,0
2025-05-05 22:00:00+00:00,113.31,113.31,0.0,113.55,113.25,113.51,0.0,0
2025-05-05 23:00:00+00:00,113.28,113.28,0.0,113.82,113.25,113.31,0.0,0
2025-05-06 08:00:00+00:00,112.56,112.56,0.0,113.17,112.34,113.17,0.0,0
2025-05-06 09:00:00+00:00,112.4,112.4,0.0,112.77,112.25,112.53,0.0,0
2025-05-06 10:00:00+00:00,112.47,112.47,0.0,112.66,112.25,112.4,0.0,0
2025-05-06 11:00:00+00:00,112.25,112.25,0.0,112.74,112.1,112.47,0.0,0
2025-05-06 12:00:00+00:00,112.27,112.27,0.0,113.82,112.02,112.27,0.0,0
2025-05-06 13:00:00+00:00,111.5,111.5,0.0,112.42,111.36,112.28,0.0,0
2025-05-06 13:30:00+00:00,112.65499877929688,112.65499877929688,0.0,112.97000122070312,110.8219985961914,111.63999938964844,0.0,44297315
2025-05-06 14:30:00+00:00,113.06999969482422,113.06999969482422,0.0,113.25,112.5636978149414,112.6500015258789,0.0,18483594
2025-05-06 15:30:00+00:00,113.01789855957031,113.01789855957031,0.0,113.79000091552734,112.5999984741211,113.06500244140625,0.0,15157659
2025-05-06 16:30:00+00:00,112.91999816894531,112.91999816894531,0.0,113.4000015258789,112.61000061035156,113.01010131835938,0.0,13211868
2025-05-06 17:30:00+00:00,113.68000030517578,113.68000030517578,0.0,113.77999877929688,112.72000122070312,112.93000030517578,0.0,11895316
2025-05-06 18:30:00+00:00,114.2300033569336,114.2300033569336,0.0,114.30000305175781,113.55999755859375,113.66999816894531,0.0,16085333
2025-05-06 19:30:00+00:00,113.44499969482422,113.44499969482422,0.0,114.73999786376953,113.37999725341797,114.23139953613281,0.0,15975805
2025-05-06 20:00:00+00:00,127.7255,127.7255,0.0,139.1357,83.4567,113.45,0.0,0
2025-05-06 21:00:00+00:00,112.255,112.255,0.0,113.649,88.9383,113.465,0.0,0
2025-05-06 22:00:00+00:00,114.49,114.49,0.0,114.62,112.2518,112.27,0.0,0
2025-05-06 23:00:00+00:00,114.4999,114.4999,0.0,114.58,114.11,114.5,0.0,0
2025-05-07 08:00:00+00:00,113.97,113.97,0.0,114.34,113.64,114.28,0.0,0
2025-05-07 09:00:00+00:00,113.93,113.93,0.0,114.27,113.79,113.99,0.0,0
2025-05-07 10:00:00+00:00,113.87,113.87,0.0,114.13,113.75,113.92,0.0,0
2025-05-07 11:00:00+00:00,114.08,114.08,0.0,114.35,113.72,113.83,0.0,0
2025-05-07 12:00:00+00:00,113.665,113.665,0.0,114.45,113.54,114.07,0.0,0
2025-05-07 13:00:00+00:00,113.04,113.04,0.0,113.96,113.01,113.6512,0.0,0
2025-05-07 13:30:00+00:00,113.48030090332031,113.48030090332031,0.0,113.6500015258789,112.61499786376953,113.04499816894531,0.0,36330539
2025-05-07 14:30:00+00:00,113.29499816894531,113.29499816894531,0.0,113.66999816894531,112.93009948730469,113.4800033569336,0.0,16245674
2025-05-07 15:30:00+00:00,113.67990112304688,113.67990112304688,0.0,114.22000122070312,113.2300033569336,113.29000091552734,0.0,15074340
2025-05-07 16:30:00+00:00,113.94499969482422,113.94499969482422,0.0,114.12999725341797,113.59490203857422,113.68000030517578,0.0,9835847
2025-05-07 17:30:00+00:00,113.0000991821289,113.0000991821289,0.0,114.0,112.28179931640625,113.94999694824219,0.0,20558834
2025-05-07 18:30:00+00:00,113.23500061035156,113.23500061035156,0.0,113.87999725341797,112.7699966430664,112.99500274658203,0.0,19343637
2025-05-07 19:30:00+00:00,117.0199966430664,117.0199966430664,0.0,117.68000030517578,113.19000244140625,113.2300033569336,0.0,63856483
2025-05-07 20:00:00+00:00,116.38,116.38,0.0,145.2702,71.9844,117.015,0.0,0
2025-05-07 21:00:00+00:00,116.3003,116.3003,0.0,145.1633,72.7231,135.7993,0.0,0
2025-05-07 22:00:00+00:00,116.36,116.36,0.0,116.54,116.12,116.31,0.0,0
2025-05-07 23:00:00+00:00,116.865,116.865,0.0,116.95,116.36,116.36,0.0,0
2025-05-08 08:00:00+00:00,119.21,119.21,0.0,119.45,118.86,119.42,0.0,0
2025-05-08 09:00:00+00:00,118.94,118.94,0.0,119.3,118.79,119.21,0.0,0
2025-05-08 10:00:00+00:00,119.15,119.15,0.0,119.42,118.96,118.96,0.0,0
2025-05-08 11:00:00+00:00,118.95,118.95,0.0,119.26,118.82,119.15,0.0,0
2025-05-08 12:00:00+00:00,119.06,119.06,0.0,120.8,118.5006,118.95,0.0,0
2025-05-08 13:00:00+00:00,118.49,118.49,0.0,119.2,111.985,119.06,0.0,0
2025-05-08 13:30:00+00:00,117.23999786376953,117.23999786376953,0.0,118.58999633789062,116.48999786376953,118.4800033569336,0.0,59707764
2025-05-08 14:30:00+00:00,117.26000213623047,117.26000213623047,0.0,117.59500122070312,115.8499984741211,117.2300033569336,0.0,31401104
2025-05-08 15:30:00+00:00,118.04989624023438,118.04989624023438,0.0,118.44999694824219,117.02999877929688,117.26000213623047,0.0,28059942
2025-05-08 16:30:00+00:00,117.90489959716797,117.90489959716797,0.0,118.24500274658203,117.7300033569336,118.04499816894531,0.0,13310250
2025-05-08 17:30:00+00:00,117.9749984741211,117.9749984741211,0.0,118.19100189208984,117.52999877929688,117.90499877929688,0.0,13827447
2025-05-08 18:30:00+00:00,118.54049682617188,118.54049682617188,0.0,118.68000030517578,117.86000061035156,117.97460174560547,0.0,15953072
2025-05-08 19:30:00+00:00,117.37000274658203,117.37000274658203,0.0,118.5999984741211,117.29499816894531,118.55000305175781,0.0,16200137
2025-05-08 20:00:00+00:00,117.16,117.16,0.0,124.2548,111.1734,117.37,0.0,0
2025-05-08 21:00:00+00:00,117.3105,117.3105,0.0,118.45,112.9952,117.19,0.0,0
2025-05-08 22:00:00+00:00,117.31,117.31,0.0,117.37,117.2,117.33,0.0,0
2025-05-08 23:00:00+00:00,117.0481,117.0481,0.0,117.33,117.0,117.295,0.0,0
2025-05-09 08:00:00+00:00,117.93,117.93,0.0,118.2,117.76,117.85,0.0,0
2025-05-09 09:00:00+00:00,117.88,117.88,0.0,117.94,117.64,117.88,0.0,0
2025-05-09 10:00:00+00:00,118.11,118.11,0.0,118.19,117.81,117.87,0.0,0
2025-05-09 11:00:00+00:00,117.73,117.73,0.0,118.19,117.26,118.1,0.0,0
2025-05-09 12:00:00+00:00,117.4176,117.4176,0.0,118.21,117.22,117.66,0.0,0
2025-05-09 13:00:00+00:00,117.33,117.33,0.0,118.58,114.265,117.42,0.0,0
2025-05-09 13:30:00+00:00,116.13159942626953,116.13159942626953,0.0,118.2300033569336,115.8499984741211,117.34500122070312,0.0,41154488
2025-05-09 14:30:00+00:00,116.37750244140625,116.37750244140625,0.0,116.7699966430664,115.20999908447266,116.12999725341797,0.0,28264877
2025-05-09 15:30:00+00:00,116.28500366210938,116.28500366210938,0.0,116.7699966430664,115.9800033569336,116.37999725341797,0.0,12954336
2025-05-09 16:30:00+00:00,116.43000030517578,116.43000030517578,0.0,116.66999816894531,116.11000061035156,116.28019714355469,0.0,9605723
2025-05-09 17:30:00+00:00,116.58000183105469,116.58000183105469,0.0,116.91999816894531,116.2300033569336,116.42150115966797,0.0,9257679
2025-05-09 18:30:00+00:00,116.7251968383789,116.7251968383789,0.0,116.80000305175781,116.47000122070312,116.5802001953125,0.0,8950592
2025-05-09 19:30:00+00:00,116.62069702148438,116.62069702148438,0.0,116.86499786376953,116.43000030517578,116.7249984741211,0.0,11620676
2025-05-09 20:00:00+00:00,116.36,116.36,0.0,122.5411,109.4064,116.62,0.0,0
2025-05-09 21:00:00+00:00,116.38,116.38,0.0,116.65,109.4064,116.39,0.0,0
2025-05-09 22:00:00+00:00,116.36,116.36,0.0,116.43,116.33,116.375,0.0,0
2025-05-09 23:00:00+00:00,116.38,116.38,0.0,116.41,116.34,116.37,0.0,0
2025-05-12 08:00:00+00:00,121.98,121.98,0.0,122.08,119.79,120.0,0.0,0
2025-05-12 09:00:00+00:00,122.51,122.51,0.0,122.62,121.73,121.98,0.0,0
2025-05-12 10:00:00+00:00,122.45,122.45,0.0,122.67,122.02,122.53,0.0,0
2025-05-12 11:00:00+00:00,122.2,122.2,0.0,122.78,122.01,122.41,0.0,0
2025-05-12 12:00:00+00:00,121.96,121.96,0.0,122.94,116.65,122.2,0.0,0
2025-05-12 13:00:00+00:00,121.95,121.95,0.0,122.05,121.5,121.9698,0.0,0
2025-05-12 13:30:00+00:00,120.86000061035156,120.86000061035156,0.0,122.81999969482422,120.47000122070312,121.94000244140625,0.0,70528533
2025-05-12 14:30:00+00:00,121.65139770507812,121.65139770507812,0.0,121.8499984741211,120.27999877929688,120.86000061035156,0.0,28095532
2025-05-12 15:30:00+00:00,122.37129974365234,122.37129974365234,0.0,122.72000122070312,121.44499969482422,121.65499877929688,0.0,22575292
2025-05-12 16:30:00+00:00,122.6614990234375,122.6614990234375,0.0,122.93000030517578,122.33000183105469,122.3949966430664,0.0,17996416
2025-05-12 17:30:00+00:00,122.73500061035156,122.73500061035156,0.0,122.94000244140625,122.47000122070312,122.66500091552734,0.0,15972208
2025-05-12 18:30:00+00:00,122.58499908447266,122.58499908447266,0.0,123.0,122.47000122070312,122.73500061035156,0.0,19606969
2025-05-12 19:30:00+00:00,122.98999786376953,122.98999786376953,0.0,123.0,122.07009887695312,122.58000183105469,0.0,24973516
2025-05-12 20:00:00+00:00,122.705,122.705,0.0,123.08,116.5156,122.995,0.0,0
2025-05-12 21:00:00+00:00,122.7999,122.7999,0.0,127.9996,116.5346,122.7,0.0,0
2025-05-12 22:00:00+00:00,122.71,122.71,0.0,122.86,122.6,122.8,0.0,0
2025-05-12 23:00:00+00:00,122.84,122.84,0.0,122.95,122.7,122.71,0.0,0
2025-05-13 08:00:00+00:00,121.86,121.86,0.0,122.31,121.78,122.25,0.0,0
2025-05-13 09:00:00+00:00,122.1,122.1,0.0,122.1,121.67,121.88,0.0,0
2025-05-13 10:00:00+00:00,123.16,123.16,0.0,123.32,122.02,122.1,0.0,0
2025-05-13 11:00:00+00:00,123.36,123.36,0.0,123.55,122.83,123.16,0.0,0
2025-05-13 12:00:00+00:00,124.14,124.14,0.0,124.15,121.84,123.35,0.0,0
2025-05-13 13:00:00+00:00,124.99,124.99,0.0,125.08,124.05,124.14,0.0,0
2025-05-13 13:30:00+00:00,129.21499633789062,129.21499633789062,0.0,129.49989318847656,124.47000122070312,124.72000122070312,0.0,97107956
2025-05-13 14:30:00+00:00,129.8300018310547,129.8300018310547,0.0,130.8300018310547,128.9199981689453,129.22500610351562,0.0,69868680
2025-05-13 15:30:00+00:00,130.4600067138672,130.4600067138672,0.0,130.47999572753906,129.32000732421875,129.8350067138672,0.0,33679000
2025-05-13 16:30:00+00:00,130.8350067138672,130.8350067138672,0.0,130.99000549316406,130.08999633789062,130.4499969482422,0.0,24889147
2025-05-13 17:30:00+00:00,130.44500732421875,130.44500732421875,0.0,131.21890258789062,129.86000061035156,130.8350067138672,0.0,29883803
2025-05-13 18:30:00+00:00,130.21499633789062,130.21499633789062,0.0,130.6750030517578,129.72000122070312,130.4499969482422,0.0,25419839
2025-05-13 19:30:00+00:00,129.83999633789062,129.83999633789062,0.0,130.4499969482422,129.82000732421875,130.21499633789062,0.0,22868247
2025-05-13 20:00:00+00:00,129.44,129.44,0.0,130.01,126.1899,129.835,0.0,0
2025-05-13 21:00:00+00:00,130.25,130.25,0.0,130.59,120.7806,129.45,0.0,0
2025-05-13 22:00:00+00:00,130.44,130.44,0.0,130.48,95.78,130.24,0.0,0
2025-05-13 23:00:00+00:00,131.2798,131.2798,0.0,131.35,130.41,130.45,0.0,0
2025-05-14 08:00:00+00:00,132.31,132.31,0.0,132.57,131.32,132.1,0.0,0
2025-05-14 09:00:00+00:00,132.24,132.24,0.0,132.74,131.95,132.32,0.0,0
2025-05-14 10:00:00+00:00,132.28,132.28,0.0,132.56,131.9,132.26,0.0,0
2025-05-14 11:00:00+00:00,134.14,134.14,0.0,134.2,132.18,132.27,0.0,0
2025-05-14 12:00:00+00:00,133.83,133.83,0.0,134.25,129.93,134.14,0.0,0
2025-05-14 13:00:00+00:00,133.22,133.22,0.0,133.92,132.99,133.82,0.0,0
2025-05-14 13:30:00+00:00,132.66000366210938,132.66000366210938,0.0,134.86000061035156,131.67999267578125,133.1699981689453,0.0,92146747
2025-05-14 14:30:00+00:00,134.15499877929688,134.15499877929688,0.0,134.27999877929688,132.3699951171875,132.63999938964844,0.0,35295196
2025-05-14 15:30:00+00:00,134.97000122070312,134.97000122070312,0.0,135.11000061035156,133.9600067138672,134.15499877929688,0.0,30186219
2025-05-14 16:30:00+00:00,134.4600067138672,134.4600067138672,0.0,135.43499755859375,133.9600067138672,134.97830200195312,0.0,25502850
2025-05-14 17:30:00+00:00,134.55999755859375,134.55999755859375,0.0,135.14999389648438,134.22999572753906,134.46090698242188,0.0,18795906
2025-05-14 18:30:00+00:00,134.88999938964844,134.88999938964844,0.0,135.32000732421875,134.55149841308594,134.55499267578125,0.0,21685495
2025-05-14 19:30:00+00:00,135.34710693359375,135.34710693359375,0.0,135.39500427246094,134.25999450683594,134.88999938964844,0.0,23440039
2025-05-14 20:00:00+00:00,136.25,136.25,0.0,139.6468,126.957,135.34,0.0,0
2025-05-14 21:00:00+00:00,135.54,135.54,0.0,139.6468,128.6337,136.25,0.0,0
2025-05-14 22:00:00+00:00,135.9801,135.9801,0.0,136.0,135.45,135.55,0.0,0
2025-05-14 23:00:00+00:00,136.21,136.21,0.0,136.25,135.55,136.0,0.0,0
2025-05-15 08:00:00+00:00,133.37,133.37,0.0,134.34,133.01,133.51,0.0,0
2025-05-15 09:00:00+00:00,132.67,132.67,0.0,133.39,131.88,133.35,0.0,0
2025-05-15 10:00:00+00:00,133.26,133.26,0.0,133.6,132.45,132.67,0.0,0
2025-05-15 11:00:00+00:00,134.48,134.48,0.0,134.49,133.05,133.27,0.0,0
2025-05-15 12:00:00+00:00,133.939,133.939,0.0,135.92,131.88,134.48,0.0,0
2025-05-15 13:00:00+00:00,134.33,134.33,0.0,134.97,108.02,133.9,0.0,0
2025-05-15 13:30:00+00:00,133.27000427246094,133.27000427246094,0.0,134.72000122070312,132.66000366210938,133.8524932861328,0.0,64545441
2025-05-15 14:30:00+00:00,134.38499450683594,134.38499450683594,0.0,134.49000549316406,132.84010314941406,133.3000030517578,0.0,26958012
2025-05-15 15:30:00+00:00,135.2165985107422,135.2165985107422,0.0,135.25,134.2100067138672,134.39999389648438,0.0,22394144
2025-05-15 16:30:00+00:00,136.22000122070312,136.22000122070312,0.0,136.3000030517578,135.10000610351562,135.21499633789062,0.0,27539610
2025-05-15 17:30:00+00:00,135.36000061035156,135.36000061035156,0.0,136.22000122070312,134.75999450683594,136.22000122070312,0.0,22560474
2025-05-15 18:30:00+00:00,133.73500061035156,133.73500061035156,0.0,135.58999633789062,133.58999633789062,135.36000061035156,0.0,23291803
2025-05-15 19:30:00+00:00,134.89999389648438,134.89999389648438,0.0,134.9499969482422,133.72999572753906,133.73500061035156,0.0,19243632
2025-05-15 20:00:00+00:00,134.715,134.715,0.0,140.6607,125.4035,134.89,0.0,0
2025-05-15 21:00:00+00:00,134.36,134.36,0.0,134.83,132.77,134.7,0.0,0
2025-05-15 22:00:00+00:00,134.3802,134.3802,0.0,134.83,134.28,134.31,0.0,0
2025-05-15 23:00:00+00:00,134.6983,134.6983,0.0,134.88,134.31,134.39,0.0,0
2025-05-16 08:00:00+00:00,135.75,135.75,0.0,135.92,133.99,134.95,0.0,0
2025-05-16 09:00:00+00:00,135.81,135.81,0.0,136.08,135.69,135.75,0.0,0
2025-05-16 10:00:00+00:00,135.73,135.73,0.0,135.82,135.38,135.79,0.0,0
2025-05-16 11:00:00+00:00,136.1,136.1,0.0,136.16,135.61,135.72,0.0,0
2025-05-16 12:00:00+00:00,136.8,136.8,0.0,136.91,134.71,136.11,0.0,0
2025-05-16 13:00:00+00:00,136.2996,136.2996,0.0,136.86,135.82,136.81,0.0,0
2025-05-16 13:30:00+00:00,135.4250030517578,135.4250030517578,0.0,136.30999755859375,135.02000427246094,136.25,0.0,57460183
2025-05-16 14:30:00+00:00,134.86500549316406,134.86500549316406,0.0,135.42999267578125,133.4600067138672,135.4250030517578,0.0,34733736
2025-05-16 15:30:00+00:00,134.7949981689453,134.7949981689453,0.0,135.3300018310547,134.57000732421875,134.86000061035156,0.0,17561863
2025-05-16 16:30:00+00:00,135.82179260253906,135.82179260253906,0.0,135.82989501953125,134.42999267578125,134.8000030517578,0.0,19290065
2025-05-16 17:30:00+00:00,135.03500366210938,135.03500366210938,0.0,136.25,134.95199584960938,135.82009887695312,0.0,25639188
2025-05-16 18:30:00+00:00,135.08030700683594,135.08030700683594,0.0,135.63999938964844,135.01499938964844,135.03500366210938,0.0,17202833
2025-05-16 19:30:00+00:00,135.32000732421875,135.32000732421875,0.0,135.4199981689453,134.875,135.0850067138672,0.0,18371101
2025-05-16 20:00:00+00:00,134.87,134.87,0.0,135.5,134.71,135.32,0.0,0
2025-05-16 21:00:00+00:00,133.98,133.98,0.0,141.5192,130.6404,134.89,0.0,0
2025-05-16 22:00:00+00:00,132.545,132.545,0.0,134.38,131.83,133.97,0.0,0
2025-05-16 23:00:00+00:00,132.1,132.1,0.0,133.23,132.07,132.54,0.0,0
2025-05-19 08:00:00+00:00,130.53,130.53,0.0,132.57,130.52,132.32,0.0,0
2025-05-19 09:00:00+00:00,130.98,130.98,0.0,131.0,130.03,130.55,0.0,0
2025-05-19 10:00:00+00:00,131.35,131.35,0.0,131.4,130.61,130.98,0.0,0
2025-05-19 11:00:00+00:00,131.25,131.25,0.0,132.16,131.24,131.35,0.0,0
2025-05-19 12:00:00+00:00,131.6377,131.6377,0.0,133.23,130.03,131.22,0.0,0
2025-05-19 13:00:00+00:00,132.3901,132.3901,0.0,132.45,131.46,131.6124,0.0,0
2025-05-19 13:30:00+00:00,135.28500366210938,135.28500366210938,0.0,135.8699951171875,132.41000366210938,132.41000366210938,0.0,70608935
2025-05-19 14:30:00+00:00,134.9250030517578,134.9250030517578,0.0,135.39999389648438,134.27999877929688,135.2949981689453,0.0,30377827
2025-05-19 15:30:00+00:00,135.22500610351562,135.22500610351562,0.0,135.72000122070312,132.85000610351562,134.9199981689453,0.0,17839663
2025-05-19 16:30:00+00:00,135.27499389648438,135.27499389648438,0.0,135.6999969482422,134.69000244140625,135.22109985351562,0.0,15733373
2025-05-19 17:30:00+00:00,135.0850067138672,135.0850067138672,0.0,135.69000244140625,133.0,135.27999877929688,0.0,13132000
2025-05-19 18:30:00+00:00,135.1199951171875,135.1199951171875,0.0,135.47000122070312,134.99000549316406,135.0850067138672,0.0,13714659
2025-05-19 19:30:00+00:00,135.49000549316406,135.49000549316406,0.0,135.60000610351562,135.0800018310547,135.1199951171875,0.0,13501113
2025-05-19 20:00:00+00:00,135.38,135.38,0.0,135.96,126.1,135.49,0.0,0
2025-05-19 21:00:00+00:00,135.42,135.42,0.0,149.7202,95.1137,135.37,0.0,0
2025-05-19 22:00:00+00:00,135.375,135.375,0.0,135.44,135.32,135.4298,0.0,0
2025-05-19 23:00:00+00:00,135.67,135.67,0.0,135.9,135.36,135.375,0.0,0
2025-05-20 08:00:00+00:00,135.05,135.05,0.0,135.24,134.8,135.13,0.0,0
2025-05-20 09:00:00+00:00,134.95,134.95,0.0,135.25,134.91,135.07,0.0,0
2025-05-20 10:00:00+00:00,135.18,135.18,0.0,135.32,134.95,134.95,0.0,0
2025-05-20 11:00:00+00:00,135.28,135.28,0.0,135.42,135.06,135.21,0.0,0
2025-05-20 12:00:00+00:00,134.7976,134.7976,0.0,135.57,130.87,135.29,0.0,0
2025-05-20 13:00:00+00:00,134.27,134.27,0.0,136.485,132.2,134.8,0.0,0
2025-05-20 13:30:00+00:00,132.9499969482422,132.9499969482422,0.0,134.5800018310547,132.6199951171875,134.2899932861328,0.0,47478213
2025-05-20 14:30:00+00:00,133.77499389648438,133.77499389648438,0.0,133.9199981689453,132.75,132.94000244140625,0.0,23892925
2025-05-20 15:30:00+00:00,134.0845947265625,134.0845947265625,0.0,134.25999450683594,133.63999938964844,133.77999877929688,0.0,16269373
2025-05-20 16:30:00+00:00,134.10499572753906,134.10499572753906,0.0,134.44000244140625,134.02999877929688,134.0850067138672,0.0,12840545
2025-05-20 17:30:00+00:00,133.4499969482422,133.4499969482422,0.0,134.24000549316406,133.3699951171875,134.10000610351562,0.0,14347265
2025-05-20 18:30:00+00:00,133.81500244140625,133.81500244140625,0.0,133.9199981689453,133.02999877929688,133.4499969482422,0.0,16515666
2025-05-20 19:30:00+00:00,134.3800048828125,134.3800048828125,0.0,134.4600067138672,133.8000030517578,133.82000732421875,0.0,14603744
2025-05-20 20:00:00+00:00,134.6406,134.6406,0.0,135.25,134.11,134.39,0.0,0
2025-05-20 21:00:00+00:00,134.3,134.3,0.0,156.326,98.5324,134.68,0.0,0
2025-05-20 22:00:00+00:00,133.96,133.96,0.0,134.38,133.69,134.3179,0.0,0
2025-05-20 23:00:00+00:00,133.9805,133.9805,0.0,134.3,133.92,133.92,0.0,0
2025-05-21 08:00:00+00:00,133.13,133.13,0.0,133.67,133.1,133.57,0.0,0
2025-05-21 09:00:00+00:00,133.1,133.1,0.0,133.38,132.95,133.14,0.0,0
2025-05-21 10:00:00+00:00,132.8,132.8,0.0,133.25,132.65,133.11,0.0,0
2025-05-21 11:00:00+00:00,133.28,133.28,0.0,133.429,132.77,132.8,0.0,0
2025-05-21 12:00:00+00:00,133.57,133.57,0.0,133.96,132.65,133.281,0.0,0
2025-05-21 13:00:00+00:00,133.05,133.05,0.0,135.385,131.49,133.57,0.0,0
2025-05-21 13:30:00+00:00,134.0850067138672,134.0850067138672,0.0,134.89999389648438,133.44500732421875,133.65769958496094,0.0,43028055
2025-05-21 14:30:00+00:00,135.87579345703125,135.87579345703125,0.0,135.97999572753906,133.77000427246094,134.08999633789062,0.0,29055499
2025-05-21 15:30:00+00:00,137.0850067138672,137.0850067138672,0.0,137.39999389648438,135.72000122070312,135.875,0.0,35553645
2025-05-21 16:30:00+00:00,133.21499633789062,133.21499633789062,0.0,137.39999389648438,133.11500549316406,137.0850067138672,0.0,34652134
2025-05-21 17:30:00+00:00,132.84500122070312,132.84500122070312,0.0,134.22000122070312,132.28469848632812,133.22999572753906,0.0,43037831
2025-05-21 18:30:00+00:00,131.07870483398438,131.07870483398438,0.0,133.44500732421875,130.58999633789062,132.84500122070312,0.0,36210032
2025-05-21 19:30:00+00:00,131.72999572753906,131.72999572753906,0.0,132.41000366210938,131.07000732421875,131.0800018310547,0.0,23830741
2025-05-21 20:00:00+00:00,131.4296,131.4296,0.0,137.8184,129.2707,131.73,0.0,0
2025-05-21 21:00:00+00:00,131.45,131.45,0.0,137.8184,130.73,131.43,0.0,0
2025-05-21 22:00:00+00:00,131.3801,131.3801,0.0,131.59,131.2,131.46,0.0,0
2025-05-21 23:00:00+00:00,131.1699,131.1699,0.0,131.55,131.0,131.3845,0.0,0
2025-05-22 08:00:00+00:00,132.91,132.91,0.0,132.95,132.22,132.29,0.0,0
2025-05-22 09:00:00+00:00,132.67,132.67,0.0,132.93,132.46,132.88,0.0,0
2025-05-22 10:00:00+00:00,132.63,132.63,0.0,132.84,132.38,132.65,0.0,0
2025-05-22 11:00:00+00:00,132.53,132.53,0.0,132.87,132.2,132.61,0.0,0
2025-05-22 12:00:00+00:00,131.17,131.17,0.0,132.94,131.05,132.52,0.0,0
2025-05-22 13:00:00+00:00,132.23,132.23,0.0,137.175,114.5,131.19,0.0,0
2025-05-22 13:30:00+00:00,133.0399932861328,133.0399932861328,0.0,133.9499969482422,131.55479431152344,132.17999267578125,0.0,55798007
2025-05-22 14:30:00+00:00,132.8800048828125,132.8800048828125,0.0,133.5,132.52999877929688,133.0399932861328,0.0,25893008
2025-05-22 15:30:00+00:00,133.39500427246094,133.39500427246094,0.0,133.85000610351562,132.5800018310547,132.8800048828125,0.0,20481345
2025-05-22 16:30:00+00:00,133.51100158691406,133.51100158691406,0.0,133.6699981689453,133.00999450683594,133.40499877929688,0.0,16235179
2025-05-22 17:30:00+00:00,133.3350067138672,133.3350067138672,0.0,133.72000122070312,133.11000061035156,133.51730346679688,0.0,13441513
2025-05-22 18:30:00+00:00,133.918701171875,133.918701171875,0.0,134.25,133.21499633789062,133.3302001953125,0.0,20043231
2025-05-22 19:30:00+00:00,132.78990173339844,132.78990173339844,0.0,133.97000122070312,132.66000366210938,133.9199981689453,0.0,17337021
2025-05-22 20:00:00+00:00,133.05,133.05,0.0,136.4544,126.4343,132.78,0.0,0
2025-05-22 21:00:00+00:00,133.1,133.1,0.0,137.3102,125.0558,133.12,0.0,0
2025-05-22 22:00:00+00:00,132.8292,132.8292,0.0,133.19,132.61,133.105,0.0,0
2025-05-22 23:00:00+00:00,132.8602,132.8602,0.0,132.95,132.7,132.83,0.0,0
2025-05-23 08:00:00+00:00,133.15,133.15,0.0,133.27,132.87,133.08,0.0,0
2025-05-23 09:00:00+00:00,132.73,132.73,0.0,133.22,132.72,133.18,0.0,0
2025-05-23 10:00:00+00:00,132.9,132.9,0.0,133.1,132.32,132.75,0.0,0
2025-05-23 11:00:00+00:00,132.84,132.84,0.0,133.17,132.5,132.93,0.0,0
2025-05-23 12:00:00+00:00,128.6483,128.6483,0.0,133.25,127.79,132.85,0.0,0
2025-05-23 13:00:00+00:00,130.0,130.0,0.0,132.83,128.56,128.65,0.0,0
2025-05-23 13:30:00+00:00,130.52999877929688,130.52999877929688,0.0,131.19500732421875,129.1699981689453,129.99000549316406,0.0,60714536
2025-05-23 14:30:00+00:00,130.97999572753906,130.97999572753906,0.0,131.47999572753906,130.19000244140625,130.5500030517578,0.0,26901787
2025-05-23 15:30:00+00:00,131.00999450683594,131.00999450683594,0.0,131.2899932861328,130.6300048828125,130.9600067138672,0.0,19633301
2025-05-23 16:30:00+00:00,131.9499969482422,131.9499969482422,0.0,132.0989990234375,130.75,131.01109313964844,0.0,17553945
2025-05-23 17:30:00+00:00,132.13499450683594,132.13499450683594,0.0,132.67999267578125,131.4199981689453,131.94979858398438,0.0,23401439
2025-05-23 18:30:00+00:00,131.6239013671875,131.6239013671875,0.0,132.38999938964844,131.3000030517578,132.1300048828125,0.0,17163745
2025-05-23 19:30:00+00:00,131.30999755859375,131.30999755859375,0.0,132.0,131.13999938964844,131.625,0.0,18296554
2025-05-23 20:00:00+00:00,131.2599,131.2599,0.0,131.575,126.2261,131.3,0.0,0
2025-05-23 21:00:00+00:00,131.18,131.18,0.0,139.9864,122.2218,131.26,0.0,0
2025-05-23 22:00:00+00:00,131.19,131.19,0.0,131.24,131.15,131.18,0.0,0
2025-05-23 23:00:00+00:00,131.17,131.17,0.0,131.27,131.1497,131.19,0.0,0
2025-05-27 08:00:00+00:00,134.89,134.89,0.0,135.05,134.51,134.99,0.0,0
2025-05-27 09:00:00+00:00,134.57,134.57,0.0,134.95,134.5,134.94,0.0,0
2025-05-27 10:00:00+00:00,134.9,134.9,0.0,135.08,134.53,134.61,0.0,0
2025-05-27 11:00:00+00:00,134.51,134.51,0.0,135.0,134.3,134.91,0.0,0
2025-05-27 12:00:00+00:00,134.53,134.53,0.0,135.296,131.29,134.53,0.0,0
2025-05-27 13:00:00+00:00,134.09,134.09,0.0,135.0,129.57,134.54,0.0,0
2025-05-27 13:30:00+00:00,135.2917938232422,135.2917938232422,0.0,135.39999389648438,133.30999755859375,134.15249633789062,0.0,60714477
2025-05-27 14:30:00+00:00,135.2100067138672,135.2100067138672,0.0,135.55999755859375,134.94000244140625,135.3000030517578,0.0,25220857
2025-05-27 15:30:00+00:00,135.26199340820312,135.26199340820312,0.0,135.4499969482422,134.83999633789062,135.21499633789062,0.0,18583613
2025-05-27 16:30:00+00:00,135.60000610351562,135.60000610351562,0.0,135.66000366210938,135.17999267578125,135.26499938964844,0.0,15154754
2025-05-27 17:30:00+00:00,135.25160217285156,135.25160217285156,0.0,135.64999389648438,135.0449981689453,135.6011962890625,0.0,14567409
2025-05-27 18:30:00+00:00,135.13999938964844,135.13999938964844,0.0,135.4600067138672,135.00999450683594,135.2550048828125,0.0,16065055
2025-05-27 19:30:00+00:00,135.49000549316406,135.49000549316406,0.0,135.5,134.72000122070312,135.13999938964844,0.0,20197749
2025-05-27 20:00:00+00:00,135.25,135.25,0.0,143.506,135.06,135.49,0.0,0
2025-05-27 21:00:00+00:00,135.33,135.33,0.0,144.453,126.0626,135.26,0.0,0
2025-05-27 22:00:00+00:00,135.48,135.48,0.0,135.5,135.2,135.34,0.0,0
2025-05-27 23:00:00+00:00,135.58,135.58,0.0,135.6,135.41,135.48,0.0,0
2025-05-28 08:00:00+00:00,135.66,135.66,0.0,135.98,135.49,135.63,0.0,0
2025-05-28 09:00:00+00:00,135.49,135.49,0.0,135.69,135.03,135.69,0.0,0
2025-05-28 10:00:00+00:00,136.32,136.32,0.0,136.39,135.45,135.49,0.0,0
2025-05-28 11:00:00+00:00,136.21,136.21,0.0,136.56,136.11,136.34,0.0,0
2025-05-28 12:00:00+00:00,136.43,136.43,0.0,136.77,108.76,136.22,0.0,0
2025-05-28 13:00:00+00:00,136.01,136.01,0.0,136.6,128.3225,136.43,0.0,0
2025-05-28 13:30:00+00:00,135.26499938964844,135.26499938964844,0.0,136.3000030517578,135.0,136.0500030517578,0.0,54142058
2025-05-28 14:30:00+00:00,135.59190368652344,135.59190368652344,0.0,135.6300048828125,134.8000030517578,135.25999450683594,0.0,24001256
2025-05-28 15:30:00+00:00,135.9403076171875,135.9403076171875,0.0,136.10000610351562,135.47999572753906,135.59500122070312,0.0,21989816
2025-05-28 16:30:00+00:00,136.4499969482422,136.4499969482422,0.0,136.5,135.52000427246094,135.93499755859375,0.0,22906136
2025-05-28 17:30:00+00:00,136.6699981689453,136.6699981689453,0.0,137.25,136.24000549316406,136.4499969482422,0.0,27863769
2025-05-28 18:30:00+00:00,136.8300018310547,136.8300018310547,0.0,137.19000244140625,136.31500244140625,136.66000366210938,0.0,30892124
2025-05-28 19:30:00+00:00,134.8115997314453,134.8115997314453,0.0,136.8300018310547,134.7899932861328,136.8300018310547,0.0,34431570
2025-05-28 20:00:00+00:00,141.7699,141.7699,0.0,172.7204,93.4608,134.82,0.0,0
2025-05-28 21:00:00+00:00,140.65,140.65,0.0,172.7204,93.4608,141.7518,0.0,0
2025-05-28 22:00:00+00:00,140.78,140.78,0.0,141.2,140.23,140.87,0.0,0
2025-05-28 23:00:00+00:00,141.37,141.37,0.0,142.0,140.6701,140.79,0.0,0
2025-05-29 08:00:00+00:00,141.52,141.52,0.0,142.45,141.4,142.07,0.0,0
2025-05-29 09:00:00+00:00,142.36,142.36,0.0,142.42,141.34,141.55,0.0,0
2025-05-29 10:00:00+00:00,142.94,142.94,0.0,143.84,142.36,142.37,0.0,0
2025-05-29 11:00:00+00:00,142.29,142.29,0.0,143.39,142.11,142.94,0.0,0
2025-05-29 12:00:00+00:00,142.18,142.18,0.0,143.83,134.81,142.28,0.0,0
2025-05-29 13:00:00+00:00,142.24,142.24,0.0,142.84,135.205,142.1607,0.0,0
2025-05-29 13:30:00+00:00,140.61929321289062,140.61929321289062,0.0,143.49000549316406,139.2899932861328,142.24000549316406,0.0,149521246
2025-05-29 14:30:00+00:00,141.66000366210938,141.66000366210938,0.0,141.94000244140625,140.17999267578125,140.61500549316406,0.0,50432815
2025-05-29 15:30:00+00:00,140.57020568847656,140.57020568847656,0.0,141.7100067138672,140.05499267578125,141.65499877929688,0.0,32266412
2025-05-29 16:30:00+00:00,139.875,139.875,0.0,141.0500030517578,139.67999267578125,140.57000732421875,0.0,24634864
2025-05-29 17:30:00+00:00,138.44419860839844,138.44419860839844,0.0,139.99000549316406,137.91000366210938,139.87010192871094,0.0,39127901
2025-05-29 18:30:00+00:00,138.91000366210938,138.91000366210938,0.0,139.42999267578125,138.44000244140625,138.44500732421875,0.0,29054162
2025-05-29 19:30:00+00:00,139.17999267578125,139.17999267578125,0.0,139.4600067138672,138.44000244140625,138.89999389648438,0.0,24908972
2025-05-29 20:00:00+00:00,138.695,138.695,0.0,177.9765,91.3088,139.18,0.0,0
2025-05-29 21:00:00+00:00,138.05,138.05,0.0,175.529,94.7316,138.7,0.0,0
2025-05-29 22:00:00+00:00,137.86,137.86,0.0,138.35,137.81,138.08,0.0,0
2025-05-29 23:00:00+00:00,137.8,137.8,0.0,138.09,137.8,137.85,0.0,0
2025-05-30 08:00:00+00:00,138.38,138.38,0.0,139.07,137.81,137.81,0.0,0
2025-05-30 09:00:00+00:00,138.33,138.33,0.0,138.49,138.02,138.4,0.0,0
2025-05-30 10:00:00+00:00,138.42,138.42,0.0,138.42,138.05,138.35,0.0,0
2025-05-30 11:00:00+00:00,138.96,138.96,0.0,139.34,138.27,138.42,0.0,0
2025-05-30 12:00:00+00:00,138.178,138.178,0.0,139.35,137.65,138.97,0.0,0
2025-05-30 13:00:00+00:00,138.69,138.69,0.0,138.7591,138.01,138.15,0.0,0
2025-05-30 13:30:00+00:00,137.36000061035156,137.36000061035156,0.0,139.61000061035156,135.8000030517578,138.99000549316406,0.0,70550253
2025-05-30 14:30:00+00:00,136.10499572753906,136.10499572753906,0.0,137.4499969482422,135.5449981689453,137.35000610351562,0.0,36076531
2025-05-30 15:30:00+00:00,133.58999633789062,133.58999633789062,0.0,136.22000122070312,133.38999938964844,136.10499572753906,0.0,41219309
2025-05-30 16:30:00+00:00,134.46229553222656,134.46229553222656,0.0,134.91000366210938,132.9199981689453,133.58999633789062,0.0,38667810
2025-05-30 17:30:00+00:00,134.77999877929688,134.77999877929688,0.0,135.10000610351562,133.7899932861328,134.4600067138672,0.0,25333394
2025-05-30 18:30:00+00:00,135.26499938964844,135.26499938964844,0.0,135.47000122070312,134.2100067138672,134.77999877929688,0.0,25676693
2025-05-30 19:30:00+00:00,134.83999633789062,134.83999633789062,0.0,135.74000549316406,134.4199981689453,135.27000427246094,0.0,30087974
2025-05-30 20:00:00+00:00,134.99,134.99,0.0,175.3419,96.152,134.84,0.0,0
2025-05-30 21:00:00+00:00,135.24,135.24,0.0,169.25,96.152,135.0,0.0,0
2025-05-30 22:00:00+00:00,134.77,134.77,0.0,135.25,134.75,135.24,0.0,0
2025-05-30 23:00:00+00:00,134.5482,134.5482,0.0,134.95,134.4,134.8,0.0,0
2025-06-02 08:00:00+00:00,133.91,133.91,0.0,134.18,133.56,133.56,0.0,0
2025-06-02 09:00:00+00:00,133.92,133.92,0.0,133.98,133.6,133.89,0.0,0
2025-06-02 10:00:00+00:00,133.83,133.83,0.0,134.08,133.65,133.9,0.0,0
2025-06-02 11:00:00+00:00,134.32,134.32,0.0,134.67,133.75,133.83,0.0,0
2025-06-02 12:00:00+00:00,134.31,134.31,0.0,134.793,133.05,134.31,0.0,0
2025-06-02 13:00:00+00:00,135.58,135.58,0.0,135.65,134.28,134.3,0.0,0
2025-06-02 13:30:00+00:00,136.66009521484375,136.66009521484375,0.0,137.66000366210938,135.86000061035156,136.375,0.0,56937755
2025-06-02 14:30:00+00:00,136.45989990234375,136.45989990234375,0.0,137.17999267578125,136.0,136.66000366210938,0.0,23706991
2025-06-02 15:30:00+00:00,137.4075927734375,137.4075927734375,0.0,137.63999938964844,136.36000061035156,136.47000122070312,0.0,20963251
2025-06-02 16:30:00+00:00,137.57000732421875,137.57000732421875,0.0,137.73500061035156,137.05999755859375,137.38999938964844,0.0,14436996
2025-06-02 17:30:00+00:00,138.03140258789062,138.03140258789062,0.0,138.1199951171875,137.1199951171875,137.5601043701172,0.0,16905714
2025-06-02 18:30:00+00:00,137.625,137.625,0.0,138.0500030517578,137.50999450683594,138.0399932861328,0.0,14148724
2025-06-02 19:30:00+00:00,137.3699951171875,137.3699951171875,0.0,137.6999969482422,136.9600067138672,137.62669372558594,0.0,16432511
2025-06-02 20:00:00+00:00,137.69,137.69,0.0,137.73,133.6,137.37,0.0,0
2025-06-02 21:00:00+00:00,137.74,137.74,0.0,137.88,107.57,137.695,0.0,0
2025-06-02 22:00:00+00:00,137.5297,137.5297,0.0,137.75,137.47,137.73,0.0,0
2025-06-02 23:00:00+00:00,137.4,137.4,0.0,137.7,137.31,137.52,0.0,0
2025-06-03 08:00:00+00:00,136.75,136.75,0.0,137.26,136.51,137.26,0.0,0
2025-06-03 09:00:00+00:00,137.17,137.17,0.0,137.25,136.73,136.73,0.0,0
2025-06-03 10:00:00+00:00,137.34,137.34,0.0,137.34,136.95,137.16,0.0,0
2025-06-03 11:00:00+00:00,137.9,137.9,0.0,137.9,137.32,137.35,0.0,0
2025-06-03 12:00:00+00:00,138.13,138.13,0.0,138.3,136.51,137.88,0.0,0
2025-06-03 13:00:00+00:00,138.75,138.75,0.0,138.89,137.88,138.12,0.0,0
2025-06-03 13:30:00+00:00,141.3000030517578,141.3000030517578,0.0,141.5,137.9550018310547,138.7626953125,0.0,72503390
2025-06-03 14:30:00+00:00,141.8199005126953,141.8199005126953,0.0,142.0,140.8800048828125,141.2917022705078,0.0,33656146
2025-06-03 15:30:00+00:00,141.56500244140625,141.56500244140625,0.0,141.9398956298828,140.32000732421875,141.80999755859375,0.0,21536837
2025-06-03 16:30:00+00:00,141.61500549316406,141.61500549316406,0.0,141.86000061035156,141.5500030517578,141.56820678710938,0.0,13738770
2025-06-03 17:30:00+00:00,141.15980529785156,141.15980529785156,0.0,141.6750030517578,140.25999450683594,141.6165008544922,0.0,22293768
2025-06-03 18:30:00+00:00,141.4499969482422,141.4499969482422,0.0,141.52999877929688,140.9199981689453,141.16000366210938,0.0,15855554
2025-06-03 19:30:00+00:00,141.27000427246094,141.27000427246094,0.0,141.47999572753906,141.0399932861328,141.44500732421875,0.0,18234984
2025-06-03 20:00:00+00:00,141.1,141.1,0.0,146.8956,131.6111,141.26,0.0,0
2025-06-03 21:00:00+00:00,141.17,141.17,0.0,143.8811,141.03,141.09,0.0,0
2025-06-03 22:00:00+00:00,141.4793,141.4793,0.0,141.5,141.1,141.16,0.0,0
2025-06-03 23:00:00+00:00,141.4993,141.4993,0.0,141.5295,141.33,141.46,0.0,0
2025-06-04 08:00:00+00:00,142.07,142.07,0.0,142.36,141.55,141.6,0.0,0
2025-06-04 09:00:00+00:00,142.31,142.31,0.0,142.38,142.03,142.05,0.0,0
2025-06-04 10:00:00+00:00,142.22,142.22,0.0,142.62,142.17,142.3,0.0,0
2025-06-04 11:00:00+00:00,142.24,142.24,0.0,142.43,142.06,142.25,0.0,0
2025-06-04 12:00:00+00:00,141.92,141.92,0.0,142.63,141.22,142.24,0.0,0
2025-06-04 13:00:00+00:00,142.2,142.2,0.0,142.33,141.9,141.92,0.0,0
2025-06-04 13:30:00+00:00,140.98500061035156,140.98500061035156,0.0,142.38999938964844,139.5449981689453,142.22000122070312,0.0,54713686
2025-06-04 14:30:00+00:00,141.3249969482422,141.3249969482422,0.0,141.5500030517578,140.7100067138672,140.98500061035156,0.0,22934690
2025-06-04 15:30:00+00:00,140.51010131835938,140.51010131835938,0.0,141.4199981689453,140.47999572753906,141.32000732421875,0.0,16773873
2025-06-04 16:30:00+00:00,140.7899932861328,140.7899932861328,0.0,140.97000122070312,140.35009765625,140.50999450683594,0.0,13648099
2025-06-04 17:30:00+00:00,141.61880493164062,141.61880493164062,0.0,141.6300048828125,140.66000366210938,140.7899932861328,0.0,12028629
2025-06-04 18:30:00+00:00,141.6699981689453,141.6699981689453,0.0,141.9600067138672,141.4217071533203,141.6199951171875,0.0,16668260
2025-06-04 19:30:00+00:00,141.83009338378906,141.83009338378906,0.0,141.97000122070312,141.38999938964844,141.6750030517578,0.0,14052117
2025-06-04 20:00:00+00:00,141.55,141.55,0.0,175.0185,74.3526,141.84,0.0,0
2025-06-04 21:00:00+00:00,141.63,141.63,0.0,173.4061,97.8397,141.59,0.0,0
2025-06-04 22:00:00+00:00,141.48,141.48,0.0,141.69,141.47,141.64,0.0,0
2025-06-04 23:00:00+00:00,141.3481,141.3481,0.0,141.6,141.3,141.48,0.0,0
2025-06-05 08:00:00+00:00,142.24,142.24,0.0,142.28,141.69,141.69,0.0,0
2025-06-05 09:00:00+00:00,141.74,141.74,0.0,142.36,141.65,142.27,0.0,0
2025-06-05 10:00:00+00:00,141.88,141.88,0.0,141.91,141.67,141.73,0.0,0
2025-06-05 11:00:00+00:00,141.17,141.17,0.0,141.95,141.11,141.85,0.0,0
2025-06-05 12:00:00+00:00,141.4498,141.4498,0.0,142.3576,141.1201,141.2,0.0,0
2025-06-05 13:00:00+00:00,142.165,142.165,0.0,142.255,129.93,141.41,0.0,0
2025-06-05 13:30:00+00:00,141.97830200195312,141.97830200195312,0.0,143.1999969482422,140.74000549316406,143.00399780273438,0.0,47304437
2025-06-05 14:30:00+00:00,143.0388946533203,143.0388946533203,0.0,143.25,141.0800018310547,141.97000122070312,0.0,31955898
2025-06-05 15:30:00+00:00,143.0050048828125,143.0050048828125,0.0,144.0,142.58990478515625,143.03179931640625,0.0,32856742
2025-06-05 16:30:00+00:00,141.57870483398438,141.57870483398438,0.0,143.0749969482422,140.77999877929688,143.0,0.0,25643548
2025-06-05 17:30:00+00:00,140.71499633789062,140.71499633789062,0.0,141.78990173339844,139.7899932861328,141.57350158691406,0.0,21809449
2025-06-05 18:30:00+00:00,139.59010314941406,139.59010314941406,0.0,141.125,138.8300018310547,140.71499633789062,0.0,22827344
2025-06-05 19:30:00+00:00,139.9499969482422,139.9499969482422,0.0,140.89999389648438,139.57069396972656,139.61000061035156,0.0,18670737
2025-06-05 20:00:00+00:00,138.1,138.1,0.0,172.922,101.49,139.95,0.0,0
2025-06-05 21:00:00+00:00,138.03,138.03,0.0,139.99,115.9171,138.12,0.0,0
2025-06-05 22:00:00+00:00,138.94,138.94,0.0,139.99,138.03,138.05,0.0,0
2025-06-05 23:00:00+00:00,138.955,138.955,0.0,139.35,138.9,138.96,0.0,0
2025-06-06 08:00:00+00:00,140.09,140.09,0.0,140.46,139.77,140.29,0.0,0
2025-06-06 09:00:00+00:00,140.53,140.53,0.0,140.69,140.06,140.12,0.0,0
2025-06-06 10:00:00+00:00,140.78,140.78,0.0,140.93,140.46,140.51,0.0,0
2025-06-06 11:00:00+00:00,140.63,140.63,0.0,140.81,140.25,140.75,0.0,0
2025-06-06 12:00:00+00:00,140.88,140.88,0.0,140.93,139.776,140.5,0.0,0
2025-06-06 13:00:00+00:00,142.57,142.57,0.0,142.71,140.88,140.88,0.0,0
2025-06-06 13:30:00+00:00,141.64500427246094,141.64500427246094,0.0,143.27000427246094,141.50999450683594,142.25,0.0,48131114
2025-06-06 14:30:00+00:00,141.7899932861328,141.7899932861328,0.0,142.7899932861328,141.55999755859375,141.82000732421875,0.0,22693222
2025-06-06 15:30:00+00:00,142.25999450683594,142.25999450683594,0.0,142.8800048828125,141.5800018310547,141.7899932861328,0.0,16272911
2025-06-06 16:30:00+00:00,142.11500549316406,142.11500549316406,0.0,142.41000366210938,141.5399932861328,142.3199005126953,0.0,12379647
2025-06-06 17:30:00+00:00,142.36500549316406,142.36500549316406,0.0,142.72999572753906,142.02999877929688,142.11500549316406,0.0,11651566
2025-06-06 18:30:00+00:00,142.07179260253906,142.07179260253906,0.0,142.86000061035156,141.9600067138672,142.3614959716797,0.0,13192321
2025-06-06 19:30:00+00:00,141.69000244140625,141.69000244140625,0.0,142.11000061035156,141.63999938964844,142.07000732421875,0.0,14850249
2025-06-06 20:00:00+00:00,141.95,141.95,0.0,144.7735,138.424,141.685,0.0,0
2025-06-06 21:00:00+00:00,141.69,141.69,0.0,151.4433,133.6858,141.965,0.0,0
2025-06-06 22:00:00+00:00,141.76,141.76,0.0,141.84,141.68,141.7,0.0,0
2025-06-06 23:00:00+00:00,141.8997,141.8997,0.0,141.9,141.7,141.77,0.0,0
2025-06-09 08:00:00+00:00,142.47,142.47,0.0,142.51,142.13,142.19,0.0,0
2025-06-09 09:00:00+00:00,142.41,142.41,0.0,142.48,142.27,142.45,0.0,0
2025-06-09 10:00:00+00:00,142.24,142.24,0.0,142.49,142.19,142.41,0.0,0
2025-06-09 11:00:00+00:00,142.28,142.28,0.0,142.43,142.14,142.24,0.0,0
2025-06-09 12:00:00+00:00,143.2706,143.2706,0.0,143.35,141.366,142.299,0.0,0
2025-06-09 13:00:00+00:00,143.2,143.2,0.0,143.58,143.02,143.2896,0.0,0
2025-06-09 13:30:00+00:00,144.375,144.375,0.0,144.6999969482422,142.89999389648438,143.1999969482422,0.0,46562468
2025-06-09 14:30:00+00:00,143.1800994873047,143.1800994873047,0.0,145.0,143.0800018310547,144.375,0.0,32958581
2025-06-09 15:30:00+00:00,142.22500610351562,142.22500610351562,0.0,143.50010681152344,142.02830505371094,143.19000244140625,0.0,35668047
2025-06-09 16:30:00+00:00,142.77000427246094,142.77000427246094,0.0,143.04510498046875,142.16000366210938,142.22999572753906,0.0,14458248
2025-06-09 17:30:00+00:00,142.83990478515625,142.83990478515625,0.0,142.89999389648438,141.97000122070312,142.77499389648438,0.0,12523340
2025-06-09 18:30:00+00:00,142.77499389648438,142.77499389648438,0.0,143.02999877929688,142.52999877929688,142.8300018310547,0.0,12378395
2025-06-09 19:30:00+00:00,142.5500030517578,142.5500030517578,0.0,142.77999877929688,142.19000244140625,142.77000427246094,0.0,14675807
2025-06-09 20:00:00+00:00,142.6993,142.6993,0.0,143.8339,139.6028,142.55,0.0,0
2025-06-09 21:00:00+00:00,142.73,142.73,0.0,149.9201,135.1536,142.7,0.0,0
2025-06-09 22:00:00+00:00,142.7695,142.7695,0.0,142.84,142.61,142.7287,0.0,0
2025-06-09 23:00:00+00:00,142.6799,142.6799,0.0,142.95,142.6,142.7598,0.0,0
2025-06-10 08:00:00+00:00,142.25,142.25,0.0,142.85,142.05,142.46,0.0,0
2025-06-10 09:00:00+00:00,142.9,142.9,0.0,142.97,142.22,142.27,0.0,0
2025-06-10 10:00:00+00:00,143.02,143.02,0.0,143.28,142.79,142.9,0.0,0
2025-06-10 11:00:00+00:00,142.96,142.96,0.0,143.19,142.84,143.05,0.0,0
2025-06-10 12:00:00+00:00,143.36,143.36,0.0,143.45,142.06,142.95,0.0,0
2025-06-10 13:00:00+00:00,142.67,142.67,0.0,143.4,142.34,143.355,0.0,0
2025-06-10 13:30:00+00:00,142.8000030517578,142.8000030517578,0.0,143.07000732421875,141.80999755859375,142.6699981689453,0.0,36348920
2025-06-10 14:30:00+00:00,142.68699645996094,142.68699645996094,0.0,143.13980102539062,142.30999755859375,142.7949981689453,0.0,19012075
2025-06-10 15:30:00+00:00,143.11500549316406,143.11500549316406,0.0,143.14990234375,141.52499389648438,142.67999267578125,0.0,17762944
2025-06-10 16:30:00+00:00,142.65499877929688,142.65499877929688,0.0,143.28500366210938,142.64999389648438,143.11000061035156,0.0,11320481
2025-06-10 17:30:00+00:00,143.11990356445312,143.11990356445312,0.0,143.1300048828125,142.10499572753906,142.6501007080078,0.0,11735743
2025-06-10 18:30:00+00:00,144.0,144.0,0.0,144.2899932861328,142.88999938964844,143.1199951171875,0.0,21355092
2025-06-10 19:30:00+00:00,143.9499969482422,143.9499969482422,0.0,144.0,143.22999572753906,143.99000549316406,0.0,15565383
2025-06-10 20:00:00+00:00,143.9,143.9,0.0,150.6163,139.635,143.95,0.0,0
2025-06-10 21:00:00+00:00,143.83,143.83,0.0,150.6163,141.4008,143.93,0.0,0
2025-06-10 22:00:00+00:00,143.84,143.84,0.0,143.96,143.74,143.82,0.0,0
2025-06-10 23:00:00+00:00,143.76,143.76,0.0,143.98,143.64,143.86,0.0,0
2025-06-11 08:00:00+00:00,143.66,143.66,0.0,143.97,143.55,143.55,0.0,0
2025-06-11 09:00:00+00:00,143.84,143.84,0.0,143.93,143.63,143.65,0.0,0
2025-06-11 10:00:00+00:00,143.88,143.88,0.0,143.92,143.66,143.86,0.0,0
2025-06-11 11:00:00+00:00,143.85,143.85,0.0,144.27,143.7,143.86,0.0,0
2025-06-11 12:00:00+00:00,144.025,144.025,0.0,144.52,143.6036,143.88,0.0,0
2025-06-11 13:00:00+00:00,144.59,144.59,0.0,145.29,142.475,144.03,0.0,0
2025-06-11 13:30:00+00:00,144.477294921875,144.477294921875,0.01,144.99000549316406,143.02000427246094,144.61000061035156,0.0,49613839
2025-06-11 14:30:00+00:00,144.1501007080078,144.1501007080078,0.0,144.6898956298828,143.42999267578125,144.48500061035156,0.0,23256895
2025-06-11 15:30:00+00:00,143.37989807128906,143.37989807128906,0.0,144.22999572753906,142.7729949951172,144.1199951171875,0.0,18477391
2025-06-11 16:30:00+00:00,143.7100067138672,143.7100067138672,0.0,143.85000610351562,143.0218048095703,143.3759002685547,0.0,11585509
2025-06-11 17:30:00+00:00,142.4716033935547,142.4716033935547,0.0,143.8000030517578,142.02000427246094,143.72500610351562,0.0,18120336
2025-06-11 18:30:00+00:00,142.39999389648438,142.39999389648438,0.0,142.9600067138672,141.8699951171875,142.47000122070312,0.0,17550577
2025-06-11 19:30:00+00:00,142.83999633789062,142.83999633789062,0.0,142.97999572753906,142.2899932861328,142.39500427246094,0.0,13674586
2025-06-11 20:00:00+00:00,143.03,143.03,0.0,150.1338,137.104,142.85,0.0,0
2025-06-11 21:00:00+00:00,142.93,142.93,0.0,143.34,138.5292,143.05,0.0,0
2025-06-11 22:00:00+00:00,142.41,142.41,0.0,143.0799,142.3501,142.95,0.0,0
2025-06-11 23:00:00+00:00,142.22,142.22,0.0,142.83,142.18,142.47,0.0,0
2025-06-12 08:00:00+00:00,141.37,141.37,0.0,142.28,141.0,142.27,0.0,0
2025-06-12 09:00:00+00:00,141.45,141.45,0.0,141.94,141.3,141.38,0.0,0
2025-06-12 10:00:00+00:00,141.18,141.18,0.0,142.01,140.92,141.8,0.0,0
2025-06-12 11:00:00+00:00,140.95,140.95,0.0,141.44,140.9,141.21,0.0,0
2025-06-12 12:00:00+00:00,140.86,140.86,0.0,142.83,140.45,140.93,0.0,0
2025-06-12 13:00:00+00:00,142.01,142.01,0.0,144.81,140.8601,140.89,0.0,0
2025-06-12 13:30:00+00:00,144.06500244140625,144.06500244140625,0.0,144.17999267578125,141.8699951171875,141.97999572753906,0.0,43378306
2025-06-12 14:30:00+00:00,144.45120239257812,144.45120239257812,0.0,145.0,143.9949951171875,144.07000732421875,0.0,33988311
2025-06-12 15:30:00+00:00,144.4499969482422,144.4499969482422,0.0,144.72000122070312,143.97000122070312,144.44500732421875,0.0,15078767
2025-06-12 16:30:00+00:00,144.3300018310547,144.3300018310547,0.0,144.60000610351562,144.02999877929688,144.4550018310547,0.0,11353255
2025-06-12 17:30:00+00:00,144.47500610351562,144.47500610351562,0.0,144.8350067138672,144.32000732421875,144.3249969482422,0.0,12360146
2025-06-12 18:30:00+00:00,144.7550048828125,144.7550048828125,0.0,144.89999389648438,144.25,144.47500610351562,0.0,14644653
2025-06-12 19:30:00+00:00,145.0,145.0,0.0,145.0,144.5,144.75,0.0,15549176
2025-06-12 20:00:00+00:00,144.8199,144.8199,0.0,145.7486,144.63,144.995,0.0,0
2025-06-12 21:00:00+00:00,144.87,144.87,0.0,145.0,144.77,144.8,0.0,0
2025-06-12 22:00:00+00:00,144.56,144.56,0.0,144.8897,144.5,144.87,0.0,0
2025-06-12 23:00:00+00:00,144.5,144.5,0.0,145.0,144.3698,144.55,0.0,0
2025-06-13 08:00:00+00:00,142.72,142.72,0.0,143.19,142.04,142.13,0.0,0
2025-06-13 09:00:00+00:00,142.17,142.17,0.0,142.8,141.73,142.72,0.0,0
2025-06-13 10:00:00+00:00,142.11,142.11,0.0,142.49,141.9,142.16,0.0,0
2025-06-13 11:00:00+00:00,142.65,142.65,0.0,143.24,142.0,142.12,0.0,0
2025-06-13 12:00:00+00:00,143.21,143.21,0.0,145.0,141.52,142.63,0.0,0
2025-06-13 13:00:00+00:00,142.46,142.46,0.0,143.23,142.19,143.23,0.0,0
2025-06-13 13:30:00+00:00,141.1999969482422,141.1999969482422,0.0,143.5800018310547,141.0749969482422,143.3699951171875,0.0,51872162
2025-06-13 14:30:00+00:00,142.91650390625,142.91650390625,0.0,142.94000244140625,141.0800018310547,141.19500732421875,0.0,23127908
2025-06-13 15:30:00+00:00,143.0749969482422,143.0749969482422,0.0,143.3699951171875,142.8719024658203,142.9149932861328,0.0,13935311
2025-06-13 16:30:00+00:00,142.65499877929688,142.65499877929688,0.0,143.36000061035156,142.49000549316406,143.0800018310547,0.0,14462880
2025-06-13 17:30:00+00:00,141.60000610351562,141.60000610351562,0.0,142.8498992919922,141.56500244140625,142.65499877929688,0.0,16100745
2025-06-13 18:30:00+00:00,141.5050048828125,141.5050048828125,0.0,142.0800018310547,140.85499572753906,141.58999633789062,0.0,22482726
2025-06-13 19:30:00+00:00,141.9600067138672,141.9600067138672,0.0,142.0,141.4600067138672,141.5050048828125,0.0,20970591
2025-06-13 20:00:00+00:00,141.8483,141.8483,0.0,142.13,108.92,141.96,0.0,0
2025-06-13 21:00:00+00:00,141.83,141.83,0.0,177.4003,99.5178,141.81,0.0,0
2025-06-13 22:00:00+00:00,141.84,141.84,0.0,141.88,141.75,141.845,0.0,0
2025-06-13 23:00:00+00:00,141.8,141.8,0.0,141.85,141.7,141.82,0.0,0
2025-06-16 08:00:00+00:00,143.13,143.13,0.0,143.15,142.68,142.68,0.0,0
2025-06-16 09:00:00+00:00,142.72,142.72,0.0,143.25,142.64,143.12,0.0,0
2025-06-16 10:00:00+00:00,142.94,142.94,0.0,142.96,142.73,142.73,0.0,0
2025-06-16 11:00:00+00:00,143.08,143.08,0.0,143.3,142.88,142.95,0.0,0
2025-06-16 12:00:00+00:00,143.42,143.42,0.0,143.54,142.6,143.09,0.0,0
2025-06-16 13:00:00+00:00,143.32,143.32,0.0,143.5,141.97,143.44,0.0,0
2025-06-16 13:30:00+00:00,144.47999572753906,144.47999572753906,0.0,144.88999938964844,143.20010375976562,143.34500122070312,0.0,44856735
2025-06-16 14:30:00+00:00,145.4698028564453,145.4698028564453,0.0,146.1750030517578,144.02000427246094,144.47500610351562,0.0,42997672
2025-06-16 15:30:00+00:00,145.9550018310547,145.9550018310547,0.0,146.05999755859375,145.4019012451172,145.4600067138672,0.0,17537399
2025-06-16 16:30:00+00:00,145.625,145.625,0.0,146.0399932861328,145.360107421875,146.0,0.0,15141052
2025-06-16 17:30:00+00:00,145.22999572753906,145.22999572753906,0.0,145.6999969482422,145.02999877929688,145.625,0.0,13046550
2025-06-16 18:30:00+00:00,144.97000122070312,144.97000122070312,0.0,145.25999450683594,144.7100067138672,145.2216033935547,0.0,15532334
2025-06-16 19:30:00+00:00,144.6699981689453,144.6699981689453,0.0,145.0,144.27000427246094,144.97500610351562,0.0,15755840
2025-06-16 20:00:00+00:00,144.54,144.54,0.0,176.8173,111.718,144.69,0.0,0
2025-06-16 21:00:00+00:00,144.6007,144.6007,0.0,176.8173,107.7797,144.52,0.0,0
2025-06-16 22:00:00+00:00,144.12,144.12,0.0,144.78,144.03,144.62,0.0,0
2025-06-16 23:00:00+00:00,143.66,143.66,0.0,144.36,143.66,144.13,0.0,0
2025-06-17 08:00:00+00:00,144.55,144.55,0.0,144.65,144.01,144.15,0.0,0
2025-06-17 09:00:00+00:00,144.7,144.7,0.0,145.29,144.52,144.57,0.0,0
2025-06-17 10:00:00+00:00,144.3,144.3,0.0,144.85,144.25,144.71,0.0,0
2025-06-17 11:00:00+00:00,144.78,144.78,0.0,144.92,143.8,144.32,0.0,0
2025-06-17 12:00:00+00:00,145.36,145.36,0.0,145.44,143.7,144.74,0.0,0
2025-06-17 13:00:00+00:00,144.51,144.51,0.0,145.42,140.6,145.36,0.0,0
2025-06-17 13:30:00+00:00,144.3986053466797,144.3986053466797,0.0,145.22000122070312,144.0399932861328,144.875,0.0,35665612
2025-06-17 14:30:00+00:00,144.50999450683594,144.50999450683594,0.0,144.9499969482422,144.24000549316406,144.38999938964844,0.0,15413357
2025-06-17 15:30:00+00:00,145.02000427246094,145.02000427246094,0.0,145.1649932861328,144.22000122070312,144.50999450683594,0.0,15381526
2025-06-17 16:30:00+00:00,144.8300018310547,144.8300018310547,0.0,145.125,144.25,145.02000427246094,0.0,14502323
2025-06-17 17:30:00+00:00,144.17999267578125,144.17999267578125,0.0,145.07000732421875,143.9600067138672,144.82000732421875,0.0,16341184
2025-06-17 18:30:00+00:00,144.27609252929688,144.27609252929688,0.0,144.5,143.77999877929688,144.19000244140625,0.0,11499700
2025-06-17 19:30:00+00:00,144.0399932861328,144.0399932861328,0.0,144.74000549316406,144.00999450683594,144.27499389648438,0.0,12690439
2025-06-17 20:00:00+00:00,144.03,144.03,0.0,178.8647,95.664,144.04,0.0,0
2025-06-17 21:00:00+00:00,143.74,143.74,0.0,155.8825,109.8241,144.03,0.0,0
2025-06-17 22:00:00+00:00,143.36,143.36,0.0,143.74,143.33,143.74,0.0,0
2025-06-17 23:00:00+00:00,143.63,143.63,0.0,143.66,143.26,143.36,0.0,0
2025-06-18 08:00:00+00:00,144.45,144.45,0.0,144.57,144.24,144.3,0.0,0
2025-06-18 09:00:00+00:00,144.84,144.84,0.0,144.97,144.46,144.47,0.0,0
2025-06-18 10:00:00+00:00,144.54,144.54,0.0,144.88,144.43,144.8,0.0,0
2025-06-18 11:00:00+00:00,144.47,144.47,0.0,144.58,144.11,144.57,0.0,0
2025-06-18 12:00:00+00:00,144.56,144.56,0.0,144.94,144.07,144.48,0.0,0
2025-06-18 13:00:00+00:00,144.01,144.01,0.0,144.67,143.35,144.55,0.0,0
2025-06-18 13:30:00+00:00,145.22000122070312,145.22000122070312,0.0,145.3300018310547,143.1199951171875,144.0050048828125,0.0,34846762
2025-06-18 14:30:00+00:00,144.99000549316406,144.99000549316406,0.0,145.6199951171875,144.8699951171875,145.22000122070312,0.0,18889032
2025-06-18 15:30:00+00:00,145.27999877929688,145.27999877929688,0.0,145.60000610351562,144.91000366210938,145.0500030517578,0.0,15092573
2025-06-18 16:30:00+00:00,145.13499450683594,145.13499450683594,0.0,145.60000610351562,145.08999633789062,145.27420043945312,0.0,9643794
2025-06-18 17:30:00+00:00,145.0500030517578,145.0500030517578,0.0,145.5,144.7100067138672,145.13499450683594,0.0,14648267
2025-06-18 18:30:00+00:00,144.17990112304688,144.17990112304688,0.0,145.27999877929688,143.91000366210938,145.0283966064453,0.0,21610193
2025-06-18 19:30:00+00:00,145.47000122070312,145.47000122070312,0.0,145.60000610351562,144.0800018310547,144.1699981689453,0.0,24050186
2025-06-18 20:00:00+00:00,145.21,145.21,0.0,151.7127,135.5979,145.48,0.0,0
2025-06-18 21:00:00+00:00,144.98,144.98,0.0,149.2606,135.5979,145.2195,0.0,0
2025-06-18 22:00:00+00:00,145.04,145.04,0.0,145.12,144.9,144.97,0.0,0
2025-06-18 23:00:00+00:00,145.075,145.075,0.0,145.12,144.9997,145.02,0.0,0
2025-06-20 08:00:00+00:00,144.79,144.79,0.0,145.19,144.64,144.98,0.0,0
2025-06-20 09:00:00+00:00,144.97,144.97,0.0,144.99,144.5,144.79,0.0,0
2025-06-20 10:00:00+00:00,144.82,144.82,0.0,145.0,144.7,144.97,0.0,0
2025-06-20 11:00:00+00:00,144.99,144.99,0.0,145.0,144.8,144.81,0.0,0
2025-06-20 12:00:00+00:00,145.31,145.31,0.0,145.48,144.5,144.99,0.0,0
2025-06-20 13:00:00+00:00,145.47,145.47,0.0,145.86,142.13,145.31,0.0,0
2025-06-20 13:30:00+00:00,144.625,144.625,0.0,146.1999969482422,144.10000610351562,145.43499755859375,0.0,67783997
2025-06-20 14:30:00+00:00,143.89990234375,143.89990234375,0.0,145.02999877929688,142.7100067138672,144.6300048828125,0.0,31508786
2025-06-20 15:30:00+00:00,143.9550018310547,143.9550018310547,0.0,144.47000122070312,143.67999267578125,143.8780059814453,0.0,24548725
2025-06-20 16:30:00+00:00,143.48500061035156,143.48500061035156,0.0,144.33999633789062,143.452392578125,143.9550018310547,0.0,17667331
2025-06-20 17:30:00+00:00,144.15499877929688,144.15499877929688,0.0,144.27999877929688,143.22000122070312,143.49000549316406,0.0,12313905
2025-06-20 18:30:00+00:00,143.78990173339844,143.78990173339844,0.0,144.32000732421875,143.57179260253906,144.15499877929688,0.0,12939836
2025-06-20 19:30:00+00:00,143.77999877929688,143.77999877929688,0.0,143.97999572753906,143.13999938964844,143.7899932861328,0.0,17734749
2025-06-20 20:00:00+00:00,143.73,143.73,0.0,144.13,143.425,143.85,0.0,0
2025-06-20 21:00:00+00:00,143.5801,143.5801,0.0,153.5191,136.4544,143.74,0.0,0
2025-06-20 22:00:00+00:00,143.61,143.61,0.0,153.5191,133.6858,143.58,0.0,0
2025-06-20 23:00:00+00:00,143.6102,143.6102,0.0,143.85,143.58,143.59,0.0,0
2025-06-23 08:00:00+00:00,143.5,143.5,0.0,143.8,143.15,143.15,0.0,0
2025-06-23 09:00:00+00:00,143.2,143.2,0.0,143.58,143.2,143.5,0.0,0
2025-06-23 10:00:00+00:00,143.14,143.14,0.0,143.37,142.92,143.21,0.0,0
2025-06-23 11:00:00+00:00,142.64,142.64,0.0,143.14,142.42,143.14,0.0,0
2025-06-23 12:00:00+00:00,142.39,142.39,0.0,143.85,142.1,142.64,0.0,0
2025-06-23 13:00:00+00:00,142.49,142.49,0.0,145.765,142.01,142.3999,0.0,0
2025-06-23 13:30:00+00:00,143.6300048828125,143.6300048828125,0.0,144.3000030517578,142.32000732421875,143.42999267578125,0.0,38498456
2025-06-23 14:30:00+00:00,143.80999755859375,143.80999755859375,0.0,144.2100067138672,143.52999877929688,143.63999938964844,0.0,16692515
2025-06-23 15:30:00+00:00,142.92999267578125,142.92999267578125,0.0,144.0500030517578,142.85000610351562,143.69500732421875,0.0,16739353
2025-06-23 16:30:00+00:00,144.4058074951172,144.4058074951172,0.0,144.44000244140625,142.02999877929688,142.92999267578125,0.0,24187562
2025-06-23 17:30:00+00:00,143.90989685058594,143.90989685058594,0.0,144.74000549316406,143.8800048828125,144.40499877929688,0.0,17966220
2025-06-23 18:30:00+00:00,143.84500122070312,143.84500122070312,0.0,144.38999938964844,143.75,143.91000366210938,0.0,11368715
2025-06-23 19:30:00+00:00,144.1750030517578,144.1750030517578,0.0,144.3699951171875,143.66180419921875,143.83999633789062,0.0,13348173
2025-06-23 20:00:00+00:00,143.9201,143.9201,0.0,144.28,139.6028,144.17,0.0,0
2025-06-23 21:00:00+00:00,144.015,144.015,0.0,144.453,139.6028,143.949,0.0,0
2025-06-23 22:00:00+00:00,145.05,145.05,0.0,145.24,143.96,143.98,0.0,0
2025-06-23 23:00:00+00:00,145.4998,145.4998,0.0,145.5,145.04,145.05,0.0,0
2025-06-24 08:00:00+00:00,145.85,145.85,0.0,145.95,145.6,145.62,0.0,0
2025-06-24 09:00:00+00:00,145.89,145.89,0.0,145.94,145.68,145.85,0.0,0
2025-06-24 10:00:00+00:00,145.64,145.64,0.0,145.95,145.54,145.86,0.0,0
2025-06-24 11:00:00+00:00,145.53,145.53,0.0,145.77,145.25,145.64,0.0,0
2025-06-24 12:00:00+00:00,145.44,145.44,0.0,146.38,145.23,145.51,0.0,0
2025-06-24 13:00:00+00:00,145.52,145.52,0.0,145.69,142.53,145.44,0.0,0
2025-06-24 13:30:00+00:00,147.02000427246094,147.02000427246094,0.0,147.89999389648438,145.69000244140625,145.86000061035156,0.0,57816010
2025-06-24 14:30:00+00:00,146.90499877929688,146.90499877929688,0.0,147.42999267578125,146.8000030517578,147.02000427246094,0.0,19347817
2025-06-24 15:30:00+00:00,147.1649932861328,147.1649932861328,0.0,147.1999969482422,146.5500030517578,146.91000366210938,0.0,18014469
2025-06-24 16:30:00+00:00,147.19500732421875,147.19500732421875,0.0,147.4499969482422,147.0,147.1649932861328,0.0,13836659
2025-06-24 17:30:00+00:00,147.35009765625,147.35009765625,0.0,147.60000610351562,147.18499755859375,147.19000244140625,0.0,12496972
2025-06-24 18:30:00+00:00,147.22850036621094,147.22850036621094,0.0,147.5399932861328,147.1699981689453,147.35499572753906,0.0,12406122
2025-06-24 19:30:00+00:00,147.8300018310547,147.8300018310547,0.0,147.9600067138672,147.18499755859375,147.22500610351562,0.0,18197811
2025-06-24 20:00:00+00:00,147.615,147.615,0.0,147.92,139.635,147.83,0.0,0
2025-06-24 21:00:00+00:00,147.5999,147.5999,0.0,156.326,139.635,147.6101,0.0,0
2025-06-24 22:00:00+00:00,147.5298,147.5298,0.0,147.5903,147.42,147.5903,0.0,0
2025-06-24 23:00:00+00:00,147.7901,147.7901,0.0,147.8,147.51,147.53,0.0,0
2025-06-25 08:00:00+00:00,147.63,147.63,0.0,147.99,147.59,147.81,0.0,0
2025-06-25 09:00:00+00:00,147.78,147.78,0.0,147.95,147.5,147.63,0.0,0
2025-06-25 10:00:00+00:00,147.62,147.62,0.0,147.78,147.57,147.76,0.0,0
2025-06-25 11:00:00+00:00,149.04,149.04,0.0,149.18,147.13,147.62,0.0,0
2025-06-25 12:00:00+00:00,149.2298,149.2298,0.0,149.55,147.51,149.04,0.0,0
2025-06-25 13:00:00+00:00,149.26,149.26,0.0,149.85,147.9,149.22,0.0,0
2025-06-25 13:30:00+00:00,152.2050018310547,152.2050018310547,0.0,152.55999755859375,149.27999877929688,149.30999755859375,0.0,87631761
2025-06-25 14:30:00+00:00,152.0500030517578,152.0500030517578,0.0,153.0,151.52999877929688,152.2050018310547,0.0,34570654
2025-06-25 15:30:00+00:00,152.14129638671875,152.14129638671875,0.0,152.1999969482422,151.38999938964844,152.04299926757812,0.0,17980007
2025-06-25 16:30:00+00:00,153.89999389648438,153.89999389648438,0.0,153.92999267578125,151.97000122070312,152.14500427246094,0.0,29544691
2025-06-25 17:30:00+00:00,153.9322967529297,153.9322967529297,0.0,154.00999450683594,153.18020629882812,153.90589904785156,0.0,25802407
2025-06-25 18:30:00+00:00,153.75439453125,153.75439453125,0.0,154.42999267578125,153.36000061035156,153.94000244140625,0.0,27432674
2025-06-25 19:30:00+00:00,154.30999755859375,154.30999755859375,0.0,154.41000366210938,153.33999633789062,153.75,0.0,24556634
2025-06-25 20:00:00+00:00,114.6725,114.6725,0.0,181.9799,93.1919,154.31,0.0,0
2025-06-25 21:00:00+00:00,154.28,154.28,0.0,172.7204,93.1919,154.6,0.0,0
2025-06-25 22:00:00+00:00,154.54,154.54,0.0,154.64,153.56,154.2819,0.0,0
2025-06-25 23:00:00+00:00,154.6,154.6,0.0,154.6505,153.81,154.53,0.0,0
2025-06-26 08:00:00+00:00,155.91,155.91,0.0,155.95,155.47,155.57,0.0,0
2025-06-26 09:00:00+00:00,156.22,156.22,0.0,156.27,155.72,155.92,0.0,0
2025-06-26 10:00:00+00:00,156.11,156.11,0.0,156.18,155.82,156.16,0.0,0
2025-06-26 11:00:00+00:00,156.28,156.28,0.0,156.4,155.69,156.12,0.0,0
2025-06-26 12:00:00+00:00,156.7,156.7,0.0,157.0,153.74,156.3,0.0,0
2025-06-26 13:00:00+00:00,155.97,155.97,0.0,156.7,153.69,156.68,0.0,0
2025-06-26 13:30:00+00:00,156.44859313964844,156.44859313964844,0.0,156.47000122070312,154.03500366210938,155.3800048828125,0.0,71476728
2025-06-26 14:30:00+00:00,154.95989990234375,154.95989990234375,0.0,156.71499633789062,154.7899932861328,156.44500732421875,0.0,29246134
2025-06-26 15:30:00+00:00,155.625,155.625,0.0,155.7299041748047,154.80999755859375,154.9499969482422,0.0,16236689
2025-06-26 16:30:00+00:00,156.02999877929688,156.02999877929688,0.0,156.17999267578125,155.11500549316406,155.625,0.0,15834843
2025-06-26 17:30:00+00:00,156.10479736328125,156.10479736328125,0.0,156.49000549316406,155.75999450683594,156.03990173339844,0.0,15689997
2025-06-26 18:30:00+00:00,155.46429443359375,155.46429443359375,0.0,156.08999633789062,155.42999267578125,156.0850067138672,0.0,18052277
2025-06-26 19:30:00+00:00,155.0800018310547,155.0800018310547,0.0,155.58990478515625,154.875,155.4600067138672,0.0,16962532
2025-06-26 20:00:00+00:00,154.935,154.935,0.0,156.365,145.5944,155.08,0.0,0
2025-06-26 21:00:00+00:00,155.22,155.22,0.0,163.7989,145.5944,163.7989,0.0,0
2025-06-26 22:00:00+00:00,155.35,155.35,0.0,155.35,155.02,155.2002,0.0,0
2025-06-26 23:00:00+00:00,155.35,155.35,0.0,155.42,155.21,155.32,0.0,0
2025-06-27 08:00:00+00:00,155.61,155.61,0.0,155.76,155.53,155.69,0.0,0
2025-06-27 09:00:00+00:00,155.88,155.88,0.0,155.94,155.59,155.59,0.0,0
2025-06-27 10:00:00+00:00,155.78,155.78,0.0,155.93,155.69,155.88,0.0,0
2025-06-27 11:00:00+00:00,156.33,156.33,0.0,156.49,155.76,155.78,0.0,0
2025-06-27 12:00:00+00:00,156.1599,156.1599,0.0,156.49,155.02,156.33,0.0,0
2025-06-27 13:00:00+00:00,156.0392,156.0392,0.0,156.39,155.63,156.12,0.0,0
2025-06-27 13:30:00+00:00,157.42010498046875,157.42010498046875,0.0,157.44500732421875,155.25999450683594,156.0,0.0,50511015
2025-06-27 14:30:00+00:00,157.91009521484375,157.91009521484375,0.0,158.0,156.77999877929688,157.4250030517578,0.0,28993628
2025-06-27 15:30:00+00:00,157.69000244140625,157.69000244140625,0.0,158.7100067138672,157.2899932861328,157.9199981689453,0.0,27167396
2025-06-27 16:30:00+00:00,157.48500061035156,157.48500061035156,0.0,157.8000030517578,156.9600067138672,157.67849731445312,0.0,18710941
2025-06-27 17:30:00+00:00,156.30499267578125,156.30499267578125,0.0,157.5800018310547,156.27000427246094,157.4149932861328,0.0,19409637
2025-06-27 18:30:00+00:00,156.47000122070312,156.47000122070312,0.0,156.8300018310547,155.4600067138672,156.30499267578125,0.0,25358639
2025-06-27 19:30:00+00:00,157.75,157.75,0.0,157.85000610351562,156.45010375976562,156.47000122070312,0.0,24317507
2025-06-27 20:00:00+00:00,157.485,157.485,0.0,177.4003,102.854,157.74,0.0,0
2025-06-27 21:00:00+00:00,157.38,157.38,0.0,179.7988,100.1947,157.51,0.0,0
2025-06-27 22:00:00+00:00,157.56,157.56,0.0,157.75,157.37,157.38,0.0,0
2025-06-27 23:00:00+00:00,157.5601,157.5601,0.0,157.66,157.49,157.57,0.0,0
2025-06-30 08:00:00+00:00,158.77,158.77,0.0,159.18,158.64,158.96,0.0,0
2025-06-30 09:00:00+00:00,159.03,159.03,0.0,159.04,158.47,158.78,0.0,0
2025-06-30 10:00:00+00:00,158.97,158.97,0.0,159.1,158.76,159.04,0.0,0
2025-06-30 11:00:00+00:00,158.63,158.63,0.0,159.0,158.59,158.98,0.0,0
2025-06-30 12:00:00+00:00,158.4999,158.4999,0.0,159.42,157.7412,158.63,0.0,0
2025-06-30 13:00:00+00:00,158.4104,158.4104,0.0,158.9,157.7412,158.49,0.0,0
2025-06-30 13:30:00+00:00,157.10000610351562,157.10000610351562,0.0,158.46240234375,155.9600067138672,158.40499877929688,0.0,45352612
2025-06-30 14:30:00+00:00,157.04989624023438,157.04989624023438,0.0,157.58999633789062,156.7550048828125,157.11000061035156,0.0,20595043
2025-06-30 15:30:00+00:00,157.7100067138672,157.7100067138672,0.0,158.27000427246094,156.9550018310547,157.0500030517578,0.0,18408929
2025-06-30 16:30:00+00:00,157.82550048828125,157.82550048828125,0.0,158.1699981689453,157.65499877929688,157.6999969482422,0.0,13452357
2025-06-30 17:30:00+00:00,157.57989501953125,157.57989501953125,0.0,158.11000061035156,157.5399932861328,157.8249969482422,0.0,10936075
2025-06-30 18:30:00+00:00,157.94500732421875,157.94500732421875,0.0,158.10000610351562,156.83999633789062,157.57000732421875,0.0,16748845
2025-06-30 19:30:00+00:00,157.8699951171875,157.8699951171875,0.0,158.66000366210938,157.8300018310547,157.94500732421875,0.0,18860588
2025-06-30 20:00:00+00:00,157.77,157.77,0.0,168.1535,147.876,157.87,0.0,0
2025-06-30 21:00:00+00:00,157.79,157.79,0.0,168.1535,147.0747,157.79,0.0,0
2025-06-30 22:00:00+00:00,157.5202,157.5202,0.0,157.8,157.5,157.75,0.0,0
2025-06-30 23:00:00+00:00,157.5201,157.5201,0.0,157.62,157.49,157.5298,0.0,0
2025-07-01 08:00:00+00:00,157.1,157.1,0.0,157.23,156.87,157.04,0.0,0
2025-07-01 09:00:00+00:00,157.04,157.04,0.0,157.33,156.99,157.15,0.0,0
2025-07-01 10:00:00+00:00,156.77,156.77,0.0,157.03,156.65,157.03,0.0,0
2025-07-01 11:00:00+00:00,156.8,156.8,0.0,156.97,156.65,156.77,0.0,0
2025-07-01 12:00:00+00:00,155.9,155.9,0.0,157.99,155.7,156.84,0.0,0
2025-07-01 13:00:00+00:00,156.31,156.31,0.0,157.99,155.89,155.9,0.0,0
2025-07-01 13:30:00+00:00,154.6300048828125,154.6300048828125,0.0,157.1999969482422,154.39010620117188,156.25999450683594,0.0,41736822
2025-07-01 14:30:00+00:00,152.88499450683594,152.88499450683594,0.0,154.83999633789062,151.49000549316406,154.63499450683594,0.0,49090512
2025-07-01 15:30:00+00:00,153.39500427246094,153.39500427246094,0.0,153.49000549316406,152.22000122070312,152.8800048828125,0.0,25783852
2025-07-01 16:30:00+00:00,154.27499389648438,154.27499389648438,0.0,154.97999572753906,153.310302734375,153.39500427246094,0.0,21975374
2025-07-01 17:30:00+00:00,154.35169982910156,154.35169982910156,0.0,154.8800048828125,154.00999450683594,154.3300018310547,0.0,13955512
2025-07-01 18:30:00+00:00,153.72999572753906,153.72999572753906,0.0,154.63999938964844,152.91009521484375,154.35000610351562,0.0,19809769
2025-07-01 19:30:00+00:00,153.27999877929688,153.27999877929688,0.0,154.125,153.2100067138672,153.72000122070312,0.0,18863865
2025-07-01 20:00:00+00:00,153.15,153.15,0.0,153.52,152.91,153.29,0.0,0
2025-07-01 21:00:00+00:00,152.96,152.96,0.0,156.0,152.85,153.1,0.0,0
2025-07-01 22:00:00+00:00,153.05,153.05,0.0,153.16,152.87,153.03,0.0,0
2025-07-01 23:00:00+00:00,152.8998,152.8998,0.0,153.11,152.84,153.01,0.0,0
2025-07-02 08:00:00+00:00,153.33,153.33,0.0,153.62,153.22,153.44,0.0,0
2025-07-02 09:00:00+00:00,153.17,153.17,0.0,153.36,152.88,153.36,0.0,0
2025-07-02 10:00:00+00:00,152.92,152.92,0.0,153.25,152.92,153.17,0.0,0
2025-07-02 11:00:00+00:00,152.32,152.32,0.0,152.95,152.19,152.92,0.0,0
2025-07-02 12:00:00+00:00,151.69,151.69,0.0,153.9,151.51,152.36,0.0,0
2025-07-02 13:00:00+00:00,152.98,152.98,0.0,153.13,151.1,151.6901,0.0,0
2025-07-02 13:30:00+00:00,156.08140563964844,156.08140563964844,0.0,156.16000366210938,152.97999572753906,153.02999877929688,0.0,45496358
2025-07-02 14:30:00+00:00,156.36500549316406,156.36500549316406,0.0,157.60000610351562,155.89999389648438,156.0800018310547,0.0,31796987
2025-07-02 15:30:00+00:00,157.093505859375,157.093505859375,0.0,157.375,156.06019592285156,156.36500549316406,0.0,18521442
2025-07-02 16:30:00+00:00,157.2053985595703,157.2053985595703,0.0,157.57000732421875,156.83999633789062,157.13499450683594,0.0,13905801
2025-07-02 17:30:00+00:00,156.9550018310547,156.9550018310547,0.0,157.30499267578125,156.7050018310547,157.2050018310547,0.0,11032900
2025-07-02 18:30:00+00:00,156.93499755859375,156.93499755859375,0.0,157.39439392089844,156.50999450683594,156.9499969482422,0.0,15050404
2025-07-02 19:30:00+00:00,157.24000549316406,157.24000549316406,0.0,157.42999267578125,156.8300018310547,156.83999633789062,0.0,15265742
2025-07-02 20:00:00+00:00,157.085,157.085,0.0,175.0185,110.0368,157.24,0.0,0
2025-07-02 21:00:00+00:00,156.98,156.98,0.0,180.627,74.3526,157.095,0.0,0
2025-07-02 22:00:00+00:00,157.07,157.07,0.0,180.627,118.3086,156.9601,0.0,0
2025-07-02 23:00:00+00:00,157.23,157.23,0.0,157.25,157.03,157.08,0.0,0
2025-07-03 08:00:00+00:00,157.24,157.24,0.0,157.68,157.1,157.57,0.0,0
2025-07-03 09:00:00+00:00,157.05,157.05,0.0,157.28,156.95,157.25,0.0,0
2025-07-03 10:00:00+00:00,156.77,156.77,0.0,157.13,156.6,157.07,0.0,0
2025-07-03 11:00:00+00:00,157.19,157.19,0.0,157.19,156.77,156.77,0.0,0
2025-07-03 12:00:00+00:00,157.37,157.37,0.0,157.78,156.5964,157.19,0.0,0
2025-07-03 13:00:00+00:00,158.4199,158.4199,0.0,158.58,153.18,157.43,0.0,0
2025-07-03 13:30:00+00:00,160.6300048828125,160.6300048828125,0.0,160.97999572753906,157.77000427246094,158.35000610351562,0.0,63107837
2025-07-03 14:30:00+00:00,159.80499267578125,159.80499267578125,0.0,160.82000732421875,159.17999267578125,160.63499450683594,0.0,31499036
2025-07-03 15:30:00+00:00,159.37969970703125,159.37969970703125,0.0,159.97000122070312,159.30999755859375,159.8000030517578,0.0,18434686
2025-07-03 17:00:00+00:00,159.2100067138672,159.2100067138672,0.0,159.39999389648438,158.57620239257812,159.3800048828125,0.0,0
2025-07-03 18:00:00+00:00,159.13,159.13,0.0,159.34,153.5191,159.21,0.0,0
2025-07-03 19:00:00+00:00,159.315,159.315,0.0,159.37,159.05,159.13,0.0,0
2025-07-03 20:00:00+00:00,159.25,159.25,0.0,159.43,157.06,159.35,0.0,0
2025-07-07 08:00:00+00:00,157.75,157.75,0.0,158.9,157.73,158.56,0.0,0
2025-07-07 09:00:00+00:00,157.93,157.93,0.0,157.97,157.51,157.73,0.0,0
2025-07-07 10:00:00+00:00,158.4,158.4,0.0,158.46,157.83,157.92,0.0,0
2025-07-07 11:00:00+00:00,158.2,158.2,0.0,158.56,157.9,158.41,0.0,0
2025-07-07 12:00:00+00:00,158.04,158.04,0.0,158.942,157.5136,158.2,0.0,0
2025-07-07 13:00:00+00:00,158.25,158.25,0.0,158.26,157.74,158.04,0.0,0
2025-07-07 13:30:00+00:00,158.30999755859375,158.30999755859375,0.0,159.30540466308594,158.02999877929688,158.1999969482422,0.0,38468204
2025-07-07 14:30:00+00:00,158.27999877929688,158.27999877929688,0.0,158.6199951171875,157.3419952392578,158.32000732421875,0.0,19739847
2025-07-07 15:30:00+00:00,158.22000122070312,158.22000122070312,0.0,158.6999969482422,157.6967010498047,158.1300048828125,0.0,20104320
2025-07-07 16:30:00+00:00,158.3188018798828,158.3188018798828,0.0,158.58990478515625,158.03500366210938,158.19500732421875,0.0,11668152
2025-07-07 17:30:00+00:00,157.8249969482422,157.8249969482422,0.0,158.77000427246094,157.72999572753906,158.3144989013672,0.0,11966286
2025-07-07 18:30:00+00:00,158.3000946044922,158.3000946044922,0.0,158.6300048828125,157.75,157.82000732421875,0.0,11449648
2025-07-07 19:30:00+00:00,158.24000549316406,158.24000549316406,0.0,158.60000610351562,158.0800018310547,158.30999755859375,0.0,11041631
2025-07-07 20:00:00+00:00,157.9857,157.9857,0.0,199.0555,112.653,158.25,0.0,0
2025-07-07 21:00:00+00:00,157.96,157.96,0.0,181.4671,99.66,158.0,0.0,0
2025-07-07 22:00:00+00:00,157.98,157.98,0.0,177.8272,157.86,157.96,0.0,0
2025-07-07 23:00:00+00:00,158.045,158.045,0.0,158.2,157.96,157.98,0.0,0
2025-07-08 08:00:00+00:00,159.3,159.3,0.0,159.31,158.65,158.9,0.0,0
2025-07-08 09:00:00+00:00,159.65,159.65,0.0,159.86,159.27,159.3,0.0,0
2025-07-08 10:00:00+00:00,159.59,159.59,0.0,159.67,159.3,159.65,0.0,0
2025-07-08 11:00:00+00:00,159.44,159.44,0.0,159.75,159.4,159.6,0.0,0
2025-07-08 12:00:00+00:00,159.455,159.455,0.0,159.8488,158.24,159.441,0.0,0
2025-07-08 13:00:00+00:00,159.3136,159.3136,0.0,159.49,158.24,159.46,0.0,0
2025-07-08 13:30:00+00:00,159.07000732421875,159.07000732421875,0.0,159.74000549316406,158.3916015625,159.3300018310547,0.0,36806011
2025-07-08 14:30:00+00:00,159.0800018310547,159.0800018310547,0.0,159.2899932861328,158.6699981689453,159.06649780273438,0.0,18018628
2025-07-08 15:30:00+00:00,159.72999572753906,159.72999572753906,0.0,159.8699951171875,158.92999267578125,159.0850067138672,0.0,12403457
2025-07-08 16:30:00+00:00,159.5850067138672,159.5850067138672,0.0,159.7899932861328,159.2799072265625,159.74000549316406,0.0,12493506
2025-07-08 17:30:00+00:00,159.5399932861328,159.5399932861328,0.0,160.22000122070312,159.25,159.5800018310547,0.0,15155501
2025-07-08 18:30:00+00:00,159.89500427246094,159.89500427246094,0.0,159.94000244140625,159.36500549316406,159.5500030517578,0.0,11112506
2025-07-08 19:30:00+00:00,160.00010681152344,160.00010681152344,0.0,160.0800018310547,159.6999969482422,159.89500427246094,0.0,13626894
2025-07-08 20:00:00+00:00,160.09,160.09,0.0,180.896,109.8646,160.028,0.0,0
2025-07-08 21:00:00+00:00,160.1798,160.1798,0.0,160.27,134.86,160.09,0.0,0
2025-07-08 22:00:00+00:00,160.19,160.19,0.0,160.24,160.0,160.16,0.0,0
2025-07-08 23:00:00+00:00,160.3,160.3,0.0,160.3,160.17,160.19,0.0,0
2025-07-09 08:00:00+00:00,159.81,159.81,0.0,160.12,159.69,160.0,0.0,0
2025-07-09 09:00:00+00:00,160.18,160.18,0.0,160.24,159.69,159.85,0.0,0
2025-07-09 10:00:00+00:00,160.09,160.09,0.0,160.32,160.02,160.17,0.0,0
2025-07-09 11:00:00+00:00,160.44,160.44,0.0,160.52,160.03,160.11,0.0,0
2025-07-09 12:00:00+00:00,160.86,160.86,0.0,160.87,158.24,160.45,0.0,0
2025-07-09 13:00:00+00:00,161.2294,161.2294,0.0,161.41,160.0,160.8505,0.0,0
2025-07-09 13:30:00+00:00,163.06869506835938,163.06869506835938,0.0,164.4199981689453,161.16000366210938,161.19000244140625,0.0,64850584
2025-07-09 14:30:00+00:00,163.35000610351562,163.35000610351562,0.0,163.4499969482422,162.44000244140625,163.06500244140625,0.0,25988494
2025-07-09 15:30:00+00:00,163.27000427246094,163.27000427246094,0.0,163.3800048828125,162.89999389648438,163.3450927734375,0.0,16389704
2025-07-09 16:30:00+00:00,162.56500244140625,162.56500244140625,0.0,163.3699951171875,162.52999877929688,163.27029418945312,0.0,15282610
2025-07-09 17:30:00+00:00,162.81500244140625,162.81500244140625,0.0,163.0384063720703,162.49000549316406,162.55999755859375,0.0,11576319
2025-07-09 18:30:00+00:00,162.85000610351562,162.85000610351562,0.0,163.2100067138672,162.5500030517578,162.81500244140625,0.0,13576938
2025-07-09 19:30:00+00:00,162.8300018310547,162.8300018310547,0.0,163.02000427246094,162.57009887695312,162.84500122070312,0.0,16787843
2025-07-09 20:00:00+00:00,115.7909,115.7909,0.0,181.9799,100.1947,162.88,0.0,0
2025-07-09 21:00:00+00:00,163.0499,163.0499,0.0,172.6928,109.3739,162.855,0.0,0
2025-07-09 22:00:00+00:00,163.3353,163.3353,0.0,163.38,163.01,163.0403,0.0,0
2025-07-09 23:00:00+00:00,163.36,163.36,0.0,163.38,163.17,163.35,0.0,0
2025-07-10 08:00:00+00:00,163.73,163.73,0.0,164.35,163.22,163.28,0.0,0
2025-07-10 09:00:00+00:00,163.66,163.66,0.0,164.1,163.57,163.72,0.0,0
2025-07-10 10:00:00+00:00,163.86,163.86,0.0,163.95,163.54,163.68,0.0,0
2025-07-10 11:00:00+00:00,164.26,164.26,0.0,164.329,163.82,163.87,0.0,0
2025-07-10 12:00:00+00:00,164.5,164.5,0.0,164.64,162.91,164.25,0.0,0
2025-07-10 13:00:00+00:00,164.33,164.33,0.0,164.84,162.88,164.51,0.0,0
2025-07-10 13:30:00+00:00,162.41000366210938,162.41000366210938,0.0,164.3699951171875,161.88999938964844,164.36000061035156,0.0,53282712
2025-07-10 14:30:00+00:00,162.59669494628906,162.59669494628906,0.0,162.8000030517578,161.61000061035156,162.39999389648438,0.0,23008245
2025-07-10 15:30:00+00:00,163.2747039794922,163.2747039794922,0.0,163.32000732421875,162.57000732421875,162.59500122070312,0.0,16064526
2025-07-10 16:30:00+00:00,163.44769287109375,163.44769287109375,0.0,163.65989685058594,163.0,163.2799072265625,0.0,12567265
2025-07-10 17:30:00+00:00,163.72999572753906,163.72999572753906,0.0,164.49000549316406,163.38999938964844,163.44500732421875,0.0,20190900
2025-07-10 18:30:00+00:00,164.05999755859375,164.05999755859375,0.0,164.32000732421875,163.64999389648438,163.72500610351562,0.0,14012071
2025-07-10 19:30:00+00:00,164.10499572753906,164.10499572753906,0.0,164.27999877929688,163.8000030517578,164.05999755859375,0.0,14867354
2025-07-10 20:00:00+00:00,164.06,164.06,0.0,175.529,159.375,164.1,0.0,0
2025-07-10 21:00:00+00:00,163.81,163.81,0.0,164.13,163.81,164.06,0.0,0
2025-07-10 22:00:00+00:00,163.8804,163.8804,0.0,163.9,163.67,163.81,0.0,0
2025-07-10 23:00:00+00:00,164.04,164.04,0.0,164.09,163.88,163.88,0.0,0
2025-07-11 08:00:00+00:00,162.87,162.87,0.0,163.36,162.63,163.02,0.0,0
2025-07-11 09:00:00+00:00,162.75,162.75,0.0,162.92,162.61,162.87,0.0,0
2025-07-11 10:00:00+00:00,162.77,162.77,0.0,163.02,162.61,162.75,0.0,0
2025-07-11 11:00:00+00:00,163.21,163.21,0.0,163.27,162.71,162.81,0.0,0
2025-07-11 12:00:00+00:00,163.09,163.09,0.0,164.1,155.02,163.209,0.0,0
2025-07-11 13:00:00+00:00,163.67,163.67,0.0,164.08,163.0,163.08,0.0,0
2025-07-11 13:30:00+00:00,167.35989379882812,167.35989379882812,0.0,167.59500122070312,163.52000427246094,163.71499633789062,0.0,58059074
2025-07-11 14:30:00+00:00,166.4949951171875,166.4949951171875,0.0,167.88999938964844,166.11000061035156,167.375,0.0,37872862
2025-07-11 15:30:00+00:00,166.47869873046875,166.47869873046875,0.0,167.1199951171875,165.92999267578125,166.49000549316406,0.0,19912075
2025-07-11 16:30:00+00:00,166.1822967529297,166.1822967529297,0.0,166.69000244140625,165.99000549316406,166.47479248046875,0.0,13148079
2025-07-11 17:30:00+00:00,165.68150329589844,165.68150329589844,0.0,166.25,165.3699951171875,166.19000244140625,0.0,15595742
2025-07-11 18:30:00+00:00,165.09500122070312,165.09500122070312,0.0,166.08990478515625,164.8300018310547,165.67999267578125,0.0,17912784
2025-07-11 19:30:00+00:00,164.8800048828125,164.8800048828125,0.0,165.27000427246094,164.8699951171875,165.0998992919922,0.0,14271548
2025-07-11 20:00:00+00:00,165.02,165.02,0.0,175.3419,155.0939,164.8815,0.0,0
2025-07-11 21:00:00+00:00,165.04,165.04,0.0,200.0397,114.9794,165.015,0.0,0
2025-07-11 22:00:00+00:00,164.96,164.96,0.0,165.05,122.69,165.01,0.0,0
2025-07-11 23:00:00+00:00,164.935,164.935,0.0,165.0,164.78,164.93,0.0,0
2025-07-14 08:00:00+00:00,165.25,165.25,0.0,165.6,164.71,164.92,0.0,0
2025-07-14 09:00:00+00:00,165.63,165.63,0.0,165.74,165.23,165.25,0.0,0
2025-07-14 10:00:00+00:00,165.57,165.57,0.0,165.98,165.53,165.65,0.0,0
2025-07-14 11:00:00+00:00,165.04,165.04,0.0,165.6,164.86,165.59,0.0,0
2025-07-14 12:00:00+00:00,165.2601,165.2601,0.0,165.96,164.34,165.031,0.0,0
2025-07-14 13:00:00+00:00,165.4287,165.4287,0.0,165.9,163.62,165.26,0.0,0
2025-07-14 13:30:00+00:00,163.72000122070312,163.72000122070312,0.0,165.49000549316406,162.0399932861328,165.4250030517578,0.0,49921181
2025-07-14 14:30:00+00:00,164.75469970703125,164.75469970703125,0.0,165.28500366210938,163.33999633789062,163.72500610351562,0.0,23965559
2025-07-14 15:30:00+00:00,164.97000122070312,164.97000122070312,0.0,165.25,164.58999633789062,164.75759887695312,0.0,11859176
2025-07-14 16:30:00+00:00,165.08009338378906,165.08009338378906,0.0,165.36000061035156,164.57000732421875,164.97500610351562,0.0,9882041
2025-07-14 17:30:00+00:00,164.82000732421875,164.82000732421875,0.0,165.22000122070312,164.69000244140625,165.0800018310547,0.0,8199722
2025-07-14 18:30:00+00:00,164.40330505371094,164.40330505371094,0.0,165.0399932861328,164.32000732421875,164.8000030517578,0.0,11169702
2025-07-14 19:30:00+00:00,164.07000732421875,164.07000732421875,0.0,164.52999877929688,164.0,164.40499877929688,0.0,11699982
2025-07-14 20:00:00+00:00,164.15,164.15,0.0,173.9146,160.1503,164.07,0.0,0
2025-07-14 21:00:00+00:00,164.03,164.03,0.0,175.5108,160.4923,164.12,0.0,0
2025-07-14 22:00:00+00:00,163.965,163.965,0.0,164.05,163.9,164.025,0.0,0
2025-07-14 23:00:00+00:00,163.8697,163.8697,0.0,164.0,163.86,163.97,0.0,0
2025-07-15 08:00:00+00:00,171.3,171.3,0.0,172.0,169.5,169.5,0.0,0
2025-07-15 09:00:00+00:00,172.53,172.53,0.0,172.83,170.85,171.3,0.0,0
2025-07-15 10:00:00+00:00,172.34,172.34,0.0,172.76,171.95,172.53,0.0,0
2025-07-15 11:00:00+00:00,171.36,171.36,0.0,172.4,170.92,172.31,0.0,0
2025-07-15 12:00:00+00:00,171.09,171.09,0.0,172.8275,164.07,171.36,0.0,0
2025-07-15 13:00:00+00:00,171.12,171.12,0.0,172.4002,162.785,171.08,0.0,0
2025-07-15 13:30:00+00:00,171.57839965820312,171.57839965820312,0.0,172.25,169.1981964111328,170.35989379882812,0.0,97536358
2025-07-15 14:30:00+00:00,171.38499450683594,171.38499450683594,0.0,172.39999389648438,170.75,171.57029724121094,0.0,35052855
2025-07-15 15:30:00+00:00,171.38499450683594,171.38499450683594,0.0,171.60499572753906,171.02999877929688,171.38999938964844,0.0,14121272
2025-07-15 16:30:00+00:00,170.52499389648438,170.52499389648438,0.0,171.5500030517578,170.36000061035156,171.3699951171875,0.0,15343175
2025-07-15 17:30:00+00:00,170.91180419921875,170.91180419921875,0.0,171.11000061035156,170.25,170.52999877929688,0.0,15475030
2025-07-15 18:30:00+00:00,170.1999053955078,170.1999053955078,0.0,170.9600067138672,169.94000244140625,170.9149932861328,0.0,16779036
2025-07-15 19:30:00+00:00,170.5500030517578,170.5500030517578,0.0,170.97999572753906,170.13999938964844,170.19500732421875,0.0,16696416
2025-07-15 20:00:00+00:00,170.03,170.03,0.0,178.8647,161.8686,170.55,0.0,0
2025-07-15 21:00:00+00:00,170.17,170.17,0.0,170.7,169.93,170.08,0.0,0
2025-07-15 22:00:00+00:00,170.195,170.195,0.0,170.23,169.85,170.17,0.0,0
2025-07-15 23:00:00+00:00,170.19,170.19,0.0,170.32,170.11,170.195,0.0,0
2025-07-16 08:00:00+00:00,169.33,169.33,0.0,170.11,169.0,170.11,0.0,0
2025-07-16 09:00:00+00:00,169.24,169.24,0.0,169.54,169.2,169.35,0.0,0
2025-07-16 10:00:00+00:00,169.69,169.69,0.0,169.77,169.22,169.24,0.0,0
2025-07-16 11:00:00+00:00,170.39,170.39,0.0,170.55,169.69,169.69,0.0,0
2025-07-16 12:00:00+00:00,170.93,170.93,0.0,171.18,168.9987,170.4,0.0,0
2025-07-16 13:00:00+00:00,171.01,171.01,0.0,171.49,170.86,170.92,0.0,0
2025-07-16 13:30:00+00:00,169.96490478515625,169.96490478515625,0.0,171.75,169.61000061035156,171.0,0.0,47018712
2025-07-16 14:30:00+00:00,170.37860107421875,170.37860107421875,0.0,170.65499877929688,169.28770446777344,169.96499633789062,0.0,25866268
2025-07-16 15:30:00+00:00,170.39500427246094,170.39500427246094,0.0,170.68479919433594,168.89999389648438,170.39010620117188,0.0,23472577
2025-07-16 16:30:00+00:00,170.9022979736328,170.9022979736328,0.0,171.4199981689453,170.33009338378906,170.38499450683594,0.0,13702209
2025-07-16 17:30:00+00:00,171.0050048828125,171.0050048828125,0.0,171.095703125,170.6240997314453,170.91000366210938,0.0,9660542
2025-07-16 18:30:00+00:00,170.77999877929688,170.77999877929688,0.0,171.14999389648438,170.6750030517578,171.0050048828125,0.0,11175077
2025-07-16 19:30:00+00:00,171.33999633789062,171.33999633789062,0.0,171.4499053955078,170.75999450683594,170.77999877929688,0.0,12791407
2025-07-16 20:00:00+00:00,171.2001,171.2001,0.0,180.627,166.3531,171.34,0.0,0
2025-07-16 21:00:00+00:00,171.325,171.325,0.0,171.35,171.14,171.2,0.0,0
2025-07-16 22:00:00+00:00,171.155,171.155,0.0,171.33,171.13,171.3195,0.0,0
2025-07-16 23:00:00+00:00,171.2,171.2,0.0,171.25,171.14,171.16,0.0,0
2025-07-17 08:00:00+00:00,173.01,173.01,0.0,173.04,172.1,172.71,0.0,0
2025-07-17 09:00:00+00:00,172.8,172.8,0.0,173.19,172.8,172.98,0.0,0
2025-07-17 10:00:00+00:00,172.74,172.74,0.0,172.92,172.6,172.81,0.0,0
2025-07-17 11:00:00+00:00,172.34,172.34,0.0,172.88,172.21,172.74,0.0,0
2025-07-17 12:00:00+00:00,172.65,172.65,0.0,173.35,171.18,172.34,0.0,0
2025-07-17 13:00:00+00:00,172.02,172.02,0.0,172.8,170.125,172.65,0.0,0
2025-07-17 13:30:00+00:00,172.92999267578125,172.92999267578125,0.0,173.64019775390625,170.8300018310547,172.05999755859375,0.0,53096486
2025-07-17 14:30:00+00:00,173.11500549316406,173.11500549316406,0.0,173.34500122070312,172.63999938964844,172.92999267578125,0.0,16964743
2025-07-17 15:30:00+00:00,173.860107421875,173.860107421875,0.0,174.16000366210938,172.93499755859375,173.11000061035156,0.0,20740420
2025-07-17 16:30:00+00:00,173.72000122070312,173.72000122070312,0.0,173.97999572753906,173.36000061035156,173.86500549316406,0.0,14631775
2025-07-17 17:30:00+00:00,173.2989959716797,173.2989959716797,0.0,173.9167022705078,173.0800018310547,173.71499633789062,0.0,13460577
2025-07-17 18:30:00+00:00,173.28500366210938,173.28500366210938,0.0,173.68850708007812,173.1750030517578,173.2899932861328,0.0,12203669
2025-07-17 19:30:00+00:00,173.1114044189453,173.1114044189453,0.0,173.50999450683594,173.00999450683594,173.28500366210938,0.0,14952193
2025-07-17 20:00:00+00:00,173.16,173.16,0.0,177.7444,166.5,173.11,0.0,0
2025-07-17 21:00:00+00:00,173.15,173.15,0.0,177.7444,173.0,173.17,0.0,0
2025-07-17 22:00:00+00:00,173.18,173.18,0.0,173.24,173.11,173.14,0.0,0
2025-07-17 23:00:00+00:00,173.4612,173.4612,0.0,173.5,173.17,173.17,0.0,0
2025-07-18 08:00:00+00:00,173.79,173.79,0.0,173.92,173.67,173.92,0.0,0
2025-07-18 09:00:00+00:00,173.89,173.89,0.0,173.95,173.67,173.8,0.0,0
2025-07-18 10:00:00+00:00,173.79,173.79,0.0,173.99,173.71,173.89,0.0,0
2025-07-18 11:00:00+00:00,173.721,173.721,0.0,173.87,173.61,173.81,0.0,0
2025-07-18 12:00:00+00:00,173.795,173.795,0.0,174.17,173.62,173.77,0.0,0
2025-07-18 13:00:00+00:00,173.8188,173.8188,0.0,174.53,171.835,173.79,0.0,0
2025-07-18 13:30:00+00:00,172.08999633789062,172.08999633789062,0.0,174.24000549316406,171.93499755859375,173.72999572753906,0.0,48486073
2025-07-18 14:30:00+00:00,172.16009521484375,172.16009521484375,0.0,172.74839782714844,171.25999450683594,172.08999633789062,0.0,25270061
2025-07-18 15:30:00+00:00,172.15469360351562,172.15469360351562,0.0,172.5800018310547,171.97999572753906,172.1699981689453,0.0,12708477
2025-07-18 16:30:00+00:00,172.64999389648438,172.64999389648438,0.0,172.75,171.8000030517578,172.16000366210938,0.0,11859350
2025-07-18 17:30:00+00:00,172.4149932861328,172.4149932861328,0.0,172.73500061035156,172.11500549316406,172.64520263671875,0.0,9307613
2025-07-18 18:30:00+00:00,172.07000732421875,172.07000732421875,0.0,172.4199981689453,171.88999938964844,172.4152069091797,0.0,9333832
2025-07-18 19:30:00+00:00,172.38999938964844,172.38999938964844,0.0,172.4250030517578,171.8249969482422,172.0800018310547,0.0,14900120
2025-07-18 20:00:00+00:00,172.39,172.39,0.0,172.44,170.9208,172.38,0.0,0
2025-07-18 21:00:00+00:00,172.46,172.46,0.0,173.8155,122.2218,172.38,0.0,0
2025-07-18 22:00:00+00:00,172.44,172.44,0.0,172.5,172.41,172.45,0.0,0
2025-07-18 23:00:00+00:00,172.36,172.36,0.0,172.45,172.2501,172.445,0.0,0
2025-07-21 08:00:00+00:00,172.75,172.75,0.0,172.97,172.63,172.87,0.0,0
2025-07-21 09:00:00+00:00,172.88,172.88,0.0,172.9,172.55,172.74,0.0,0
2025-07-21 10:00:00+00:00,172.94,172.94,0.0,173.23,172.62,172.89,0.0,0
2025-07-21 11:00:00+00:00,172.6,172.6,0.0,172.94,172.5,172.93,0.0,0
2025-07-21 12:00:00+00:00,172.58,172.58,0.0,173.2005,172.4,172.59,0.0,0
2025-07-21 13:00:00+00:00,172.77,172.77,0.0,172.83,172.37,172.58,0.0,0
2025-07-21 13:30:00+00:00,173.08009338378906,173.08009338378906,0.0,173.3800048828125,171.67999267578125,172.73500061035156,0.0,34024091
2025-07-21 14:30:00+00:00,172.6981964111328,172.6981964111328,0.0,173.13999938964844,172.4499969482422,173.0850067138672,0.0,14503791
2025-07-21 15:30:00+00:00,172.02940368652344,172.02940368652344,0.0,172.82000732421875,171.4499969482422,172.69009399414062,0.0,16191347
2025-07-21 16:30:00+00:00,172.55479431152344,172.55479431152344,0.0,172.6199951171875,171.99000549316406,172.02999877929688,0.0,10114493
2025-07-21 17:30:00+00:00,172.70480346679688,172.70480346679688,0.0,172.80999755859375,172.47000122070312,172.55819702148438,0.0,6943501
2025-07-21 18:30:00+00:00,171.9600067138672,171.9600067138672,0.0,172.72999572753906,171.86000061035156,172.6999969482422,0.0,10195751
2025-07-21 19:30:00+00:00,171.4600067138672,171.4600067138672,0.0,172.14999389648438,171.05999755859375,171.9600067138672,0.0,11753089
2025-07-21 20:00:00+00:00,171.24,171.24,0.0,181.4671,160.1503,171.45,0.0,0
2025-07-21 21:00:00+00:00,170.69,170.69,0.0,181.4671,93.86,171.24,0.0,0
2025-07-21 22:00:00+00:00,171.01,171.01,0.0,171.38,170.61,170.7,0.0,0
2025-07-21 23:00:00+00:00,170.97,170.97,0.0,171.12,170.82,171.02,0.0,0
2025-07-22 08:00:00+00:00,170.24,170.24,0.0,170.92,169.88,170.74,0.0,0
2025-07-22 09:00:00+00:00,169.32,169.32,0.0,170.37,169.04,170.24,0.0,0
2025-07-22 10:00:00+00:00,169.78,169.78,0.0,170.19,169.25,169.31,0.0,0
2025-07-22 11:00:00+00:00,170.29,170.29,0.0,170.45,169.63,169.78,0.0,0
2025-07-22 12:00:00+00:00,170.57,170.57,0.0,171.38,169.04,170.28,0.0,0
2025-07-22 13:00:00+00:00,171.4,171.4,0.0,173.78,170.4,170.5702,0.0,0
2025-07-22 13:30:00+00:00,166.0847930908203,166.0847930908203,0.0,171.35000610351562,164.5800018310547,171.22000122070312,0.0,75042055
2025-07-22 14:30:00+00:00,167.86000061035156,167.86000061035156,0.0,168.1999969482422,166.0800018310547,166.0800018310547,0.0,27036246
2025-07-22 15:30:00+00:00,167.5509033203125,167.5509033203125,0.0,168.63999938964844,167.49000549316406,167.86000061035156,0.0,20199319
2025-07-22 16:30:00+00:00,168.26499938964844,168.26499938964844,0.0,168.3699951171875,167.35000610351562,167.5500030517578,0.0,14441058
2025-07-22 17:30:00+00:00,167.90029907226562,167.90029907226562,0.0,168.4199981689453,167.360107421875,168.25999450683594,0.0,10662147
2025-07-22 18:30:00+00:00,167.88499450683594,167.88499450683594,0.0,168.16000366210938,167.72999572753906,167.89999389648438,0.0,10053490
2025-07-22 19:30:00+00:00,167.00999450683594,167.00999450683594,0.0,168.0,166.75999450683594,167.8800048828125,0.0,14282707
2025-07-22 20:00:00+00:00,166.43,166.43,0.0,177.952,150.6163,167.03,0.0,0
2025-07-22 21:00:00+00:00,166.535,166.535,0.0,180.896,127.7255,166.455,0.0,0
2025-07-22 22:00:00+00:00,166.33,166.33,0.0,166.61,166.3,166.5117,0.0,0
2025-07-22 23:00:00+00:00,167.77,167.77,0.0,167.78,166.31,166.31,0.0,0
2025-07-23 08:00:00+00:00,168.46,168.46,0.0,168.49,167.89,168.11,0.0,0
2025-07-23 09:00:00+00:00,168.35,168.35,0.0,168.6,168.29,168.45,0.0,0
2025-07-23 10:00:00+00:00,168.65,168.65,0.0,168.68,168.27,168.34,0.0,0
2025-07-23 11:00:00+00:00,168.61,168.61,0.0,168.88,168.1,168.67,0.0,0
2025-07-23 12:00:00+00:00,169.16,169.16,0.0,169.29,167.03,168.59,0.0,0
2025-07-23 13:00:00+00:00,169.54,169.54,0.0,169.69,167.03,169.1594,0.0,0
2025-07-23 13:30:00+00:00,169.1300048828125,169.1300048828125,0.0,170.39999389648438,167.97000122070312,169.52000427246094,0.0,46559663
2025-07-23 14:30:00+00:00,169.52330017089844,169.52330017089844,0.0,169.8000030517578,168.47000122070312,169.1300048828125,0.0,17365993
2025-07-23 15:30:00+00:00,168.6199951171875,168.6199951171875,0.0,169.8800048828125,168.52999877929688,169.5050048828125,0.0,14747305
2025-07-23 16:30:00+00:00,169.03500366210938,169.03500366210938,0.0,169.27999877929688,168.55999755859375,168.6199951171875,0.0,9774945
2025-07-23 17:30:00+00:00,170.65750122070312,170.65750122070312,0.0,171.25999450683594,168.97999572753906,169.03990173339844,0.0,20290549
2025-07-23 18:30:00+00:00,170.7100067138672,170.7100067138672,0.0,171.05999755859375,170.4600067138672,170.65130615234375,0.0,15108435
2025-07-23 19:30:00+00:00,170.8300018310547,170.8300018310547,0.0,170.86000061035156,170.1707000732422,170.6999969482422,0.0,13031395
2025-07-23 20:00:00+00:00,172.47,172.47,0.0,181.9799,170.49,170.78,0.0,0
2025-07-23 21:00:00+00:00,172.5899,172.5899,0.0,172.74,170.78,172.47,0.0,0
2025-07-23 22:00:00+00:00,172.5402,172.5402,0.0,172.7,172.4,172.5705,0.0,0
2025-07-23 23:00:00+00:00,172.9,172.9,0.0,172.95,172.49,172.5408,0.0,0
2025-07-24 08:00:00+00:00,172.69,172.69,0.0,173.0,172.17,173.0,0.0,0
2025-07-24 09:00:00+00:00,172.65,172.65,0.0,172.94,172.53,172.72,0.0,0
2025-07-24 10:00:00+00:00,172.73,172.73,0.0,172.83,172.54,172.61,0.0,0
2025-07-24 11:00:00+00:00,172.71,172.71,0.0,172.83,172.18,172.73,0.0,0
2025-07-24 12:00:00+00:00,172.62,172.62,0.0,172.98,170.78,172.69,0.0,0
2025-07-24 13:00:00+00:00,172.45,172.45,0.0,172.68,144.3306,172.62,0.0,0
2025-07-24 13:30:00+00:00,172.08999633789062,172.08999633789062,0.0,173.4499969482422,171.3000030517578,172.4499969482422,0.0,38225261
2025-07-24 14:30:00+00:00,172.67849731445312,172.67849731445312,0.0,173.1999053955078,171.99000549316406,172.08999633789062,0.0,18227398
2025-07-24 15:30:00+00:00,172.94500732421875,172.94500732421875,0.0,173.08999633789062,172.39999389648438,172.69189453125,0.0,12437977
2025-07-24 16:30:00+00:00,173.43240356445312,173.43240356445312,0.0,173.67999267578125,172.77000427246094,172.94000244140625,0.0,13470296
2025-07-24 17:30:00+00:00,173.4550018310547,173.4550018310547,0.0,173.8300018310547,173.22000122070312,173.42999267578125,0.0,12804764
2025-07-24 18:30:00+00:00,173.6501007080078,173.6501007080078,0.0,173.75999450683594,173.25999450683594,173.4550018310547,0.0,9442160
2025-07-24 19:30:00+00:00,173.77999877929688,173.77999877929688,0.0,173.82000732421875,173.31500244140625,173.66000366210938,0.0,11284670
2025-07-24 20:00:00+00:00,173.475,173.475,0.0,182.5667,169.273,173.78,0.0,0
2025-07-24 21:00:00+00:00,173.52,173.52,0.0,173.66,173.4,173.48,0.0,0
2025-07-24 22:00:00+00:00,173.54,173.54,0.0,173.81,173.48,173.55,0.0,0
2025-07-24 23:00:00+00:00,173.585,173.585,0.0,173.65,173.5,173.535,0.0,0
2025-07-25 08:00:00+00:00,173.67,173.67,0.0,173.67,173.11,173.11,0.0,0
2025-07-25 09:00:00+00:00,173.3,173.3,0.0,173.73,173.05,173.69,0.0,0
2025-07-25 10:00:00+00:00,173.42,173.42,0.0,173.52,173.22,173.28,0.0,0
2025-07-25 11:00:00+00:00,173.28,173.28,0.0,173.51,173.2,173.43,0.0,0
2025-07-25 12:00:00+00:00,173.22,173.22,0.0,173.8502,172.94,173.26,0.0,0
2025-07-25 13:00:00+00:00,173.61,173.61,0.0,173.65,171.8501,173.19,0.0,0
2025-07-25 13:30:00+00:00,174.46189880371094,174.46189880371094,0.0,174.72000122070312,172.96499633789062,173.61500549316406,0.0,38537566
2025-07-25 14:30:00+00:00,174.06809997558594,174.06809997558594,0.0,174.67999267578125,173.63999938964844,174.46820068359375,0.0,15660859
2025-07-25 15:30:00+00:00,174.3800048828125,174.3800048828125,0.0,174.52999877929688,173.75,174.10000610351562,0.0,13706268
2025-07-25 16:30:00+00:00,173.8843994140625,173.8843994140625,0.0,174.5,173.8300018310547,174.38999938964844,0.0,10462333
2025-07-25 17:30:00+00:00,173.64999389648438,173.64999389648438,0.0,173.97000122070312,173.00999450683594,173.88499450683594,0.0,11734143
2025-07-25 18:30:00+00:00,173.7949981689453,173.7949981689453,0.0,174.05999755859375,173.41000366210938,173.64999389648438,0.0,9810393
2025-07-25 19:30:00+00:00,173.49000549316406,173.49000549316406,0.0,173.99000549316406,173.25,173.7899932861328,0.0,11726836
2025-07-25 20:00:00+00:00,173.4689,173.4689,0.0,179.7988,169.25,173.5,0.0,0
2025-07-25 21:00:00+00:00,173.48,173.48,0.0,182.6607,167.8754,173.47,0.0,0
2025-07-25 22:00:00+00:00,173.4708,173.4708,0.0,173.56,173.4,173.48,0.0,0
2025-07-25 23:00:00+00:00,173.4001,173.4001,0.0,173.5,173.2901,173.4894,0.0,0
2025-07-28 08:00:00+00:00,174.9,174.9,0.0,174.97,174.39,174.55,0.0,0
2025-07-28 09:00:00+00:00,174.65,174.65,0.0,174.96,174.6,174.89,0.0,0
2025-07-28 10:00:00+00:00,174.6,174.6,0.0,174.8,174.59,174.64,0.0,0
2025-07-28 11:00:00+00:00,174.59,174.59,0.0,174.65,174.37,174.59,0.0,0
2025-07-28 12:00:00+00:00,174.635,174.635,0.0,174.98,173.067,174.58,0.0,0
2025-07-28 13:00:00+00:00,174.01,174.01,0.0,174.71,172.41,174.6397,0.0,0
2025-07-28 13:30:00+00:00,174.9250030517578,174.9250030517578,0.0,175.57000732421875,173.97000122070312,174.02000427246094,0.0,40106290
2025-07-28 14:30:00+00:00,174.92999267578125,174.92999267578125,0.0,175.25999450683594,174.2550048828125,174.9199981689453,0.0,15757910
2025-07-28 15:30:00+00:00,175.0299072265625,175.0299072265625,0.0,175.13999938964844,174.67999267578125,174.9250030517578,0.0,9614060
2025-07-28 16:30:00+00:00,175.2100067138672,175.2100067138672,0.0,175.27999877929688,174.6999969482422,175.02020263671875,0.0,8315414
2025-07-28 17:30:00+00:00,175.47500610351562,175.47500610351562,0.0,175.69509887695312,175.19869995117188,175.1999969482422,0.0,11462309
2025-07-28 18:30:00+00:00,176.15499877929688,176.15499877929688,0.0,176.27499389648438,175.2100067138672,175.47999572753906,0.0,15190206
2025-07-28 19:30:00+00:00,176.75,176.75,0.0,176.97999572753906,175.8300018310547,176.16000366210938,0.0,19019292
2025-07-28 20:00:00+00:00,176.84,176.84,0.0,184.2823,168.1535,176.74,0.0,0
2025-07-28 21:00:00+00:00,176.865,176.865,0.0,176.95,176.81,176.84,0.0,0
2025-07-28 22:00:00+00:00,176.925,176.925,0.0,176.94,176.75,176.84,0.0,0
2025-07-28 23:00:00+00:00,177.13,177.13,0.0,177.17,176.85,176.94,0.0,0
2025-07-29 08:00:00+00:00,178.88,178.88,0.0,179.31,178.03,178.95,0.0,0
2025-07-29 09:00:00+00:00,179.41,179.41,0.0,179.6,178.79,178.87,0.0,0
2025-07-29 10:00:00+00:00,179.33,179.33,0.0,179.65,179.19,179.41,0.0,0
2025-07-29 11:00:00+00:00,179.48,179.48,0.0,179.58,179.06,179.33,0.0,0
2025-07-29 12:00:00+00:00,179.131,179.131,0.0,179.6,177.61,179.47,0.0,0
2025-07-29 13:00:00+00:00,178.0097,178.0097,0.0,179.16,173.4,179.13,0.0,0
2025-07-29 13:30:00+00:00,178.13999938964844,178.13999938964844,0.0,179.3800048828125,177.6300048828125,177.9600067138672,0.0,47245091
2025-07-29 14:30:00+00:00,175.85989379882812,175.85989379882812,0.0,178.6999053955078,175.67010498046875,178.14999389648438,0.0,26997973
2025-07-29 15:30:00+00:00,176.33999633789062,176.33999633789062,0.0,176.77999877929688,175.1699981689453,175.85499572753906,0.0,21153065
2025-07-29 16:30:00+00:00,176.19529724121094,176.19529724121094,0.0,176.66000366210938,175.83169555664062,176.34500122070312,0.0,11231828
2025-07-29 17:30:00+00:00,176.2050018310547,176.2050018310547,0.0,176.6300048828125,175.8000030517578,176.1999969482422,0.0,9845570
2025-07-29 18:30:00+00:00,175.8249969482422,175.8249969482422,0.0,176.57510375976562,175.77000427246094,176.2050018310547,0.0,10067988
2025-07-29 19:30:00+00:00,175.50999450683594,175.50999450683594,0.0,175.97039794921875,175.23789978027344,175.8300018310547,0.0,14984039
2025-07-29 20:00:00+00:00,175.825,175.825,0.0,178.8647,163.8593,175.56,0.0,0
2025-07-29 21:00:00+00:00,175.965,175.965,0.0,178.8647,163.8593,175.85,0.0,0
2025-07-29 22:00:00+00:00,176.01,176.01,0.0,176.11,175.77,175.98,0.0,0
2025-07-29 23:00:00+00:00,176.0883,176.0883,0.0,176.1,175.95,176.02,0.0,0
2025-07-30 08:00:00+00:00,176.28,176.28,0.0,176.73,176.28,176.46,0.0,0
2025-07-30 09:00:00+00:00,176.42,176.42,0.0,176.6,176.07,176.27,0.0,0
2025-07-30 10:00:00+00:00,175.82,175.82,0.0,176.57,175.28,176.41,0.0,0
2025-07-30 11:00:00+00:00,176.64,176.64,0.0,176.65,175.71,175.81,0.0,0
2025-07-30 12:00:00+00:00,176.54,176.54,0.0,176.88,173.74,176.621,0.0,0
2025-07-30 13:00:00+00:00,176.5197,176.5197,0.0,176.88,175.98,176.58,0.0,0
2025-07-30 13:30:00+00:00,178.4600067138672,178.4600067138672,0.0,178.74000549316406,176.34950256347656,176.34950256347656,0.0,36121613
2025-07-30 14:30:00+00:00,178.26519775390625,178.26519775390625,0.0,179.27999877929688,178.19000244140625,178.46009826660156,0.0,20571627
2025-07-30 15:30:00+00:00,178.80499267578125,178.80499267578125,0.0,179.1999969482422,178.1446990966797,178.26019287109375,0.0,13706613
2025-07-30 16:30:00+00:00,179.00669860839844,179.00669860839844,0.0,179.39999389648438,178.8000946044922,178.8000946044922,0.0,14438209
2025-07-30 17:30:00+00:00,179.55499267578125,179.55499267578125,0.0,179.67999267578125,178.8800048828125,179.00999450683594,0.0,13260125
2025-07-30 18:30:00+00:00,178.58999633789062,178.58999633789062,0.0,179.88999938964844,177.55999755859375,179.55499267578125,0.0,28400674
2025-07-30 19:30:00+00:00,179.2899932861328,179.2899932861328,0.0,179.39999389648438,178.5800018310547,178.58999633789062,0.0,16698311
2025-07-30 20:00:00+00:00,180.97,180.97,0.0,181.67,126.3785,179.29,0.0,0
2025-07-30 21:00:00+00:00,182.78,182.78,0.0,190.8448,120.5867,180.96,0.0,0
2025-07-30 22:00:00+00:00,183.19,183.19,0.0,184.12,182.7,182.78,0.0,0
2025-07-30 23:00:00+00:00,183.355,183.355,0.0,183.39,182.71,183.198,0.0,0
2025-07-31 08:00:00+00:00,182.55,182.55,0.0,183.72,182.3,182.86,0.0,0
2025-07-31 09:00:00+00:00,182.65,182.65,0.0,182.94,182.5,182.54,0.0,0
2025-07-31 10:00:00+00:00,182.3,182.3,0.0,182.65,181.8,182.65,0.0,0
2025-07-31 11:00:00+00:00,183.15,183.15,0.0,183.75,182.27,182.33,0.0,0
2025-07-31 12:00:00+00:00,183.355,183.355,0.0,185.21,179.27,183.19,0.0,0
2025-07-31 13:00:00+00:00,182.91,182.91,0.0,183.54,179.27,183.4196,0.0,0
2025-07-31 13:30:00+00:00,181.57000732421875,181.57000732421875,0.0,183.2899932861328,180.39999389648438,182.92999267578125,0.0,58728773
2025-07-31 14:30:00+00:00,179.889892578125,179.889892578125,0.0,181.72000122070312,178.68350219726562,181.57009887695312,0.0,32906598
2025-07-31 15:30:00+00:00,181.3780059814453,181.3780059814453,0.0,181.49000549316406,179.8000030517578,179.88999938964844,0.0,16810132
2025-07-31 16:30:00+00:00,179.02000427246094,179.02000427246094,0.0,181.4949951171875,178.82000732421875,181.37229919433594,0.0,18524780
2025-07-31 17:30:00+00:00,177.36500549316406,177.36500549316406,0.0,179.44000244140625,175.92999267578125,179.0,0.0,27861825
2025-07-31 18:30:00+00:00,177.41969299316406,177.41969299316406,0.0,178.1699981689453,177.2100067138672,177.36500549316406,0.0,17966475
2025-07-31 19:30:00+00:00,177.85000610351562,177.85000610351562,0.0,178.1699981689453,177.14500427246094,177.4250030517578,0.0,16408484
2025-07-31 20:00:00+00:00,177.7,177.7,0.0,193.3398,124.2548,177.87,0.0,0
2025-07-31 21:00:00+00:00,176.08,176.08,0.0,193.3398,135.5199,177.635,0.0,0
2025-07-31 22:00:00+00:00,175.9982,175.9982,0.0,177.87,175.9,176.16,0.0,0
2025-07-31 23:00:00+00:00,176.69,176.69,0.0,176.8,175.75,175.97,0.0,0
2025-08-01 08:00:00+00:00,172.58,172.58,0.0,175.0,172.24,174.49,0.0,0
2025-08-01 09:00:00+00:00,173.05,173.05,0.0,173.81,172.51,172.58,0.0,0
2025-08-01 10:00:00+00:00,173.58,173.58,0.0,173.94,172.92,173.05,0.0,0
2025-08-01 11:00:00+00:00,174.37,174.37,0.0,174.64,173.08,173.56,0.0,0
2025-08-01 12:00:00+00:00,174.95,174.95,0.0,177.87,172.2404,174.35,0.0,0
2025-08-01 13:00:00+00:00,174.01,174.01,0.0,177.87,173.6,174.94,0.0,0
2025-08-01 13:30:00+00:00,174.97500610351562,174.97500610351562,0.0,175.03500366210938,170.88999938964844,172.75,0.0,66875436
2025-08-01 14:30:00+00:00,174.77999877929688,174.77999877929688,0.0,176.0,174.33999633789062,174.97999572753906,0.0,26579583
2025-08-01 15:30:00+00:00,175.82000732421875,175.82000732421875,0.0,176.5399932861328,174.64999389648438,174.77000427246094,0.0,18229449
2025-08-01 16:30:00+00:00,173.10989379882812,173.10989379882812,0.0,175.8699951171875,172.6649932861328,175.82000732421875,0.0,19679327
2025-08-01 17:30:00+00:00,173.2799072265625,173.2799072265625,0.0,173.6999969482422,171.7949981689453,173.10499572753906,0.0,21601464
2025-08-01 18:30:00+00:00,173.75,173.75,0.0,174.14999389648438,172.72999572753906,173.27499389648438,0.0,18409216
2025-08-01 19:30:00+00:00,173.58999633789062,173.58999633789062,0.0,174.6999969482422,173.19500732421875,173.7449951171875,0.0,14884559
2025-08-01 20:00:00+00:00,173.341,173.341,0.0,173.8872,173.11,173.58,0.0,0
2025-08-01 21:00:00+00:00,173.17,173.17,0.0,226.1203,126.9922,173.3498,0.0,0
2025-08-01 22:00:00+00:00,172.638,172.638,0.0,173.17,172.56,173.17,0.0,0
2025-08-01 23:00:00+00:00,172.5,172.5,0.0,172.84,172.5,172.63,0.0,0
2025-08-04 08:00:00+00:00,175.25,175.25,0.0,175.64,174.16,174.75,0.0,0
2025-08-04 09:00:00+00:00,175.35,175.35,0.0,175.62,175.1,175.27,0.0,0
2025-08-04 10:00:00+00:00,176.09,176.09,0.0,176.15,175.34,175.42,0.0,0
2025-08-04 11:00:00+00:00,175.48,175.48,0.0,176.15,175.31,176.1,0.0,0
2025-08-04 12:00:00+00:00,175.5,175.5,0.0,176.1,173.25,175.47,0.0,0
2025-08-04 13:00:00+00:00,175.16,175.16,0.0,183.155,171.51,175.4801,0.0,0
2025-08-04 13:30:00+00:00,177.9499969482422,177.9499969482422,0.0,178.10000610351562,174.55999755859375,175.16000366210938,0.0,40024836
2025-08-04 14:30:00+00:00,177.8498992919922,177.8498992919922,0.0,178.10000610351562,176.92999267578125,177.95140075683594,0.0,17929805
2025-08-04 15:30:00+00:00,178.9250030517578,178.9250030517578,0.0,179.03529357910156,177.64999389648438,177.8300018310547,0.0,14410982
2025-08-04 16:30:00+00:00,179.02999877929688,179.02999877929688,0.0,179.10000610351562,178.61000061035156,178.9250030517578,0.0,10199184
2025-08-04 17:30:00+00:00,179.27000427246094,179.27000427246094,0.0,179.81500244140625,178.69000244140625,179.0399932861328,0.0,14291109
2025-08-04 18:30:00+00:00,179.31390380859375,179.31390380859375,0.0,179.66000366210938,178.94000244140625,179.27479553222656,0.0,12966879
2025-08-04 19:30:00+00:00,179.97000122070312,179.97000122070312,0.0,179.99000549316406,179.11000061035156,179.3101043701172,0.0,14189742
2025-08-04 20:00:00+00:00,180.85,180.85,0.0,190.0723,176.6679,179.98,0.0,0
2025-08-04 21:00:00+00:00,180.76,180.76,0.0,190.0723,177.8272,180.85,0.0,0
2025-08-04 22:00:00+00:00,180.76,180.76,0.0,180.79,180.53,180.78,0.0,0
2025-08-04 23:00:00+00:00,180.675,180.675,0.0,180.8,180.48,180.75,0.0,0
2025-08-05 08:00:00+00:00,180.46,180.46,0.0,180.9,180.09,180.67,0.0,0
2025-08-05 09:00:00+00:00,180.47,180.47,0.0,180.8,180.37,180.48,0.0,0
2025-08-05 10:00:00+00:00,180.97,180.97,0.0,181.1,180.47,180.47,0.0,0
2025-08-05 11:00:00+00:00,181.23,181.23,0.0,181.37,180.66,180.95,0.0,0
2025-08-05 12:00:00+00:00,180.8,180.8,0.0,181.5402,180.0,181.22,0.0,0
2025-08-05 13:00:00+00:00,179.64,179.64,0.0,181.0,172.525,180.8,0.0,0
2025-08-05 13:30:00+00:00,178.24000549316406,178.24000549316406,0.0,180.25999450683594,177.75,178.77000427246094,0.0,41827154
2025-08-05 14:30:00+00:00,176.88499450683594,176.88499450683594,0.0,178.48829650878906,175.89999389648438,178.25,0.0,30111029
2025-08-05 15:30:00+00:00,177.92999267578125,177.92999267578125,0.0,178.26499938964844,176.22000122070312,176.8800048828125,0.0,18008893
2025-08-05 16:30:00+00:00,178.02999877929688,178.02999877929688,0.0,178.22000122070312,177.00999450683594,177.9199981689453,0.0,12436982
2025-08-05 17:30:00+00:00,178.50999450683594,178.50999450683594,0.0,179.11439514160156,177.9499969482422,178.0399932861328,0.0,13221722
2025-08-05 18:30:00+00:00,178.77520751953125,178.77520751953125,0.0,178.82000732421875,177.65150451660156,178.51010131835938,0.0,14104085
2025-08-05 19:30:00+00:00,178.25999450683594,178.25999450683594,0.0,178.97500610351562,178.1199951171875,178.77499389648438,0.0,11063423
2025-08-05 20:00:00+00:00,150.6163,150.6163,0.0,205.6974,139.635,178.26,0.0,0
2025-08-05 21:00:00+00:00,177.17,177.17,0.0,205.6974,127.7255,177.14,0.0,0
2025-08-05 22:00:00+00:00,177.16,177.16,0.0,177.4,176.76,177.25,0.0,0
2025-08-05 23:00:00+00:00,176.8,176.8,0.0,177.16,176.78,177.145,0.0,0
2025-08-06 08:00:00+00:00,178.3,178.3,0.0,178.85,178.24,178.3,0.0,0
2025-08-06 09:00:00+00:00,177.1,177.1,0.0,178.32,176.91,178.3,0.0,0
2025-08-06 10:00:00+00:00,176.85,176.85,0.0,177.21,176.64,177.14,0.0,0
2025-08-06 11:00:00+00:00,176.58,176.58,0.0,176.95,175.68,176.86,0.0,0
2025-08-06 12:00:00+00:00,176.755,176.755,0.0,178.85,175.6888,176.58,0.0,0
2025-08-06 13:00:00+00:00,176.2907,176.2907,0.0,177.09,176.18,176.74,0.0,0
2025-08-06 13:30:00+00:00,178.0399932861328,178.0399932861328,0.0,179.42999267578125,176.25,176.3249969482422,0.0,37211087
2025-08-06 14:30:00+00:00,178.14999389648438,178.14999389648438,0.0,178.39999389648438,176.80189514160156,178.02999877929688,0.0,20699896
2025-08-06 15:30:00+00:00,178.23500061035156,178.23500061035156,0.0,179.3800048828125,178.02000427246094,178.14999389648438,0.0,14807008
2025-08-06 16:30:00+00:00,178.42999267578125,178.42999267578125,0.0,178.4499969482422,177.65809631347656,178.22999572753906,0.0,11344990
2025-08-06 17:30:00+00:00,179.22999572753906,179.22999572753906,0.0,179.27999877929688,178.2689971923828,178.4199981689453,0.0,10284555
2025-08-06 18:30:00+00:00,179.6649932861328,179.6649932861328,0.0,179.86000061035156,178.8800048828125,179.22000122070312,0.0,13334056
2025-08-06 19:30:00+00:00,179.41000366210938,179.41000366210938,0.0,179.89999389648438,179.32000732421875,179.66000366210938,0.0,11599106
2025-08-06 20:00:00+00:00,179.43,179.43,0.0,181.9799,172.565,179.41,0.0,0
2025-08-06 21:00:00+00:00,179.86,179.86,0.0,181.9799,171.2796,179.43,0.0,0
2025-08-06 22:00:00+00:00,180.5088,180.5088,0.0,181.0,179.41,179.85,0.0,0
2025-08-06 23:00:00+00:00,180.48,180.48,0.0,180.65,180.24,180.54,0.0,0
2025-08-07 08:00:00+00:00,181.24,181.24,0.0,181.31,180.29,180.43,0.0,0
2025-08-07 09:00:00+00:00,181.17,181.17,0.0,181.26,181.01,181.2,0.0,0
2025-08-07 10:00:00+00:00,181.56,181.56,0.0,181.71,181.04,181.15,0.0,0
2025-08-07 11:00:00+00:00,181.89,181.89,0.0,182.13,181.35,181.55,0.0,0
2025-08-07 12:00:00+00:00,181.84,181.84,0.0,182.13,179.42,181.85,0.0,0
2025-08-07 13:00:00+00:00,181.61,181.61,0.0,181.98,176.465,181.82,0.0,0
2025-08-07 13:30:00+00:00,182.47999572753906,182.47999572753906,0.0,183.8800048828125,181.3000030517578,181.5500030517578,0.0,48813258
2025-08-07 14:30:00+00:00,181.52999877929688,181.52999877929688,0.0,183.08999633789062,181.14999389648438,182.33880615234375,0.0,19854693
2025-08-07 15:30:00+00:00,181.14999389648438,181.14999389648438,0.0,182.02499389648438,180.47999572753906,181.52000427246094,0.0,15244882
2025-08-07 16:30:00+00:00,179.97000122070312,179.97000122070312,0.0,181.3350067138672,179.4199981689453,181.13510131835938,0.0,15384202
2025-08-07 17:30:00+00:00,179.42010498046875,179.42010498046875,0.0,180.27000427246094,178.82000732421875,179.96499633789062,0.0,15509269
2025-08-07 18:30:00+00:00,179.47000122070312,179.47000122070312,0.0,180.24000549316406,179.1199951171875,179.4250030517578,0.0,13498015
2025-08-07 19:30:00+00:00,180.8699951171875,180.8699951171875,0.0,180.88999938964844,179.4199981689453,179.47000122070312,0.0,11101336
2025-08-07 20:00:00+00:00,181.26,181.26,0.0,181.77,177.9765,180.875,0.0,0
2025-08-07 21:00:00+00:00,181.38,181.38,0.0,193.1195,169.273,181.33,0.0,0
2025-08-07 22:00:00+00:00,181.62,181.62,0.0,181.76,181.33,181.46,0.0,0
2025-08-07 23:00:00+00:00,181.585,181.585,0.0,181.66,181.42,181.62,0.0,0
2025-08-08 08:00:00+00:00,181.79,181.79,0.0,181.91,181.62,181.65,0.0,0
2025-08-08 09:00:00+00:00,182.17,182.17,0.0,182.2,181.73,181.79,0.0,0
2025-08-08 10:00:00+00:00,181.9,181.9,0.0,182.25,181.83,182.16,0.0,0
2025-08-08 11:00:00+00:00,182.09,182.09,0.0,182.15,181.79,181.89,0.0,0
2025-08-08 12:00:00+00:00,181.61,181.61,0.0,182.25,181.4,182.09,0.0,0
2025-08-08 13:00:00+00:00,181.54,181.54,0.0,183.325,174.385,181.6,0.0,0
2025-08-08 13:30:00+00:00,182.19500732421875,182.19500732421875,0.0,182.7689971923828,180.39999389648438,181.5500030517578,0.0,35346711
2025-08-08 14:30:00+00:00,183.01499938964844,183.01499938964844,0.0,183.3000030517578,182.04449462890625,182.19000244140625,0.0,19263080
2025-08-08 15:30:00+00:00,182.90809631347656,182.90809631347656,0.0,183.2899932861328,182.25,183.0050048828125,0.0,13673296
2025-08-08 16:30:00+00:00,181.88499450683594,181.88499450683594,0.0,182.9199981689453,181.61000061035156,182.9149932861328,0.0,12839636
2025-08-08 17:30:00+00:00,182.61500549316406,182.61500549316406,0.0,182.88999938964844,181.85000610351562,181.8800048828125,0.0,10114146
2025-08-08 18:30:00+00:00,182.69500732421875,182.69500732421875,0.0,183.05999755859375,182.58009338378906,182.60009765625,0.0,10238542
2025-08-08 19:30:00+00:00,182.75,182.75,0.0,183.05999755859375,182.1649932861328,182.69500732421875,0.0,11085190
2025-08-08 20:00:00+00:00,182.7392,182.7392,0.0,192.8472,175.3419,182.77,0.0,0
2025-08-08 21:00:00+00:00,182.73,182.73,0.0,192.8472,175.3419,182.74,0.0,0
2025-08-08 22:00:00+00:00,182.79,182.79,0.0,183.2,182.68,182.715,0.0,0
2025-08-08 23:00:00+00:00,182.8306,182.8306,0.0,183.04,182.71,182.775,0.0,0
2025-08-11 08:00:00+00:00,179.95,179.95,0.0,182.51,179.03,182.4,0.0,0
2025-08-11 09:00:00+00:00,180.71,180.71,0.0,180.79,179.78,179.95,0.0,0
2025-08-11 10:00:00+00:00,181.34,181.34,0.0,181.38,180.64,180.73,0.0,0
2025-08-11 11:00:00+00:00,181.44,181.44,0.0,181.77,180.86,181.34,0.0,0
2025-08-11 12:00:00+00:00,181.94,181.94,0.0,183.1802,179.12,181.41,0.0,0
2025-08-11 13:00:00+00:00,182.05,182.05,0.0,182.21,181.36,181.96,0.0,0
2025-08-11 13:30:00+00:00,183.3455047607422,183.3455047607422,0.0,183.66000366210938,180.25,182.16000366210938,0.0,44896099
2025-08-11 14:30:00+00:00,183.1800994873047,183.1800994873047,0.0,183.67999267578125,182.3699951171875,183.34500122070312,0.0,16480275
2025-08-11 15:30:00+00:00,183.73500061035156,183.73500061035156,0.0,183.83999633789062,182.8800048828125,183.16439819335938,0.0,16486141
2025-08-11 16:30:00+00:00,183.23550415039062,183.23550415039062,0.0,183.80499267578125,182.85499572753906,183.73500061035156,0.0,10001941
2025-08-11 17:30:00+00:00,182.89999389648438,182.89999389648438,0.0,183.46499633789062,182.59010314941406,183.23500061035156,0.0,8923527
2025-08-11 18:30:00+00:00,182.16000366210938,182.16000366210938,0.0,183.08999633789062,182.10000610351562,182.91000366210938,0.0,9764807
2025-08-11 19:30:00+00:00,182.0850067138672,182.0850067138672,0.0,182.5800018310547,181.5,182.16000366210938,0.0,16433921
2025-08-11 20:00:00+00:00,181.94,181.94,0.0,182.7804,170.5523,182.11,0.0,0
2025-08-11 21:00:00+00:00,182.13,182.13,0.0,182.3,176.8173,181.99,0.0,0
2025-08-11 22:00:00+00:00,182.11,182.11,0.0,182.3,182.04,182.0898,0.0,0
2025-08-11 23:00:00+00:00,182.08,182.08,0.0,182.25,182.07,182.14,0.0,0
2025-08-12 08:00:00+00:00,181.57,181.57,0.0,181.95,181.5,181.79,0.0,0
2025-08-12 09:00:00+00:00,181.54,181.54,0.0,181.61,181.22,181.58,0.0,0
2025-08-12 10:00:00+00:00,182.18,182.18,0.0,182.96,181.45,181.56,0.0,0
2025-08-12 11:00:00+00:00,181.9,181.9,0.0,182.43,181.65,182.18,0.0,0
2025-08-12 12:00:00+00:00,182.37,182.37,0.0,182.92,180.55,181.89,0.0,0
2025-08-12 13:00:00+00:00,182.97,182.97,0.0,183.87,181.7115,182.41,0.0,0
2025-08-12 13:30:00+00:00,180.92999267578125,180.92999267578125,0.0,182.99000549316406,179.4600067138672,182.9600067138672,0.0,53579929
2025-08-12 14:30:00+00:00,182.0146942138672,182.0146942138672,0.0,182.55999755859375,180.75450134277344,180.9232940673828,0.0,19016729
2025-08-12 15:30:00+00:00,182.27499389648438,182.27499389648438,0.0,182.75,181.7602996826172,182.01010131835938,0.0,12312308
2025-08-12 16:30:00+00:00,182.24000549316406,182.24000549316406,0.0,182.6999969482422,181.75,182.27000427246094,0.0,10381630
2025-08-12 17:30:00+00:00,183.06500244140625,183.06500244140625,0.0,183.08999633789062,182.1750030517578,182.24000549316406,0.0,10502042
2025-08-12 18:30:00+00:00,182.7845001220703,182.7845001220703,0.0,183.3300018310547,182.69000244140625,183.0800018310547,0.0,11225989
2025-08-12 19:30:00+00:00,183.10000610351562,183.10000610351562,0.0,184.47999572753906,182.25999450683594,182.7899932861328,0.0,12971517
2025-08-12 20:00:00+00:00,182.9,182.9,0.0,183.22,176.5654,183.15,0.0,0
2025-08-12 21:00:00+00:00,182.83,182.83,0.0,182.97,100.97,182.9,0.0,0
2025-08-12 22:00:00+00:00,182.78,182.78,0.0,182.85,182.77,182.84,0.0,0
2025-08-12 23:00:00+00:00,182.93,182.93,0.0,182.95,182.76,182.78,0.0,0
2025-08-13 08:00:00+00:00,183.39,183.39,0.0,183.5,182.86,182.86,0.0,0
2025-08-13 09:00:00+00:00,182.78,182.78,0.0,183.58,182.54,183.39,0.0,0
2025-08-13 10:00:00+00:00,182.52,182.52,0.0,183.12,182.22,182.78,0.0,0
2025-08-13 11:00:00+00:00,182.83,182.83,0.0,182.9,181.75,182.56,0.0,0
2025-08-13 12:00:00+00:00,183.09,183.09,0.0,183.57,181.7648,182.85,0.0,0
2025-08-13 13:00:00+00:00,182.6,182.6,0.0,183.17,182.48,183.0824,0.0,0
2025-08-13 13:30:00+00:00,181.41099548339844,181.41099548339844,0.0,183.968994140625,180.97999572753906,182.35499572753906,0.0,57183001
2025-08-13 14:30:00+00:00,180.13180541992188,180.13180541992188,0.0,181.80929565429688,179.35000610351562,181.39500427246094,0.0,31905250
2025-08-13 15:30:00+00:00,180.0500030517578,180.0500030517578,0.0,181.08999633789062,179.5749969482422,180.139892578125,0.0,18665334
2025-08-13 16:30:00+00:00,180.99000549316406,180.99000549316406,0.0,181.00999450683594,179.39999389648438,180.0399932861328,0.0,15541217
2025-08-13 17:30:00+00:00,181.32989501953125,181.32989501953125,0.0,181.66000366210938,180.47000122070312,180.97999572753906,0.0,13188042
2025-08-13 18:30:00+00:00,181.26499938964844,181.26499938964844,0.0,181.9199981689453,181.06100463867188,181.3249969482422,0.0,13400589
2025-08-13 19:30:00+00:00,181.57000732421875,181.57000732421875,0.0,181.64999389648438,180.6300048828125,181.26499938964844,0.0,14629608
2025-08-13 20:00:00+00:00,181.3591,181.3591,0.0,190.8448,174.4123,181.55,0.0,0
2025-08-13 21:00:00+00:00,181.33,181.33,0.0,181.48,181.18,181.2517,0.0,0
2025-08-13 22:00:00+00:00,181.27,181.27,0.0,181.35,135.24,181.33,0.0,0
2025-08-13 23:00:00+00:00,181.28,181.28,0.0,181.36,181.12,181.29,0.0,0
2025-08-14 08:00:00+00:00,181.65,181.65,0.0,181.74,181.35,181.35,0.0,0
2025-08-14 09:00:00+00:00,181.46,181.46,0.0,181.72,181.23,181.63,0.0,0
2025-08-14 10:00:00+00:00,181.3,181.3,0.0,181.48,181.26,181.46,0.0,0
2025-08-14 11:00:00+00:00,181.88,181.88,0.0,181.92,181.28,181.31,0.0,0
2025-08-14 12:00:00+00:00,181.76,181.76,0.0,182.07,180.9997,181.89,0.0,0
2025-08-14 13:00:00+00:00,179.7476,179.7476,0.0,183.54,179.7,181.77,0.0,0
2025-08-14 13:30:00+00:00,182.5800018310547,182.5800018310547,0.0,182.66700744628906,179.4600067138672,179.7949981689453,0.0,41933654
2025-08-14 14:30:00+00:00,181.3800048828125,181.3800048828125,0.0,182.97500610351562,181.00999450683594,182.57850646972656,0.0,19906026
2025-08-14 15:30:00+00:00,181.14349365234375,181.14349365234375,0.0,182.19000244140625,180.9600067138672,181.3800048828125,0.0,15698784
2025-08-14 16:30:00+00:00,182.1649932861328,182.1649932861328,0.0,182.1999969482422,181.125,181.2200927734375,0.0,10084493
2025-08-14 17:30:00+00:00,181.52499389648438,181.52499389648438,0.0,182.1699981689453,181.4499969482422,182.1649932861328,0.0,8710122
2025-08-14 18:30:00+00:00,181.9600067138672,181.9600067138672,0.0,182.05999755859375,181.4217071533203,181.52999877929688,0.0,9628090
2025-08-14 19:30:00+00:00,182.0,182.0,0.0,182.24000549316406,181.7899932861328,181.9550018310547,0.0,12263611
2025-08-14 20:00:00+00:00,181.685,181.685,0.0,193.3398,181.52,181.96,0.0,0
2025-08-14 21:00:00+00:00,181.66,181.66,0.0,193.3398,181.55,181.73,0.0,0
2025-08-14 22:00:00+00:00,181.78,181.78,0.0,181.8,181.63,181.67,0.0,0
2025-08-14 23:00:00+00:00,181.84,181.84,0.0,181.88,181.72,181.7792,0.0,0
2025-08-15 08:00:00+00:00,181.88,181.88,0.0,182.26,181.87,182.0,0.0,0
2025-08-15 09:00:00+00:00,181.78,181.78,0.0,181.93,181.51,181.9,0.0,0
2025-08-15 10:00:00+00:00,181.6,181.6,0.0,181.77,181.45,181.77,0.0,0
2025-08-15 11:00:00+00:00,181.91,181.91,0.0,181.99,181.6,181.62,0.0,0
2025-08-15 12:00:00+00:00,181.85,181.85,0.0,182.26,181.44,181.9,0.0,0
2025-08-15 13:00:00+00:00,181.55,181.55,0.0,182.26,181.55,181.85,0.0,0
2025-08-15 13:30:00+00:00,179.92010498046875,179.92010498046875,0.0,181.89999389648438,178.04469299316406,181.75999450683594,0.0,53746813
2025-08-15 14:30:00+00:00,179.5050048828125,179.5050048828125,0.0,180.04989624023438,178.75,179.9250030517578,0.0,19965791
2025-08-15 15:30:00+00:00,178.92999267578125,178.92999267578125,0.0,179.61000061035156,178.41000366210938,179.47000122070312,0.0,16053351
2025-08-15 16:30:00+00:00,179.70010375976562,179.70010375976562,0.0,179.8000030517578,178.8350067138672,178.9250030517578,0.0,10662845
2025-08-15 17:30:00+00:00,180.17999267578125,180.17999267578125,0.0,180.30999755859375,179.69000244140625,179.6999969482422,0.0,10132382
2025-08-15 18:30:00+00:00,179.97000122070312,179.97000122070312,0.0,180.25,179.48500061035156,180.18499755859375,0.0,11672960
2025-08-15 19:30:00+00:00,180.44000244140625,180.44000244140625,0.0,180.5399932861328,179.92999267578125,179.97999572753906,0.0,14420184
2025-08-15 20:00:00+00:00,180.21,180.21,0.0,180.48,171.7013,180.44,0.0,0
2025-08-15 21:00:00+00:00,180.1899,180.1899,0.0,180.45,171.7013,180.2001,0.0,0
2025-08-15 22:00:00+00:00,180.28,180.28,0.0,180.28,180.14,180.18,0.0,0
2025-08-15 23:00:00+00:00,179.75,179.75,0.0,180.35,179.71,180.28,0.0,0
2025-08-18 08:00:00+00:00,179.42,179.42,0.0,180.1,179.2,180.1,0.0,0
2025-08-18 09:00:00+00:00,179.26,179.26,0.0,179.76,179.08,179.39,0.0,0
2025-08-18 10:00:00+00:00,179.62,179.62,0.0,180.15,179.26,179.26,0.0,0
2025-08-18 11:00:00+00:00,179.85,179.85,0.0,180.13,179.65,179.65,0.0,0
2025-08-18 12:00:00+00:00,180.0352,180.0352,0.0,180.8787,179.08,179.87,0.0,0
2025-08-18 13:00:00+00:00,180.585,180.585,0.0,180.8,179.78,180.02,0.0,0
2025-08-18 13:30:00+00:00,182.67999267578125,182.67999267578125,0.0,182.93499755859375,180.60450744628906,180.64999389648438,0.0,41258508
2025-08-18 14:30:00+00:00,181.1519012451172,181.1519012451172,0.0,182.69500732421875,180.94000244140625,182.67999267578125,0.0,21186319
2025-08-18 15:30:00+00:00,181.7657928466797,181.7657928466797,0.0,181.8300018310547,181.07000732421875,181.16000366210938,0.0,10494508
2025-08-18 16:30:00+00:00,181.49920654296875,181.49920654296875,0.0,181.91000366210938,180.9600067138672,181.75999450683594,0.0,10564113
2025-08-18 17:30:00+00:00,181.76210021972656,181.76210021972656,0.0,181.82000732421875,181.13499450683594,181.48500061035156,0.0,9063596
2025-08-18 18:30:00+00:00,182.19500732421875,182.19500732421875,0.0,182.61000061035156,181.75010681152344,181.75999450683594,0.0,14116183
2025-08-18 19:30:00+00:00,181.97999572753906,181.97999572753906,0.0,182.3800048828125,181.97000122070312,182.19500732421875,0.0,8608391
2025-08-18 20:00:00+00:00,182.04,182.04,0.0,190.0723,177.8272,181.97,0.0,0
2025-08-18 21:00:00+00:00,181.97,181.97,0.0,190.0723,170.9384,182.04,0.0,0
2025-08-18 22:00:00+00:00,182.065,182.065,0.0,182.2,181.97,181.98,0.0,0
2025-08-18 23:00:00+00:00,181.965,181.965,0.0,182.11,181.88,182.065,0.0,0
2025-08-19 08:00:00+00:00,182.36,182.36,0.0,182.37,182.1,182.26,0.0,0
2025-08-19 09:00:00+00:00,182.64,182.64,0.0,182.79,182.33,182.39,0.0,0
2025-08-19 10:00:00+00:00,182.38,182.38,0.0,182.7,182.27,182.65,0.0,0
2025-08-19 11:00:00+00:00,182.44,182.44,0.0,182.46,182.23,182.37,0.0,0
2025-08-19 12:00:00+00:00,182.32,182.32,0.0,182.8,181.61,182.44,0.0,0
2025-08-19 13:00:00+00:00,182.4497,182.4497,0.0,182.72,182.02,182.41,0.0,0
2025-08-19 13:30:00+00:00,178.66490173339844,178.66490173339844,0.0,182.5,178.52999877929688,182.42999267578125,0.0,43099321
2025-08-19 14:30:00+00:00,178.27749633789062,178.27749633789062,0.0,179.13999938964844,177.3000030517578,178.66000366210938,0.0,31692135
2025-08-19 15:30:00+00:00,177.53990173339844,177.53990173339844,0.0,178.6649932861328,176.80499267578125,178.27499389648438,0.0,19758122
2025-08-19 16:30:00+00:00,176.69509887695312,176.69509887695312,0.0,177.75999450683594,175.75,177.5399932861328,0.0,23233166
2025-08-19 17:30:00+00:00,176.5749053955078,176.5749053955078,0.0,177.22999572753906,176.4199981689453,176.6699981689453,0.0,14572380
2025-08-19 18:30:00+00:00,176.33250427246094,176.33250427246094,0.0,176.75999450683594,175.66000366210938,176.5800018310547,0.0,17226419
2025-08-19 19:30:00+00:00,175.64999389648438,175.64999389648438,0.0,176.5800018310547,175.49000549316406,176.3350067138672,0.0,16724604
2025-08-19 20:00:00+00:00,176.05,176.05,0.0,180.896,163.755,175.64,0.0,0
2025-08-19 21:00:00+00:00,175.11,175.11,0.0,180.896,167.5459,176.055,0.0,0
2025-08-19 22:00:00+00:00,175.28,175.28,0.0,175.64,175.111,175.12,0.0,0
2025-08-19 23:00:00+00:00,175.0399,175.0399,0.0,175.34,175.0,175.275,0.0,0
2025-08-20 08:00:00+00:00,174.71,174.71,0.0,175.1,174.67,174.71,0.0,0
2025-08-20 09:00:00+00:00,176.12,176.12,0.0,176.5,174.65,174.72,0.0,0
2025-08-20 10:00:00+00:00,176.15,176.15,0.0,176.59,175.8,176.14,0.0,0
2025-08-20 11:00:00+00:00,175.35,175.35,0.0,176.18,175.26,176.14,0.0,0
2025-08-20 12:00:00+00:00,175.84,175.84,0.0,176.56,173.6297,175.35,0.0,0
2025-08-20 13:00:00+00:00,175.16,175.16,0.0,180.41,174.8,175.83,0.0,0
2025-08-20 13:30:00+00:00,170.30999755859375,170.30999755859375,0.0,175.11000061035156,168.80099487304688,175.10000610351562,0.0,75230669
2025-08-20 14:30:00+00:00,172.4250030517578,172.4250030517578,0.0,172.47999572753906,168.89999389648438,170.30999755859375,0.0,36403063
2025-08-20 15:30:00+00:00,174.0500030517578,174.0500030517578,0.0,174.11000061035156,171.6999969482422,172.4199981689453,0.0,25285992
2025-08-20 16:30:00+00:00,173.47500610351562,173.47500610351562,0.0,174.0800018310547,172.64999389648438,174.05499267578125,0.0,15454109
2025-08-20 17:30:00+00:00,172.8249969482422,172.8249969482422,0.0,174.4199981689453,172.56019592285156,173.47000122070312,0.0,16865512
2025-08-20 18:30:00+00:00,174.5800018310547,174.5800018310547,0.0,174.86000061035156,172.75,172.82989501953125,0.0,15941813
2025-08-20 19:30:00+00:00,175.38999938964844,175.38999938964844,0.0,175.5299072265625,174.42999267578125,174.5800018310547,0.0,15457138
2025-08-20 20:00:00+00:00,175.8,175.8,0.0,181.9799,169.9272,175.4,0.0,0
2025-08-20 21:00:00+00:00,175.855,175.855,0.0,175.92,172.6928,175.785,0.0,0
2025-08-20 22:00:00+00:00,175.9597,175.9597,0.0,176.05,175.74,175.87,0.0,0
2025-08-20 23:00:00+00:00,175.81,175.81,0.0,175.99,175.6,175.96,0.0,0
2025-08-21 08:00:00+00:00,176.44,176.44,0.0,176.44,175.03,175.58,0.0,0
2025-08-21 09:00:00+00:00,176.66,176.66,0.0,176.81,175.95,176.41,0.0,0
2025-08-21 10:00:00+00:00,176.81,176.81,0.0,176.99,176.4,176.65,0.0,0
2025-08-21 11:00:00+00:00,176.5,176.5,0.0,176.86,176.18,176.8,0.0,0
2025-08-21 12:00:00+00:00,174.61,174.61,0.0,176.99,174.6,176.5,0.0,0
2025-08-21 13:00:00+00:00,174.8324,174.8324,0.0,175.4,173.81,174.58,0.0,0
2025-08-21 13:30:00+00:00,176.47500610351562,176.47500610351562,0.0,176.89999389648438,173.97999572753906,174.67999267578125,0.0,42477436
2025-08-21 14:30:00+00:00,174.96499633789062,174.96499633789062,0.0,176.47149658203125,174.60069274902344,176.47149658203125,0.0,17677407
2025-08-21 15:30:00+00:00,174.22569274902344,174.22569274902344,0.0,175.63999938964844,174.11000061035156,174.92999267578125,0.0,15131639
2025-08-21 16:30:00+00:00,174.26499938964844,174.26499938964844,0.0,174.80999755859375,173.80999755859375,174.22000122070312,0.0,14081487
2025-08-21 17:30:00+00:00,174.7449951171875,174.7449951171875,0.0,175.19000244140625,174.2550048828125,174.26499938964844,0.0,11047345
2025-08-21 18:30:00+00:00,174.80189514160156,174.80189514160156,0.0,175.0872039794922,174.27000427246094,174.75999450683594,0.0,10711465
2025-08-21 19:30:00+00:00,174.9709930419922,174.9709930419922,0.0,175.1300048828125,174.52000427246094,174.8000030517578,0.0,10228191
2025-08-21 20:00:00+00:00,174.91,174.91,0.0,174.98,174.66,174.98,0.0,0
2025-08-21 21:00:00+00:00,174.77,174.77,0.0,182.5667,169.273,174.9093,0.0,0
2025-08-21 22:00:00+00:00,174.96,174.96,0.0,175.0,174.79,174.79,0.0,0
2025-08-21 23:00:00+00:00,174.7999,174.7999,0.0,174.98,174.71,174.94,0.0,0
2025-08-22 08:00:00+00:00,172.5,172.5,0.0,172.96,168.0,172.57,0.0,0
2025-08-22 09:00:00+00:00,172.95,172.95,0.0,173.55,172.42,172.49,0.0,0
2025-08-22 10:00:00+00:00,173.13,173.13,0.0,173.35,172.29,172.93,0.0,0
2025-08-22 11:00:00+00:00,173.05,173.05,0.0,173.41,172.8,173.12,0.0,0
2025-08-22 12:00:00+00:00,173.01,173.01,0.0,173.53,171.12,173.07,0.0,0
2025-08-22 13:00:00+00:00,172.58,172.58,0.0,173.02,172.22,173.02,0.0,0
2025-08-22 13:30:00+00:00,176.32000732421875,176.32000732421875,0.0,177.86000061035156,171.1999969482422,171.44349670410156,0.0,59679892
2025-08-22 14:30:00+00:00,178.1300048828125,178.1300048828125,0.0,178.3000030517578,176.07000732421875,176.30499267578125,0.0,27365324
2025-08-22 15:30:00+00:00,177.00579833984375,177.00579833984375,0.0,178.58999633789062,176.8800048828125,178.125,0.0,19515607
2025-08-22 16:30:00+00:00,178.2949981689453,178.2949981689453,0.0,178.3000030517578,176.88999938964844,177.00999450683594,0.0,13484278
2025-08-22 17:30:00+00:00,178.11500549316406,178.11500549316406,0.0,178.4199981689453,177.8300018310547,178.2949981689453,0.0,11900337
2025-08-22 18:30:00+00:00,178.0601043701172,178.0601043701172,0.0,178.5399932861328,177.74000549316406,178.11500549316406,0.0,11391933
2025-08-22 19:30:00+00:00,178.02000427246094,178.02000427246094,0.0,178.41000366210938,177.63999938964844,178.06500244140625,0.0,13795946
2025-08-22 20:00:00+00:00,178.01,178.01,0.0,179.7988,169.25,178.02,0.0,0
2025-08-22 21:00:00+00:00,178.05,178.05,0.0,182.6607,167.8754,178.0397,0.0,0
2025-08-22 22:00:00+00:00,178.24,178.24,0.0,178.3,178.02,178.09,0.0,0
2025-08-22 23:00:00+00:00,178.32,178.32,0.0,178.45,178.2,178.25,0.0,0
2025-08-25 08:00:00+00:00,178.6,178.6,0.0,178.7,178.27,178.61,0.0,0
2025-08-25 09:00:00+00:00,178.3,178.3,0.0,178.74,178.01,178.61,0.0,0
2025-08-25 10:00:00+00:00,177.93,177.93,0.0,178.44,177.84,178.29,0.0,0
2025-08-25 11:00:00+00:00,177.879,177.879,0.0,177.96,177.23,177.93,0.0,0
2025-08-25 12:00:00+00:00,177.58,177.58,0.0,179.36,177.246,177.88,0.0,0
2025-08-25 13:00:00+00:00,178.361,178.361,0.0,178.44,176.49,177.59,0.0,0
2025-08-25 13:30:00+00:00,178.99000549316406,178.99000549316406,0.0,179.40989685058594,176.57000732421875,178.35499572753906,0.0,42237022
2025-08-25 14:30:00+00:00,181.22140502929688,181.22140502929688,0.0,181.25,178.86419677734375,178.97999572753906,0.0,28701803
2025-08-25 15:30:00+00:00,181.5240936279297,181.5240936279297,0.0,181.91000366210938,181.0399932861328,181.23500061035156,0.0,21214446
2025-08-25 16:30:00+00:00,181.0,181.0,0.0,181.71499633789062,180.6199951171875,181.50999450683594,0.0,14530987
2025-08-25 17:30:00+00:00,181.33990478515625,181.33990478515625,0.0,181.47999572753906,180.74000549316406,181.00010681152344,0.0,12209736
2025-08-25 18:30:00+00:00,181.03500366210938,181.03500366210938,0.0,181.6699981689453,180.9199981689453,181.3350067138672,0.0,12052092
2025-08-25 19:30:00+00:00,179.83999633789062,179.83999633789062,0.0,181.25,179.5800018310547,181.02999877929688,0.0,15481637
2025-08-25 20:00:00+00:00,180.0,180.0,0.0,181.58,174.85,179.84,0.0,0
2025-08-25 21:00:00+00:00,180.2298,180.2298,0.0,223.5328,114.6426,180.0,0.0,0
2025-08-25 22:00:00+00:00,180.57,180.57,0.0,180.64,180.19,180.225,0.0,0
2025-08-25 23:00:00+00:00,180.3,180.3,0.0,180.58,180.2,180.55,0.0,0
2025-08-26 08:00:00+00:00,180.15,180.15,0.0,180.31,179.91,180.01,0.0,0
2025-08-26 09:00:00+00:00,180.3,180.3,0.0,180.45,180.05,180.15,0.0,0
2025-08-26 10:00:00+00:00,180.8,180.8,0.0,180.86,180.25,180.32,0.0,0
2025-08-26 11:00:00+00:00,180.5,180.5,0.0,180.84,180.4,180.82,0.0,0
2025-08-26 12:00:00+00:00,180.7,180.7,0.0,180.85,179.7487,180.52,0.0,0
2025-08-26 13:00:00+00:00,180.02,180.02,0.0,180.73,180.02,180.6991,0.0,0
2025-08-26 13:30:00+00:00,180.97999572753906,180.97999572753906,0.0,181.22999572753906,178.80999755859375,180.00999450683594,0.0,41256978
2025-08-26 14:30:00+00:00,180.8800048828125,180.8800048828125,0.0,181.75999450683594,180.67999267578125,180.9600067138672,0.0,23689726
2025-08-26 15:30:00+00:00,181.68499755859375,181.68499755859375,0.0,181.9499969482422,180.77999877929688,180.8699951171875,0.0,13758007
2025-08-26 16:30:00+00:00,181.6199951171875,181.6199951171875,0.0,181.75,181.22000122070312,181.69000244140625,0.0,9254676
2025-08-26 17:30:00+00:00,181.81500244140625,181.81500244140625,0.0,181.8699951171875,180.88999938964844,181.61500549316406,0.0,10526629
2025-08-26 18:30:00+00:00,182.02549743652344,182.02549743652344,0.0,182.27000427246094,181.75,181.81500244140625,0.0,15952704
2025-08-26 19:30:00+00:00,181.6999969482422,181.6999969482422,0.0,182.38999938964844,181.52999877929688,182.02000427246094,0.0,14977172
2025-08-26 20:00:00+00:00,182.14,182.14,0.0,182.16,181.69,181.7,0.0,0
2025-08-26 21:00:00+00:00,182.09,182.09,0.0,214.1025,126.3031,182.15,0.0,0
2025-08-26 22:00:00+00:00,182.295,182.295,0.0,182.39,182.02,182.0992,0.0,0
2025-08-26 23:00:00+00:00,182.34,182.34,0.0,182.35,182.18,182.3,0.0,0
2025-08-27 08:00:00+00:00,182.46,182.46,0.0,182.63,182.17,182.18,0.0,0
2025-08-27 09:00:00+00:00,182.69,182.69,0.0,182.72,182.41,182.49,0.0,0
2025-08-27 10:00:00+00:00,182.96,182.96,0.0,183.05,182.62,182.69,0.0,0
2025-08-27 11:00:00+00:00,182.9,182.9,0.0,183.2,182.731,182.97,0.0,0
2025-08-27 12:00:00+00:00,182.75,182.75,0.0,183.1976,181.77,182.9,0.0,0
2025-08-27 13:00:00+00:00,181.99,181.99,0.0,182.84,177.465,182.75,0.0,0
2025-08-27 13:30:00+00:00,181.05999755859375,181.05999755859375,0.0,182.07000732421875,179.10020446777344,182.07000732421875,0.0,56038541
2025-08-27 14:30:00+00:00,181.58999633789062,181.58999633789062,0.0,182.44000244140625,181.05999755859375,181.06179809570312,0.0,27348415
2025-08-27 15:30:00+00:00,181.40420532226562,181.40420532226562,0.0,182.22999572753906,181.11000061035156,181.5800018310547,0.0,17369181
2025-08-27 16:30:00+00:00,181.93499755859375,181.93499755859375,0.0,182.07000732421875,181.2899932861328,181.39999389648438,0.0,14646358
2025-08-27 17:30:00+00:00,182.22259521484375,182.22259521484375,0.0,182.49000549316406,181.6300048828125,181.93499755859375,0.0,14657337
2025-08-27 18:30:00+00:00,181.6645965576172,181.6645965576172,0.0,182.22999572753906,180.92999267578125,182.22000122070312,0.0,19942375
2025-08-27 19:30:00+00:00,181.60000610351562,181.60000610351562,0.0,181.8300018310547,181.27000427246094,181.6649932861328,0.0,20299137
2025-08-27 20:00:00+00:00,176.76,176.76,0.0,228.7666,129.2707,181.6,0.0,0
2025-08-27 21:00:00+00:00,176.7,176.7,0.0,190.8448,132.1502,176.76,0.0,0
2025-08-27 22:00:00+00:00,176.03,176.03,0.0,176.74,175.58,176.74,0.0,0
2025-08-27 23:00:00+00:00,175.97,175.97,0.0,176.5,175.8,176.05,0.0,0
2025-08-28 08:00:00+00:00,178.92,178.92,0.0,179.42,177.3,177.52,0.0,0
2025-08-28 09:00:00+00:00,178.6,178.6,0.0,179.09,178.31,178.97,0.0,0
2025-08-28 10:00:00+00:00,178.4,178.4,0.0,178.75,177.82,178.63,0.0,0
2025-08-28 11:00:00+00:00,178.68,178.68,0.0,178.86,178.05,178.43,0.0,0
2025-08-28 12:00:00+00:00,179.25,179.25,0.0,181.6,176.5097,178.68,0.0,0
2025-08-28 13:00:00+00:00,180.9,180.9,0.0,181.9401,179.22,179.22,0.0,0
2025-08-28 13:30:00+00:00,177.69500732421875,177.69500732421875,0.0,184.47000122070312,176.41000366210938,183.90499877929688,0.0,115181721
2025-08-28 14:30:00+00:00,179.156494140625,179.156494140625,0.0,180.60499572753906,177.61749267578125,177.67190551757812,0.0,37722258
2025-08-28 15:30:00+00:00,179.69000244140625,179.69000244140625,0.0,179.82000732421875,178.3800048828125,179.15499877929688,0.0,21239947
2025-08-28 16:30:00+00:00,179.91419982910156,179.91419982910156,0.0,179.97000122070312,178.69000244140625,179.67999267578125,0.0,18458449
2025-08-28 17:30:00+00:00,180.82969665527344,180.82969665527344,0.0,180.85000610351562,179.79100036621094,179.9149932861328,0.0,18823778
2025-08-28 18:30:00+00:00,180.0800018310547,180.0800018310547,0.0,181.5500030517578,179.97000122070312,180.8249969482422,0.0,26267219
2025-08-28 19:30:00+00:00,180.1999969482422,180.1999969482422,0.0,181.0800018310547,179.99000549316406,180.0850067138672,0.0,20952896
2025-08-28 20:00:00+00:00,179.66,179.66,0.0,180.38,179.5,180.2,0.0,0
2025-08-28 21:00:00+00:00,179.625,179.625,0.0,180.17,167.7068,179.66,0.0,0
2025-08-28 22:00:00+00:00,179.8,179.8,0.0,179.95,179.57,179.625,0.0,0
2025-08-28 23:00:00+00:00,179.5801,179.5801,0.0,179.91,179.54,179.7601,0.0,0
2025-08-29 08:00:00+00:00,179.31,179.31,0.0,179.71,178.98,179.56,0.0,0
2025-08-29 09:00:00+00:00,178.3,178.3,0.0,179.48,177.49,179.31,0.0,0
2025-08-29 10:00:00+00:00,178.11,178.11,0.0,178.44,177.69,178.31,0.0,0
2025-08-29 11:00:00+00:00,178.39,178.39,0.0,178.53,177.61,178.11,0.0,0
2025-08-29 12:00:00+00:00,178.12,178.12,0.0,180.17,177.5083,178.37,0.0,0
2025-08-29 13:00:00+00:00,178.08,178.08,0.0,184.665,172.24,178.11,0.0,0
2025-08-29 13:30:00+00:00,175.06500244140625,175.06500244140625,0.0,178.11000061035156,173.75999450683594,178.11000061035156,0.0,80744435
2025-08-29 14:30:00+00:00,174.77499389648438,174.77499389648438,0.0,175.22999572753906,173.3699951171875,175.05999755859375,0.0,35501745
2025-08-29 15:30:00+00:00,174.14999389648438,174.14999389648438,0.0,174.8498992919922,173.61000061035156,174.75999450683594,0.0,22530764
2025-08-29 16:30:00+00:00,173.52000427246094,173.52000427246094,0.0,174.77000427246094,173.14500427246094,174.14999389648438,0.0,19417117
2025-08-29 17:30:00+00:00,173.55670166015625,173.55670166015625,0.0,174.2899932861328,173.25,173.53500366210938,0.0,18216909
2025-08-29 18:30:00+00:00,174.0399932861328,174.0399932861328,0.0,174.2698974609375,173.56500244140625,173.57420349121094,0.0,16934957
2025-08-29 19:30:00+00:00,174.27999877929688,174.27999877929688,0.0,174.50999450683594,173.35000610351562,174.0449981689453,0.0,21927826
2025-08-29 20:00:00+00:00,173.81,173.81,0.0,177.36,173.6,174.27,0.0,0
2025-08-29 21:00:00+00:00,173.88,173.88,0.0,174.18,171.7013,173.785,0.0,0
2025-08-29 22:00:00+00:00,173.88,173.88,0.0,173.99,173.8,173.9,0.0,0
2025-08-29 23:00:00+00:00,173.6898,173.6898,0.0,173.9,173.67,173.87,0.0,0
2025-09-02 08:00:00+00:00,171.91,171.91,0.0,173.44,171.27,172.42,0.0,0
2025-09-02 09:00:00+00:00,172.13,172.13,0.0,172.25,171.6,171.95,0.0,0
2025-09-02 10:00:00+00:00,171.53,171.53,0.0,172.19,171.35,172.13,0.0,0
2025-09-02 11:00:00+00:00,170.22,170.22,0.0,171.79,170.11,171.5,0.0,0
2025-09-02 12:00:00+00:00,169.6888,169.6888,0.0,174.18,169.44,170.211,0.0,0
2025-09-02 13:00:00+00:00,170.05,170.05,0.0,180.995,168.58,169.6888,0.0,0
2025-09-02 13:30:00+00:00,170.63360595703125,170.63360595703125,0.0,172.37899780273438,168.64999389648438,169.0,0.0,67328024
2025-09-02 14:30:00+00:00,169.05999755859375,169.05999755859375,0.0,170.63999938964844,168.52999877929688,170.6300048828125,0.0,33206180
2025-09-02 15:30:00+00:00,167.93499755859375,167.93499755859375,0.0,169.09730529785156,167.2200927734375,169.0500030517578,0.0,35717985
2025-09-02 16:30:00+00:00,169.23500061035156,169.23500061035156,0.0,169.35000610351562,167.85000610351562,167.94000244140625,0.0,22695385
2025-09-02 17:30:00+00:00,169.1981964111328,169.1981964111328,0.0,169.6199951171875,168.97999572753906,169.22999572753906,0.0,15114674
2025-09-02 18:30:00+00:00,170.2949981689453,170.2949981689453,0.0,170.44000244140625,169.03500366210938,169.1999969482422,0.0,21361055
2025-09-02 19:30:00+00:00,170.75,170.75,0.0,171.1199951171875,170.27999877929688,170.2899932861328,0.0,18149057
2025-09-02 20:00:00+00:00,170.2499,170.2499,0.0,221.3906,135.6414,170.78,0.0,0
2025-09-02 21:00:00+00:00,170.3999,170.3999,0.0,225.3578,127.7255,170.22,0.0,0
2025-09-02 22:00:00+00:00,170.15,170.15,0.0,216.5726,125.0757,170.3995,0.0,0
2025-09-02 23:00:00+00:00,169.6637,169.6637,0.0,170.19,169.5,170.11,0.0,0
2025-09-03 08:00:00+00:00,171.2,171.2,0.0,171.25,170.23,170.24,0.0,0
2025-09-03 09:00:00+00:00,171.76,171.76,0.0,171.82,170.78,171.17,0.0,0
2025-09-03 10:00:00+00:00,172.03,172.03,0.0,172.11,171.43,171.75,0.0,0
2025-09-03 11:00:00+00:00,171.5,171.5,0.0,172.07,171.49,172.03,0.0,0
2025-09-03 12:00:00+00:00,171.635,171.635,0.0,172.1,169.42,171.55,0.0,0
2025-09-03 13:00:00+00:00,171.05,171.05,0.0,171.72,170.99,171.64,0.0,0
2025-09-03 13:30:00+00:00,171.35000610351562,171.35000610351562,0.0,171.82000732421875,169.52000427246094,170.96600341796875,0.0,43886562
2025-09-03 14:30:00+00:00,170.70590209960938,170.70590209960938,0.0,172.41000366210938,170.5800018310547,171.35000610351562,0.0,22048727
2025-09-03 15:30:00+00:00,171.52499389648438,171.52499389648438,0.0,171.77999877929688,170.33999633789062,170.70579528808594,0.0,16505755
2025-09-03 16:30:00+00:00,170.7834930419922,170.7834930419922,0.0,171.5449981689453,170.57009887695312,171.52999877929688,0.0,11770942
2025-09-03 17:30:00+00:00,169.36000061035156,169.36000061035156,0.0,170.9499969482422,169.22000122070312,170.77999877929688,0.0,16683384
2025-09-03 18:30:00+00:00,169.36500549316406,169.36500549316406,0.0,169.6654052734375,168.875,169.36500549316406,0.0,15625408
2025-09-03 19:30:00+00:00,170.6300048828125,170.6300048828125,0.0,170.63499450683594,169.36000061035156,169.36000061035156,0.0,15586633
2025-09-03 20:00:00+00:00,170.39,170.39,0.0,175.4,170.32,170.63,0.0,0
2025-09-03 21:00:00+00:00,170.4589,170.4589,0.0,181.9799,159.0745,170.4,0.0,0
2025-09-03 22:00:00+00:00,170.262,170.262,0.0,170.62,170.26,170.44,0.0,0
2025-09-03 23:00:00+00:00,170.395,170.395,0.0,170.42,170.25,170.26,0.0,0
2025-09-04 08:00:00+00:00,171.66,171.66,0.0,172.0,170.67,170.67,0.0,0
2025-09-04 09:00:00+00:00,171.53,171.53,0.0,171.84,171.46,171.67,0.0,0
2025-09-04 10:00:00+00:00,171.63,171.63,0.0,171.83,171.5,171.53,0.0,0
2025-09-04 11:00:00+00:00,170.5,170.5,0.0,171.76,170.33,171.62,0.0,0
2025-09-04 12:00:00+00:00,171.16,171.16,0.0,172.0,170.06,170.5,0.0,0
2025-09-04 13:00:00+00:00,170.57,170.57,0.0,171.23,170.3,171.16,0.0,0
2025-09-04 13:30:00+00:00,170.8614959716797,170.8614959716797,0.0,171.86000061035156,169.41000366210938,170.5500030517578,0.0,41325410
2025-09-04 14:30:00+00:00,170.8000030517578,170.8000030517578,0.0,171.3083038330078,170.0800018310547,170.86000061035156,0.0,18117759
2025-09-04 15:30:00+00:00,170.46420288085938,170.46420288085938,0.0,170.94000244140625,170.2100067138672,170.8083953857422,0.0,12428337
2025-09-04 16:30:00+00:00,170.4499969482422,170.4499969482422,0.0,171.17999267578125,170.39349365234375,170.46499633789062,0.0,10774928
2025-09-04 17:30:00+00:00,170.41220092773438,170.41220092773438,0.0,170.86000061035156,170.35000610351562,170.4550018310547,0.0,11356223
2025-09-04 18:30:00+00:00,170.90499877929688,170.90499877929688,0.0,171.1300048828125,170.39999389648438,170.4149932861328,0.0,10743103
2025-09-04 19:30:00+00:00,171.64999389648438,171.64999389648438,0.0,171.7375946044922,170.8300018310547,170.88999938964844,0.0,14491186
2025-09-04 20:00:00+00:00,171.53,171.53,0.0,181.24,171.25,171.65,0.0,0
2025-09-04 21:00:00+00:00,171.18,171.18,0.0,182.5667,161.2397,171.57,0.0,0
2025-09-04 22:00:00+00:00,171.37,171.37,0.0,171.48,171.01,171.17,0.0,0
2025-09-04 23:00:00+00:00,171.3,171.3,0.0,171.57,171.25,171.38,0.0,0
2025-09-05 08:00:00+00:00,171.34,171.34,0.0,171.49,170.92,171.27,0.0,0
2025-09-05 09:00:00+00:00,170.78,170.78,0.0,171.37,170.59,171.33,0.0,0
2025-09-05 10:00:00+00:00,170.41,170.41,0.0,170.95,170.35,170.77,0.0,0
2025-09-05 11:00:00+00:00,170.1,170.1,0.0,170.48,169.94,170.41,0.0,0
2025-09-05 12:00:00+00:00,169.5,169.5,0.0,171.66,169.4,170.08,0.0,0
2025-09-05 13:00:00+00:00,168.0,168.0,0.0,170.63,165.99,169.51,0.0,0
2025-09-05 13:30:00+00:00,165.13729858398438,165.13729858398438,0.0,169.02999877929688,164.22479248046875,166.87249755859375,0.0,84959254
2025-09-05 14:30:00+00:00,166.08999633789062,166.08999633789062,0.0,166.13999938964844,164.07000732421875,165.1300048828125,0.0,38285700
2025-09-05 15:30:00+00:00,166.36549377441406,166.36549377441406,0.0,166.99000549316406,165.86000061035156,166.08680725097656,0.0,22932097
2025-09-05 16:30:00+00:00,166.5850067138672,166.5850067138672,0.0,167.13999938964844,166.25999450683594,166.3699951171875,0.0,14017812
2025-09-05 17:30:00+00:00,166.76010131835938,166.76010131835938,0.0,166.88999938964844,165.8800048828125,166.5850067138672,0.0,15004758
2025-09-05 18:30:00+00:00,167.09500122070312,167.09500122070312,0.0,167.14999389648438,166.02999877929688,166.75999450683594,0.0,16232638
2025-09-05 19:30:00+00:00,167.0399932861328,167.0399932861328,0.0,167.19500732421875,166.50999450683594,167.08999633789062,0.0,15720578
2025-09-05 20:00:00+00:00,166.8005,166.8005,0.0,175.3419,159.1758,167.04,0.0,0
2025-09-05 21:00:00+00:00,166.6001,166.6001,0.0,177.4003,156.0049,166.8199,0.0,0
2025-09-05 22:00:00+00:00,166.53,166.53,0.0,166.64,166.5,166.61,0.0,0
2025-09-05 23:00:00+00:00,166.09,166.09,0.0,166.56,166.04,166.56,0.0,0
2025-09-08 08:00:00+00:00,167.25,167.25,0.0,167.6,166.86,166.86,0.0,0
2025-09-08 09:00:00+00:00,167.47,167.47,0.0,167.68,167.05,167.25,0.0,0
2025-09-08 10:00:00+00:00,168.07,168.07,0.0,168.22,167.31,167.43,0.0,0
2025-09-08 11:00:00+00:00,167.85,167.85,0.0,168.25,167.7,168.09,0.0,0
2025-09-08 12:00:00+00:00,167.355,167.355,0.0,168.25,166.212,167.85,0.0,0
2025-09-08 13:00:00+00:00,167.52,167.52,0.0,167.72,167.01,167.3699,0.0,0
2025-09-08 13:30:00+00:00,170.25999450683594,170.25999450683594,0.0,170.9600067138672,167.4499969482422,167.55999755859375,0.0,53173407
2025-09-08 14:30:00+00:00,169.9698944091797,169.9698944091797,0.0,170.4550018310547,169.5399932861328,170.25,0.0,18395592
2025-09-08 15:30:00+00:00,170.1649932861328,170.1649932861328,0.0,170.25,169.25,169.9600067138672,0.0,15482659
2025-09-08 16:30:00+00:00,169.86500549316406,169.86500549316406,0.0,170.19509887695312,169.5,170.16000366210938,0.0,10722063
2025-09-08 17:30:00+00:00,169.71499633789062,169.71499633789062,0.0,170.16000366210938,169.52999877929688,169.8699951171875,0.0,10813107
2025-09-08 18:30:00+00:00,169.14500427246094,169.14500427246094,0.0,169.91000366210938,168.9499969482422,169.7100067138672,0.0,15257114
2025-09-08 19:30:00+00:00,168.3699951171875,168.3699951171875,0.0,169.80999755859375,168.11000061035156,169.14999389648438,0.0,21138361
2025-09-08 20:00:00+00:00,168.13,168.13,0.0,176.8173,156.4548,168.38,0.0,0
2025-09-08 21:00:00+00:00,168.27,168.27,0.0,176.8173,156.4548,168.1,0.0,0
2025-09-08 22:00:00+00:00,168.36,168.36,0.0,168.42,167.55,168.28,0.0,0
2025-09-08 23:00:00+00:00,168.2,168.2,0.0,168.42,168.11,168.36,0.0,0
2025-09-09 08:00:00+00:00,169.49,169.49,0.0,169.5,168.88,168.88,0.0,0
2025-09-09 09:00:00+00:00,169.68,169.68,0.0,169.99,169.49,169.5,0.0,0
2025-09-09 10:00:00+00:00,169.55,169.55,0.0,169.8,169.42,169.66,0.0,0
2025-09-09 11:00:00+00:00,168.69,168.69,0.0,169.83,168.45,169.55,0.0,0
2025-09-09 12:00:00+00:00,169.08,169.08,0.0,169.98,168.251,168.69,0.0,0
2025-09-09 13:00:00+00:00,169.09,169.09,0.0,169.47,167.0,169.09,0.0,0
2025-09-09 13:30:00+00:00,168.0800018310547,168.0800018310547,0.0,169.63999938964844,167.48989868164062,168.61500549316406,0.0,36489605
2025-09-09 14:30:00+00:00,167.7550048828125,167.7550048828125,0.0,168.13999938964844,166.74009704589844,168.07000732421875,0.0,23318993
2025-09-09 15:30:00+00:00,168.7050018310547,168.7050018310547,0.0,168.92999267578125,167.44500732421875,167.7550048828125,0.0,14592458
2025-09-09 16:30:00+00:00,168.0850067138672,168.0850067138672,0.0,168.8000030517578,167.93580627441406,168.7100067138672,0.0,11117131
2025-09-09 17:30:00+00:00,168.2449951171875,168.2449951171875,0.0,168.59500122070312,167.84500122070312,168.08999633789062,0.0,14638624
2025-09-09 18:30:00+00:00,170.23989868164062,170.23989868164062,0.0,170.3699951171875,168.1300048828125,168.25990295410156,0.0,18651732
2025-09-09 19:30:00+00:00,170.7584991455078,170.7584991455078,0.0,170.9799041748047,169.83999633789062,170.24000549316406,0.0,17249099
2025-09-09 20:00:00+00:00,173.47,173.47,0.0,178.8647,163.8593,170.753,0.0,0
2025-09-09 21:00:00+00:00,173.98,173.98,0.0,174.39,170.6425,173.42,0.0,0
2025-09-09 22:00:00+00:00,173.7,173.7,0.0,174.04,173.5,173.98,0.0,0
2025-09-09 23:00:00+00:00,174.22,174.22,0.0,174.22,173.24,173.74,0.0,0
2025-09-10 08:00:00+00:00,173.93,173.93,0.0,174.19,173.15,173.82,0.0,0
2025-09-10 09:00:00+00:00,174.08,174.08,0.0,174.4,173.73,173.93,0.0,0
2025-09-10 10:00:00+00:00,174.43,174.43,0.0,174.55,173.82,174.1,0.0,0
2025-09-10 11:00:00+00:00,175.28,175.28,0.0,175.33,174.35,174.4,0.0,0
2025-09-10 12:00:00+00:00,175.84,175.84,0.0,175.91,170.76,175.28,0.0,0
2025-09-10 13:00:00+00:00,176.68,176.68,0.0,176.73,170.76,175.83,0.0,0
2025-09-10 13:30:00+00:00,177.64999389648438,177.64999389648438,0.0,178.9499969482422,175.47999572753906,176.64999389648438,0.0,82319968
2025-09-10 14:30:00+00:00,178.61419677734375,178.61419677734375,0.0,179.2899932861328,177.60000610351562,177.64999389648438,0.0,36684204
2025-09-10 15:30:00+00:00,177.99000549316406,177.99000549316406,0.0,178.72999572753906,177.47999572753906,178.6199951171875,0.0,20946072
2025-09-10 16:30:00+00:00,178.00509643554688,178.00509643554688,0.0,178.14999389648438,177.3699951171875,177.97999572753906,0.0,14456545
2025-09-10 17:30:00+00:00,176.27499389648438,176.27499389648438,0.0,178.32000732421875,176.14999389648438,178.0050048828125,0.0,18519526
2025-09-10 18:30:00+00:00,176.72500610351562,176.72500610351562,0.0,176.7657928466797,175.9600067138672,176.27000427246094,0.0,18537958
2025-09-10 19:30:00+00:00,177.3300018310547,177.3300018310547,0.0,177.54510498046875,176.67999267578125,176.72999572753906,0.0,18318589
2025-09-10 20:00:00+00:00,176.87,176.87,0.0,184.5353,174.4123,177.28,0.0,0
2025-09-10 21:00:00+00:00,176.79,176.79,0.0,180.627,166.21,176.87,0.0,0
2025-09-10 22:00:00+00:00,177.1999,177.1999,0.0,177.28,176.79,176.805,0.0,0
2025-09-10 23:00:00+00:00,177.15,177.15,0.0,177.29,177.0,177.19,0.0,0
2025-09-11 08:00:00+00:00,177.97,177.97,0.0,178.2,177.79,177.82,0.0,0
2025-09-11 09:00:00+00:00,177.79,177.79,0.0,178.0,177.64,177.94,0.0,0
2025-09-11 10:00:00+00:00,178.21,178.21,0.0,178.68,177.31,177.75,0.0,0
2025-09-11 11:00:00+00:00,178.29,178.29,0.0,178.67,178.07,178.2,0.0,0
2025-09-11 12:00:00+00:00,178.55,178.55,0.0,178.67,177.3297,178.3,0.0,0
2025-09-11 13:00:00+00:00,179.73,179.73,0.0,179.78,172.945,178.585,0.0,0
2025-09-11 13:30:00+00:00,177.2550048828125,177.2550048828125,0.01,180.0,176.9250030517578,179.69000244140625,0.0,47832570
2025-09-11 14:30:00+00:00,178.09500122070312,178.09500122070312,0.0,178.44000244140625,177.14999389648438,177.2550048828125,0.0,384018
2025-09-11 15:30:00+00:00,177.55810546875,177.55810546875,0.0,178.52999877929688,177.42999267578125,178.08999633789062,0.0,35862018
2025-09-11 16:30:00+00:00,177.0941925048828,177.0941925048828,0.0,177.6999969482422,176.9499969482422,177.56419372558594,0.0,12011191
2025-09-11 17:30:00+00:00,177.5749969482422,177.5749969482422,0.0,177.73989868164062,176.47999572753906,177.09500122070312,0.0,16520716
2025-09-11 18:30:00+00:00,177.1199951171875,177.1199951171875,0.0,177.74000549316406,176.977294921875,177.5800018310547,0.0,10922991
2025-09-11 19:30:00+00:00,177.08999633789062,177.08999633789062,0.0,177.5,176.89999389648438,177.1199951171875,0.0,10686498
2025-09-11 20:00:00+00:00,177.13,177.13,0.0,177.7444,167.8865,177.06,0.0,0
2025-09-11 21:00:00+00:00,177.19,177.19,0.0,177.3,177.02,177.13,0.0,0
2025-09-11 22:00:00+00:00,177.2,177.2,0.0,177.3,177.02,177.15,0.0,0
2025-09-11 23:00:00+00:00,177.22,177.22,0.0,177.29,177.1,177.19,0.0,0
2025-09-12 08:00:00+00:00,177.51,177.51,0.0,177.58,177.13,177.13,0.0,0
2025-09-12 09:00:00+00:00,177.83,177.83,0.0,177.91,177.47,177.51,0.0,0
2025-09-12 10:00:00+00:00,177.43,177.43,0.0,177.93,177.33,177.84,0.0,0
2025-09-12 11:00:00+00:00,177.45,177.45,0.0,177.5,177.13,177.41,0.0,0
2025-09-12 12:00:00+00:00,177.4948,177.4948,0.0,177.9212,177.0012,177.47,0.0,0
2025-09-12 13:00:00+00:00,177.9,177.9,0.0,177.9,177.12,177.48,0.0,0
2025-09-12 13:30:00+00:00,177.77499389648438,177.77499389648438,0.0,178.0800018310547,176.4499969482422,177.75010681152344,0.0,31281879
2025-09-12 14:30:00+00:00,177.6750030517578,177.6750030517578,0.0,178.58999633789062,177.63999938964844,177.77639770507812,0.0,18768373
2025-09-12 15:30:00+00:00,178.11000061035156,178.11000061035156,0.0,178.17999267578125,177.3249969482422,177.6649932861328,0.0,16940381
2025-09-12 16:30:00+00:00,177.52499389648438,177.52499389648438,0.0,178.21839904785156,177.5,178.10000610351562,0.0,9160585
2025-09-12 17:30:00+00:00,177.4700927734375,177.4700927734375,0.0,177.9501953125,177.44500732421875,177.52000427246094,0.0,8744569
2025-09-12 18:30:00+00:00,177.68499755859375,177.68499755859375,0.0,177.94000244140625,177.41000366210938,177.4720001220703,0.0,10122889
2025-09-12 19:30:00+00:00,177.7899932861328,177.7899932861328,0.0,178.0,177.39999389648438,177.6842041015625,0.0,11842853
2025-09-12 20:00:00+00:00,177.77,177.77,0.0,177.99,171.7013,177.8,0.0,0
2025-09-12 21:00:00+00:00,177.7598,177.7598,0.0,177.8,171.7013,177.79,0.0,0
2025-09-12 22:00:00+00:00,177.67,177.67,0.0,177.8,177.62,177.75,0.0,0
2025-09-12 23:00:00+00:00,177.53,177.53,0.0,177.69,177.5,177.6799,0.0,0
2025-09-15 08:00:00+00:00,173.77,173.77,0.0,177.95,173.09,177.48,0.0,0
2025-09-15 09:00:00+00:00,172.68,172.68,0.0,174.09,172.53,173.79,0.0,0
2025-09-15 10:00:00+00:00,173.35,173.35,0.0,173.69,172.64,172.71,0.0,0
2025-09-15 11:00:00+00:00,174.85,174.85,0.0,175.31,173.27,173.36,0.0,0
2025-09-15 12:00:00+00:00,175.4664,175.4664,0.0,178.05,172.5248,174.82,0.0,0
2025-09-15 13:00:00+00:00,175.69,175.69,0.0,178.985,175.18,175.47,0.0,0
2025-09-15 13:30:00+00:00,175.48899841308594,175.48899841308594,0.0,176.57000732421875,174.50999450683594,175.66000366210938,0.0,45146345
2025-09-15 14:30:00+00:00,177.02169799804688,177.02169799804688,0.0,177.25,174.8300018310547,175.49000549316406,0.0,21808573
2025-09-15 15:30:00+00:00,177.5850067138672,177.5850067138672,0.0,178.08999633789062,176.7700958251953,177.02999877929688,0.0,19648158
2025-09-15 16:30:00+00:00,177.27000427246094,177.27000427246094,0.0,178.27999877929688,177.14500427246094,177.5850067138672,0.0,12971918
2025-09-15 17:30:00+00:00,177.52499389648438,177.52499389648438,0.0,177.8800048828125,177.25450134277344,177.2718963623047,0.0,9423651
2025-09-15 18:30:00+00:00,177.19500732421875,177.19500732421875,0.0,177.85000610351562,176.92340087890625,177.52499389648438,0.0,12982335
2025-09-15 19:30:00+00:00,177.77999877929688,177.77999877929688,0.0,178.85000610351562,176.9149932861328,177.1920928955078,0.0,14122964
2025-09-15 20:00:00+00:00,177.36,177.36,0.0,181.4671,167.02,177.79,0.0,0
2025-09-15 21:00:00+00:00,177.36,177.36,0.0,181.4671,167.4851,177.3501,0.0,0
2025-09-15 22:00:00+00:00,177.2,177.2,0.0,177.75,177.15,177.35,0.0,0
2025-09-15 23:00:00+00:00,177.235,177.235,0.0,177.26,177.2,177.21,0.0,0
2025-09-16 08:00:00+00:00,177.53,177.53,0.0,177.55,177.5,177.53,0.0,0
2025-09-16 09:00:00+00:00,177.35,177.35,0.0,177.54,177.15,177.52,0.0,0
2025-09-16 10:00:00+00:00,177.18,177.18,0.0,177.38,177.09,177.35,0.0,0
2025-09-16 11:00:00+00:00,177.36,177.36,0.0,177.45,177.07,177.18,0.0,0
2025-09-16 12:00:00+00:00,177.34,177.34,0.0,177.83,176.9,177.33,0.0,0
2025-09-16 13:00:00+00:00,177.06,177.06,0.0,177.5,176.895,177.34,0.0,0
2025-09-16 13:30:00+00:00,176.31500244140625,176.31500244140625,0.0,177.5,175.7100067138672,176.9949951171875,0.0,32526962
2025-09-16 14:30:00+00:00,176.13999938964844,176.13999938964844,0.0,176.85000610351562,175.82000732421875,176.30999755859375,0.0,17078775
2025-09-16 15:30:00+00:00,175.26499938964844,175.26499938964844,0.0,176.19500732421875,174.80999755859375,176.1300048828125,0.0,17647333
2025-09-16 16:30:00+00:00,175.14999389648438,175.14999389648438,0.0,175.39999389648438,174.9499969482422,175.26499938964844,0.0,12304080
2025-09-16 17:30:00+00:00,174.77499389648438,174.77499389648438,0.0,175.17999267578125,174.64999389648438,175.154296875,0.0,13033359
2025-09-16 18:30:00+00:00,174.75,174.75,0.0,175.22000122070312,174.67999267578125,174.77999877929688,0.0,12991542
2025-09-16 19:30:00+00:00,174.8300018310547,174.8300018310547,0.0,175.16000366210938,174.3800048828125,174.7449951171875,0.0,16323762
2025-09-16 20:00:00+00:00,175.09,175.09,0.0,180.4697,166.55,174.84,0.0,0
2025-09-16 21:00:00+00:00,175.165,175.165,0.0,180.896,167.5459,175.08,0.0,0
2025-09-16 22:00:00+00:00,175.3,175.3,0.0,175.31,175.14,175.17,0.0,0
2025-09-16 23:00:00+00:00,175.1509,175.1509,0.0,175.34,175.1,175.25,0.0,0
2025-09-17 08:00:00+00:00,175.28,175.28,0.0,175.72,175.07,175.38,0.0,0
2025-09-17 09:00:00+00:00,173.05,173.05,0.0,175.34,171.77,175.28,0.0,0
2025-09-17 10:00:00+00:00,172.03,172.03,0.0,173.57,171.94,173.05,0.0,0
2025-09-17 11:00:00+00:00,172.39,172.39,0.0,172.81,171.75,172.06,0.0,0
2025-09-17 12:00:00+00:00,173.5315,173.5315,0.0,175.97,171.74,172.39,0.0,0
2025-09-17 13:00:00+00:00,172.54,172.54,0.0,173.58,172.13,173.55,0.0,0
2025-09-17 13:30:00+00:00,170.1199951171875,170.1199951171875,0.0,173.1999969482422,169.76499938964844,172.5800018310547,0.0,56381360
2025-09-17 14:30:00+00:00,170.40499877929688,170.40499877929688,0.0,170.77999877929688,169.6699981689453,170.1300048828125,0.0,24501916
2025-09-17 15:30:00+00:00,169.87840270996094,169.87840270996094,0.0,170.4600067138672,169.30999755859375,170.39999389648438,0.0,19537478
2025-09-17 16:30:00+00:00,170.23500061035156,170.23500061035156,0.0,170.27999877929688,169.27000427246094,169.88999938964844,0.0,14559453
2025-09-17 17:30:00+00:00,170.19580078125,170.19580078125,0.0,171.60000610351562,168.64999389648438,170.25,0.0,28164845
2025-09-17 18:30:00+00:00,171.18850708007812,171.18850708007812,0.0,171.39999389648438,168.41000366210938,170.2100067138672,0.0,33136610
2025-09-17 19:30:00+00:00,170.2100067138672,170.2100067138672,0.0,171.27999877929688,170.1199951171875,171.19639587402344,0.0,16604213
2025-09-17 20:00:00+00:00,170.68,170.68,0.0,181.9799,170.207,170.21,0.0,0
2025-09-17 21:00:00+00:00,170.64,170.64,0.0,172.7204,161.9704,170.65,0.0,0
2025-09-17 22:00:00+00:00,171.19,171.19,0.0,171.38,170.62,170.63,0.0,0
2025-09-17 23:00:00+00:00,171.35,171.35,0.0,171.35,171.11,171.2,0.0,0
2025-09-18 08:00:00+00:00,173.17,173.17,0.0,173.38,171.99,172.1,0.0,0
2025-09-18 09:00:00+00:00,174.06,174.06,0.0,174.14,173.06,173.16,0.0,0
2025-09-18 10:00:00+00:00,174.42,174.42,0.0,174.66,174.0,174.1,0.0,0
2025-09-18 11:00:00+00:00,175.8,175.8,0.0,176.169,174.06,174.41,0.0,0
2025-09-18 12:00:00+00:00,175.25,175.25,0.0,176.17,170.29,175.79,0.0,0
2025-09-18 13:00:00+00:00,173.99,173.99,0.0,175.3,173.6,175.3,0.0,0
2025-09-18 13:30:00+00:00,175.77490234375,175.77490234375,0.0,175.8000030517578,173.03089904785156,174.0570068359375,0.0,60722688
2025-09-18 14:30:00+00:00,176.2550048828125,176.2550048828125,0.0,176.38999938964844,175.08999633789062,175.77000427246094,0.0,28413878
2025-09-18 15:30:00+00:00,176.25999450683594,176.25999450683594,0.0,176.57000732421875,175.46499633789062,176.25570678710938,0.0,17798601
2025-09-18 16:30:00+00:00,176.6199951171875,176.6199951171875,0.0,176.92999267578125,176.1999969482422,176.2519073486328,0.0,14145107
2025-09-18 17:30:00+00:00,176.55499267578125,176.55499267578125,0.0,176.72900390625,176.0,176.6199951171875,0.0,14897510
2025-09-18 18:30:00+00:00,176.34500122070312,176.34500122070312,0.0,177.08999633789062,176.2899932861328,176.55499267578125,0.0,15451038
2025-09-18 19:30:00+00:00,176.27999877929688,176.27999877929688,0.0,177.10000610351562,174.2100067138672,176.33999633789062,0.0,18968507
2025-09-18 20:00:00+00:00,176.24,176.24,0.0,180.6479,175.8,176.32,0.0,0
2025-09-18 21:00:00+00:00,176.24,176.24,0.0,182.5667,169.273,176.2301,0.0,0
2025-09-18 22:00:00+00:00,176.33,176.33,0.0,176.44,176.1,176.19,0.0,0
2025-09-18 23:00:00+00:00,176.4,176.4,0.0,176.4,176.25,176.32,0.0,0
2025-09-19 08:00:00+00:00,175.86,175.86,0.0,175.96,175.55,175.96,0.0,0
2025-09-19 09:00:00+00:00,175.7,175.7,0.0,175.88,175.36,175.86,0.0,0
2025-09-19 10:00:00+00:00,175.87,175.87,0.0,175.89,175.47,175.67,0.0,0
2025-09-19 11:00:00+00:00,175.75,175.75,0.0,176.05,175.56,175.87,0.0,0
2025-09-19 12:00:00+00:00,176.1,176.1,0.0,176.24,175.37,175.75,0.0,0
2025-09-19 13:00:00+00:00,175.7,175.7,0.0,176.55,175.37,176.08,0.0,0
2025-09-19 13:30:00+00:00,177.7050018310547,177.7050018310547,0.0,177.789306640625,175.17999267578125,176.10000610351562,0.0,56102590
2025-09-19 14:30:00+00:00,176.3000030517578,176.3000030517578,0.0,178.0800018310547,176.1649932861328,177.6999969482422,0.0,21800764
2025-09-19 15:30:00+00:00,176.0677032470703,176.0677032470703,0.0,176.57989501953125,175.8000030517578,176.298095703125,0.0,16332882
2025-09-19 16:30:00+00:00,175.88499450683594,175.88499450683594,0.0,176.10000610351562,175.55999755859375,176.05999755859375,0.0,12387551
2025-09-19 17:30:00+00:00,175.59500122070312,175.59500122070312,0.0,176.22500610351562,175.57260131835938,175.88499450683594,0.0,13501140
2025-09-19 18:30:00+00:00,176.31500244140625,176.31500244140625,0.0,176.47999572753906,175.5500030517578,175.59500122070312,0.0,14306891
2025-09-19 19:30:00+00:00,176.5019073486328,176.5019073486328,0.0,178.0,175.8300018310547,176.30999755859375,0.0,18105830
2025-09-19 20:00:00+00:00,176.42,176.42,0.0,176.7177,175.4,176.505,0.0,0
2025-09-19 21:00:00+00:00,176.23,176.23,0.0,179.81,169.25,176.43,0.0,0
2025-09-19 22:00:00+00:00,176.12,176.12,0.0,182.6607,167.8754,176.21,0.0,0
2025-09-19 23:00:00+00:00,176.04,176.04,0.0,176.2,176.0,176.13,0.0,0
2025-09-22 08:00:00+00:00,175.44,175.44,0.0,175.73,175.18,175.73,0.0,0
2025-09-22 09:00:00+00:00,175.01,175.01,0.0,175.58,174.9,175.47,0.0,0
2025-09-22 10:00:00+00:00,175.34,175.34,0.0,175.37,174.64,175.02,0.0,0
2025-09-22 11:00:00+00:00,175.54,175.54,0.0,175.69,175.11,175.31,0.0,0
2025-09-22 12:00:00+00:00,175.39,175.39,0.0,176.229,174.3267,175.539,0.0,0
2025-09-22 13:00:00+00:00,175.33,175.33,0.0,176.67,175.23,175.38,0.0,0
2025-09-22 13:30:00+00:00,175.4199981689453,175.4199981689453,0.0,176.07000732421875,174.70530700683594,175.35000610351562,0.0,31865074
2025-09-22 14:30:00+00:00,175.46009826660156,175.46009826660156,0.0,176.0800018310547,175.27000427246094,175.4199981689453,0.0,16016014
2025-09-22 15:30:00+00:00,182.1999969482422,182.1999969482422,0.0,182.49000549316406,175.39999389648438,175.47000122070312,0.0,64690587
2025-09-22 16:30:00+00:00,182.9949951171875,182.9949951171875,0.0,184.5500030517578,182.02999877929688,182.1999969482422,0.0,61192196
2025-09-22 17:30:00+00:00,182.68499755859375,182.68499755859375,0.0,183.69000244140625,182.3350067138672,182.99000549316406,0.0,24015488
2025-09-22 18:30:00+00:00,183.26010131835938,183.26010131835938,0.0,183.9573974609375,182.52000427246094,182.68499755859375,0.0,24735631
2025-09-22 19:30:00+00:00,183.61000061035156,183.61000061035156,0.0,183.80099487304688,182.63999938964844,183.27000427246094,0.0,23741673
2025-09-22 20:00:00+00:00,183.413,183.413,0.0,183.88,176.8173,183.61,0.0,0
2025-09-22 21:00:00+00:00,183.1207,183.1207,0.0,183.61,183.09,183.44,0.0,0
2025-09-23 13:30:00+00:00,180.6522979736328,180.6522979736328,0.0,182.4199981689453,179.14500427246094,181.94000244140625,0.0,41118404
2025-09-23 14:30:00+00:00,180.21499633789062,180.21499633789062,0.0,180.77000427246094,179.41099548339844,180.66000366210938,0.0,15283598
2025-09-23 15:30:00+00:00,179.485595703125,179.485595703125,0.0,180.3699951171875,179.34500122070312,180.22999572753906,0.0,11573277
2025-09-23 16:30:00+00:00,178.69000244140625,178.69000244140625,0.0,179.75,178.57000732421875,179.49000549316406,0.0,13191585
2025-09-23 17:30:00+00:00,177.89500427246094,177.89500427246094,0.0,178.77000427246094,177.3000030517578,178.69000244140625,0.0,16650287
2025-09-23 18:30:00+00:00,178.10000610351562,178.10000610351562,0.0,178.61000061035156,177.6199951171875,177.89999389648438,0.0,57636558
2025-09-23 19:30:00+00:00,178.4499969482422,178.4499969482422,0.0,178.9149932861328,176.2100067138672,178.11000061035156,0.0,14503114
2025-09-23 20:00:00+00:00,178.3,178.3,0.0,178.8647,174.229,178.45,0.0,0
2025-09-23 21:00:00+00:00,178.19,178.19,0.0,179.25,178.13,178.29,0.0,0
2025-09-23 22:00:00+00:00,178.1399,178.1399,0.0,178.4,178.1207,178.17,0.0,0
2025-09-23 23:00:00+00:00,177.94,177.94,0.0,178.26,177.8,178.14,0.0,0
2025-09-24 08:00:00+00:00,179.71,179.71,0.0,180.24,179.29,179.37,0.0,0
2025-09-24 09:00:00+00:00,179.58,179.58,0.0,179.98,179.51,179.72,0.0,0
2025-09-24 10:00:00+00:00,179.53,179.53,0.0,179.82,179.35,179.59,0.0,0
2025-09-24 11:00:00+00:00,179.6,179.6,0.0,179.92,179.44,179.6,0.0,0
2025-09-24 12:00:00+00:00,178.67,178.67,0.0,180.21,177.57,179.6,0.0,0
2025-09-24 13:00:00+00:00,179.735,179.735,0.0,182.765,178.66,178.675,0.0,0
2025-09-24 13:30:00+00:00,178.4949951171875,178.4949951171875,0.0,179.77999877929688,177.60000610351562,179.72000122070312,0.0,24773443
2025-09-24 14:30:00+00:00,178.3542022705078,178.3542022705078,0.0,178.875,177.9199981689453,178.47999572753906,0.0,11961544
2025-09-24 15:30:00+00:00,176.2449951171875,176.2449951171875,0.0,178.3800048828125,175.39999389648438,178.35499572753906,0.0,19802432
2025-09-24 16:30:00+00:00,177.12010192871094,177.12010192871094,0.0,177.22129821777344,175.74000549316406,176.2550048828125,0.0,10872730
2025-09-24 17:30:00+00:00,176.72000122070312,176.72000122070312,0.0,177.33999633789062,176.4801025390625,177.1300048828125,0.0,8798972
2025-09-24 18:30:00+00:00,177.05999755859375,177.05999755859375,0.0,177.33999633789062,176.54510498046875,176.73500061035156,0.0,7526968
2025-09-24 19:30:00+00:00,176.8800048828125,176.8800048828125,0.0,177.22000122070312,176.7050018310547,177.0699005126953,0.0,6585490
2025-09-24 20:00:00+00:00,176.67,176.67,0.0,180.627,166.3531,176.97,0.0,0
2025-09-24 21:00:00+00:00,176.72,176.72,0.0,180.627,176.53,176.6512,0.0,0
2025-09-24 22:00:00+00:00,176.6806,176.6806,0.0,176.75,176.62,176.72,0.0,0
2025-09-24 23:00:00+00:00,176.55,176.55,0.0,176.71,176.48,176.699,0.0,0
2025-09-25 08:00:00+00:00,177.45,177.45,0.0,177.6,176.85,176.89,0.0,0
2025-09-25 09:00:00+00:00,176.9,176.9,0.0,177.46,176.6,177.45,0.0,0
2025-09-25 10:00:00+00:00,176.12,176.12,0.0,176.9,175.89,176.87,0.0,0
2025-09-25 11:00:00+00:00,175.6,175.6,0.0,176.2,175.38,176.15,0.0,0
2025-09-25 12:00:00+00:00,175.39,175.39,0.0,177.5487,174.75,175.56,0.0,0
2025-09-25 13:00:00+00:00,174.4552,174.4552,0.0,175.49,173.75,175.33,0.0,0
2025-09-25 13:30:00+00:00,177.14500427246094,177.14500427246094,0.0,177.64999389648438,173.1300048828125,174.47999572753906,0.0,35556731
2025-09-25 14:30:00+00:00,178.0301055908203,178.0301055908203,0.0,178.57000732421875,176.92999267578125,177.15499877929688,0.0,18681926
2025-09-25 15:30:00+00:00,179.26510620117188,179.26510620117188,0.0,180.25999450683594,178.02999877929688,178.02999877929688,0.0,20684301
2025-09-25 16:30:00+00:00,177.9799041748047,177.9799041748047,0.0,179.75790405273438,177.40440368652344,179.27000427246094,0.0,14562904
2025-09-25 17:30:00+00:00,177.20989990234375,177.20989990234375,0.0,178.13999938964844,175.5482940673828,177.97500610351562,0.0,18040186
2025-09-25 18:30:00+00:00,177.0749969482422,177.0749969482422,0.0,177.75,176.77000427246094,177.20179748535156,0.0,12699385
2025-09-25 19:30:00+00:00,177.67999267578125,177.67999267578125,0.0,177.94000244140625,176.83999633789062,177.0800018310547,0.0,9238888
2025-09-25 20:00:00+00:00,177.35,177.35,0.0,177.8,167.7068,177.68,0.0,0
2025-09-25 21:00:00+00:00,177.28,177.28,0.0,179.8078,175.4,177.33,0.0,0
2025-09-25 22:00:00+00:00,177.225,177.225,0.0,177.69,177.2,177.2897,0.0,0
2025-09-25 23:00:00+00:00,177.0937,177.0937,0.0,177.25,177.0197,177.225,0.0,0
2025-09-26 08:00:00+00:00,176.54,176.54,0.0,177.03,176.41,176.92,0.0,0
2025-09-26 09:00:00+00:00,176.26,176.26,0.0,176.52,175.81,176.52,0.0,0
2025-09-26 10:00:00+00:00,175.82,175.82,0.0,176.44,175.8,176.28,0.0,0
2025-09-26 11:00:00+00:00,176.8,176.8,0.0,176.8,175.6,175.81,0.0,0
2025-09-26 12:00:00+00:00,177.9438,177.9438,0.0,178.14,175.6,176.83,0.0,0
2025-09-26 13:00:00+00:00,178.17,178.17,0.0,178.88,177.69,177.944,0.0,0
2025-09-26 13:30:00+00:00,175.58999633789062,175.58999633789062,0.0,178.63999938964844,174.92999267578125,178.1699981689453,0.0,28263350
2025-09-26 14:30:00+00:00,176.7449951171875,176.7449951171875,0.0,176.77769470214844,175.36500549316406,175.59010314941406,0.0,16379330
2025-09-26 15:30:00+00:00,176.52999877929688,176.52999877929688,0.0,176.89999389648438,175.77999877929688,176.75,0.0,11014839
2025-09-26 16:30:00+00:00,177.15499877929688,177.15499877929688,0.0,177.57000732421875,176.1699981689453,176.52650451660156,0.0,11609712
2025-09-26 17:30:00+00:00,177.7342987060547,177.7342987060547,0.0,177.9199981689453,176.9705047607422,177.1533966064453,0.0,8400243
2025-09-26 18:30:00+00:00,177.68499755859375,177.68499755859375,0.0,177.80999755859375,177.17999267578125,177.74000549316406,0.0,8373700
2025-09-26 19:30:00+00:00,178.19000244140625,178.19000244140625,0.0,178.27999877929688,177.49899291992188,177.6800994873047,0.0,50759133
2025-09-26 20:00:00+00:00,177.9,177.9,0.0,178.29,177.1255,178.19,0.0,0
2025-09-26 21:00:00+00:00,177.635,177.635,0.0,184.2823,171.7013,177.88,0.0,0
2025-09-26 22:00:00+00:00,177.655,177.655,0.0,177.71,171.7013,177.65,0.0,0
2025-09-26 23:00:00+00:00,177.6388,177.6388,0.0,177.75,177.55,177.655,0.0,0
2025-09-29 08:00:00+00:00,179.55,179.55,0.0,179.72,178.73,178.98,0.0,0
2025-09-29 09:00:00+00:00,179.78,179.78,0.0,179.97,179.44,179.55,0.0,0
2025-09-29 10:00:00+00:00,179.44,179.44,0.0,179.8,179.0,179.77,0.0,0
2025-09-29 11:00:00+00:00,179.63,179.63,0.0,179.73,179.2,179.44,0.0,0
2025-09-29 12:00:00+00:00,180.0,180.0,0.0,180.22,178.19,179.62,0.0,0
2025-09-29 13:00:00+00:00,180.39,180.39,0.0,180.5,179.66,180.0,0.0,0
2025-09-29 13:30:00+00:00,183.375,183.375,0.0,184.0,180.35000610351562,180.43499755859375,0.0,41112749
2025-09-29 14:30:00+00:00,182.3249969482422,182.3249969482422,0.0,183.8800048828125,182.1699981689453,183.375,0.0,21215289
2025-09-29 15:30:00+00:00,182.02999877929688,182.02999877929688,0.0,182.57000732421875,181.44000244140625,182.3249969482422,0.0,13497978
2025-09-29 16:30:00+00:00,181.9031982421875,181.9031982421875,0.0,182.30799865722656,181.27999877929688,182.03819274902344,0.0,9240745
2025-09-29 17:30:00+00:00,181.7100067138672,181.7100067138672,0.0,182.26739501953125,181.69009399414062,181.89999389648438,0.0,7552876
2025-09-29 18:30:00+00:00,180.89500427246094,180.89500427246094,0.0,181.84500122070312,180.6699981689453,181.6999969482422,0.0,10601888
2025-09-29 19:30:00+00:00,181.82000732421875,181.82000732421875,0.0,181.94000244140625,180.8699951171875,180.88999938964844,0.0,9869077
2025-09-29 20:00:00+00:00,181.48,181.48,0.0,182.0,181.47,181.85,0.0,0
2025-09-29 21:00:00+00:00,181.31,181.31,0.0,190.0723,176.6679,181.48,0.0,0
2025-09-29 22:00:00+00:00,181.385,181.385,0.0,181.85,181.26,181.33,0.0,0
2025-09-29 23:00:00+00:00,181.0775,181.0775,0.0,181.42,180.96,181.36,0.0,0
2025-09-30 08:00:00+00:00,181.22,181.22,0.0,181.35,180.56,181.34,0.0,0
2025-09-30 09:00:00+00:00,181.6,181.6,0.0,181.6,181.09,181.2,0.0,0
2025-09-30 10:00:00+00:00,181.64,181.64,0.0,181.82,181.5,181.62,0.0,0
2025-09-30 11:00:00+00:00,182.23,182.23,0.0,182.65,181.53,181.66,0.0,0
2025-09-30 12:00:00+00:00,182.0733,182.0733,0.0,182.65,180.57,182.21,0.0,0
2025-09-30 13:00:00+00:00,182.1,182.1,0.0,182.85,181.85,182.085,0.0,0
2025-09-30 13:30:00+00:00,184.73989868164062,184.73989868164062,0.0,184.94000244140625,181.47999572753906,182.22000122070312,0.0,41216097
2025-09-30 14:30:00+00:00,186.30990600585938,186.30990600585938,0.0,187.35000610351562,184.55990600585938,184.73500061035156,0.0,38277144
2025-09-30 15:30:00+00:00,186.73500061035156,186.73500061035156,0.0,187.1199951171875,185.60000610351562,186.2949981689453,0.0,17575412
2025-09-30 16:30:00+00:00,185.625,185.625,0.0,186.9499969482422,185.32000732421875,186.73500061035156,0.0,14131551
2025-09-30 17:30:00+00:00,186.2725067138672,186.2725067138672,0.0,186.4600067138672,185.22999572753906,185.6199951171875,0.0,11551216
2025-09-30 18:30:00+00:00,185.88999938964844,185.88999938964844,0.0,186.30999755859375,185.00999450683594,186.27000427246094,0.0,12705176
2025-09-30 19:30:00+00:00,186.55999755859375,186.55999755859375,0.0,186.77000427246094,185.3000030517578,185.88999938964844,0.0,14524343
2025-09-30 20:00:00+00:00,186.06,186.06,0.0,186.8,180.4697,186.57,0.0,0
2025-09-30 21:00:00+00:00,186.23,186.23,0.0,186.42,180.4697,186.0988,0.0,0
2025-09-30 22:00:00+00:00,186.2,186.2,0.0,186.43,186.07,186.26,0.0,0
2025-09-30 23:00:00+00:00,185.7317,185.7317,0.0,186.2,185.72,186.19,0.0,0
2025-10-01 08:00:00+00:00,184.64,184.64,0.0,185.58,184.09,185.01,0.0,0
2025-10-01 09:00:00+00:00,185.73,185.73,0.0,185.75,184.69,184.7,0.0,0
2025-10-01 10:00:00+00:00,185.28,185.28,0.0,185.73,185.16,185.72,0.0,0
2025-10-01 11:00:00+00:00,185.55,185.55,0.0,185.77,185.12,185.26,0.0,0
2025-10-01 12:00:00+00:00,185.18,185.18,0.0,186.58,184.0,185.52,0.0,0
2025-10-01 13:00:00+00:00,185.21,185.21,0.0,185.42,184.8,185.21,0.0,0
2025-10-01 13:30:00+00:00,186.65499877929688,186.65499877929688,0.0,186.6699981689453,183.89999389648438,185.2100067138672,0.0,36094855
2025-10-01 14:30:00+00:00,186.55999755859375,186.55999755859375,0.0,187.86500549316406,186.314697265625,186.65499877929688,0.0,22794271
2025-10-01 15:30:00+00:00,186.60499572753906,186.60499572753906,0.0,187.52999877929688,186.4199981689453,186.55999755859375,0.0,10682992
2025-10-01 16:30:00+00:00,187.57000732421875,187.57000732421875,0.0,188.13999938964844,186.48500061035156,186.61500549316406,0.0,12818212
2025-10-01 17:30:00+00:00,187.48440551757812,187.48440551757812,0.0,187.9499969482422,187.3000030517578,187.5800018310547,0.0,44723479
2025-10-01 18:30:00+00:00,187.18350219726562,187.18350219726562,0.0,187.69000244140625,187.14999389648438,187.48500061035156,0.0,10013033
2025-10-01 19:30:00+00:00,187.1699981689453,187.1699981689453,0.0,187.4600067138672,186.36000061035156,187.17999267578125,0.0,15197176
2025-10-01 20:00:00+00:00,186.88,186.88,0.0,199.2898,175.1164,187.16,0.0,0
2025-10-01 21:00:00+00:00,186.815,186.815,0.0,194.2784,180.795,186.88,0.0,0
2025-10-01 22:00:00+00:00,187.0492,187.0492,0.0,187.09,186.8,186.815,0.0,0
2025-10-01 23:00:00+00:00,186.94,186.94,0.0,187.16,186.91,187.0592,0.0,0
2025-10-02 08:00:00+00:00,188.88,188.88,0.0,189.0,187.84,187.84,0.0,0
2025-10-02 09:00:00+00:00,189.47,189.47,0.0,189.64,188.65,188.88,0.0,0
2025-10-02 10:00:00+00:00,189.83,189.83,0.0,189.9,189.03,189.45,0.0,0
2025-10-02 11:00:00+00:00,189.67,189.67,0.0,189.92,189.12,189.81,0.0,0
2025-10-02 12:00:00+00:00,189.97,189.97,0.0,189.99,187.24,189.67,0.0,0
2025-10-02 13:00:00+00:00,189.61,189.61,0.0,190.23,177.24,189.97,0.0,0
2025-10-02 13:30:00+00:00,190.1049041748047,190.1049041748047,0.0,191.0500030517578,188.26499938964844,189.6199951171875,0.0,51136746
2025-10-02 14:30:00+00:00,189.85499572753906,189.85499572753906,0.0,190.4199981689453,188.89999389648438,190.10499572753906,0.0,20569176
2025-10-02 15:30:00+00:00,189.2100067138672,189.2100067138672,0.0,189.89169311523438,188.9499969482422,189.85499572753906,0.0,13336605
2025-10-02 16:30:00+00:00,189.11929321289062,189.11929321289062,0.0,189.47999572753906,188.77000427246094,189.18499755859375,0.0,10186660
2025-10-02 17:30:00+00:00,188.87510681152344,188.87510681152344,0.0,189.24000549316406,188.61000061035156,189.1199951171875,0.0,9326052
2025-10-02 18:30:00+00:00,189.18499755859375,189.18499755859375,0.0,189.30499267578125,188.71009826660156,188.8699951171875,0.0,10060451
2025-10-02 19:30:00+00:00,188.9199981689453,188.9199981689453,0.0,189.24000549316406,188.5,189.18499755859375,0.0,10344240
2025-10-02 20:00:00+00:00,188.63,188.63,0.0,189.2977,177.5225,188.89,0.0,0
2025-10-02 21:00:00+00:00,188.48,188.48,0.0,200.6264,176.2145,188.66,0.0,0
2025-10-02 22:00:00+00:00,188.5,188.5,0.0,188.65,188.22,188.48,0.0,0
2025-10-02 23:00:00+00:00,188.9785,188.9785,0.0,189.0,188.43,188.5,0.0,0
2025-10-03 08:00:00+00:00,189.6,189.6,0.0,189.77,187.5,188.36,0.0,0
2025-10-03 09:00:00+00:00,189.72,189.72,0.0,189.94,189.54,189.61,0.0,0
2025-10-03 10:00:00+00:00,189.79,189.79,0.0,189.99,189.69,189.75,0.0,0
2025-10-03 11:00:00+00:00,189.56,189.56,0.0,189.99,189.4,189.8,0.0,0
2025-10-03 12:00:00+00:00,189.75,189.75,0.0,190.0,188.4,189.59,0.0,0
2025-10-03 13:00:00+00:00,189.18,189.18,0.0,189.81,188.84,189.76,0.0,0
2025-10-03 13:30:00+00:00,188.94369506835938,188.94369506835938,0.0,190.36000061035156,188.3300018310547,189.18499755859375,0.0,31867298
2025-10-03 14:30:00+00:00,189.47390747070312,189.47390747070312,0.0,189.8000030517578,188.3699951171875,188.9499969482422,0.0,15378728
2025-10-03 15:30:00+00:00,188.7001953125,188.7001953125,0.0,189.54930114746094,188.4199981689453,189.47000122070312,0.0,12735312
2025-10-03 16:30:00+00:00,187.17750549316406,187.17750549316406,0.0,188.6999969482422,186.9499969482422,188.6999969482422,0.0,16666788
2025-10-03 17:30:00+00:00,187.47500610351562,187.47500610351562,0.0,187.52000427246094,185.3800048828125,187.16000366210938,0.0,20766990
2025-10-03 18:30:00+00:00,187.3249969482422,187.3249969482422,0.0,187.7449951171875,187.02999877929688,187.47999572753906,0.0,11927924
2025-10-03 19:30:00+00:00,187.62100219726562,187.62100219726562,0.0,188.0,186.22999572753906,187.32000732421875,0.0,11488859
2025-10-03 20:00:00+00:00,187.485,187.485,0.0,187.639,177.82,187.619,0.0,0
2025-10-03 21:00:00+00:00,187.65,187.65,0.0,200.0397,175.3419,187.49,0.0,0
2025-10-03 22:00:00+00:00,187.665,187.665,0.0,187.8,187.61,187.68,0.0,0
2025-10-03 23:00:00+00:00,187.66,187.66,0.0,187.79,187.6,187.68,0.0,0
2025-10-06 08:00:00+00:00,188.64,188.64,0.0,188.71,188.01,188.01,0.0,0
2025-10-06 09:00:00+00:00,188.83,188.83,0.0,188.96,188.55,188.63,0.0,0
2025-10-06 10:00:00+00:00,189.54,189.54,0.0,189.6,188.79,188.82,0.0,0
2025-10-06 11:00:00+00:00,184.28,184.28,0.0,189.99,182.88,189.57,0.0,0
2025-10-06 12:00:00+00:00,185.25,185.25,0.0,189.9,182.94,184.3,0.0,0
2025-10-06 13:00:00+00:00,185.57,185.57,0.0,186.65,184.24,185.25,0.0,0
2025-10-06 13:30:00+00:00,185.5,185.5,0.0,187.2299041748047,183.3300018310547,185.55999755859375,0.0,59311744
2025-10-06 14:30:00+00:00,185.9698944091797,185.9698944091797,0.0,186.19000244140625,184.2100067138672,185.5399932861328,0.0,22980670
2025-10-06 15:30:00+00:00,186.92999267578125,186.92999267578125,0.0,187.22999572753906,185.97999572753906,185.97999572753906,0.0,16569881
2025-10-06 16:30:00+00:00,186.14990234375,186.14990234375,0.0,186.9600067138672,186.00999450683594,186.93370056152344,0.0,9813634
2025-10-06 17:30:00+00:00,185.58999633789062,185.58999633789062,0.0,186.2100067138672,185.38999938964844,186.14999389648438,0.0,11195919
2025-10-06 18:30:00+00:00,185.80999755859375,185.80999755859375,0.0,186.0500030517578,185.49000549316406,185.59719848632812,0.0,9944365
2025-10-06 19:30:00+00:00,185.52999877929688,185.52999877929688,0.0,186.02810668945312,185.42999267578125,185.80999755859375,0.0,11119569
2025-10-06 20:00:00+00:00,185.84,185.84,0.0,185.89,179.3759,185.53,0.0,0
2025-10-06 21:00:00+00:00,185.81,185.81,0.0,189.44,176.8173,185.88,0.0,0
2025-10-06 22:00:00+00:00,185.615,185.615,0.0,185.97,185.54,185.86,0.0,0
2025-10-06 23:00:00+00:00,185.6208,185.6208,0.0,185.9,185.54,185.615,0.0,0
2025-10-07 08:00:00+00:00,186.29,186.29,0.0,186.49,185.93,185.99,0.0,0
2025-10-07 09:00:00+00:00,186.15,186.15,0.0,186.31,185.9,186.28,0.0,0
2025-10-07 10:00:00+00:00,186.07,186.07,0.0,186.93,185.96,186.16,0.0,0
2025-10-07 11:00:00+00:00,186.1,186.1,0.0,186.3,185.9,186.09,0.0,0
2025-10-07 12:00:00+00:00,186.3398,186.3398,0.0,186.92,176.24,186.12,0.0,0
2025-10-07 13:00:00+00:00,186.27,186.27,0.0,187.0,178.44,186.34,0.0,0
2025-10-07 13:30:00+00:00,188.01510620117188,188.01510620117188,0.0,189.05999755859375,186.1999969482422,186.25999450683594,0.0,36576448
2025-10-07 14:30:00+00:00,185.24000549316406,185.24000549316406,0.0,188.57000732421875,184.7801055908203,188.02000427246094,0.0,30950863
2025-10-07 15:30:00+00:00,185.47000122070312,185.47000122070312,0.0,186.1699981689453,184.40499877929688,185.24000549316406,0.0,22823701
2025-10-07 16:30:00+00:00,185.90980529785156,185.90980529785156,0.0,186.4149932861328,185.46499633789062,185.47000122070312,0.0,12411681
2025-10-07 17:30:00+00:00,185.89500427246094,185.89500427246094,0.0,186.0399932861328,185.14999389648438,185.86500549316406,0.0,8840682
2025-10-07 18:30:00+00:00,185.5863037109375,185.5863037109375,0.0,185.96499633789062,185.4250946044922,185.91000366210938,0.0,7925630
2025-10-07 19:30:00+00:00,184.9600067138672,184.9600067138672,0.0,185.67999267578125,184.50999450683594,185.58999633789062,0.0,9331222
2025-10-07 20:00:00+00:00,185.15,185.15,0.0,185.4977,176.5654,184.95,0.0,0
2025-10-07 21:00:00+00:00,185.32,185.32,0.0,185.49,174.229,185.2,0.0,0
2025-10-07 22:00:00+00:00,185.3802,185.3802,0.0,185.54,185.22,185.32,0.0,0
2025-10-07 23:00:00+00:00,184.99,184.99,0.0,186.18,184.88,185.4,0.0,0
2025-10-08 08:00:00+00:00,186.39,186.39,0.0,186.39,185.69,185.69,0.0,0
2025-10-08 09:00:00+00:00,185.89,185.89,0.0,186.59,185.8,186.37,0.0,0
2025-10-08 10:00:00+00:00,186.1,186.1,0.0,186.27,185.76,185.89,0.0,0
2025-10-08 11:00:00+00:00,185.86,185.86,0.0,186.47,185.86,186.13,0.0,0
2025-10-08 12:00:00+00:00,186.0262,186.0262,0.0,186.6,185.04,185.86,0.0,0
2025-10-08 13:00:00+00:00,186.63,186.63,0.0,187.08,185.75,186.0036,0.0,0
2025-10-08 13:30:00+00:00,189.0449981689453,189.0449981689453,0.0,189.4199981689453,186.5399932861328,186.6300048828125,0.0,45810785
2025-10-08 14:30:00+00:00,188.27000427246094,188.27000427246094,0.0,189.2261962890625,187.7449951171875,189.0449981689453,0.0,16475937
2025-10-08 15:30:00+00:00,188.18499755859375,188.18499755859375,0.0,188.39500427246094,187.61380004882812,188.27000427246094,0.0,11866256
2025-10-08 16:30:00+00:00,188.14999389648438,188.14999389648438,0.0,188.48980712890625,187.76499938964844,188.17999267578125,0.0,9095911
2025-10-08 17:30:00+00:00,188.42239379882812,188.42239379882812,0.0,188.88999938964844,188.1199951171875,188.16000366210938,0.0,10444809
2025-10-08 18:30:00+00:00,188.58999633789062,188.58999633789062,0.0,188.75,187.98500061035156,188.42999267578125,0.0,9523320
2025-10-08 19:30:00+00:00,189.07000732421875,189.07000732421875,0.0,189.19000244140625,188.2949981689453,188.58999633789062,0.0,13031125
2025-10-08 20:00:00+00:00,188.84,188.84,0.0,189.24,127.129,189.06,0.0,0
2025-10-08 21:00:00+00:00,188.97,188.97,0.0,225.7857,127.129,188.88,0.0,0
2025-10-08 22:00:00+00:00,189.1,189.1,0.0,189.18,188.85,188.93,0.0,0
2025-10-08 23:00:00+00:00,189.215,189.215,0.0,189.24,189.03,189.085,0.0,0
2025-10-09 08:00:00+00:00,191.06,191.06,0.0,191.52,190.55,191.3,0.0,0
2025-10-09 09:00:00+00:00,190.54,190.54,0.0,191.1,190.2,191.02,0.0,0
2025-10-09 10:00:00+00:00,191.5,191.5,0.0,192.05,190.43,190.54,0.0,0
2025-10-09 11:00:00+00:00,192.27,192.27,0.0,192.43,191.0,191.49,0.0,0
2025-10-09 12:00:00+00:00,192.77,192.77,0.0,192.84,190.176,192.25,0.0,0
2025-10-09 13:00:00+00:00,192.18,192.18,0.0,192.99,192.1,192.8299,0.0,0
2025-10-09 13:30:00+00:00,193.68499755859375,193.68499755859375,0.0,195.3000030517578,191.05999755859375,192.27999877929688,0.0,69029669
2025-10-09 14:30:00+00:00,193.75999450683594,193.75999450683594,0.0,194.7198944091797,192.19000244140625,193.6842041015625,0.0,28515373
2025-10-09 15:30:00+00:00,193.88499450683594,193.88499450683594,0.0,194.5800018310547,193.36500549316406,193.76499938964844,0.0,17397407
2025-10-09 16:30:00+00:00,192.66009521484375,192.66009521484375,0.0,194.0500030517578,192.43910217285156,193.8800048828125,0.0,13991184
2025-10-09 17:30:00+00:00,192.5449981689453,192.5449981689453,0.0,193.1699981689453,192.17999267578125,192.67999267578125,0.0,12688036
2025-10-09 18:30:00+00:00,192.74000549316406,192.74000549316406,0.0,193.5395050048828,192.1300048828125,192.53500366210938,0.0,15942400
2025-10-09 19:30:00+00:00,192.5399932861328,192.5399932861328,0.0,193.00999450683594,191.89999389648438,192.72999572753906,0.0,12018618
2025-10-09 20:00:00+00:00,192.27,192.27,0.0,193.3398,181.58,192.57,0.0,0
2025-10-09 21:00:00+00:00,192.26,192.26,0.0,203.8033,192.07,192.3,0.0,0
2025-10-09 22:00:00+00:00,192.7,192.7,0.0,192.79,192.22,192.27,0.0,0
2025-10-09 23:00:00+00:00,192.8998,192.8998,0.0,192.91,192.7,192.72,0.0,0
2025-10-10 08:00:00+00:00,193.51,193.51,0.0,193.6,192.38,192.38,0.0,0
2025-10-10 09:00:00+00:00,193.83,193.83,0.0,194.0,193.2,193.53,0.0,0
2025-10-10 10:00:00+00:00,193.61,193.61,0.0,193.88,192.85,193.83,0.0,0
2025-10-10 11:00:00+00:00,193.72,193.72,0.0,193.87,193.29,193.58,0.0,0
2025-10-10 12:00:00+00:00,193.83,193.83,0.0,194.01,191.93,193.7,0.0,0
2025-10-10 13:00:00+00:00,193.54,193.54,0.0,193.93,192.5,193.82,0.0,0
2025-10-10 13:30:00+00:00,195.24830627441406,195.24830627441406,0.0,195.49000549316406,192.22000122070312,193.5050048828125,0.0,46230258
2025-10-10 14:30:00+00:00,188.83160400390625,188.83160400390625,0.0,195.6199951171875,188.33990478515625,195.2449951171875,0.0,51916107
2025-10-10 15:30:00+00:00,189.14999389648438,189.14999389648438,0.0,190.1999053955078,186.3800048828125,188.85000610351562,0.0,42140895
2025-10-10 16:30:00+00:00,188.16000366210938,188.16000366210938,0.0,189.66000366210938,186.64089965820312,189.13999938964844,0.0,22149826
2025-10-10 17:30:00+00:00,187.72000122070312,187.72000122070312,0.0,188.4600067138672,186.97999572753906,188.14999389648438,0.0,15772022
2025-10-10 18:30:00+00:00,186.39999389648438,186.39999389648438,0.0,187.9600067138672,186.11000061035156,187.72000122070312,0.0,17485987
2025-10-10 19:30:00+00:00,183.13999938964844,183.13999938964844,0.0,186.55999755859375,182.8000030517578,186.4199981689453,0.0,35832393
2025-10-10 20:00:00+00:00,181.3,181.3,0.0,192.54,180.9,183.12,0.0,0
2025-10-10 21:00:00+00:00,179.85,179.85,0.0,181.44,171.7013,181.2,0.0,0
2025-10-10 22:00:00+00:00,182.8899,182.8899,0.0,183.7,171.7013,180.1203,0.0,0
2025-10-10 23:00:00+00:00,183.2,183.2,0.0,183.83,182.57,182.87,0.0,0
2025-10-13 08:00:00+00:00,189.07,189.07,0.0,190.12,188.0,188.0,0.0,0
2025-10-13 09:00:00+00:00,189.62,189.62,0.0,190.05,189.2,189.2,0.0,0
2025-10-13 10:00:00+00:00,189.37,189.37,0.0,189.78,189.27,189.64,0.0,0
2025-10-13 11:00:00+00:00,187.74,187.74,0.0,189.55,187.67,189.33,0.0,0
2025-10-13 12:00:00+00:00,188.68,188.68,0.0,190.2507,186.9592,187.75,0.0,0
2025-10-13 13:00:00+00:00,187.95,187.95,0.0,192.625,186.81,188.65,0.0,0
2025-10-13 13:30:00+00:00,188.49000549316406,188.49000549316406,0.0,190.10989379882812,187.38999938964844,187.96499633789062,0.0,53451703
2025-10-13 14:30:00+00:00,188.27499389648438,188.27499389648438,0.0,188.77499389648438,185.97000122070312,188.5,0.0,24205593
2025-10-13 15:30:00+00:00,188.43179321289062,188.43179321289062,0.0,188.64999389648438,187.69000244140625,188.27999877929688,0.0,13795160
2025-10-13 16:30:00+00:00,188.5500030517578,188.5500030517578,0.0,189.42999267578125,188.2700958251953,188.4208984375,0.0,11823453
2025-10-13 17:30:00+00:00,187.9250030517578,187.9250030517578,0.0,188.6558074951172,187.66000366210938,188.5500030517578,0.0,10396598
2025-10-13 18:30:00+00:00,187.80259704589844,187.80259704589844,0.0,188.17999267578125,187.25,187.9250030517578,0.0,10500602
2025-10-13 19:30:00+00:00,188.32000732421875,188.32000732421875,0.0,188.89999389648438,187.52000427246094,187.8000030517578,0.0,13567029
2025-10-13 20:00:00+00:00,188.34,188.34,0.0,199.969,181.4671,188.31,0.0,0
2025-10-13 21:00:00+00:00,188.315,188.315,0.0,199.969,177.8272,188.34,0.0,0
2025-10-13 22:00:00+00:00,188.6095,188.6095,0.0,188.65,188.25,188.31,0.0,0
2025-10-13 23:00:00+00:00,188.53,188.53,0.0,188.67,188.43,188.6,0.0,0
2025-10-14 08:00:00+00:00,185.39,185.39,0.0,185.39,184.1,184.85,0.0,0
2025-10-14 09:00:00+00:00,185.1,185.1,0.0,185.83,184.95,185.4,0.0,0
2025-10-14 10:00:00+00:00,184.28,184.28,0.0,185.29,184.16,185.09,0.0,0
2025-10-14 11:00:00+00:00,184.89,184.89,0.0,185.07,183.4,184.23,0.0,0
2025-10-14 12:00:00+00:00,185.62,185.62,0.0,188.65,183.38,184.88,0.0,0
2025-10-14 13:00:00+00:00,184.76,184.76,0.0,185.67,169.8558,185.59,0.0,0
2025-10-14 13:30:00+00:00,182.38499450683594,182.38499450683594,0.0,184.8000030517578,179.6999969482422,184.77999877929688,0.0,61673542
2025-10-14 14:30:00+00:00,181.5500030517578,181.5500030517578,0.0,182.42999267578125,180.94500732421875,182.3800048828125,0.0,24869258
2025-10-14 15:30:00+00:00,183.43629455566406,183.43629455566406,0.0,183.53599548339844,181.35000610351562,181.55999755859375,0.0,21469144
2025-10-14 16:30:00+00:00,183.22500610351562,183.22500610351562,0.0,184.1999969482422,182.91000366210938,183.44000244140625,0.0,20202579
2025-10-14 17:30:00+00:00,182.17999267578125,182.17999267578125,0.0,183.30999755859375,181.52349853515625,183.22999572753906,0.0,17686398
2025-10-14 18:30:00+00:00,181.89990234375,181.89990234375,0.0,182.3699951171875,181.72000122070312,182.17999267578125,0.0,13423471
2025-10-14 19:30:00+00:00,180.07000732421875,180.07000732421875,0.0,181.9199981689453,179.8300018310547,181.89599609375,0.0,26666011
2025-10-14 20:00:00+00:00,181.0698,181.0698,0.0,181.2,177.952,180.03,0.0,0
2025-10-14 21:00:00+00:00,181.24,181.24,0.0,181.42,179.2685,181.035,0.0,0
2025-10-14 22:00:00+00:00,181.4229,181.4229,0.0,181.61,181.14,181.22,0.0,0
2025-10-14 23:00:00+00:00,181.2066,181.2066,0.0,181.43,181.16,181.37,0.0,0
2025-10-15 08:00:00+00:00,183.9,183.9,0.0,183.99,182.99,183.06,0.0,0
2025-10-15 09:00:00+00:00,184.22,184.22,0.0,184.9,183.55,183.9,0.0,0
2025-10-15 10:00:00+00:00,184.46,184.46,0.0,184.88,184.02,184.2,0.0,0
2025-10-15 11:00:00+00:00,184.01,184.01,0.0,184.52,183.6,184.47,0.0,0
2025-10-15 12:00:00+00:00,184.55,184.55,0.0,184.9,181.8412,184.0,0.0,0
2025-10-15 13:00:00+00:00,184.825,184.825,0.0,185.56,184.51,184.53,0.0,0
2025-10-15 13:30:00+00:00,182.36990356445312,182.36990356445312,0.0,184.8699951171875,181.02000427246094,184.83999633789062,0.0,52916810
2025-10-15 14:30:00+00:00,181.71090698242188,181.71090698242188,0.0,183.2100067138672,181.5,182.3697967529297,0.0,28256632
2025-10-15 15:30:00+00:00,180.69020080566406,180.69020080566406,0.0,181.73899841308594,179.86090087890625,181.7100067138672,0.0,29801481
2025-10-15 16:30:00+00:00,178.17999267578125,178.17999267578125,0.0,180.74000549316406,177.2899932861328,180.69000244140625,0.0,27094307
2025-10-15 17:30:00+00:00,179.79490661621094,179.79490661621094,0.0,180.0207061767578,178.0850067138672,178.17999267578125,0.0,18813172
2025-10-15 18:30:00+00:00,180.16000366210938,180.16000366210938,0.0,180.67999267578125,179.6999969482422,179.7949981689453,0.0,13746081
2025-10-15 19:30:00+00:00,179.8699951171875,179.8699951171875,0.0,180.3699951171875,178.60459899902344,180.1699981689453,0.0,19911874
2025-10-15 20:00:00+00:00,180.28,180.28,0.0,181.9799,172.7204,179.83,0.0,0
2025-10-15 21:00:00+00:00,180.63,180.63,0.0,180.85,171.2796,180.28,0.0,0
2025-10-15 22:00:00+00:00,180.8698,180.8698,0.0,180.9,179.83,180.62,0.0,0
2025-10-15 23:00:00+00:00,180.84,180.84,0.0,180.89,180.63,180.87,0.0,0
2025-10-16 08:00:00+00:00,181.75,181.75,0.0,182.24,181.64,181.81,0.0,0
2025-10-16 09:00:00+00:00,182.03,182.03,0.0,182.03,181.51,181.72,0.0,0
2025-10-16 10:00:00+00:00,182.27,182.27,0.0,182.3,181.77,182.03,0.0,0
2025-10-16 11:00:00+00:00,182.14,182.14,0.0,182.37,181.85,182.27,0.0,0
2025-10-16 12:00:00+00:00,182.13,182.13,0.0,182.37,180.5415,182.14,0.0,0
2025-10-16 13:00:00+00:00,182.29,182.29,0.0,185.35,179.625,182.12,0.0,0
2025-10-16 13:30:00+00:00,182.41000366210938,182.41000366210938,0.0,183.02000427246094,181.24000549316406,182.19000244140625,0.0,41938632
2025-10-16 14:30:00+00:00,182.32139587402344,182.32139587402344,0.0,183.27999877929688,181.97000122070312,182.4199981689453,0.0,22390005
2025-10-16 15:30:00+00:00,180.96499633789062,180.96499633789062,0.0,182.7899932861328,180.82000732421875,182.32249450683594,0.0,20255390
2025-10-16 16:30:00+00:00,182.3300018310547,182.3300018310547,0.0,182.35000610351562,179.77000427246094,180.97000122070312,0.0,23943118
2025-10-16 17:30:00+00:00,180.33999633789062,180.33999633789062,0.0,182.52000427246094,179.8800048828125,182.3249969482422,0.0,19387187
2025-10-16 18:30:00+00:00,180.78500366210938,180.78500366210938,0.0,181.61000061035156,179.82000732421875,180.34010314941406,0.0,18685762
2025-10-16 19:30:00+00:00,181.81100463867188,181.81100463867188,0.0,182.00999450683594,180.49000549316406,180.8000030517578,0.0,13969567
2025-10-16 20:00:00+00:00,181.41,181.41,0.0,182.0,176.2145,181.82,0.0,0
2025-10-16 21:00:00+00:00,181.25,181.25,0.0,182.5667,168.8388,181.41,0.0,0
2025-10-16 22:00:00+00:00,180.92,180.92,0.0,181.86,180.9008,181.3,0.0,0
2025-10-16 23:00:00+00:00,180.715,180.715,0.0,181.15,180.51,180.95,0.0,0
2025-10-17 08:00:00+00:00,176.66,176.66,0.0,179.59,176.23,177.59,0.0,0
2025-10-17 09:00:00+00:00,177.55,177.55,0.0,177.92,176.25,176.6,0.0,0
2025-10-17 10:00:00+00:00,177.81,177.81,0.0,178.03,177.18,177.58,0.0,0
2025-10-17 11:00:00+00:00,179.64,179.64,0.0,179.98,177.55,177.8,0.0,0
2025-10-17 12:00:00+00:00,180.42,180.42,0.0,180.87,176.206,179.64,0.0,0
2025-10-17 13:00:00+00:00,180.2,180.2,0.0,181.81,179.53,180.4152,0.0,0
2025-10-17 13:30:00+00:00,183.27999877929688,183.27999877929688,0.0,183.52999877929688,179.8000030517578,179.86000061035156,0.0,52215912
2025-10-17 14:30:00+00:00,180.8719940185547,180.8719940185547,0.0,183.35499572753906,180.57000732421875,183.27999877929688,0.0,27029244
2025-10-17 15:30:00+00:00,182.6300048828125,182.6300048828125,0.0,182.78509521484375,180.02000427246094,180.8800048828125,0.0,20595635
2025-10-17 16:30:00+00:00,182.36000061035156,182.36000061035156,0.0,182.97000122070312,182.00999450683594,182.6199951171875,0.0,13910035
2025-10-17 17:30:00+00:00,183.69000244140625,183.69000244140625,0.0,183.86500549316406,181.92999267578125,182.3699951171875,0.0,16815195
2025-10-17 18:30:00+00:00,183.7100067138672,183.7100067138672,0.0,184.10000610351562,183.2550048828125,183.6909942626953,0.0,15059096
2025-10-17 19:30:00+00:00,183.24000549316406,183.24000549316406,0.0,183.7899932861328,182.83999633789062,183.7100067138672,0.0,12278827
2025-10-17 20:00:00+00:00,183.26,183.26,0.0,192.8472,175.3419,183.24,0.0,0
2025-10-17 21:00:00+00:00,183.16,183.16,0.0,192.8472,175.3419,183.2596,0.0,0
2025-10-17 22:00:00+00:00,183.0998,183.0998,0.0,183.22,183.03,183.16,0.0,0
2025-10-17 23:00:00+00:00,183.33,183.33,0.0,183.39,183.01,183.09,0.0,0
2025-10-20 08:00:00+00:00,183.93,183.93,0.0,184.79,183.9,184.29,0.0,0
2025-10-20 09:00:00+00:00,183.6,183.6,0.0,184.14,183.51,183.91,0.0,0
2025-10-20 10:00:00+00:00,183.64,183.64,0.0,184.0,182.97,183.6,0.0,0
2025-10-20 11:00:00+00:00,183.68,183.68,0.0,184.26,183.16,183.67,0.0,0
2025-10-20 12:00:00+00:00,182.95,182.95,0.0,184.95,182.56,183.68,0.0,0
2025-10-20 13:00:00+00:00,183.0985,183.0985,0.0,183.34,182.73,182.96,0.0,0
2025-10-20 13:30:00+00:00,184.94400024414062,184.94400024414062,0.0,185.05499267578125,181.72999572753906,183.07000732421875,0.0,39741770
2025-10-20 14:30:00+00:00,183.78500366210938,183.78500366210938,0.0,185.1999969482422,183.1300048828125,184.94000244140625,0.0,21790430
2025-10-20 15:30:00+00:00,183.80999755859375,183.80999755859375,0.0,183.8800048828125,183.02999877929688,183.77999877929688,0.0,12556026
2025-10-20 16:30:00+00:00,183.8159942626953,183.8159942626953,0.0,184.25990295410156,183.47999572753906,183.80999755859375,0.0,10187702
2025-10-20 17:30:00+00:00,183.63409423828125,183.63409423828125,0.0,183.96499633789062,183.47000122070312,183.80999755859375,0.0,7966091
2025-10-20 18:30:00+00:00,182.95530700683594,182.95530700683594,0.0,183.7949981689453,182.60000610351562,183.62530517578125,0.0,11984910
2025-10-20 19:30:00+00:00,182.57000732421875,182.57000732421875,0.0,183.1300048828125,182.4499969482422,182.9600067138672,0.0,11294009
2025-10-20 20:00:00+00:00,182.87,182.87,0.0,182.97,176.8173,182.56,0.0,0
2025-10-20 21:00:00+00:00,182.95,182.95,0.0,182.99,182.8,182.89,0.0,0
2025-10-20 22:00:00+00:00,182.8516,182.8516,0.0,182.99,170.9384,182.98,0.0,0
2025-10-20 23:00:00+00:00,182.7704,182.7704,0.0,182.89,182.66,182.89,0.0,0
2025-10-21 08:00:00+00:00,182.78,182.78,0.0,182.93,182.5,182.53,0.0,0
2025-10-21 09:00:00+00:00,182.31,182.31,0.0,182.95,182.08,182.78,0.0,0
2025-10-21 10:00:00+00:00,182.45,182.45,0.0,182.5,182.0,182.38,0.0,0
2025-10-21 11:00:00+00:00,182.85,182.85,0.0,182.98,182.27,182.45,0.0,0
2025-10-21 12:00:00+00:00,183.12,183.12,0.0,183.2994,182.07,182.83,0.0,0
2025-10-21 13:00:00+00:00,182.79,182.79,0.0,183.28,162.38,183.1295,0.0,0
2025-10-21 13:30:00+00:00,180.18499755859375,180.18499755859375,0.0,182.77999877929688,179.93499755859375,182.77999877929688,0.0,36389148
2025-10-21 14:30:00+00:00,181.91000366210938,181.91000366210938,0.0,182.18649291992188,179.8000030517578,180.1959991455078,0.0,20754684
2025-10-21 15:30:00+00:00,182.49000549316406,182.49000549316406,0.0,182.6510009765625,181.46009826660156,181.91000366210938,0.0,12199927
2025-10-21 16:30:00+00:00,181.47999572753906,181.47999572753906,0.0,182.49549865722656,181.0601043701172,182.49000549316406,0.0,11885756
2025-10-21 17:30:00+00:00,181.22999572753906,181.22999572753906,0.0,181.68499755859375,180.97000122070312,181.4801025390625,0.0,8908090
2025-10-21 18:30:00+00:00,181.3350067138672,181.3350067138672,0.0,181.47000122070312,180.92999267578125,181.22999572753906,0.0,9096058
2025-10-21 19:30:00+00:00,181.13999938964844,181.13999938964844,0.0,181.61990356445312,181.0800018310547,181.3350067138672,0.0,7546853
2025-10-21 20:00:00+00:00,181.0001,181.0001,0.0,181.2809,176.5654,181.14,0.0,0
2025-10-21 21:00:00+00:00,181.19,181.19,0.0,181.25,143.9295,181.02,0.0,0
2025-10-21 22:00:00+00:00,181.0702,181.0702,0.0,181.25,180.92,181.19,0.0,0
2025-10-21 23:00:00+00:00,180.74,180.74,0.0,181.09,180.7,181.075,0.0,0
2025-10-22 08:00:00+00:00,181.25,181.25,0.0,181.34,180.99,181.32,0.0,0
2025-10-22 09:00:00+00:00,181.05,181.05,0.0,181.46,180.99,181.28,0.0,0
2025-10-22 10:00:00+00:00,181.78,181.78,0.0,181.91,180.95,181.02,0.0,0
2025-10-22 11:00:00+00:00,181.31,181.31,0.0,181.82,181.1,181.72,0.0,0
2025-10-22 12:00:00+00:00,181.21,181.21,0.0,181.9328,180.88,181.34,0.0,0
2025-10-22 13:00:00+00:00,181.1017,181.1017,0.0,181.54,180.79,181.21,0.0,0
2025-10-22 13:30:00+00:00,180.3968963623047,180.3968963623047,0.0,183.44000244140625,180.2899932861328,181.1300048828125,0.0,34186154
2025-10-22 14:30:00+00:00,178.87010192871094,178.87010192871094,0.0,180.88999938964844,178.7899932861328,180.4199981689453,0.0,29126012
2025-10-22 15:30:00+00:00,179.22000122070312,179.22000122070312,0.0,179.9600067138672,177.89999389648438,178.89999389648438,0.0,19190846
2025-10-22 16:30:00+00:00,177.69000244140625,177.69000244140625,0.0,179.4387969970703,177.22999572753906,179.22000122070312,0.0,19775065
2025-10-22 17:30:00+00:00,177.7050018310547,177.7050018310547,0.0,178.04600524902344,176.77000427246094,177.67999267578125,0.0,17739839
2025-10-22 18:30:00+00:00,179.47669982910156,179.47669982910156,0.0,179.6300048828125,177.58999633789062,177.69000244140625,0.0,15270067
2025-10-22 19:30:00+00:00,180.2899932861328,180.2899932861328,0.0,180.38999938964844,179.4600067138672,179.47999572753906,0.0,11283433
2025-10-22 20:00:00+00:00,179.83,179.83,0.0,190.8448,168.5353,180.29,0.0,0
2025-10-22 21:00:00+00:00,179.58,179.58,0.0,190.8448,174.4123,179.83,0.0,0
2025-10-22 22:00:00+00:00,179.9,179.9,0.0,180.11,179.57,179.59,0.0,0
2025-10-22 23:00:00+00:00,179.7,179.7,0.0,180.2,179.62,179.92,0.0,0
2025-10-23 08:00:00+00:00,180.91,180.91,0.0,180.96,180.27,180.44,0.0,0
2025-10-23 09:00:00+00:00,180.47,180.47,0.0,180.99,180.18,180.91,0.0,0
2025-10-23 10:00:00+00:00,180.39,180.39,0.0,180.65,180.09,180.46,0.0,0
2025-10-23 11:00:00+00:00,179.99,179.99,0.0,180.43,179.62,180.39,0.0,0
2025-10-23 12:00:00+00:00,179.635,179.635,0.0,180.99,179.22,179.95,0.0,0
2025-10-23 13:00:00+00:00,180.42,180.42,0.0,180.5202,179.0,179.63,0.0,0
2025-10-23 13:30:00+00:00,181.58009338378906,181.58009338378906,0.0,181.75999450683594,179.79010009765625,180.375,0.0,31763740
2025-10-23 14:30:00+00:00,181.9949951171875,181.9949951171875,0.0,182.39999389648438,181.22500610351562,181.5800018310547,0.0,16283069
2025-10-23 15:30:00+00:00,181.82000732421875,181.82000732421875,0.0,182.5,181.35409545898438,182.0,0.0,10578688
2025-10-23 16:30:00+00:00,181.78500366210938,181.78500366210938,0.0,182.2899932861328,181.57000732421875,181.82000732421875,0.0,9233407
2025-10-23 17:30:00+00:00,182.7100067138672,182.7100067138672,0.0,182.9409942626953,181.7440948486328,181.77999877929688,0.0,10330473
2025-10-23 18:30:00+00:00,182.78500366210938,182.78500366210938,0.0,183.02999877929688,182.64999389648438,182.7100067138672,0.0,9634220
2025-10-23 19:30:00+00:00,182.1999969482422,182.1999969482422,0.0,182.7899932861328,181.8800048828125,182.78500366210938,0.0,8583605
2025-10-23 20:00:00+00:00,182.46,182.46,0.0,182.62,182.05,182.21,0.0,0
2025-10-23 21:00:00+00:00,182.2,182.2,0.0,186.97,182.0,182.46,0.0,0
2025-10-23 22:00:00+00:00,182.23,182.23,0.0,182.3,182.16,182.1892,0.0,0
2025-10-23 23:00:00+00:00,182.35,182.35,0.0,182.35,182.17,182.24,0.0,0
2025-10-24 08:00:00+00:00,183.21,183.21,0.0,183.23,182.73,182.76,0.0,0
2025-10-24 09:00:00+00:00,183.12,183.12,0.0,183.3,183.04,183.23,0.0,0
2025-10-24 10:00:00+00:00,183.27,183.27,0.0,183.44,183.1,183.15,0.0,0
2025-10-24 11:00:00+00:00,183.27,183.27,0.0,183.4,182.99,183.3,0.0,0
2025-10-24 12:00:00+00:00,183.19,183.19,0.0,183.4364,182.4512,183.25,0.0,0
2025-10-24 13:00:00+00:00,183.86,183.86,0.0,184.49,183.12,183.12,0.0,0
2025-10-24 13:30:00+00:00,184.61500549316406,184.61500549316406,0.0,186.02999877929688,183.5,183.8350067138672,0.0,37413753
2025-10-24 14:30:00+00:00,185.19000244140625,185.19000244140625,0.0,185.52999877929688,184.3300018310547,184.60000610351562,0.0,16357048
2025-10-24 15:30:00+00:00,185.08999633789062,185.08999633789062,0.0,185.60000610351562,185.0800018310547,185.19000244140625,0.0,11016169
2025-10-24 16:30:00+00:00,185.0,185.0,0.0,185.39999389648438,184.89999389648438,185.08999633789062,0.0,7696934
2025-10-24 17:30:00+00:00,185.27499389648438,185.27499389648438,0.0,185.64999389648438,184.99009704589844,185.00999450683594,0.0,9319098
2025-10-24 18:30:00+00:00,186.91000366210938,186.91000366210938,0.0,187.47000122070312,185.01499938964844,185.27000427246094,0.0,21613138
2025-10-24 19:30:00+00:00,186.25999450683594,186.25999450683594,0.0,187.0,186.06500244140625,186.91000366210938,0.0,14808808
2025-10-24 20:00:00+00:00,186.7706,186.7706,0.0,187.22,186.18,186.26,0.0,0
2025-10-24 21:00:00+00:00,186.58,186.58,0.0,186.84,186.45,186.805,0.0,0
2025-10-24 22:00:00+00:00,186.3601,186.3601,0.0,186.59,186.3,186.59,0.0,0
2025-10-24 23:00:00+00:00,186.46,186.46,0.0,186.52,186.32,186.37,0.0,0
2025-10-27 08:00:00+00:00,190.07,190.07,0.0,190.24,188.39,189.77,0.0,0
2025-10-27 09:00:00+00:00,190.53,190.53,0.0,190.77,189.91,190.04,0.0,0
2025-10-27 10:00:00+00:00,191.0,191.0,0.0,191.02,190.5,190.52,0.0,0
2025-10-27 11:00:00+00:00,190.769,190.769,0.0,191.16,190.6,190.98,0.0,0
2025-10-27 12:00:00+00:00,190.4,190.4,0.0,191.15,185.795,190.76,0.0,0
2025-10-27 13:00:00+00:00,190.02,190.02,0.0,190.55,189.83,190.39,0.0,0
2025-10-27 13:30:00+00:00,189.8800048828125,189.8800048828125,0.0,191.27000427246094,188.43179321289062,189.97999572753906,0.0,47161860
2025-10-27 14:30:00+00:00,190.92449951171875,190.92449951171875,0.0,191.47000122070312,189.6999969482422,189.8800048828125,0.0,20726049
2025-10-27 15:30:00+00:00,190.9250030517578,190.9250030517578,0.0,191.25,190.72149658203125,190.92410278320312,0.0,12818888
2025-10-27 16:30:00+00:00,191.3341064453125,191.3341064453125,0.0,191.77499389648438,190.77999877929688,190.92999267578125,0.0,12280428
2025-10-27 17:30:00+00:00,190.55999755859375,190.55999755859375,0.0,191.4499969482422,190.5399932861328,191.3350067138672,0.0,11050962
2025-10-27 18:30:00+00:00,190.7252960205078,190.7252960205078,0.0,190.9250030517578,190.27000427246094,190.55499267578125,0.0,13555691
2025-10-27 19:30:00+00:00,191.42999267578125,191.42999267578125,0.0,191.75,190.7100067138672,190.72999572753906,0.0,15074766
2025-10-27 20:00:00+00:00,191.6402,191.6402,0.0,221.3593,125.4878,191.43,0.0,0
2025-10-27 21:00:00+00:00,191.57,191.57,0.0,224.9703,129.4428,191.65,0.0,0
2025-10-27 22:00:00+00:00,191.4099,191.4099,0.0,191.59,191.31,191.57,0.0,0
2025-10-27 23:00:00+00:00,191.5678,191.5678,0.0,191.7,191.4,191.4,0.0,0
2025-10-28 08:00:00+00:00,190.72,190.72,0.0,191.29,190.6,191.29,0.0,0
2025-10-28 09:00:00+00:00,191.46,191.46,0.0,191.6,190.65,190.75,0.0,0
2025-10-28 10:00:00+00:00,191.47,191.47,0.0,191.61,191.27,191.5,0.0,0
2025-10-28 11:00:00+00:00,192.22,192.22,0.0,192.46,191.3,191.47,0.0,0
2025-10-28 12:00:00+00:00,192.99,192.99,0.0,193.36,190.5848,192.24,0.0,0
2025-10-28 13:00:00+00:00,193.05,193.05,0.0,193.58,192.74,193.02,0.0,0
2025-10-28 13:30:00+00:00,192.8249969482422,192.8249969482422,0.0,195.468994140625,192.5601043701172,193.0500030517578,0.0,45569836
2025-10-28 14:30:00+00:00,192.80499267578125,192.80499267578125,0.0,193.34500122070312,192.1999969482422,192.8249969482422,0.0,15309085
2025-10-28 15:30:00+00:00,193.70010375976562,193.70010375976562,0.0,194.2100067138672,191.91000366210938,192.8000030517578,0.0,21440152
2025-10-28 16:30:00+00:00,194.58929443359375,194.58929443359375,0.0,196.57000732421875,193.26820373535156,193.7050018310547,0.0,44808829
2025-10-28 17:30:00+00:00,199.31199645996094,199.31199645996094,0.0,199.5399932861328,194.5,194.58999633789062,0.0,51096684
2025-10-28 18:30:00+00:00,202.01499938964844,202.01499938964844,0.0,202.20590209960938,199.05999755859375,199.31500244140625,0.0,58853278
2025-10-28 19:30:00+00:00,201.02999877929688,201.02999877929688,0.0,203.14999389648438,200.64999389648438,202.01499938964844,0.0,35924486
2025-10-28 20:00:00+00:00,204.6285,204.6285,0.0,205.6974,196.9994,201.035,0.0,0
2025-10-28 21:00:00+00:00,204.1018,204.1018,0.0,216.065,201.03,204.63,0.0,0
2025-10-28 22:00:00+00:00,203.28,203.28,0.0,204.55,203.11,204.1,0.0,0
2025-10-28 23:00:00+00:00,204.42,204.42,0.0,204.44,203.16,203.28,0.0,0
2025-10-29 08:00:00+00:00,206.95,206.95,0.0,206.95,205.5,206.12,0.0,0
2025-10-29 09:00:00+00:00,207.35,207.35,0.0,208.05,206.87,206.94,0.0,0
2025-10-29 10:00:00+00:00,208.15,208.15,0.0,208.15,207.08,207.37,0.0,0
2025-10-29 11:00:00+00:00,209.14,209.14,0.0,209.37,207.41,208.15,0.0,0
2025-10-29 12:00:00+00:00,207.89,207.89,0.0,209.38,201.03,209.14,0.0,0
2025-10-29 13:00:00+00:00,208.01,208.01,0.0,209.0,207.63,207.89,0.0,0
2025-10-29 13:30:00+00:00,210.61000061035156,210.61000061035156,0.0,212.1898956298828,207.08999633789062,207.97999572753906,0.0,113829055
2025-10-29 14:30:00+00:00,208.7949981689453,208.7949981689453,0.0,211.60000610351562,207.86500549316406,210.6199951171875,0.0,39423803
2025-10-29 15:30:00+00:00,206.58999633789062,206.58999633789062,0.0,209.07000732421875,205.02999877929688,208.7899932861328,0.0,34968460
2025-10-29 16:30:00+00:00,206.78900146484375,206.78900146484375,0.0,207.7899932861328,205.4499969482422,206.57899475097656,0.0,22268708
2025-10-29 17:30:00+00:00,206.94000244140625,206.94000244140625,0.0,208.02499389648438,206.22999572753906,206.77999877929688,0.0,20595473
2025-10-29 18:30:00+00:00,207.0399932861328,207.0399932861328,0.0,207.39999389648438,204.77999877929688,206.94000244140625,0.0,34988953
2025-10-29 19:30:00+00:00,207.0500030517578,207.0500030517578,0.0,208.0500030517578,206.52000427246094,207.02499389648438,0.0,19062261
2025-10-29 20:00:00+00:00,207.64,207.64,0.0,213.995,199.2898,207.03,0.0,0
2025-10-29 21:00:00+00:00,204.9791,204.9791,0.0,213.995,194.2784,207.63,0.0,0
2025-10-29 22:00:00+00:00,207.48,207.48,0.0,210.08,204.94,204.98,0.0,0
2025-10-29 23:00:00+00:00,207.69,207.69,0.0,207.9,207.11,207.4706,0.0,0
2025-10-30 08:00:00+00:00,207.14,207.14,0.0,208.17,206.7,207.47,0.0,0
2025-10-30 09:00:00+00:00,206.61,206.61,0.0,207.71,206.61,207.11,0.0,0
2025-10-30 10:00:00+00:00,205.77,205.77,0.0,206.64,205.01,206.64,0.0,0
2025-10-30 11:00:00+00:00,207.25,207.25,0.0,207.38,205.67,205.75,0.0,0
2025-10-30 12:00:00+00:00,205.1117,205.1117,0.0,209.9987,204.89,207.3,0.0,0
2025-10-30 13:00:00+00:00,205.065,205.065,0.0,207.04,202.75,205.0616,0.0,0
2025-10-30 13:30:00+00:00,202.20590209960938,202.20590209960938,0.0,206.14999389648438,201.41000366210938,205.2050018310547,0.0,40981766
2025-10-30 14:30:00+00:00,203.0749969482422,203.0749969482422,0.0,203.85000610351562,202.0500030517578,202.1999969482422,0.0,16584564
2025-10-30 15:30:00+00:00,203.42990112304688,203.42990112304688,0.0,203.83999633789062,202.05999755859375,203.0800018310547,0.0,12480897
2025-10-30 16:30:00+00:00,203.05499267578125,203.05499267578125,0.0,203.82989501953125,202.44070434570312,203.42999267578125,0.0,9224051
2025-10-30 17:30:00+00:00,203.5904998779297,203.5904998779297,0.0,204.4799041748047,202.77999877929688,203.05999755859375,0.0,10066606
2025-10-30 18:30:00+00:00,202.54989624023438,202.54989624023438,0.0,204.27000427246094,201.8800048828125,203.5850067138672,0.0,11030647
2025-10-30 19:30:00+00:00,202.8000030517578,202.8000030517578,0.0,203.13999938964844,201.97999572753906,202.55999755859375,0.0,9738038
2025-10-30 20:00:00+00:00,204.04,204.04,0.0,207.04,200.6264,202.825,0.0,0
2025-10-30 21:00:00+00:00,204.07,204.07,0.0,204.49,193.1195,204.04,0.0,0
2025-10-30 22:00:00+00:00,204.47,204.47,0.0,204.84,203.9,204.01,0.0,0
2025-10-30 23:00:00+00:00,204.5499,204.5499,0.0,204.71,204.01,204.49,0.0,0
2025-10-31 08:00:00+00:00,206.75,206.75,0.0,206.86,205.8,205.86,0.0,0
2025-10-31 09:00:00+00:00,206.54,206.54,0.0,207.03,206.41,206.73,0.0,0
2025-10-31 10:00:00+00:00,207.09,207.09,0.0,207.33,206.5,206.55,0.0,0
2025-10-31 11:00:00+00:00,206.92,206.92,0.0,207.44,206.2,207.14,0.0,0
2025-10-31 12:00:00+00:00,207.23,207.23,0.0,207.5,202.89,206.89,0.0,0
2025-10-31 13:00:00+00:00,206.485,206.485,0.0,208.495,180.8,207.23,0.0,0
2025-10-31 13:30:00+00:00,205.47999572753906,205.47999572753906,0.0,207.97000122070312,204.6199951171875,206.4499969482422,0.0,26815362
2025-10-31 14:30:00+00:00,205.2801055908203,205.2801055908203,0.0,206.6199951171875,204.9600067138672,205.49000549316406,0.0,12951916
2025-10-31 15:30:00+00:00,203.98500061035156,203.98500061035156,0.0,205.6699981689453,203.22999572753906,205.2899932861328,0.0,14396998
2025-10-31 16:30:00+00:00,202.8365020751953,202.8365020751953,0.0,204.3800048828125,202.07000732421875,203.97999572753906,0.0,12054501
2025-10-31 17:30:00+00:00,204.27000427246094,204.27000427246094,0.0,204.36990356445312,202.42999267578125,202.80999755859375,0.0,9275762
2025-10-31 18:30:00+00:00,204.41000366210938,204.41000366210938,0.0,204.77000427246094,203.33999633789062,204.27999877929688,0.0,9598288
2025-10-31 19:30:00+00:00,202.39999389648438,202.39999389648438,0.0,204.6699981689453,202.38999938964844,204.41000366210938,0.0,12011826
2025-10-31 20:00:00+00:00,202.4813,202.4813,0.0,204.1399,192.8472,202.39,0.0,0
2025-10-31 21:00:00+00:00,202.8502,202.8502,0.0,202.88,202.45,202.49,0.0,0
2025-10-31 22:00:00+00:00,202.7781,202.7781,0.0,202.88,202.63,202.85,0.0,0
2025-10-31 23:00:00+00:00,202.62,202.62,0.0,202.82,202.5122,202.78,0.0,0
2025-11-03 09:00:00+00:00,204.64,204.64,0.0,204.7,203.51,203.98,0.0,0
2025-11-03 10:00:00+00:00,205.23,205.23,0.0,205.8,204.63,204.63,0.0,0
2025-11-03 11:00:00+00:00,205.97,205.97,0.0,206.33,204.93,205.21,0.0,0
2025-11-03 12:00:00+00:00,206.36,206.36,0.0,206.89,205.61,205.97,0.0,0
2025-11-03 13:00:00+00:00,206.3379,206.3379,0.0,206.9,202.49,206.35,0.0,0
2025-11-03 14:30:00+00:00,207.7949981689453,207.7949981689453,0.0,209.4499969482422,206.8000030517578,208.05499267578125,0.0,31975951
2025-11-03 15:30:00+00:00,207.9149932861328,207.9149932861328,0.0,208.5399932861328,207.02999877929688,207.7949981689453,0.0,13106502
2025-11-03 16:30:00+00:00,209.4199981689453,209.4199981689453,0.0,209.88999938964844,207.6999969482422,207.91000366210938,0.0,13815297
2025-11-03 17:30:00+00:00,210.95989990234375,210.95989990234375,0.0,211.3350067138672,209.38999938964844,209.4199981689453,0.0,17314585
2025-11-03 18:30:00+00:00,207.7050018310547,207.7050018310547,0.0,211.0500030517578,207.5,210.9550018310547,0.0,17239185
2025-11-03 19:30:00+00:00,207.0749969482422,207.0749969482422,0.0,208.42999267578125,206.8300018310547,207.69000244140625,0.0,15544676
2025-11-03 20:30:00+00:00,207.02000427246094,207.02000427246094,0.0,207.38999938964844,206.3300018310547,207.0800018310547,0.0,10320475
2025-11-03 21:00:00+00:00,207.28,207.28,0.0,216.0287,202.49,206.88,0.0,0
2025-11-03 22:00:00+00:00,207.175,207.175,0.0,219.1221,199.8468,207.2301,0.0,0
2025-11-03 23:00:00+00:00,207.23,207.23,0.0,207.33,206.88,207.17,0.0,0
2025-11-04 09:00:00+00:00,203.18,203.18,0.0,204.42,202.8,204.08,0.0,0
2025-11-04 10:00:00+00:00,202.46,202.46,0.0,203.5,201.43,203.18,0.0,0
2025-11-04 11:00:00+00:00,203.06,203.06,0.0,203.24,202.42,202.45,0.0,0
2025-11-04 12:00:00+00:00,203.4,203.4,0.0,203.41,202.28,203.08,0.0,0
2025-11-04 13:00:00+00:00,201.95,201.95,0.0,206.88,201.4,203.37,0.0,0
2025-11-04 14:00:00+00:00,203.07,203.07,0.0,203.25,180.28,201.99,0.0,0
2025-11-04 14:30:00+00:00,201.6595001220703,201.6595001220703,0.0,203.9698944091797,200.89999389648438,202.94500732421875,0.0,31537039
2025-11-04 15:30:00+00:00,201.85000610351562,201.85000610351562,0.0,202.39999389648438,200.92410278320312,201.64500427246094,0.0,17357235
2025-11-04 16:30:00+00:00,200.97500610351562,200.97500610351562,0.0,202.3000030517578,199.8000030517578,201.85000610351562,0.0,15379806
2025-11-04 17:30:00+00:00,199.82510375976562,199.82510375976562,0.0,201.24000549316406,199.8000030517578,200.97760009765625,0.0,10260122
2025-11-04 18:30:00+00:00,200.19000244140625,200.19000244140625,0.0,200.85000610351562,199.20010375976562,199.82000732421875,0.0,12554670
2025-11-04 19:30:00+00:00,199.88499450683594,199.88499450683594,0.0,200.22999572753906,198.5800018310547,200.17999267578125,0.0,13670302
2025-11-04 20:30:00+00:00,198.5399932861328,198.5399932861328,0.0,200.25999450683594,197.92999267578125,199.88999938964844,0.0,13531541
2025-11-04 21:00:00+00:00,198.0,198.0,0.0,206.88,196.5,198.595,0.0,0
2025-11-04 22:00:00+00:00,196.9699,196.9699,0.0,212.9972,155.8825,197.95,0.0,0
2025-11-04 23:00:00+00:00,195.925,195.925,0.0,197.5,195.3605,196.97,0.0,0
2025-11-05 09:00:00+00:00,197.71,197.71,0.0,198.4,196.8,197.11,0.0,0
2025-11-05 10:00:00+00:00,197.26,197.26,0.0,197.65,196.71,197.65,0.0,0
2025-11-05 11:00:00+00:00,196.09,196.09,0.0,197.3,195.54,197.24,0.0,0
2025-11-05 12:00:00+00:00,197.18,197.18,0.0,197.39,196.0,196.06,0.0,0
2025-11-05 13:00:00+00:00,198.6795,198.6795,0.0,199.1687,195.55,197.16,0.0,0
2025-11-05 14:00:00+00:00,198.73,198.73,0.0,207.345,198.62,198.6794,0.0,0
2025-11-05 14:30:00+00:00,200.6300048828125,200.6300048828125,0.0,201.02000427246094,196.97999572753906,198.72000122070312,0.0,29256410
2025-11-05 15:30:00+00:00,202.33999633789062,202.33999633789062,0.0,202.9199981689453,200.33999633789062,200.63009643554688,0.0,15957621
2025-11-05 16:30:00+00:00,201.27000427246094,201.27000427246094,0.0,202.39999389648438,201.13999938964844,202.34010314941406,0.0,9158713
2025-11-05 17:30:00+00:00,200.9499969482422,200.9499969482422,0.0,201.8000030517578,200.67999267578125,201.27499389648438,0.0,7174505
2025-11-05 18:30:00+00:00,201.03500366210938,201.03500366210938,0.0,202.27499389648438,200.82000732421875,200.9499969482422,0.0,8374576
2025-11-05 19:30:00+00:00,199.5301055908203,199.5301055908203,0.0,201.52999877929688,199.14999389648438,201.0399932861328,0.0,9942383
2025-11-05 20:30:00+00:00,195.14999389648438,195.14999389648438,0.0,199.53500366210938,194.97000122070312,199.52999877929688,0.0,20756871
2025-11-05 21:00:00+00:00,195.9,195.9,0.0,199.0555,183.82,195.15,0.0,0
2025-11-05 22:00:00+00:00,197.17,197.17,0.0,206.7285,190.8448,195.95,0.0,0
2025-11-05 23:00:00+00:00,197.33,197.33,0.0,197.35,196.52,197.2,0.0,0
2025-11-06 09:00:00+00:00,197.51,197.51,0.0,197.95,196.88,196.98,0.0,0
2025-11-06 10:00:00+00:00,198.14,198.14,0.0,198.23,197.11,197.52,0.0,0
2025-11-06 11:00:00+00:00,198.3,198.3,0.0,198.35,197.75,198.09,0.0,0
2025-11-06 12:00:00+00:00,198.23,198.23,0.0,198.53,197.93,198.32,0.0,0
2025-11-06 13:00:00+00:00,197.73,197.73,0.0,201.705,195.21,198.24,0.0,0
2025-11-06 14:00:00+00:00,196.45,196.45,0.0,202.335,195.21,197.73,0.0,0
2025-11-06 14:30:00+00:00,193.06500244140625,193.06500244140625,0.0,197.6199951171875,192.00999450683594,196.35499572753906,0.0,34294010
2025-11-06 15:30:00+00:00,190.6999969482422,190.6999969482422,0.0,193.30999755859375,189.4499969482422,193.0782012939453,0.0,25489219
2025-11-06 16:30:00+00:00,186.82000732421875,186.82000732421875,0.0,190.75,186.3800048828125,190.68499755859375,0.0,23698146
2025-11-06 17:30:00+00:00,189.20640563964844,189.20640563964844,0.0,189.68499755859375,186.57000732421875,186.80999755859375,0.0,17626398
2025-11-06 18:30:00+00:00,190.5,190.5,0.0,190.58999633789062,188.335205078125,189.19000244140625,0.0,14197269
2025-11-06 19:30:00+00:00,189.82000732421875,189.82000732421875,0.0,190.69000244140625,189.28500366210938,190.49000549316406,0.0,12207324
2025-11-06 20:30:00+00:00,188.1699981689453,188.1699981689453,0.0,189.97999572753906,187.10000610351562,189.81500244140625,0.0,15254119
2025-11-06 21:00:00+00:00,189.28,189.28,0.0,195.21,187.97,188.08,0.0,0
2025-11-06 22:00:00+00:00,188.55,188.55,0.0,193.3398,188.08,189.265,0.0,0
2025-11-06 23:00:00+00:00,188.9697,188.9697,0.0,189.05,188.5,188.55,0.0,0
2025-11-07 09:00:00+00:00,188.92,188.92,0.0,189.6,188.62,189.6,0.0,0
2025-11-07 10:00:00+00:00,187.46,187.46,0.0,189.24,187.16,188.93,0.0,0
2025-11-07 11:00:00+00:00,186.0,186.0,0.0,187.82,185.53,187.4,0.0,0
2025-11-07 12:00:00+00:00,186.68,186.68,0.0,186.98,185.46,186.07,0.0,0
2025-11-07 13:00:00+00:00,185.09,185.09,0.0,189.6777,185.01,186.64,0.0,0
2025-11-07 14:00:00+00:00,184.92,184.92,0.0,206.97,181.81,185.15,0.0,0
2025-11-07 14:30:00+00:00,182.42799377441406,182.42799377441406,0.0,185.6999969482422,181.75999450683594,184.86000061035156,0.0,43489348
2025-11-07 15:30:00+00:00,180.11219787597656,180.11219787597656,0.0,182.82000732421875,178.9199981689453,182.4346923828125,0.0,31031004
2025-11-07 16:30:00+00:00,182.05999755859375,182.05999755859375,0.0,182.61500549316406,179.6999969482422,180.10000610351562,0.0,18278444
2025-11-07 17:30:00+00:00,184.44000244140625,184.44000244140625,0.0,184.5,181.52999877929688,182.0399932861328,0.0,16835961
2025-11-07 18:30:00+00:00,184.98500061035156,184.98500061035156,0.0,185.47999572753906,183.67019653320312,184.44000244140625,0.0,18717862
2025-11-07 19:30:00+00:00,186.13499450683594,186.13499450683594,0.0,187.47000122070312,184.9499969482422,184.99000549316406,0.0,21454529
2025-11-07 20:30:00+00:00,188.2449951171875,188.2449951171875,0.0,188.30999755859375,186.13499450683594,186.13499450683594,0.0,13946409
2025-11-07 21:00:00+00:00,189.88,189.88,0.0,189.95,182.7,188.26,0.0,0
2025-11-07 22:00:00+00:00,189.79,189.79,0.0,189.9,188.15,189.85,0.0,0
2025-11-07 23:00:00+00:00,189.99,189.99,0.0,190.0,188.15,189.79,0.0,0
2025-11-10 09:00:00+00:00,194.07,194.07,0.0,194.49,193.56,193.56,0.0,0
2025-11-10 10:00:00+00:00,194.54,194.54,0.0,194.9,193.95,194.08,0.0,0
2025-11-10 11:00:00+00:00,194.04,194.04,0.0,194.85,193.84,194.55,0.0,0
2025-11-10 12:00:00+00:00,193.98,193.98,0.0,194.35,193.83,194.0,0.0,0
2025-11-10 13:00:00+00:00,194.2921,194.2921,0.0,194.9163,182.6355,193.98,0.0,0
2025-11-10 14:00:00+00:00,195.08,195.08,0.0,196.245,188.15,194.3284,0.0,0
2025-11-10 14:30:00+00:00,196.6199951171875,196.6199951171875,0.0,197.0500030517578,193.9199981689453,195.11000061035156,0.0,38233320
2025-11-10 15:30:00+00:00,194.12179565429688,194.12179565429688,0.0,197.6699981689453,194.02999877929688,196.6199951171875,0.0,23017353
2025-11-10 16:30:00+00:00,195.8656005859375,195.8656005859375,0.0,196.1199951171875,193.7899932861328,194.1199951171875,0.0,13943848
2025-11-10 17:30:00+00:00,196.71180725097656,196.71180725097656,0.0,197.2689971923828,195.860107421875,195.88499450683594,0.0,10659812
2025-11-10 18:30:00+00:00,197.9199981689453,197.9199981689453,0.0,198.0800018310547,196.5850067138672,196.72500610351562,0.0,13268511
2025-11-10 19:30:00+00:00,198.74000549316406,198.74000549316406,0.0,198.9199981689453,197.68499755859375,197.9138946533203,0.0,14263479
2025-11-10 20:30:00+00:00,199.0399932861328,199.0399932861328,0.0,199.94000244140625,198.6300048828125,198.73500061035156,0.0,16182022
2025-11-10 21:00:00+00:00,199.33,199.33,0.0,199.54,188.15,199.03,0.0,0
2025-11-10 22:00:00+00:00,199.235,199.235,0.0,208.9535,190.0723,199.3492,0.0,0
2025-11-10 23:00:00+00:00,199.53,199.53,0.0,199.55,199.05,199.25,0.0,0
2025-11-11 09:00:00+00:00,197.87,197.87,0.0,199.85,197.66,198.52,0.0,0
2025-11-11 10:00:00+00:00,196.48,196.48,0.0,197.9,196.13,197.85,0.0,0
2025-11-11 11:00:00+00:00,196.27,196.27,0.0,196.55,195.37,196.5,0.0,0
2025-11-11 12:00:00+00:00,195.75,195.75,0.0,196.45,195.68,196.25,0.0,0
2025-11-11 13:00:00+00:00,195.09,195.09,0.0,199.35,194.6201,195.73,0.0,0
2025-11-11 14:00:00+00:00,195.14,195.14,0.0,195.9,194.81,195.09,0.0,0
2025-11-11 14:30:00+00:00,192.52999877929688,192.52999877929688,0.0,195.4199981689453,192.08999633789062,195.15499877929688,0.0,37526712
2025-11-11 15:30:00+00:00,192.375,192.375,0.0,193.28990173339844,191.55999755859375,192.5399932861328,0.0,18843337
2025-11-11 16:30:00+00:00,192.4199981689453,192.4199981689453,0.0,193.22000122070312,191.3000030517578,192.3800048828125,0.0,15368429
2025-11-11 17:30:00+00:00,193.64999389648438,193.64999389648438,0.0,193.97000122070312,192.27499389648438,192.4149932861328,0.0,12973699
2025-11-11 18:30:00+00:00,193.97509765625,193.97509765625,0.0,194.6300048828125,193.13499450683594,193.66000366210938,0.0,12912352
2025-11-11 19:30:00+00:00,194.10499572753906,194.10499572753906,0.0,194.33990478515625,193.55999755859375,193.97979736328125,0.0,9579599
2025-11-11 20:30:00+00:00,193.22999572753906,193.22999572753906,0.0,194.3000030517578,192.8300018310547,194.10499572753906,0.0,10666270
2025-11-11 21:00:00+00:00,193.2491,193.2491,0.0,199.05,192.9,193.24,0.0,0
2025-11-11 22:00:00+00:00,194.0398,194.0398,0.0,205.6974,180.4697,193.215,0.0,0
2025-11-11 23:00:00+00:00,193.91,193.91,0.0,194.13,193.6,194.02,0.0,0
2025-11-12 09:00:00+00:00,196.06,196.06,0.0,196.17,195.36,195.57,0.0,0
2025-11-12 10:00:00+00:00,196.04,196.04,0.0,196.38,196.0,196.01,0.0,0
2025-11-12 11:00:00+00:00,195.48,195.48,0.0,196.15,195.48,196.07,0.0,0
2025-11-12 12:00:00+00:00,196.14,196.14,0.0,197.0,194.82,195.48,0.0,0
2025-11-12 13:00:00+00:00,195.72,195.72,0.0,199.05,193.16,196.2,0.0,0
2025-11-12 14:00:00+00:00,195.72,195.72,0.0,196.08,193.16,195.79,0.0,0
2025-11-12 14:30:00+00:00,192.69000244140625,192.69000244140625,0.0,195.88999938964844,191.59010314941406,195.69500732421875,0.0,32595058
2025-11-12 15:30:00+00:00,193.10000610351562,193.10000610351562,0.0,193.1470947265625,191.4600067138672,192.69000244140625,0.0,16898205
2025-11-12 16:30:00+00:00,192.0500030517578,192.0500030517578,0.0,193.55999755859375,191.6699981689453,193.0850067138672,0.0,13500602
2025-11-12 17:30:00+00:00,192.6300048828125,192.6300048828125,0.0,193.11500549316406,191.75999450683594,192.0399932861328,0.0,10499784
2025-11-12 18:30:00+00:00,192.12989807128906,192.12989807128906,0.0,193.26589965820312,192.02000427246094,192.6082000732422,0.0,9617343
2025-11-12 19:30:00+00:00,192.41000366210938,192.41000366210938,0.0,192.47999572753906,191.1300048828125,192.1300048828125,0.0,10740232
2025-11-12 20:30:00+00:00,193.85000610351562,193.85000610351562,0.0,193.8800048828125,192.32069396972656,192.39999389648438,0.0,10004331
2025-11-12 21:00:00+00:00,193.37,193.37,0.0,204.3475,185.5528,193.85,0.0,0
2025-11-12 22:00:00+00:00,193.2401,193.2401,0.0,199.969,184.1572,193.33,0.0,0
2025-11-12 23:00:00+00:00,192.25,192.25,0.0,193.31,191.9,193.25,0.0,0
2025-11-13 09:00:00+00:00,191.82,191.82,0.0,193.56,191.78,193.47,0.0,0
2025-11-13 10:00:00+00:00,192.65,192.65,0.0,192.71,191.82,191.86,0.0,0
2025-11-13 11:00:00+00:00,192.66,192.66,0.0,193.18,192.54,192.63,0.0,0
2025-11-13 12:00:00+00:00,192.48,192.48,0.0,192.72,192.15,192.64,0.0,0
2025-11-13 13:00:00+00:00,192.35,192.35,0.0,194.1,191.7884,192.44,0.0,0
2025-11-13 14:00:00+00:00,191.05,191.05,0.0,193.98,190.26,192.32,0.0,0
2025-11-13 14:30:00+00:00,188.09609985351562,188.09609985351562,0.0,191.44000244140625,186.9499969482422,191.0399932861328,0.0,34364805
2025-11-13 15:30:00+00:00,186.2899932861328,186.2899932861328,0.0,188.13999938964844,185.3800048828125,188.10000610351562,0.0,23729370
2025-11-13 16:30:00+00:00,186.92990112304688,186.92990112304688,0.0,187.1699981689453,185.35000610351562,186.2949981689453,0.0,15881795
2025-11-13 17:30:00+00:00,184.86500549316406,184.86500549316406,0.0,187.22999572753906,184.56500244140625,186.9199981689453,0.0,14047159
2025-11-13 18:30:00+00:00,186.00999450683594,186.00999450683594,0.0,186.0449981689453,183.85000610351562,184.86000061035156,0.0,57161519
2025-11-13 19:30:00+00:00,185.9499969482422,185.9499969482422,0.0,186.4866943359375,185.02000427246094,186.0,0.0,0
2025-11-13 20:30:00+00:00,186.9499969482422,186.9499969482422,0.0,187.1999969482422,185.72000122070312,185.9600067138672,0.0,13785838
2025-11-13 21:00:00+00:00,185.99,185.99,0.0,193.8,176.2145,186.97,0.0,0
2025-11-13 22:00:00+00:00,186.39,186.39,0.0,197.3853,173.9552,185.945,0.0,0
2025-11-13 23:00:00+00:00,186.615,186.615,0.0,187.16,186.37,186.37,0.0,0
2025-11-14 09:00:00+00:00,184.03,184.03,0.0,185.18,183.92,184.59,0.0,0
2025-11-14 10:00:00+00:00,184.61,184.61,0.0,184.94,183.79,184.05,0.0,0
2025-11-14 11:00:00+00:00,182.92,182.92,0.0,184.95,182.51,184.61,0.0,0
2025-11-14 12:00:00+00:00,181.13,181.13,0.0,183.04,180.67,182.91,0.0,0
2025-11-14 13:00:00+00:00,181.3031,181.3031,0.0,186.86,180.39,181.12,0.0,0
2025-11-14 14:00:00+00:00,182.79,182.79,0.0,186.86,180.68,181.39,0.0,0
2025-11-14 14:30:00+00:00,186.9644012451172,186.9644012451172,0.0,187.82000732421875,180.5800018310547,182.86000061035156,0.0,45071493
2025-11-14 15:30:00+00:00,189.97979736328125,189.97979736328125,0.0,190.57000732421875,186.85000610351562,186.95509338378906,0.0,20026763
2025-11-14 16:30:00+00:00,190.03500366210938,190.03500366210938,0.0,190.68179321289062,189.33999633789062,189.97999572753906,0.0,12795289
2025-11-14 17:30:00+00:00,189.1999969482422,189.1999969482422,0.0,190.27999877929688,188.6300048828125,190.0399932861328,0.0,11150771
2025-11-14 18:30:00+00:00,189.9600067138672,189.9600067138672,0.0,190.02000427246094,188.39999389648438,189.19000244140625,0.0,10931312
2025-11-14 19:30:00+00:00,190.10000610351562,190.10000610351562,0.0,191.00999450683594,189.75,189.97999572753906,0.0,11899532
2025-11-14 20:30:00+00:00,190.22999572753906,190.22999572753906,0.0,190.4600067138672,189.36000061035156,190.10000610351562,0.0,10109310
2025-11-14 21:00:00+00:00,189.98,189.98,0.0,201.5218,179.7988,190.28,0.0,0
2025-11-14 22:00:00+00:00,190.305,190.305,0.0,201.5218,177.8392,189.95,0.0,0
2025-11-14 23:00:00+00:00,190.82,190.82,0.0,193.075,179.0562,190.31,0.0,0
2025-11-17 09:00:00+00:00,191.85,191.85,0.0,192.35,191.54,192.24,0.0,0
2025-11-17 10:00:00+00:00,190.13,190.13,0.0,191.9,190.1,191.86,0.0,0
2025-11-17 11:00:00+00:00,189.39,189.39,0.0,190.42,188.59,190.16,0.0,0
2025-11-17 12:00:00+00:00,188.1,188.1,0.0,189.87,187.93,189.34,0.0,0
2025-11-17 13:00:00+00:00,187.1212,187.1212,0.0,192.43,186.73,188.07,0.0,0
2025-11-17 14:00:00+00:00,185.98,185.98,0.0,187.76,185.32,187.16,0.0,0
2025-11-17 14:30:00+00:00,187.5500030517578,187.5500030517578,0.0,189.0,184.92999267578125,185.89999389648438,0.0,32446940
2025-11-17 15:30:00+00:00,187.1999969482422,187.1999969482422,0.0,187.88999938964844,185.74000549316406,187.5500030517578,0.0,15318699
2025-11-17 16:30:00+00:00,187.5800018310547,187.5800018310547,0.0,188.3000030517578,186.5,187.20010375976562,0.0,13228969
2025-11-17 17:30:00+00:00,186.72999572753906,186.72999572753906,0.0,187.9199981689453,186.27000427246094,187.58999633789062,0.0,10873398
2025-11-17 18:30:00+00:00,185.3300018310547,185.3300018310547,0.0,187.5500030517578,184.8800048828125,186.72000122070312,0.0,12268419
2025-11-17 19:30:00+00:00,184.93499755859375,184.93499755859375,0.0,185.60000610351562,184.32000732421875,185.3300018310547,0.0,14051559
2025-11-17 20:30:00+00:00,186.58999633789062,186.58999633789062,0.0,186.7899932861328,184.66000366210938,184.94000244140625,0.0,11922157
2025-11-17 21:00:00+00:00,186.56,186.56,0.0,198.69,175.8432,186.6,0.0,0
2025-11-17 22:00:00+00:00,186.0588,186.0588,0.0,186.82,176.8173,186.54,0.0,0
2025-11-17 23:00:00+00:00,186.1422,186.1422,0.0,186.72,186.01,186.13,0.0,0
2025-11-18 09:00:00+00:00,185.25,185.25,0.0,185.83,184.86,185.13,0.0,0
2025-11-18 10:00:00+00:00,184.64,184.64,0.0,185.43,184.52,185.21,0.0,0
2025-11-18 11:00:00+00:00,184.65,184.65,0.0,185.23,184.46,184.71,0.0,0
2025-11-18 12:00:00+00:00,184.41,184.41,0.0,185.29,183.89,184.64,0.0,0
2025-11-18 13:00:00+00:00,184.455,184.455,0.0,186.6,182.56,184.41,0.0,0
2025-11-18 14:00:00+00:00,183.375,183.375,0.0,185.0,183.01,184.4774,0.0,0
2025-11-18 14:30:00+00:00,181.85000610351562,181.85000610351562,0.0,184.27000427246094,179.64999389648438,183.3300018310547,0.0,48839802
2025-11-18 15:30:00+00:00,182.88999938964844,182.88999938964844,0.0,183.0800018310547,180.17010498046875,181.86000061035156,0.0,23708753
2025-11-18 16:30:00+00:00,181.5800018310547,181.5800018310547,0.0,183.7100067138672,181.4344940185547,182.89999389648438,0.0,17762717
2025-11-18 17:30:00+00:00,183.6199951171875,183.6199951171875,0.0,184.61000061035156,181.39999389648438,181.57000732421875,0.0,14657409
2025-11-18 18:30:00+00:00,183.4499969482422,183.4499969482422,0.0,184.5,183.1300048828125,183.63999938964844,0.0,12177112
2025-11-18 19:30:00+00:00,182.91000366210938,182.91000366210938,0.0,184.64999389648438,182.39999389648438,183.4698944091797,0.0,13305432
2025-11-18 20:30:00+00:00,181.3699951171875,181.3699951171875,0.0,183.10000610351562,181.19000244140625,182.88999938964844,0.0,60434304
2025-11-18 21:00:00+00:00,181.17,181.17,0.0,186.6,174.229,181.37,0.0,0
2025-11-18 22:00:00+00:00,180.85,180.85,0.0,189.13,170.9384,181.12,0.0,0
2025-11-18 23:00:00+00:00,181.15,181.15,0.0,181.5,180.84,180.87,0.0,0
2025-11-19 09:00:00+00:00,181.83,181.83,0.0,182.22,181.21,182.05,0.0,0
2025-11-19 10:00:00+00:00,182.55,182.55,0.0,182.67,181.68,181.83,0.0,0
2025-11-19 11:00:00+00:00,182.91,182.91,0.0,183.0,182.32,182.58,0.0,0
2025-11-19 12:00:00+00:00,184.37,184.37,0.0,184.46,182.71,182.86,0.0,0
2025-11-19 13:00:00+00:00,184.76,184.76,0.0,184.83,180.89,184.4,0.0,0
2025-11-19 14:00:00+00:00,184.75,184.75,0.0,188.0,183.82,184.7375,0.0,0
2025-11-19 14:30:00+00:00,187.6300048828125,187.6300048828125,0.0,187.80999755859375,183.27999877929688,184.8000030517578,0.0,38469108
2025-11-19 15:30:00+00:00,185.38999938964844,185.38999938964844,0.0,187.85409545898438,184.8699951171875,187.63589477539062,0.0,21336004
2025-11-19 16:30:00+00:00,184.38999938964844,184.38999938964844,0.0,185.49000549316406,183.89039611816406,185.3800048828125,0.0,15792899
2025-11-19 17:30:00+00:00,184.25999450683594,184.25999450683594,0.0,185.60000610351562,182.83009338378906,184.38490295410156,0.0,16969053
2025-11-19 18:30:00+00:00,184.6300048828125,184.6300048828125,0.0,185.8800048828125,184.1199951171875,184.25,0.0,13831848
2025-11-19 19:30:00+00:00,186.7050018310547,186.7050018310547,0.0,187.05999755859375,184.36000061035156,184.6300048828125,0.0,17271695
2025-11-19 20:30:00+00:00,186.77999877929688,186.77999877929688,0.0,187.3459014892578,185.75,186.71499633789062,0.0,16646317
2025-11-19 21:00:00+00:00,194.65,194.65,0.0,195.83,180.627,186.79,0.0,0
2025-11-19 22:00:00+00:00,194.4,194.4,0.0,198.6,186.52,194.6725,0.0,0
2025-11-19 23:00:00+00:00,196.18,196.18,0.0,196.97,194.3,194.4,0.0,0
2025-11-20 09:00:00+00:00,196.92,196.92,0.0,197.91,196.06,196.06,0.0,0
2025-11-20 10:00:00+00:00,195.63,195.63,0.0,197.15,194.5,196.92,0.0,0
2025-11-20 11:00:00+00:00,195.12,195.12,0.0,196.26,194.81,195.6,0.0,0
2025-11-20 12:00:00+00:00,195.54,195.54,0.0,196.1,195.1,195.12,0.0,0
2025-11-20 13:00:00+00:00,196.06,196.06,0.0,198.5,186.52,195.54,0.0,0
2025-11-20 14:00:00+00:00,196.0,196.0,0.0,197.1885,181.07,196.1,0.0,0
2025-11-20 14:30:00+00:00,193.9199981689453,193.9199981689453,0.0,196.0,192.2899932861328,195.9499969482422,0.0,62106291
2025-11-20 15:30:00+00:00,189.75999450683594,189.75999450683594,0.0,194.64999389648438,188.49000549316406,193.91000366210938,0.0,34578314
2025-11-20 16:30:00+00:00,183.68519592285156,183.68519592285156,0.0,189.9499053955078,182.35000610351562,189.7301025390625,0.0,45694421
2025-11-20 17:30:00+00:00,184.50999450683594,184.50999450683594,0.0,185.8800048828125,181.77999877929688,183.685302734375,0.0,28824890
2025-11-20 18:30:00+00:00,182.72000122070312,182.72000122070312,0.0,184.8699951171875,180.9499969482422,184.5,0.0,22398571
2025-11-20 19:30:00+00:00,182.3800048828125,182.3800048828125,0.0,183.75,181.3699951171875,182.7100067138672,0.0,19768242
2025-11-20 20:30:00+00:00,180.94000244140625,180.94000244140625,0.0,182.99000549316406,179.85000610351562,182.38499450683594,0.0,18988723
2025-11-20 21:00:00+00:00,179.87,179.87,0.0,186.5457,179.16,180.64,0.0,0
2025-11-20 22:00:00+00:00,178.9703,178.9703,0.0,180.64,178.41,179.93,0.0,0
2025-11-20 23:00:00+00:00,180.64,180.64,0.0,180.95,169.9272,179.0,0.0,0
2025-11-21 09:00:00+00:00,178.94,178.94,0.0,181.62,178.42,181.02,0.0,0
2025-11-21 10:00:00+00:00,175.35,175.35,0.0,179.0,174.42,178.87,0.0,0
2025-11-21 11:00:00+00:00,177.44,177.44,0.0,178.79,175.39,175.39,0.0,0
2025-11-21 12:00:00+00:00,176.29,176.29,0.0,177.89,176.1,177.44,0.0,0
2025-11-21 13:00:00+00:00,181.45,181.45,0.0,182.7,174.45,176.32,0.0,0
2025-11-21 14:00:00+00:00,181.27,181.27,0.0,198.02,180.99,181.4982,0.0,0
2025-11-21 14:30:00+00:00,175.7899932861328,175.7899932861328,0.0,182.3000030517578,175.47999572753906,181.23500061035156,0.0,67502729
2025-11-21 15:30:00+00:00,178.86000061035156,178.86000061035156,0.0,178.94000244140625,172.94000244140625,175.80999755859375,0.0,46262440
2025-11-21 16:30:00+00:00,181.07000732421875,181.07000732421875,0.0,181.41000366210938,178.8000030517578,178.85470581054688,0.0,29829294
2025-11-21 17:30:00+00:00,179.33470153808594,179.33470153808594,0.0,181.9550018310547,178.61000061035156,181.0800018310547,0.0,19462417
2025-11-21 18:30:00+00:00,184.19000244140625,184.19000244140625,0.0,184.55999755859375,179.1300048828125,179.32000732421875,0.0,30711523
2025-11-21 19:30:00+00:00,180.38999938964844,180.38999938964844,0.0,184.4550018310547,180.35000610351562,184.19349670410156,0.0,22276052
2025-11-21 20:30:00+00:00,178.94000244140625,178.94000244140625,0.0,180.91000366210938,178.1999969482422,180.3699951171875,0.0,17142253
2025-11-21 21:00:00+00:00,180.15,180.15,0.0,180.64,178.45,178.94,0.0,0
2025-11-21 22:00:00+00:00,180.11,180.11,0.0,180.2,171.7013,180.15,0.0,0
2025-11-21 23:00:00+00:00,180.22,180.22,0.0,180.5,178.88,180.1,0.0,0
2025-11-24 09:00:00+00:00,179.26,179.26,0.0,181.5,179.23,181.36,0.0,0
2025-11-24 10:00:00+00:00,179.03,179.03,0.0,180.21,179.02,179.23,0.0,0
2025-11-24 11:00:00+00:00,179.53,179.53,0.0,179.86,178.77,179.01,0.0,0
2025-11-24 12:00:00+00:00,180.17,180.17,0.0,180.22,179.06,179.57,0.0,0
2025-11-24 13:00:00+00:00,180.02,180.02,0.0,181.511,178.76,180.17,0.0,0
2025-11-24 14:00:00+00:00,179.455,179.455,0.0,180.26,178.88,180.01,0.0,0
2025-11-24 14:30:00+00:00,178.0,178.0,0.0,180.8699951171875,176.47999572753906,179.5,0.0,43370401
2025-11-24 15:30:00+00:00,182.08999633789062,182.08999633789062,0.0,182.32000732421875,177.67999267578125,178.00860595703125,0.0,24840299
2025-11-24 16:30:00+00:00,182.47000122070312,182.47000122070312,0.0,183.1300048828125,181.61000061035156,182.05999755859375,0.0,17332798
2025-11-24 17:30:00+00:00,182.10000610351562,182.10000610351562,0.0,183.3699951171875,181.8350067138672,182.46499633789062,0.0,12407053
2025-11-24 18:30:00+00:00,181.8699951171875,181.8699951171875,0.0,182.55999755859375,181.27999877929688,182.09500122070312,0.0,12475956
2025-11-24 19:30:00+00:00,181.6699981689453,181.6699981689453,0.0,182.47999572753906,181.08399963378906,181.87620544433594,0.0,13511330
2025-11-24 20:30:00+00:00,182.5500030517578,182.5500030517578,0.0,183.47999572753906,181.2100067138672,181.6699981689453,0.0,65119838
2025-11-24 21:00:00+00:00,181.9,181.9,0.0,183.1,176.6679,182.55,0.0,0
2025-11-24 22:00:00+00:00,179.6861,179.6861,0.0,190.0723,171.132,181.91,0.0,0
2025-11-24 23:00:00+00:00,179.8316,179.8316,0.0,182.55,177.72,179.69,0.0,0
2025-11-25 09:00:00+00:00,176.2,176.2,0.0,178.81,176.05,178.47,0.0,0
2025-11-25 10:00:00+00:00,175.94,175.94,0.0,176.88,175.71,176.2,0.0,0
2025-11-25 11:00:00+00:00,175.73,175.73,0.0,176.28,174.17,175.97,0.0,0
2025-11-25 12:00:00+00:00,176.13,176.13,0.0,176.82,174.43,175.74,0.0,0
2025-11-25 13:00:00+00:00,175.0,175.0,0.0,182.55,174.2249,176.13,0.0,0
2025-11-25 14:00:00+00:00,174.96,174.96,0.0,183.2386,173.66,175.0,0.0,0
2025-11-25 14:30:00+00:00,171.0749969482422,171.0749969482422,0.0,175.0,169.5500030517578,174.91000366210938,0.0,79887076
2025-11-25 15:30:00+00:00,174.7238006591797,174.7238006591797,0.0,174.8800048828125,171.0281982421875,171.07000732421875,0.0,33770896
2025-11-25 16:30:00+00:00,175.53500366210938,175.53500366210938,0.0,175.99000549316406,174.13009643554688,174.72000122070312,0.0,22733351
2025-11-25 17:30:00+00:00,176.2050018310547,176.2050018310547,0.0,176.47999572753906,175.07020568847656,175.52999877929688,0.0,16279741
2025-11-25 18:30:00+00:00,174.77499389648438,174.77499389648438,0.0,176.83999633789062,174.33999633789062,176.2050018310547,0.0,17449279
2025-11-25 19:30:00+00:00,176.84170532226562,176.84170532226562,0.0,176.97000122070312,173.6199951171875,174.77999877929688,0.0,23100143
2025-11-25 20:30:00+00:00,177.8000030517578,177.8000030517578,0.0,178.16000366210938,176.7100067138672,176.84500122070312,0.0,15031963
2025-11-25 21:00:00+00:00,176.74,176.74,0.0,182.55,167.5459,177.79,0.0,0
2025-11-25 22:00:00+00:00,177.3,177.3,0.0,180.896,167.5459,176.74,0.0,0
2025-11-25 23:00:00+00:00,176.9,176.9,0.0,177.37,176.62,177.3,0.0,0
2025-11-26 09:00:00+00:00,174.8,174.8,0.0,177.3,174.5,177.09,0.0,0
2025-11-26 10:00:00+00:00,175.65,175.65,0.0,175.85,174.8,174.8,0.0,0
2025-11-26 11:00:00+00:00,176.97,176.97,0.0,177.4,175.5,175.61,0.0,0
2025-11-26 12:00:00+00:00,176.53,176.53,0.0,177.21,175.45,177.0,0.0,0
2025-11-26 13:00:00+00:00,178.16,178.16,0.0,178.69,174.52,176.5,0.0,0
2025-11-26 14:00:00+00:00,181.61,181.61,0.0,181.88,177.82,178.17,0.0,0
2025-11-26 14:30:00+00:00,179.5850067138672,179.5850067138672,0.0,182.91000366210938,178.24000549316406,181.6300048828125,0.0,45946959
2025-11-26 15:30:00+00:00,180.91000366210938,180.91000366210938,0.0,181.11000061035156,179.5850067138672,179.5850067138672,0.0,16924615
2025-11-26 16:30:00+00:00,180.77999877929688,180.77999877929688,0.0,181.72999572753906,180.125,180.9199981689453,0.0,14050216
2025-11-26 17:30:00+00:00,180.80999755859375,180.80999755859375,0.0,181.5,180.38999938964844,180.78030395507812,0.0,11563205
2025-11-26 18:30:00+00:00,180.5500030517578,180.5500030517578,0.0,180.84500122070312,179.793701171875,180.80999755859375,0.0,10619635
2025-11-26 19:30:00+00:00,180.50999450683594,180.50999450683594,0.0,180.75999450683594,179.92999267578125,180.5500030517578,0.0,10611517
2025-11-26 20:30:00+00:00,180.19000244140625,180.19000244140625,0.0,180.75,179.875,180.5050048828125,0.0,9278599
2025-11-26 21:00:00+00:00,179.73,179.73,0.0,185.5528,167.535,180.16,0.0,0
2025-11-26 22:00:00+00:00,179.84,179.84,0.0,184.1572,167.1295,179.73,0.0,0
2025-11-26 23:00:00+00:00,179.707,179.707,0.0,179.98,179.65,179.85,0.0,0
2025-11-28 09:00:00+00:00,180.03,180.03,0.0,180.6,179.81,180.31,0.0,0
2025-11-28 10:00:00+00:00,180.42,180.42,0.0,180.5,179.8,180.03,0.0,0
2025-11-28 11:00:00+00:00,180.35,180.35,0.0,180.78,180.33,180.41,0.0,0
2025-11-28 12:00:00+00:00,180.98,180.98,0.0,181.0,180.36,180.36,0.0,0
2025-11-28 13:00:00+00:00,180.6,180.6,0.0,181.0,179.79,180.98,0.0,0
2025-11-28 14:00:00+00:00,179.0,179.0,0.0,180.64,173.925,180.6,0.0,0
2025-11-28 14:30:00+00:00,177.2899932861328,177.2899932861328,0.0,179.2899932861328,176.97000122070312,178.99000549316406,0.0,30011592
2025-11-28 15:30:00+00:00,177.08140563964844,177.08140563964844,0.0,178.0800018310547,176.75,177.24000549316406,0.0,17490994
2025-11-28 16:30:00+00:00,177.1342010498047,177.1342010498047,0.0,177.33999633789062,176.53140258789062,177.0850067138672,0.0,14456367
2025-11-28 18:00:00+00:00,176.6199951171875,176.6199951171875,0.0,180.25999450683594,175.07000732421875,177.1334991455078,0.0,0
2025-11-28 19:00:00+00:00,176.685,176.685,0.0,182.5667,164.4817,176.63,0.0,0
2025-11-28 20:00:00+00:00,176.57,176.57,0.0,182.5667,164.4817,176.69,0.0,0
2025-11-28 21:00:00+00:00,176.64,176.64,0.0,176.8,176.56,176.58,0.0,0
2025-12-01 09:00:00+00:00,175.27,175.27,0.0,176.21,175.05,175.62,0.0,0
2025-12-01 10:00:00+00:00,175.25,175.25,0.0,175.38,174.81,175.3,0.0,0
2025-12-01 11:00:00+00:00,175.37,175.37,0.0,175.93,175.2,175.26,0.0,0
2025-12-01 12:00:00+00:00,173.54,173.54,0.0,175.48,173.23,175.37,0.0,0
2025-12-01 13:00:00+00:00,174.45,174.45,0.0,181.14,173.22,173.52,0.0,0
2025-12-01 14:00:00+00:00,174.775,174.775,0.0,177.0,174.3,174.4409,0.0,0
2025-12-01 14:30:00+00:00,178.86000061035156,178.86000061035156,0.0,179.13999938964844,173.67999267578125,174.6999969482422,0.0,41192309
2025-12-01 15:30:00+00:00,178.9600067138672,178.9600067138672,0.0,180.00999450683594,178.22000122070312,178.85000610351562,0.0,19055485
2025-12-01 16:30:00+00:00,179.8350067138672,179.8350067138672,0.0,180.0800018310547,178.8300018310547,178.94000244140625,0.0,13512472
2025-12-01 17:30:00+00:00,179.40499877929688,179.40499877929688,0.0,180.3000030517578,179.1699981689453,179.8350067138672,0.0,11026020
2025-12-01 18:30:00+00:00,179.08999633789062,179.08999633789062,0.0,179.9853973388672,178.86000061035156,179.41000366210938,0.0,9463328
2025-12-01 19:30:00+00:00,179.37989807128906,179.37989807128906,0.0,179.47999572753906,178.62489318847656,179.08999633789062,0.0,10803646
2025-12-01 20:30:00+00:00,179.99000549316406,179.99000549316406,0.0,180.0,179.22000122070312,179.3800048828125,0.0,9755933
2025-12-01 21:00:00+00:00,179.92,179.92,0.0,180.66,175.8432,179.93,0.0,0
2025-12-01 22:00:00+00:00,179.95,179.95,0.0,179.99,167.3776,179.88,0.0,0
2025-12-01 23:00:00+00:00,179.7646,179.7646,0.0,179.9893,179.63,179.955,0.0,0
2025-12-02 09:00:00+00:00,180.18,180.18,0.0,180.41,179.94,179.94,0.0,0
2025-12-02 10:00:00+00:00,180.15,180.15,0.0,180.39,180.01,180.18,0.0,0
2025-12-02 11:00:00+00:00,181.26,181.26,0.0,181.35,180.15,180.15,0.0,0
2025-12-02 12:00:00+00:00,181.42,181.42,0.0,181.59,181.08,181.3,0.0,0
2025-12-02 13:00:00+00:00,181.35,181.35,0.0,181.6,178.975,181.41,0.0,0
2025-12-02 14:00:00+00:00,181.75,181.75,0.0,182.5,181.28,181.37,0.0,0
2025-12-02 14:30:00+00:00,183.2550048828125,183.2550048828125,0.0,185.66000366210938,181.58999633789062,181.72000122070312,0.0,40993279
2025-12-02 15:30:00+00:00,180.55999755859375,180.55999755859375,0.0,184.63999938964844,180.1699981689453,183.22500610351562,0.0,26987007
2025-12-02 16:30:00+00:00,182.16000366210938,182.16000366210938,0.0,182.25999450683594,180.0,180.52999877929688,0.0,16599118
2025-12-02 17:30:00+00:00,181.71499633789062,181.71499633789062,0.0,182.3800048828125,181.08009338378906,182.16000366210938,0.0,11681277
2025-12-02 18:30:00+00:00,181.0,181.0,0.0,181.84500122070312,180.75,181.7100067138672,0.0,8886433
2025-12-02 19:30:00+00:00,181.42999267578125,181.42999267578125,0.0,181.77999877929688,180.93499755859375,180.97999572753906,0.0,8959159
2025-12-02 20:30:00+00:00,181.36000061035156,181.36000061035156,0.0,181.6999969482422,181.0,181.41749572753906,0.0,7888265
2025-12-02 21:00:00+00:00,181.4511,181.4511,0.0,182.6281,174.229,181.29,0.0,0
2025-12-02 22:00:00+00:00,181.45,181.45,0.0,181.68,174.229,181.465,0.0,0
2025-12-02 23:00:00+00:00,181.41,181.41,0.0,181.5,181.31,181.455,0.0,0
2025-12-03 09:00:00+00:00,181.76,181.76,0.0,182.32,181.69,182.03,0.0,0
2025-12-03 10:00:00+00:00,182.27,182.27,0.0,182.36,181.7,181.79,0.0,0
2025-12-03 11:00:00+00:00,182.56,182.56,0.0,182.67,182.03,182.25,0.0,0
2025-12-03 12:00:00+00:00,182.911,182.911,0.0,182.99,182.4,182.55,0.0,0
2025-12-03 13:00:00+00:00,183.63,183.63,0.0,184.48,181.46,182.92,0.0,0
2025-12-03 14:00:00+00:00,181.0996,181.0996,0.0,183.88,173.84,183.61,0.0,0
2025-12-03 14:30:00+00:00,180.3300018310547,180.3300018310547,0.0,181.2191925048828,179.110107421875,181.06500244140625,0.0,31808430
2025-12-03 15:30:00+00:00,180.5500030517578,180.5500030517578,0.0,182.4199981689453,179.9300994873047,180.32000732421875,0.0,18136013
2025-12-03 16:30:00+00:00,180.375,180.375,0.0,181.22000122070312,179.82000732421875,180.5449981689453,0.0,10736030
2025-12-03 17:30:00+00:00,180.64999389648438,180.64999389648438,0.0,180.97999572753906,180.0644989013672,180.3699951171875,0.0,7611606
2025-12-03 18:30:00+00:00,180.7449951171875,180.7449951171875,0.0,181.27999877929688,180.4420928955078,180.66000366210938,0.0,9127929
2025-12-03 19:30:00+00:00,180.02000427246094,180.02000427246094,0.0,180.9600067138672,179.91000366210938,180.7440948486328,0.0,10015000
2025-12-03 20:30:00+00:00,179.63999938964844,179.63999938964844,0.0,180.02999877929688,179.27999877929688,180.02000427246094,0.0,49322097
2025-12-03 21:00:00+00:00,179.83,179.83,0.0,184.5353,179.45,179.65,0.0,0
2025-12-03 22:00:00+00:00,179.95,179.95,0.0,190.8448,170.304,179.83,0.0,0
2025-12-03 23:00:00+00:00,180.01,180.01,0.0,180.08,179.59,179.9699,0.0,0
2025-12-04 09:00:00+00:00,180.39,180.39,0.0,180.68,180.0,180.19,0.0,0
2025-12-04 10:00:00+00:00,180.8,180.8,0.0,180.85,180.36,180.39,0.0,0
2025-12-04 11:00:00+00:00,180.36,180.36,0.0,180.81,180.16,180.81,0.0,0
2025-12-04 12:00:00+00:00,180.32,180.32,0.0,180.51,180.12,180.36,0.0,0
2025-12-04 13:00:00+00:00,180.36,180.36,0.0,180.91,179.59,180.32,0.0,0
2025-12-04 14:00:00+00:00,181.7416,181.7416,0.0,181.77,180.03,180.38,0.0,0
2025-12-04 14:30:00+00:00,181.08009338378906,181.08009338378906,0.01,183.11000061035156,179.97000122070312,181.5500030517578,0.0,32979831
2025-12-04 15:30:00+00:00,182.63510131835938,182.63510131835938,0.0,183.02000427246094,181.00999450683594,181.0850067138672,0.0,18829532
2025-12-04 16:30:00+00:00,183.5449981689453,183.5449981689453,0.0,184.51499938964844,182.4949951171875,182.63259887695312,0.0,17920525
2025-12-04 17:30:00+00:00,183.61500549316406,183.61500549316406,0.0,184.11000061035156,183.05999755859375,183.5399932861328,0.0,9241513
2025-12-04 18:30:00+00:00,182.31500244140625,182.31500244140625,0.0,183.7899932861328,182.0,183.60000610351562,0.0,9737123
2025-12-04 19:30:00+00:00,182.32350158691406,182.32350158691406,0.0,183.23590087890625,182.25,182.3101043701172,0.0,9446805
2025-12-04 20:30:00+00:00,183.39999389648438,183.39999389648438,0.0,183.47999572753906,182.27999877929688,182.3249969482422,0.0,7290764
2025-12-04 21:00:00+00:00,183.51,183.51,0.0,183.98,179.59,183.39,0.0,0
2025-12-04 22:00:00+00:00,183.15,183.15,0.0,195.9818,175.1892,183.51,0.0,0
2025-12-04 23:00:00+00:00,183.2092,183.2092,0.0,195.9818,183.1,183.19,0.0,0
2025-12-05 09:00:00+00:00,184.87,184.87,0.0,184.88,184.3,184.3,0.0,0
2025-12-05 10:00:00+00:00,184.63,184.63,0.0,184.89,184.57,184.85,0.0,0
2025-12-05 11:00:00+00:00,184.36,184.36,0.0,184.73,184.2,184.63,0.0,0
2025-12-05 12:00:00+00:00,184.13,184.13,0.0,184.6,183.91,184.39,0.0,0
2025-12-05 13:00:00+00:00,183.945,183.945,0.0,184.96,183.8,184.15,0.0,0
2025-12-05 14:00:00+00:00,183.9,183.9,0.0,184.06,183.13,183.93,0.0,0
2025-12-05 14:30:00+00:00,182.7698974609375,182.7698974609375,0.0,184.66000366210938,180.91000366210938,183.86000061035156,0.0,31800007
2025-12-05 15:30:00+00:00,182.05999755859375,182.05999755859375,0.0,183.34500122070312,181.50999450683594,182.75,0.0,15107397
2025-12-05 16:30:00+00:00,181.77980041503906,181.77980041503906,0.0,182.50999450683594,181.4949951171875,182.07000732421875,0.0,9661576
2025-12-05 17:30:00+00:00,182.24000549316406,182.24000549316406,0.0,182.3699951171875,181.50999450683594,181.77999877929688,0.0,7846279
2025-12-05 18:30:00+00:00,181.45509338378906,181.45509338378906,0.0,182.49000549316406,181.14999389648438,182.22999572753906,0.0,9682336
2025-12-05 19:30:00+00:00,181.8574981689453,181.8574981689453,0.0,182.0800018310547,181.32000732421875,181.47000122070312,0.0,7419949
2025-12-05 20:30:00+00:00,182.35000610351562,182.35000610351562,0.0,182.63999938964844,181.3000030517578,181.83999633789062,0.0,9289965
2025-12-05 21:00:00+00:00,182.44,182.44,0.0,183.38,182.31,182.34,0.0,0
2025-12-05 22:00:00+00:00,182.3601,182.3601,0.0,182.48,171.7013,182.4403,0.0,0
2025-12-05 23:00:00+00:00,182.2499,182.2499,0.0,182.42,182.2407,182.37,0.0,0
2025-12-08 09:00:00+00:00,182.08,182.08,0.0,182.48,181.85,182.46,0.0,0
2025-12-08 10:00:00+00:00,182.71,182.71,0.0,182.74,182.0,182.11,0.0,0
2025-12-08 11:00:00+00:00,182.76,182.76,0.0,183.07,182.53,182.71,0.0,0
2025-12-08 12:00:00+00:00,182.81,182.81,0.0,182.94,182.65,182.76,0.0,0
2025-12-08 13:00:00+00:00,182.4655,182.4655,0.0,183.13,181.8526,182.81,0.0,0
2025-12-08 14:00:00+00:00,182.68,182.68,0.0,182.86,182.22,182.49,0.0,0
2025-12-08 14:30:00+00:00,183.05059814453125,183.05059814453125,0.0,185.6999969482422,182.39999389648438,182.6300048828125,0.0,31629584
2025-12-08 15:30:00+00:00,183.48500061035156,183.48500061035156,0.0,184.53990173339844,182.86000061035156,183.0500030517578,0.0,15218096
2025-12-08 16:30:00+00:00,183.40499877929688,183.40499877929688,0.0,183.6898956298828,182.91000366210938,183.47000122070312,0.0,8622856
2025-12-08 17:30:00+00:00,185.89410400390625,185.89410400390625,0.0,187.99000549316406,182.89999389648438,183.40390014648438,0.0,28598668
2025-12-08 18:30:00+00:00,184.7064971923828,184.7064971923828,0.0,186.0800018310547,183.72999572753906,185.8800048828125,0.0,16919547
2025-12-08 19:30:00+00:00,184.88499450683594,184.88499450683594,0.0,185.0800018310547,184.31019592285156,184.70010375976562,0.0,11168209
2025-12-08 20:30:00+00:00,185.5800018310547,185.5800018310547,0.0,185.60000610351562,184.22999572753906,184.89999389648438,0.0,10293098
2025-12-08 21:00:00+00:00,189.2,189.2,0.0,191.6116,179.99,185.59,0.0,0
2025-12-08 22:00:00+00:00,190.16,190.16,0.0,190.99,177.8272,189.19,0.0,0
2025-12-08 23:00:00+00:00,189.495,189.495,0.0,190.28,181.4671,190.14,0.0,0
2025-12-09 09:00:00+00:00,188.39,188.39,0.0,189.71,188.31,189.57,0.0,0
2025-12-09 10:00:00+00:00,189.0,189.0,0.0,189.0,185.55,188.4,0.0,0
2025-12-09 11:00:00+00:00,185.8,185.8,0.0,189.25,184.79,189.0,0.0,0
2025-12-09 12:00:00+00:00,187.35,187.35,0.0,187.65,185.56,185.82,0.0,0
2025-12-09 13:00:00+00:00,186.9,186.9,0.0,189.93,184.8,187.36,0.0,0
2025-12-09 14:00:00+00:00,185.57,185.57,0.0,186.95,185.49,186.92,0.0,0
2025-12-09 14:30:00+00:00,184.6300048828125,184.6300048828125,0.0,185.59249877929688,183.32000732421875,185.5500030517578,0.0,34498889
2025-12-09 15:30:00+00:00,185.07000732421875,185.07000732421875,0.0,185.71670532226562,184.14999389648438,184.6300048828125,0.0,16816492
2025-12-09 16:30:00+00:00,184.88800048828125,184.88800048828125,0.0,185.14999389648438,184.27999877929688,185.07000732421875,0.0,9798280
2025-12-09 17:30:00+00:00,184.8582000732422,184.8582000732422,0.0,185.17999267578125,184.75,184.88999938964844,0.0,6431260
2025-12-09 18:30:00+00:00,184.5449981689453,184.5449981689453,0.0,184.97999572753906,184.47999572753906,184.85000610351562,0.0,6781968
2025-12-09 19:30:00+00:00,184.3300018310547,184.3300018310547,0.0,184.75,184.02000427246094,184.5449981689453,0.0,7998590
2025-12-09 20:30:00+00:00,184.97000122070312,184.97000122070312,0.0,185.5500030517578,184.19479370117188,184.3300018310547,0.0,42282644
2025-12-09 21:00:00+00:00,184.549,184.549,0.0,185.55,177.952,184.97,0.0,0
2025-12-09 22:00:00+00:00,184.5752,184.5752,0.0,184.97,179.2685,184.53,0.0,0
2025-12-09 23:00:00+00:00,184.51,184.51,0.0,184.72,184.5,184.58,0.0,0
2025-12-10 09:00:00+00:00,184.62,184.62,0.0,184.94,184.48,184.83,0.0,0
2025-12-10 10:00:00+00:00,184.5,184.5,0.0,185.72,184.48,184.65,0.0,0
2025-12-10 11:00:00+00:00,185.04,185.04,0.0,186.0,184.3,184.5,0.0,0
2025-12-10 12:00:00+00:00,185.24,185.24,0.0,185.7,184.97,185.03,0.0,0
2025-12-10 13:00:00+00:00,185.52,185.52,0.0,190.055,182.575,185.23,0.0,0
2025-12-10 14:00:00+00:00,184.97,184.97,0.0,185.58,184.46,185.58,0.0,0
2025-12-10 14:30:00+00:00,183.85960388183594,183.85960388183594,0.0,185.47999572753906,183.66000366210938,184.99000549316406,0.0,23220830
2025-12-10 15:30:00+00:00,182.8455047607422,182.8455047607422,0.0,184.02000427246094,182.03500366210938,183.85000610351562,0.0,16910743
2025-12-10 16:30:00+00:00,182.57000732421875,182.57000732421875,0.0,182.94000244140625,182.14010620117188,182.83999633789062,0.0,9730722
2025-12-10 17:30:00+00:00,182.61000061035156,182.61000061035156,0.0,183.42999267578125,182.36000061035156,182.56500244140625,0.0,8737291
2025-12-10 18:30:00+00:00,183.09579467773438,183.09579467773438,0.0,183.86000061035156,182.4499969482422,182.61000061035156,0.0,12230964
2025-12-10 19:30:00+00:00,183.7899932861328,183.7899932861328,0.0,184.6999969482422,182.4949951171875,183.1300048828125,0.0,17627934
2025-12-10 20:30:00+00:00,183.77999877929688,183.77999877929688,0.0,184.0500030517578,183.46499633789062,183.7899932861328,0.0,9467558
2025-12-10 21:00:00+00:00,182.1,182.1,0.0,184.97,174.2422,183.78,0.0,0
2025-12-10 22:00:00+00:00,181.41,181.41,0.0,194.2784,170.2037,182.09,0.0,0
2025-12-10 23:00:00+00:00,181.4883,181.4883,0.0,183.78,181.25,181.41,0.0,0
2025-12-11 09:00:00+00:00,180.83,180.83,0.0,181.1,180.25,180.45,0.0,0
2025-12-11 10:00:00+00:00,180.47,180.47,0.0,180.89,180.16,180.89,0.0,0
2025-12-11 11:00:00+00:00,180.55,180.55,0.0,180.89,180.37,180.48,0.0,0
2025-12-11 12:00:00+00:00,181.3,181.3,0.0,181.35,180.42,180.55,0.0,0
2025-12-11 13:00:00+00:00,181.2,181.2,0.0,185.545,179.68,181.29,0.0,0
2025-12-11 14:00:00+00:00,180.27,180.27,0.0,181.3,180.2,181.2,0.0,0
2025-12-11 14:30:00+00:00,178.0850067138672,178.0850067138672,0.0,180.4199981689453,176.6199951171875,180.27499389648438,0.0,37363624
2025-12-11 15:30:00+00:00,177.05990600585938,177.05990600585938,0.0,178.27000427246094,176.83200073242188,178.10000610351562,0.0,17316464
2025-12-11 16:30:00+00:00,178.4862060546875,178.4862060546875,0.0,178.77000427246094,176.9250030517578,177.0500030517578,0.0,12621994
2025-12-11 17:30:00+00:00,179.30499267578125,179.30499267578125,0.0,179.77099609375,178.49000549316406,178.49000549316406,0.0,10408848
2025-12-11 18:30:00+00:00,180.906494140625,180.906494140625,0.0,180.99000549316406,179.02000427246094,179.3000030517578,0.0,12558029
2025-12-11 19:30:00+00:00,180.36990356445312,180.36990356445312,0.0,181.32000732421875,179.97000122070312,180.91000366210938,0.0,12050067
2025-12-11 20:30:00+00:00,180.9355010986328,180.9355010986328,0.0,181.08999633789062,180.1342010498047,180.36000061035156,0.0,7710478
2025-12-11 21:00:00+00:00,171.2708,171.2708,0.0,183.78,169.273,180.93,0.0,0
2025-12-11 22:00:00+00:00,180.54,180.54,0.0,182.5667,167.8865,180.95,0.0,0
2025-12-11 23:00:00+00:00,180.2204,180.2204,0.0,181.0,180.1,180.55,0.0,0
2025-12-12 09:00:00+00:00,179.34,179.34,0.0,180.37,179.24,180.17,0.0,0
2025-12-12 10:00:00+00:00,179.47,179.47,0.0,179.89,179.0,179.31,0.0,0
2025-12-12 11:00:00+00:00,180.19,180.19,0.0,180.5,179.15,179.47,0.0,0
2025-12-12 12:00:00+00:00,181.05,181.05,0.0,181.119,180.14,180.19,0.0,0
2025-12-12 13:00:00+00:00,182.415,182.415,0.0,183.24,179.0,181.04,0.0,0
2025-12-12 14:00:00+00:00,181.11,181.11,0.0,182.45,180.95,182.43,0.0,0
2025-12-12 14:30:00+00:00,179.5399932861328,179.5399932861328,0.0,182.82000732421875,179.32000732421875,181.5,0.0,29530704
2025-12-12 15:30:00+00:00,176.63499450683594,176.63499450683594,0.0,180.14999389648438,175.83999633789062,179.52999877929688,0.0,26510600
2025-12-12 16:30:00+00:00,176.52000427246094,176.52000427246094,0.0,177.38999938964844,175.2100067138672,176.60000610351562,0.0,17972854
2025-12-12 17:30:00+00:00,177.4499969482422,177.4499969482422,0.0,178.17999267578125,176.2100067138672,176.52999877929688,0.0,17539226
2025-12-12 18:30:00+00:00,176.2136993408203,176.2136993408203,0.0,177.78579711914062,176.03500366210938,177.45150756835938,0.0,9884365
2025-12-12 19:30:00+00:00,175.90499877929688,175.90499877929688,0.0,176.6750030517578,175.67999267578125,176.2100067138672,0.0,10780310
2025-12-12 20:30:00+00:00,174.99000549316406,174.99000549316406,0.0,176.01499938964844,174.6199951171875,175.89999389648438,0.0,13955635
2025-12-12 21:00:00+00:00,175.1,175.1,0.0,180.93,166.2859,175.02,0.0,0
2025-12-12 22:00:00+00:00,174.99,174.99,0.0,182.6607,164.4817,175.105,0.0,0
2025-12-12 23:00:00+00:00,174.98,174.98,0.0,175.0,174.8,175.0,0.0,0
2025-12-15 09:00:00+00:00,177.05,177.05,0.0,177.15,176.11,176.33,0.0,0
2025-12-15 10:00:00+00:00,177.04,177.04,0.0,177.24,177.0,177.06,0.0,0
2025-12-15 11:00:00+00:00,177.13,177.13,0.0,177.25,176.51,177.02,0.0,0
2025-12-15 12:00:00+00:00,176.97,176.97,0.0,177.29,176.53,177.11,0.0,0
2025-12-15 13:00:00+00:00,177.05,177.05,0.0,177.45,175.02,176.98,0.0,0
2025-12-15 14:00:00+00:00,177.95,177.95,0.0,178.38,176.99,177.07,0.0,0
2025-12-15 14:30:00+00:00,175.45159912109375,175.45159912109375,0.0,178.33990478515625,175.031005859375,177.08999633789062,0.0,33169711
2025-12-15 15:30:00+00:00,178.2519989013672,178.2519989013672,0.0,178.4149932861328,175.33999633789062,175.44000244140625,0.0,15840736
2025-12-15 16:30:00+00:00,177.59500122070312,177.59500122070312,0.0,178.32000732421875,177.17999267578125,178.25999450683594,0.0,10379090
2025-12-15 17:30:00+00:00,177.125,177.125,0.0,177.97000122070312,176.80999755859375,177.5998992919922,0.0,9608800
2025-12-15 18:30:00+00:00,177.13999938964844,177.13999938964844,0.0,177.66000366210938,176.67999267578125,177.11000061035156,0.0,8950468
2025-12-15 19:30:00+00:00,176.3300018310547,176.3300018310547,0.0,177.2449951171875,176.1199951171875,177.14999389648438,0.0,11198952
2025-12-15 20:30:00+00:00,176.22999572753906,176.22999572753906,0.0,176.8300018310547,175.91000366210938,176.3300018310547,0.0,11393170
2025-12-15 21:00:00+00:00,176.5699,176.5699,0.0,183.95,175.02,176.23,0.0,0
2025-12-15 22:00:00+00:00,176.44,176.44,0.0,176.7,176.29,176.57,0.0,0
2025-12-15 23:00:00+00:00,176.06,176.06,0.0,176.75,176.01,176.45,0.0,0
2025-12-16 09:00:00+00:00,175.3,175.3,0.0,175.55,174.72,174.72,0.0,0
2025-12-16 10:00:00+00:00,175.36,175.36,0.0,175.39,174.65,175.35,0.0,0
2025-12-16 11:00:00+00:00,175.54,175.54,0.0,175.98,175.2,175.35,0.0,0
2025-12-16 12:00:00+00:00,176.83,176.83,0.0,176.87,175.55,175.57,0.0,0
2025-12-16 13:00:00+00:00,177.203,177.203,0.0,177.34,173.81,176.84,0.0,0
2025-12-16 14:00:00+00:00,176.22,176.22,0.0,177.8,176.22,177.32,0.0,0
2025-12-16 14:30:00+00:00,176.1501007080078,176.1501007080078,0.0,177.49000549316406,174.89999389648438,176.25999450683594,0.0,26259399
2025-12-16 15:30:00+00:00,176.02000427246094,176.02000427246094,0.0,177.30499267578125,175.57000732421875,176.14999389648438,0.0,14639694
2025-12-16 16:30:00+00:00,176.48500061035156,176.48500061035156,0.0,177.0915985107422,175.69009399414062,176.02000427246094,0.0,11094691
2025-12-16 17:30:00+00:00,176.22000122070312,176.22000122070312,0.0,176.97500610351562,176.10000610351562,176.47999572753906,0.0,8514374
2025-12-16 18:30:00+00:00,176.74000549316406,176.74000549316406,0.0,177.67999267578125,176.02000427246094,176.22000122070312,0.0,11202122
2025-12-16 19:30:00+00:00,177.17880249023438,177.17880249023438,0.0,177.19000244140625,176.5050048828125,176.7449951171875,0.0,8161125
2025-12-16 20:30:00+00:00,177.50999450683594,177.50999450683594,0.0,178.19500732421875,177.1699981689453,177.1750030517578,0.0,9954348
2025-12-16 21:00:00+00:00,177.24,177.24,0.0,178.8647,174.229,177.72,0.0,0
2025-12-16 22:00:00+00:00,177.26,177.26,0.0,184.97,174.229,177.27,0.0,0
2025-12-16 23:00:00+00:00,177.0936,177.0936,0.0,177.72,177.0,177.27,0.0,0
2025-12-17 09:00:00+00:00,177.83,177.83,0.0,177.87,177.26,177.65,0.0,0
2025-12-17 10:00:00+00:00,178.1,178.1,0.0,178.1,177.6,177.82,0.0,0
2025-12-17 11:00:00+00:00,177.8,177.8,0.0,178.35,177.8,178.09,0.0,0
2025-12-17 12:00:00+00:00,177.9,177.9,0.0,178.1,177.77,177.86,0.0,0
2025-12-17 13:00:00+00:00,177.2163,177.2163,0.0,178.37,176.42,177.9,0.0,0
2025-12-17 14:00:00+00:00,176.05,176.05,0.0,177.74,175.89,177.22,0.0,0
2025-12-17 14:30:00+00:00,174.3800048828125,174.3800048828125,0.0,176.1300048828125,173.38499450683594,176.10000610351562,0.0,35267097
2025-12-17 15:30:00+00:00,171.13499450683594,171.13499450683594,0.0,174.4499969482422,170.6300048828125,174.3699951171875,0.0,28410068
2025-12-17 16:30:00+00:00,171.4499053955078,171.4499053955078,0.0,171.72999572753906,170.30999755859375,171.1300048828125,0.0,18913757
2025-12-17 17:30:00+00:00,172.25,172.25,0.0,172.82000732421875,171.30999755859375,171.4499969482422,0.0,15329123
2025-12-17 18:30:00+00:00,170.9499053955078,170.9499053955078,0.0,172.3300018310547,170.85009765625,172.24000549316406,0.0,12530990
2025-12-17 19:30:00+00:00,171.19000244140625,171.19000244140625,0.0,171.69000244140625,170.66009521484375,170.92999267578125,0.0,13027015
2025-12-17 20:30:00+00:00,170.9199981689453,170.9199981689453,0.0,171.82000732421875,170.75,171.19000244140625,0.0,13015782
2025-12-17 21:00:00+00:00,170.98,170.98,0.0,183.76,160.0946,170.92,0.0,0
2025-12-17 22:00:00+00:00,171.6264,171.6264,0.0,180.627,160.5055,170.93,0.0,0
2025-12-17 23:00:00+00:00,171.11,171.11,0.0,171.67,171.0,171.61,0.0,0
2025-12-18 09:00:00+00:00,172.39,172.39,0.0,172.68,172.31,172.36,0.0,0
2025-12-18 10:00:00+00:00,173.0,173.0,0.0,173.08,172.36,172.37,0.0,0
2025-12-18 11:00:00+00:00,173.35,173.35,0.0,173.4,172.96,173.02,0.0,0
2025-12-18 12:00:00+00:00,172.81,172.81,0.0,173.56,172.8,173.35,0.0,0
2025-12-18 13:00:00+00:00,173.07,173.07,0.0,173.5512,171.24,172.82,0.0,0
2025-12-18 14:00:00+00:00,174.52,174.52,0.0,176.625,173.03,173.04,0.0,0
2025-12-18 14:30:00+00:00,175.0399932861328,175.0399932861328,0.0,175.25,171.82000732421875,174.52999877929688,0.0,34559711
2025-12-18 15:30:00+00:00,174.88009643554688,174.88009643554688,0.0,176.14999389648438,174.75999450683594,175.0399932861328,0.0,18553063
2025-12-18 16:30:00+00:00,174.0399932861328,174.0399932861328,0.0,176.0399932861328,173.72999572753906,174.8699951171875,0.0,14253404
2025-12-18 17:30:00+00:00,174.91439819335938,174.91439819335938,0.0,175.3800048828125,173.91000366210938,174.02999877929688,0.0,9934049
2025-12-18 18:30:00+00:00,174.5500030517578,174.5500030517578,0.0,175.22999572753906,174.24000549316406,174.91000366210938,0.0,8742821
2025-12-18 19:30:00+00:00,174.6750030517578,174.6750030517578,0.0,174.89999389648438,173.66000366210938,174.55999755859375,0.0,9852863
2025-12-18 20:30:00+00:00,174.00999450683594,174.00999450683594,0.0,174.9600067138672,173.92999267578125,174.67250061035156,0.0,9023413
2025-12-18 21:00:00+00:00,174.0568,174.0568,0.0,174.39,170.94,174.0,0.0,0
2025-12-18 22:00:00+00:00,174.81,174.81,0.0,174.95,163.7402,174.075,0.0,0
2025-12-18 23:00:00+00:00,175.07,175.07,0.0,175.13,174.51,174.8,0.0,0
2025-12-19 09:00:00+00:00,176.41,176.41,0.0,176.56,176.2,176.41,0.0,0
2025-12-19 10:00:00+00:00,176.66,176.66,0.0,176.79,176.15,176.42,0.0,0
2025-12-19 11:00:00+00:00,177.03,177.03,0.0,177.3,176.15,176.63,0.0,0
2025-12-19 12:00:00+00:00,176.01,176.01,0.0,177.12,175.76,177.07,0.0,0
2025-12-19 13:00:00+00:00,175.9902,175.9902,0.0,177.3,171.195,176.04,0.0,0
2025-12-19 14:00:00+00:00,176.78,176.78,0.0,176.98,175.595,176.0,0.0,0
2025-12-19 14:30:00+00:00,178.66000366210938,178.66000366210938,0.0,180.6999969482422,176.35000610351562,176.6649932861328,0.0,59589348
2025-12-19 15:30:00+00:00,179.3000030517578,179.3000030517578,0.0,179.57000732421875,178.35000610351562,178.63999938964844,0.0,18218903
2025-12-19 16:30:00+00:00,180.5200958251953,180.5200958251953,0.0,180.99000549316406,179.27000427246094,179.32000732421875,0.0,17015994
2025-12-19 17:30:00+00:00,179.96499633789062,179.96499633789062,0.0,181.07000732421875,179.76499938964844,180.5200958251953,0.0,12073476
2025-12-19 18:30:00+00:00,180.57420349121094,180.57420349121094,0.0,180.8000030517578,179.42999267578125,179.96400451660156,0.0,10984702
2025-12-19 19:30:00+00:00,180.44850158691406,180.44850158691406,0.0,180.97999572753906,180.22999572753906,180.57000732421875,0.0,11564864
2025-12-19 20:30:00+00:00,180.99000549316406,180.99000549316406,0.0,181.4499969482422,179.94009399414062,180.44000244140625,0.0,15328254
2025-12-19 21:00:00+00:00,180.98,180.98,0.0,181.2743,174.14,180.99,0.0,0
2025-12-19 22:00:00+00:00,180.9514,180.9514,0.0,181.0,171.7013,180.9899,0.0,0
2025-12-19 23:00:00+00:00,181.2599,181.2599,0.0,181.28,180.81,180.96,0.0,0
2025-12-22 09:00:00+00:00,182.9,182.9,0.0,182.91,182.3,182.49,0.0,0
2025-12-22 10:00:00+00:00,183.18,183.18,0.0,183.29,182.87,182.89,0.0,0
2025-12-22 11:00:00+00:00,183.53,183.53,0.0,183.67,183.15,183.19,0.0,0
2025-12-22 12:00:00+00:00,184.32,184.32,0.0,184.45,182.78,183.53,0.0,0
2025-12-22 13:00:00+00:00,184.0,184.0,0.0,184.6,180.538,184.32,0.0,0
2025-12-22 14:00:00+00:00,183.92,183.92,0.0,184.39,174.25,184.0,0.0,0
2025-12-22 14:30:00+00:00,183.39999389648438,183.39999389648438,0.0,183.94000244140625,182.35000610351562,183.3800048828125,0.0,27990203
2025-12-22 15:30:00+00:00,183.6300048828125,183.6300048828125,0.0,184.16000366210938,182.6699981689453,183.41000366210938,0.0,13547290
2025-12-22 16:30:00+00:00,183.10000610351562,183.10000610351562,0.0,183.6649932861328,183.00999450683594,183.6199951171875,0.0,8157060
2025-12-22 17:30:00+00:00,183.22560119628906,183.22560119628906,0.0,183.3000030517578,182.7899932861328,183.10499572753906,0.0,6320882
2025-12-22 18:30:00+00:00,183.3800048828125,183.3800048828125,0.0,183.48500061035156,182.99000549316406,183.22999572753906,0.0,6294933
2025-12-22 19:30:00+00:00,183.28500366210938,183.28500366210938,0.0,183.57679748535156,183.1999969482422,183.38999938964844,0.0,6554015
2025-12-22 20:30:00+00:00,183.61000061035156,183.61000061035156,0.0,183.8000030517578,183.23500061035156,183.28500366210938,0.0,6999578
2025-12-22 21:00:00+00:00,183.44,183.44,0.0,183.75,180.99,183.6,0.0,0
2025-12-22 22:00:00+00:00,183.43,183.43,0.0,190.0723,171.132,183.44,0.0,0
2025-12-22 23:00:00+00:00,183.32,183.32,0.0,183.49,183.25,183.4295,0.0,0
2025-12-23 09:00:00+00:00,183.59,183.59,0.0,183.65,183.05,183.39,0.0,0
2025-12-23 10:00:00+00:00,183.11,183.11,0.0,183.82,182.88,183.55,0.0,0
2025-12-23 11:00:00+00:00,183.14,183.14,0.0,183.25,182.96,183.13,0.0,0
2025-12-23 12:00:00+00:00,182.85,182.85,0.0,183.31,182.84,183.06,0.0,0
2025-12-23 13:00:00+00:00,182.869,182.869,0.0,183.8248,180.2799,182.85,0.0,0
2025-12-23 14:00:00+00:00,182.97,182.97,0.0,183.69,181.82,182.88,0.0,0
2025-12-23 14:30:00+00:00,185.27499389648438,185.27499389648438,0.0,185.47999572753906,183.5,184.39480590820312,0.0,26864696
2025-12-23 15:30:00+00:00,187.91009521484375,187.91009521484375,0.0,188.0500030517578,185.10000610351562,185.27999877929688,0.0,22108447
2025-12-23 16:30:00+00:00,188.2144012451172,188.2144012451172,0.0,188.6300048828125,187.1199951171875,187.9149932861328,0.0,16947493
2025-12-23 17:30:00+00:00,187.9949951171875,187.9949951171875,0.0,188.47999572753906,187.77999877929688,188.22000122070312,0.0,10350335
2025-12-23 18:30:00+00:00,188.61810302734375,188.61810302734375,0.0,188.8000030517578,187.89999389648438,187.9949951171875,0.0,9891144
2025-12-23 19:30:00+00:00,188.78640747070312,188.78640747070312,0.0,188.86000061035156,188.3800048828125,188.61000061035156,0.0,9766022
2025-12-23 20:30:00+00:00,189.2100067138672,189.2100067138672,0.0,189.3300018310547,188.7100067138672,188.77999877929688,0.0,11919210
2025-12-23 21:00:00+00:00,188.7499,188.7499,0.0,189.39,183.4487,189.22,0.0,0
2025-12-23 22:00:00+00:00,188.6168,188.6168,0.0,189.21,180.4697,188.74,0.0,0
2025-12-23 23:00:00+00:00,188.5,188.5,0.0,188.61,188.28,188.61,0.0,0
2025-12-24 09:00:00+00:00,188.56,188.56,0.0,189.0,188.53,189.0,0.0,0
2025-12-24 10:00:00+00:00,188.35,188.35,0.0,188.9,188.27,188.55,0.0,0
2025-12-24 11:00:00+00:00,188.29,188.29,0.0,188.41,188.25,188.36,0.0,0
2025-12-24 12:00:00+00:00,188.45,188.45,0.0,188.56,188.15,188.29,0.0,0
2025-12-24 13:00:00+00:00,188.705,188.705,0.0,189.0,188.12,188.45,0.0,0
2025-12-24 14:00:00+00:00,187.95,187.95,0.0,188.77,184.265,188.71,0.0,0
2025-12-24 14:30:00+00:00,187.22999572753906,187.22999572753906,0.0,188.72000122070312,186.58999633789062,188.00010681152344,0.0,21232093
2025-12-24 15:30:00+00:00,187.94500732421875,187.94500732421875,0.0,188.02999877929688,186.95089721679688,187.22650146484375,0.0,10515515
2025-12-24 16:30:00+00:00,188.22500610351562,188.22500610351562,0.0,188.47999572753906,187.9199981689453,187.94500732421875,0.0,9095497
2025-12-24 18:00:00+00:00,188.27999877929688,188.27999877929688,0.0,189.2100067138672,187.11000061035156,188.22500610351562,0.0,0
2025-12-24 19:00:00+00:00,188.42,188.42,0.0,201.5415,175.7997,188.265,0.0,0
2025-12-24 20:00:00+00:00,188.325,188.325,0.0,188.44,188.31,188.43,0.0,0
2025-12-24 21:00:00+00:00,188.05,188.05,0.0,188.44,188.0,188.33,0.0,0
2025-12-26 09:00:00+00:00,189.83,189.83,0.0,190.19,189.5,190.19,0.0,0
2025-12-26 10:00:00+00:00,189.88,189.88,0.0,189.9,189.7,189.82,0.0,0
2025-12-26 11:00:00+00:00,189.74,189.74,0.0,189.96,189.71,189.82,0.0,0
2025-12-26 12:00:00+00:00,189.579,189.579,0.0,189.85,189.5,189.73,0.0,0
2025-12-26 13:00:00+00:00,190.1102,190.1102,0.0,190.27,188.139,189.58,0.0,0
2025-12-26 14:00:00+00:00,189.91,189.91,0.0,190.49,183.415,190.1284,0.0,0
2025-12-26 14:30:00+00:00,191.5800018310547,191.5800018310547,0.0,192.2899932861328,189.61000061035156,190.0,0.0,32978539
2025-12-26 15:30:00+00:00,191.02499389648438,191.02499389648438,0.0,192.19000244140625,190.8300018310547,191.57000732421875,0.0,13650116
2025-12-26 16:30:00+00:00,190.77969360351562,190.77969360351562,0.0,191.35000610351562,190.4600067138672,191.03700256347656,0.0,8711783
2025-12-26 17:30:00+00:00,191.53289794921875,191.53289794921875,0.0,191.55999755859375,190.6300048828125,190.77000427246094,0.0,10091526
2025-12-26 18:30:00+00:00,192.24000549316406,192.24000549316406,0.0,192.69000244140625,191.49000549316406,191.53500366210938,0.0,12249349
2025-12-26 19:30:00+00:00,191.42999267578125,191.42999267578125,0.0,192.30999755859375,191.38380432128906,192.24440002441406,0.0,8713789
2025-12-26 20:30:00+00:00,190.5399932861328,190.5399932861328,0.0,191.67300415039062,190.4199981689453,191.4199981689453,0.0,41818252
2025-12-26 21:00:00+00:00,190.2501,190.2501,0.0,201.5218,177.9765,190.54,0.0,0
2025-12-26 22:00:00+00:00,190.23,190.23,0.0,200.0397,177.7805,190.25,0.0,0
2025-12-26 23:00:00+00:00,190.14,190.14,0.0,201.5218,184.2823,190.2309,0.0,0
2025-12-29 09:00:00+00:00,188.3,188.3,0.0,189.75,187.87,188.4,0.0,0
2025-12-29 10:00:00+00:00,188.12,188.12,0.0,188.33,187.45,188.28,0.0,0
2025-12-29 11:00:00+00:00,188.08,188.08,0.0,188.44,187.7,188.13,0.0,0
2025-12-29 12:00:00+00:00,188.4,188.4,0.0,188.6,188.04,188.07,0.0,0
2025-12-29 13:00:00+00:00,188.301,188.301,0.0,190.89,187.44,188.42,0.0,0
2025-12-29 14:00:00+00:00,187.72,187.72,0.0,188.36,187.45,188.32,0.0,0
2025-12-29 14:30:00+00:00,187.2550048828125,187.2550048828125,0.0,188.7550048828125,185.91000366210938,187.6999969482422,0.0,29356608
2025-12-29 15:30:00+00:00,187.24459838867188,187.24459838867188,0.0,187.73500061035156,186.47999572753906,187.25999450683594,0.0,13079563
2025-12-29 16:30:00+00:00,186.8800048828125,186.8800048828125,0.0,187.5800018310547,186.7899932861328,187.24000549316406,0.0,7754465
2025-12-29 17:30:00+00:00,187.45989990234375,187.45989990234375,0.0,187.639892578125,186.80999755859375,186.87989807128906,0.0,6845200
2025-12-29 18:30:00+00:00,187.375,187.375,0.0,187.83999633789062,187.0500030517578,187.4550018310547,0.0,6599620
2025-12-29 19:30:00+00:00,187.96449279785156,187.96449279785156,0.0,188.10499572753906,187.3699951171875,187.3800048828125,0.0,7541351
2025-12-29 20:30:00+00:00,188.22999572753906,188.22999572753906,0.0,188.39999389648438,187.74009704589844,187.97000122070312,0.0,36852071
2025-12-29 21:00:00+00:00,188.04,188.04,0.0,190.53,175.8432,188.21,0.0,0
2025-12-29 22:00:00+00:00,187.9207,187.9207,0.0,188.22,176.8173,188.04,0.0,0
2025-12-29 23:00:00+00:00,187.71,187.71,0.0,187.99,187.68,187.9607,0.0,0
2025-12-30 09:00:00+00:00,188.16,188.16,0.0,188.16,187.84,187.84,0.0,0
2025-12-30 10:00:00+00:00,187.94,187.94,0.0,188.16,187.93,188.16,0.0,0
2025-12-30 11:00:00+00:00,188.02,188.02,0.0,188.15,187.9,187.95,0.0,0
2025-12-30 12:00:00+00:00,188.51,188.51,0.0,188.7,188.02,188.04,0.0,0
2025-12-30 13:00:00+00:00,188.52,188.52,0.0,188.7,187.27,188.54,0.0,0
2025-12-30 14:00:00+00:00,188.26,188.26,0.0,190.15,188.2,188.52,0.0,0
2025-12-30 14:30:00+00:00,187.17030334472656,187.17030334472656,0.0,188.92999267578125,186.92999267578125,188.45770263671875,0.0,19456481
2025-12-30 15:30:00+00:00,188.25999450683594,188.25999450683594,0.0,188.50999450683594,187.10499572753906,187.1699981689453,0.0,11898733
2025-12-30 16:30:00+00:00,187.90989685058594,187.90989685058594,0.0,188.41000366210938,187.72999572753906,188.25,0.0,7392734
2025-12-30 17:30:00+00:00,188.21600341796875,188.21600341796875,0.0,188.25,187.6999969482422,187.90499877929688,0.0,6543003
2025-12-30 18:30:00+00:00,188.15420532226562,188.15420532226562,0.0,188.35499572753906,187.9001007080078,188.2100067138672,0.0,5905084
2025-12-30 19:30:00+00:00,187.5800018310547,187.5800018310547,0.0,188.1999969482422,187.41000366210938,188.14999389648438,0.0,7428329
2025-12-30 20:30:00+00:00,187.5500030517578,187.5500030517578,0.0,187.9250030517578,187.5,187.5800018310547,0.0,5948220
2025-12-30 21:00:00+00:00,187.24,187.24,0.0,188.22,174.229,187.54,0.0,0
2025-12-30 22:00:00+00:00,187.27,187.27,0.0,187.54,174.229,187.23,0.0,0
2025-12-30 23:00:00+00:00,187.23,187.23,0.0,187.3785,187.15,187.27,0.0,0
2025-12-31 09:00:00+00:00,186.86,186.86,0.0,187.19,186.8,187.19,0.0,0
2025-12-31 10:00:00+00:00,186.91,186.91,0.0,186.91,186.59,186.8,0.0,0
2025-12-31 11:00:00+00:00,187.69,187.69,0.0,187.69,186.79,186.92,0.0,0
2025-12-31 12:00:00+00:00,188.2,188.2,0.0,188.33,187.61,187.68,0.0,0
2025-12-31 13:00:00+00:00,188.77,188.77,0.0,188.89,186.48,188.19,0.0,0
2025-12-31 14:00:00+00:00,189.6016,189.6016,0.0,189.91,181.3,188.78,0.0,0
2025-12-31 14:30:00+00:00,189.01499938964844,189.01499938964844,0.0,190.55999755859375,188.08999633789062,189.47000122070312,0.0,24722821
2025-12-31 15:30:00+00:00,188.8459930419922,188.8459930419922,0.0,189.13999938964844,188.158203125,189.00999450683594,0.0,10366144
2025-12-31 16:30:00+00:00,188.91990661621094,188.91990661621094,0.0,189.27999877929688,188.67999267578125,188.84500122070312,0.0,8109664
2025-12-31 17:30:00+00:00,188.97000122070312,188.97000122070312,0.0,189.02000427246094,188.5,188.91600036621094,0.0,6642986
2025-12-31 18:30:00+00:00,188.0449981689453,188.0449981689453,0.0,189.05499267578125,188.00999450683594,188.96499633789062,0.0,7697467
2025-12-31 19:30:00+00:00,187.13499450683594,187.13499450683594,0.0,188.0998992919922,187.08999633789062,188.0500030517578,0.0,8876958
2025-12-31 20:30:00+00:00,186.49000549316406,186.49000549316406,0.0,187.47000122070312,186.49000549316406,187.13999938964844,0.0,8547159
2025-12-31 21:00:00+00:00,186.55,186.55,0.0,190.8448,175.7997,186.5,0.0,0
2025-12-31 22:00:00+00:00,186.58,186.58,0.0,190.8448,174.4123,186.5687,0.0,0
2025-12-31 23:00:00+00:00,186.53,186.53,0.0,186.62,186.51,186.6,0.0,0
2026-01-02 09:00:00+00:00,190.15,190.15,0.0,190.25,188.61,189.24,0.0,0
2026-01-02 10:00:00+00:00,190.01,190.01,0.0,190.27,190.0,190.1,0.0,0
2026-01-02 11:00:00+00:00,189.86,189.86,0.0,190.01,189.75,190.01,0.0,0
2026-01-02 12:00:00+00:00,189.41,189.41,0.0,190.05,189.31,189.88,0.0,0
2026-01-02 13:00:00+00:00,189.1301,189.1301,0.0,190.28,186.5,189.41,0.0,0
2026-01-02 14:00:00+00:00,189.8327,189.8327,0.0,189.94,186.5,189.1316,0.0,0
2026-01-02 14:30:00+00:00,190.58900451660156,190.58900451660156,0.0,192.92990112304688,189.7301025390625,190.17999267578125,0.0,32940503
2026-01-02 15:30:00+00:00,189.59939575195312,189.59939575195312,0.0,191.73500061035156,188.2899932861328,190.57000732421875,0.0,18539784
2026-01-02 16:30:00+00:00,189.47999572753906,189.47999572753906,0.0,190.06500244140625,189.0800018310547,189.60000610351562,0.0,9782720
2026-01-02 17:30:00+00:00,189.3616943359375,189.3616943359375,0.0,189.94000244140625,189.16000366210938,189.5,0.0,8182942
2026-01-02 18:30:00+00:00,189.20570373535156,189.20570373535156,0.0,189.6999969482422,188.25999450683594,189.3699951171875,0.0,10067165
2026-01-02 19:30:00+00:00,188.9550018310547,188.9550018310547,0.0,189.6199951171875,188.5500030517578,189.2050018310547,0.0,9185520
2026-01-02 20:30:00+00:00,188.80990600585938,188.80990600585938,0.0,189.0399932861328,188.47999572753906,188.9499969482422,0.0,7525907
2026-01-02 21:00:00+00:00,188.65,188.65,0.0,193.3398,186.5,188.8,0.0,0
2026-01-02 22:00:00+00:00,188.78,188.78,0.0,188.85,181.3361,188.66,0.0,0
2026-01-02 23:00:00+00:00,188.935,188.935,0.0,188.95,188.75,188.78,0.0,0
2026-01-05 09:00:00+00:00,190.2,190.2,0.0,190.41,189.59,189.91,0.0,0
2026-01-05 10:00:00+00:00,190.38,190.38,0.0,190.49,190.0,190.17,0.0,0
2026-01-05 11:00:00+00:00,191.12,191.12,0.0,191.19,190.24,190.31,0.0,0
2026-01-05 12:00:00+00:00,191.47,191.47,0.0,191.84,190.91,191.06,0.0,0
2026-01-05 13:00:00+00:00,191.415,191.415,0.0,191.84,188.378,191.47,0.0,0
2026-01-05 14:00:00+00:00,191.73,191.73,0.0,192.25,191.25,191.41,0.0,0
2026-01-05 14:30:00+00:00,190.0749969482422,190.0749969482422,0.0,193.6300048828125,189.38999938964844,192.75,0.0,32125631
2026-01-05 15:30:00+00:00,190.19000244140625,190.19000244140625,0.0,190.88999938964844,189.25999450683594,190.07000732421875,0.0,16588778
2026-01-05 16:30:00+00:00,187.6199951171875,187.6199951171875,0.0,190.49000549316406,187.07000732421875,190.18499755859375,0.0,18571029
2026-01-05 17:30:00+00:00,187.78500366210938,187.78500366210938,0.0,188.10000610351562,186.9949951171875,187.61000061035156,0.0,13995168
2026-01-05 18:30:00+00:00,186.64320373535156,186.64320373535156,0.0,188.24000549316406,186.3800048828125,187.77999877929688,0.0,13535787
2026-01-05 19:30:00+00:00,187.47000122070312,187.47000122070312,0.0,187.57000732421875,186.14999389648438,186.64999389648438,0.0,14354077
2026-01-05 20:30:00+00:00,188.11000061035156,188.11000061035156,0.0,188.16000366210938,187.27999877929688,187.47000122070312,0.0,11088428
2026-01-05 21:00:00+00:00,187.59,187.59,0.0,199.0555,187.32,188.1167,0.0,0
2026-01-05 22:00:00+00:00,187.6468,187.6468,0.0,199.8468,177.8272,187.55,0.0,0
2026-01-05 23:00:00+00:00,187.89,187.89,0.0,188.12,187.45,187.64,0.0,0
2026-01-06 09:00:00+00:00,188.37,188.37,0.0,189.04,188.17,189.04,0.0,0
2026-01-06 10:00:00+00:00,189.21,189.21,0.0,189.36,188.38,188.38,0.0,0
2026-01-06 11:00:00+00:00,189.1,189.1,0.0,189.49,189.02,189.21,0.0,0
2026-01-06 12:00:00+00:00,189.3,189.3,0.0,189.36,189.01,189.15,0.0,0
2026-01-06 13:00:00+00:00,189.55,189.55,0.0,189.6902,188.12,189.33,0.0,0
2026-01-06 14:00:00+00:00,190.5097,190.5097,0.0,190.73,186.5,189.5484,0.0,0
2026-01-06 14:30:00+00:00,191.39999389648438,191.39999389648438,0.0,192.1739959716797,188.97999572753906,190.5,0.0,34692681
2026-01-06 15:30:00+00:00,188.58999633789062,188.58999633789062,0.0,191.52499389648438,187.8699951171875,191.3896026611328,0.0,21434069
2026-01-06 16:30:00+00:00,189.03990173339844,189.03990173339844,0.0,190.02999877929688,188.39500427246094,188.58999633789062,0.0,16404130
2026-01-06 17:30:00+00:00,188.2899932861328,188.2899932861328,0.0,189.6999969482422,188.27000427246094,189.0399932861328,0.0,10313216
2026-01-06 18:30:00+00:00,187.9600067138672,187.9600067138672,0.0,188.3000030517578,187.52000427246094,188.17999267578125,0.0,11187185
2026-01-06 19:30:00+00:00,186.94000244140625,186.94000244140625,0.0,188.27999877929688,186.87010192871094,188.0500030517578,0.0,11264316
2026-01-06 20:30:00+00:00,187.25,187.25,0.0,187.64999389648438,186.82000732421875,186.94000244140625,0.0,6829507
2026-01-06 21:00:00+00:00,187.725,187.725,0.0,187.85,177.952,187.53,0.0,0
2026-01-06 22:00:00+00:00,187.99,187.99,0.0,187.99,180.4697,187.71,0.0,0
2026-01-06 23:00:00+00:00,188.1792,188.1792,0.0,189.371,187.24,187.99,0.0,0
2026-01-07 09:00:00+00:00,187.64,187.64,0.0,187.88,187.16,187.72,0.0,0
2026-01-07 10:00:00+00:00,187.45,187.45,0.0,187.87,187.41,187.69,0.0,0
2026-01-07 11:00:00+00:00,187.4,187.4,0.0,187.53,186.86,187.45,0.0,0
2026-01-07 12:00:00+00:00,188.46,188.46,0.0,188.51,187.4,187.4,0.0,0
2026-01-07 13:00:00+00:00,188.212,188.212,0.0,188.52,186.86,188.5,0.0,0
2026-01-07 14:00:00+00:00,188.61,188.61,0.0,191.775,187.6,188.2148,0.0,0
2026-01-07 14:30:00+00:00,191.01499938964844,191.01499938964844,0.0,191.36000061035156,186.55999755859375,188.57000732421875,0.0,32512869
2026-01-07 15:30:00+00:00,189.5800018310547,189.5800018310547,0.0,191.0709991455078,188.47000122070312,191.02000427246094,0.0,20307873
2026-01-07 16:30:00+00:00,190.0030059814453,190.0030059814453,0.0,190.60000610351562,189.46499633789062,189.57000732421875,0.0,10444458
2026-01-07 17:30:00+00:00,189.625,189.625,0.0,190.2100067138672,189.5800018310547,190.0050048828125,0.0,6648717
2026-01-07 18:30:00+00:00,189.2801055908203,189.2801055908203,0.0,190.0,189.1999969482422,189.625,0.0,8125097
2026-01-07 19:30:00+00:00,188.99000549316406,188.99000549316406,0.0,189.77999877929688,188.75,189.28500366210938,0.0,8539006
2026-01-07 20:30:00+00:00,189.24000549316406,189.24000549316406,0.0,189.25999450683594,188.77499389648438,188.97999572753906,0.0,6965360
2026-01-07 21:00:00+00:00,189.12,189.12,0.0,199.2898,177.9856,189.25,0.0,0
2026-01-07 22:00:00+00:00,189.1492,189.1492,0.0,201.5415,177.9856,189.12,0.0,0
2026-01-07 23:00:00+00:00,189.0312,189.0312,0.0,189.19,189.0,189.135,0.0,0
2026-01-08 09:00:00+00:00,189.67,189.67,0.0,190.25,189.5,189.68,0.0,0
2026-01-08 10:00:00+00:00,189.51,189.51,0.0,189.83,189.43,189.69,0.0,0
2026-01-08 11:00:00+00:00,189.97,189.97,0.0,190.1,189.43,189.43,0.0,0
2026-01-08 12:00:00+00:00,189.99,189.99,0.0,190.28,189.44,189.96,0.0,0
2026-01-08 13:00:00+00:00,189.88,189.88,0.0,190.8,187.73,189.91,0.0,0
2026-01-08 14:00:00+00:00,189.11,189.11,0.0,189.98,189.0,189.88,0.0,0
2026-01-08 14:30:00+00:00,186.10000610351562,186.10000610351562,0.0,189.3800048828125,184.66009521484375,189.0,0.0,31476671
2026-01-08 15:30:00+00:00,184.8800048828125,184.8800048828125,0.0,186.9499969482422,184.6199951171875,186.0800018310547,0.0,20521041
2026-01-08 16:30:00+00:00,184.25579833984375,184.25579833984375,0.0,185.44500732421875,184.05999755859375,184.8699951171875,0.0,12549620
2026-01-08 17:30:00+00:00,184.75,184.75,0.0,184.8800048828125,183.8300018310547,184.2550048828125,0.0,11927382
2026-01-08 18:30:00+00:00,184.14999389648438,184.14999389648438,0.0,184.88999938964844,183.7100067138672,184.74000549316406,0.0,10808506
2026-01-08 19:30:00+00:00,185.18649291992188,185.18649291992188,0.0,185.27000427246094,184.13999938964844,184.15499877929688,0.0,11122410
2026-01-08 20:30:00+00:00,185.1300048828125,185.1300048828125,0.0,185.33999633789062,184.64999389648438,185.2100067138672,0.0,51790464
2026-01-08 21:00:00+00:00,185.11,185.11,0.0,185.35,177.9765,185.04,0.0,0
2026-01-08 22:00:00+00:00,185.23,185.23,0.0,197.3853,173.9552,185.11,0.0,0
2026-01-08 23:00:00+00:00,185.03,185.03,0.0,185.29,185.03,185.23,0.0,0
2026-01-09 09:00:00+00:00,185.66,185.66,0.0,185.67,184.88,184.88,0.0,0
2026-01-09 10:00:00+00:00,185.75,185.75,0.0,185.9,185.54,185.65,0.0,0
2026-01-09 11:00:00+00:00,185.62,185.62,0.0,185.89,185.45,185.75,0.0,0
2026-01-09 12:00:00+00:00,185.6,185.6,0.0,187.0,185.54,185.67,0.0,0
2026-01-09 13:00:00+00:00,185.7605,185.7605,0.0,187.0,185.0,185.61,0.0,0
2026-01-09 14:00:00+00:00,185.03,185.03,0.0,186.24,184.86,185.8,0.0,0
2026-01-09 14:30:00+00:00,184.96200561523438,184.96200561523438,0.0,185.82000732421875,183.67010498046875,185.0,0.0,24696951
2026-01-09 15:30:00+00:00,185.30999755859375,185.30999755859375,0.0,185.61000061035156,184.30999755859375,184.99000549316406,0.0,13379947
2026-01-09 16:30:00+00:00,184.9541015625,184.9541015625,0.0,185.6999969482422,184.69000244140625,185.30499267578125,0.0,9302538
2026-01-09 17:30:00+00:00,185.18499755859375,185.18499755859375,0.0,185.22999572753906,184.63999938964844,184.9499969482422,0.0,8385501
2026-01-09 18:30:00+00:00,185.88009643554688,185.88009643554688,0.0,186.33999633789062,185.0800018310547,185.18499755859375,0.0,10340638
2026-01-09 19:30:00+00:00,185.55499267578125,185.55499267578125,0.0,186.0800018310547,185.50999450683594,185.88499450683594,0.0,8241985
2026-01-09 20:30:00+00:00,184.85000610351562,184.85000610351562,0.0,185.63999938964844,184.80999755859375,185.5500030517578,0.0,7572604
2026-01-09 21:00:00+00:00,185.0199,185.0199,0.0,192.8472,172.4339,184.86,0.0,0
2026-01-09 22:00:00+00:00,184.9803,184.9803,0.0,185.04,175.3419,185.02,0.0,0
2026-01-09 23:00:00+00:00,184.9,184.9,0.0,185.02,184.9,184.98,0.0,0
2026-01-12 09:00:00+00:00,182.61,182.61,0.0,183.01,182.55,182.74,0.0,0
2026-01-12 10:00:00+00:00,182.69,182.69,0.0,182.78,182.46,182.62,0.0,0
2026-01-12 11:00:00+00:00,182.71,182.71,0.0,182.86,182.4,182.7,0.0,0
2026-01-12 12:00:00+00:00,182.96,182.96,0.0,183.16,182.6,182.69,0.0,0
2026-01-12 13:00:00+00:00,183.23,183.23,0.0,183.43,182.3792,182.95,0.0,0
2026-01-12 14:00:00+00:00,183.3,183.3,0.0,183.6007,182.95,183.2207,0.0,0
2026-01-12 14:30:00+00:00,184.6199951171875,184.6199951171875,0.0,186.1999969482422,183.0200958251953,183.19000244140625,0.0,22194605
2026-01-12 15:30:00+00:00,185.23989868164062,185.23989868164062,0.0,185.28500366210938,183.72999572753906,184.61549377441406,0.0,13447414
2026-01-12 16:30:00+00:00,186.28500366210938,186.28500366210938,0.0,186.89500427246094,184.63999938964844,185.23500061035156,0.0,12658198
2026-01-12 17:30:00+00:00,186.7801055908203,186.7801055908203,0.0,186.8800048828125,185.8000030517578,186.27999877929688,0.0,9970852
2026-01-12 18:30:00+00:00,186.99000549316406,186.99000549316406,0.0,187.1199951171875,186.51499938964844,186.77999877929688,0.0,9084157
2026-01-12 19:30:00+00:00,186.00999450683594,186.00999450683594,0.0,187.0,185.92010498046875,186.99240112304688,0.0,8960960
2026-01-12 20:30:00+00:00,184.89999389648438,184.89999389648438,0.0,186.03750610351562,184.5500030517578,186.0050048828125,0.0,7250258
2026-01-12 21:00:00+00:00,184.83,184.83,0.0,185.12,175.8432,184.89,0.0,0
2026-01-12 22:00:00+00:00,184.9799,184.9799,0.0,250.4368,168.1535,184.85,0.0,0
2026-01-12 23:00:00+00:00,184.74,184.74,0.0,185.02,184.7,184.95,0.0,0
2026-01-13 09:00:00+00:00,185.6,185.6,0.0,185.67,184.91,184.95,0.0,0
2026-01-13 10:00:00+00:00,185.21,185.21,0.0,185.64,185.16,185.55,0.0,0
2026-01-13 11:00:00+00:00,185.45,185.45,0.0,185.73,185.22,185.22,0.0,0
2026-01-13 12:00:00+00:00,184.94,184.94,0.0,185.5,184.74,185.44,0.0,0
2026-01-13 13:00:00+00:00,185.19,185.19,0.0,185.74,184.478,184.95,0.0,0
2026-01-13 14:00:00+00:00,184.97,184.97,0.0,186.09,184.67,185.18,0.0,0
2026-01-13 14:30:00+00:00,183.91749572753906,183.91749572753906,0.0,185.13999938964844,183.6313018798828,184.9600067138672,0.0,23396967
2026-01-13 15:30:00+00:00,185.22999572753906,185.22999572753906,0.0,185.8000030517578,183.41000366210938,183.91000366210938,0.0,17247104
2026-01-13 16:30:00+00:00,186.39999389648438,186.39999389648438,0.0,188.10989379882812,185.08999633789062,185.24000549316406,0.0,18595078
2026-01-13 17:30:00+00:00,185.0699005126953,185.0699005126953,0.0,186.5865020751953,184.58999633789062,186.39999389648438,0.0,12037560
2026-01-13 18:30:00+00:00,184.78990173339844,184.78990173339844,0.0,185.1699981689453,184.42999267578125,185.07000732421875,0.0,9161964
2026-01-13 19:30:00+00:00,184.72000122070312,184.72000122070312,0.0,184.8800048828125,184.21499633789062,184.77999877929688,0.0,10894475
2026-01-13 20:30:00+00:00,185.82000732421875,185.82000732421875,0.0,185.85000610351562,184.50010681152344,184.7227020263672,0.0,9301670
2026-01-13 21:00:00+00:00,185.5,185.5,0.0,185.99,174.229,185.81,0.0,0
2026-01-13 22:00:00+00:00,185.8485,185.8485,0.0,233.0062,131.6111,185.49,0.0,0
2026-01-13 23:00:00+00:00,185.77,185.77,0.0,185.9,185.65,185.85,0.0,0
2026-01-14 09:00:00+00:00,185.03,185.03,0.0,185.43,185.0,185.33,0.0,0
2026-01-14 10:00:00+00:00,184.25,184.25,0.0,185.13,184.03,185.03,0.0,0
2026-01-14 14:30:00+00:00,181.6750030517578,181.6750030517578,0.0,184.0,180.91000366210938,183.78500366210938,0.0,31179261
2026-01-14 15:30:00+00:00,181.98500061035156,181.98500061035156,0.0,182.6300048828125,181.23500061035156,181.65460205078125,0.0,13745617
2026-01-14 16:30:00+00:00,182.10000610351562,182.10000610351562,0.0,182.1300048828125,181.3625030517578,181.99169921875,0.0,10577549
2026-01-14 17:30:00+00:00,182.22000122070312,182.22000122070312,0.0,182.32000732421875,181.5449981689453,182.08999633789062,0.0,9658660
2026-01-14 18:30:00+00:00,181.82000732421875,181.82000732421875,0.0,182.25,181.5500946044922,182.22000122070312,0.0,8195076
2026-01-14 19:30:00+00:00,182.14999389648438,182.14999389648438,0.0,182.61000061035156,180.8300018310547,181.83999633789062,0.0,12799407
2026-01-14 20:30:00+00:00,183.1699981689453,183.1699981689453,0.0,183.3300018310547,182.07000732421875,182.14999389648438,0.0,10193733
2026-01-14 21:00:00+00:00,182.9962,182.9962,0.0,190.8448,180.627,183.2,0.0,0
2026-01-14 22:00:00+00:00,182.76,182.76,0.0,190.8448,170.304,182.9361,0.0,0
2026-01-15 09:00:00+00:00,185.36,185.36,0.0,186.5,183.49,186.5,0.0,0
2026-01-15 10:00:00+00:00,185.7,185.7,0.0,185.75,185.18,185.36,0.0,0
2026-01-15 14:30:00+00:00,187.60000610351562,187.60000610351562,0.0,189.17999267578125,186.38499450683594,186.86000061035156,0.0,41062050
2026-01-15 15:30:00+00:00,187.5200958251953,187.5200958251953,0.0,188.5500030517578,186.83009338378906,187.60000610351562,0.0,15913647
2026-01-15 16:30:00+00:00,188.61349487304688,188.61349487304688,0.0,189.2899932861328,187.3300018310547,187.50999450683594,0.0,17182601
2026-01-15 17:30:00+00:00,189.2301025390625,189.2301025390625,0.0,189.24000549316406,188.14999389648438,188.6199951171875,0.0,11251165
2026-01-15 18:30:00+00:00,188.39500427246094,188.39500427246094,0.0,189.6999969482422,188.23500061035156,189.22999572753906,0.0,13200932
2026-01-15 19:30:00+00:00,187.4250030517578,187.4250030517578,0.0,189.38499450683594,187.17999267578125,188.38999938964844,0.0,16006085
2026-01-15 20:30:00+00:00,187.13999938964844,187.13999938964844,0.0,187.52999877929688,186.3300018310547,187.4199981689453,0.0,11812011
2026-01-15 21:00:00+00:00,187.25,187.25,0.0,193.3398,181.3361,187.16,0.0,0
2026-01-15 22:00:00+00:00,187.43,187.43,0.0,187.5,187.05,187.255,0.0,0
2026-01-15 23:00:00+00:00,187.5012,187.5012,0.0,187.73,187.42,187.4492,0.0,0
2026-01-16 09:00:00+00:00,188.86,188.86,0.0,188.93,188.37,188.47,0.0,0
2026-01-16 10:00:00+00:00,188.97,188.97,0.0,189.27,188.35,188.87,0.0,0
2026-01-16 14:30:00+00:00,187.63839721679688,187.63839721679688,0.0,190.44000244140625,187.62010192871094,188.83999633789062,0.0,38626121
2026-01-16 15:30:00+00:00,187.99000549316406,187.99000549316406,0.0,188.1696014404297,187.08999633789062,187.63009643554688,0.0,14426542
2026-01-16 16:30:00+00:00,188.02999877929688,188.02999877929688,0.0,188.375,187.6300048828125,187.98500061035156,0.0,10840609
2026-01-16 17:30:00+00:00,187.93499755859375,187.93499755859375,0.0,188.25,187.42999267578125,188.02000427246094,0.0,10212531
2026-01-16 18:30:00+00:00,187.69000244140625,187.69000244140625,0.0,188.4136962890625,187.64500427246094,187.94000244140625,0.0,8760813
2026-01-16 19:30:00+00:00,187.74000549316406,187.74000549316406,0.0,188.02499389648438,187.61500549316406,187.6800994873047,0.0,9080726
2026-01-16 20:30:00+00:00,186.22999572753906,186.22999572753906,0.0,187.86000061035156,186.0800018310547,187.74000549316406,0.0,11380197
2026-01-16 21:00:00+00:00,186.3491,186.3491,0.0,186.45,186.105,186.23,0.0,0
2026-01-16 22:00:00+00:00,186.285,186.285,0.0,186.35,186.22,186.35,0.0,0
2026-01-20 09:00:00+00:00,180.3,180.3,0.0,183.42,180.28,181.49,0.0,0
2026-01-20 10:00:00+00:00,181.47,181.47,0.0,181.52,180.01,180.28,0.0,0
2026-01-20 11:00:00+00:00,181.61,181.61,0.0,181.86,181.16,181.55,0.0,0
2026-01-20 12:00:00+00:00,182.37,182.37,0.0,182.89,181.5,181.64,0.0,0
2026-01-20 13:00:00+00:00,182.11,182.11,0.0,186.23,180.01,182.36,0.0,0
2026-01-20 14:00:00+00:00,181.91,181.91,0.0,185.76,180.8,182.095,0.0,0
2026-01-20 14:30:00+00:00,180.8000030517578,180.8000030517578,0.0,182.375,179.58999633789062,181.89999389648438,0.0,43771661
2026-01-20 15:30:00+00:00,180.3199005126953,180.3199005126953,0.0,181.62269592285156,179.81500244140625,180.77000427246094,0.0,22206399
2026-01-20 16:30:00+00:00,180.0198974609375,180.0198974609375,0.0,180.47999572753906,179.55999755859375,180.31500244140625,0.0,17266194
2026-01-20 17:30:00+00:00,179.52000427246094,179.52000427246094,0.0,180.08999633789062,179.27000427246094,180.00999450683594,0.0,11847931
2026-01-20 18:30:00+00:00,179.43499755859375,179.43499755859375,0.0,179.97999572753906,178.89999389648438,179.5,0.0,12605910
2026-01-20 19:30:00+00:00,178.4949951171875,178.4949951171875,0.0,179.63999938964844,178.35499572753906,179.41000366210938,0.0,12805916
2026-01-20 20:30:00+00:00,178.2100067138672,178.2100067138672,0.0,178.92999267578125,177.6199951171875,178.4949951171875,0.0,15204088
2026-01-20 21:00:00+00:00,178.75,178.75,0.0,189.11,169.9272,178.23,0.0,0
2026-01-20 22:00:00+00:00,178.87,178.87,0.0,190.0723,167.5459,178.75,0.0,0
2026-01-20 23:00:00+00:00,178.74,178.74,0.0,190.0723,167.5459,178.89,0.0,0
2026-01-21 09:00:00+00:00,179.48,179.48,0.0,179.94,179.36,179.85,0.0,0
2026-01-21 10:00:00+00:00,179.51,179.51,0.0,179.52,178.85,179.44,0.0,0
2026-01-21 11:00:00+00:00,179.3,179.3,0.0,179.71,179.07,179.51,0.0,0
2026-01-21 12:00:00+00:00,178.23,178.23,0.0,180.25,177.93,179.34,0.0,0
2026-01-21 13:00:00+00:00,178.7679,178.7679,0.0,180.28,177.92,178.221,0.0,0
2026-01-21 14:00:00+00:00,179.08,179.08,0.0,181.955,178.28,178.73,0.0,0
2026-01-21 14:30:00+00:00,180.80999755859375,180.80999755859375,0.0,180.96009826660156,178.39999389648438,179.0500030517578,0.0,29335836
2026-01-21 15:30:00+00:00,182.73550415039062,182.73550415039062,0.0,183.74000549316406,180.6999969482422,180.80999755859375,0.0,20623670
2026-01-21 16:30:00+00:00,179.43499755859375,179.43499755859375,0.0,182.75,179.35000610351562,182.72000122070312,0.0,17371067
2026-01-21 17:30:00+00:00,180.2449951171875,180.2449951171875,0.0,180.50999450683594,179.19500732421875,179.43499755859375,0.0,11214251
2026-01-21 18:30:00+00:00,182.97999572753906,182.97999572753906,0.0,183.08999633789062,180.14010620117188,180.26010131835938,0.0,11543309
2026-01-21 19:30:00+00:00,183.7899932861328,183.7899932861328,0.0,185.37899780273438,182.86000061035156,182.97999572753906,0.0,23163020
2026-01-21 20:30:00+00:00,183.32000732421875,183.32000732421875,0.0,184.72000122070312,183.18499755859375,183.77999877929688,0.0,12393974
2026-01-21 21:00:00+00:00,183.41,183.41,0.0,184.855,177.86,183.34,0.0,0
2026-01-21 22:00:00+00:00,183.98,183.98,0.0,185.5528,171.2796,183.425,0.0,0
2026-01-21 23:00:00+00:00,183.8085,183.8085,0.0,194.2784,171.4544,183.97,0.0,0
2026-01-22 09:00:00+00:00,185.23,185.23,0.0,185.38,184.98,185.0,0.0,0
2026-01-22 10:00:00+00:00,184.83,184.83,0.0,185.5,184.68,185.22,0.0,0
2026-01-22 11:00:00+00:00,184.86,184.86,0.0,185.16,184.7,184.85,0.0,0
2026-01-22 12:00:00+00:00,184.93,184.93,0.0,185.049,184.53,184.85,0.0,0
2026-01-22 13:00:00+00:00,184.81,184.81,0.0,185.5,183.32,184.9,0.0,0
2026-01-22 14:00:00+00:00,184.729,184.729,0.0,184.99,184.36,184.83,0.0,0
2026-01-22 14:30:00+00:00,184.8699951171875,184.8699951171875,0.0,186.16000366210938,183.92999267578125,184.7449951171875,0.0,28406345
2026-01-22 15:30:00+00:00,185.73550415039062,185.73550415039062,0.0,185.8350067138672,184.47999572753906,184.8699951171875,0.0,12426040
2026-01-22 16:30:00+00:00,184.97500610351562,184.97500610351562,0.0,186.1699981689453,184.66000366210938,185.73399353027344,0.0,12791084
2026-01-22 17:30:00+00:00,184.72549438476562,184.72549438476562,0.0,185.23500061035156,184.4149932861328,184.97999572753906,0.0,10627960
2026-01-22 18:30:00+00:00,184.65499877929688,184.65499877929688,0.0,184.8800048828125,184.2805938720703,184.7100067138672,0.0,7722254
2026-01-22 19:30:00+00:00,184.11000061035156,184.11000061035156,0.0,184.86000061035156,184.08999633789062,184.64999389648438,0.0,9579552
2026-01-22 20:30:00+00:00,184.8300018310547,184.8300018310547,0.0,184.8699951171875,183.92999267578125,184.10000610351562,0.0,7630030
2026-01-22 21:00:00+00:00,184.27,184.27,0.0,187.7959,173.9552,184.84,0.0,0
2026-01-22 22:00:00+00:00,184.11,184.11,0.0,193.1195,171.2708,184.84,0.0,0
2026-01-22 23:00:00+00:00,184.1092,184.1092,0.0,184.84,183.9,184.04,0.0,0
2026-01-23 09:00:00+00:00,184.1,184.1,0.0,184.5,184.04,184.25,0.0,0
2026-01-23 10:00:00+00:00,183.79,183.79,0.0,184.09,183.5,184.09,0.0,0
2026-01-23 11:00:00+00:00,188.15,188.15,0.0,189.0,183.73,183.79,0.0,0
2026-01-23 12:00:00+00:00,187.79,187.79,0.0,188.47,186.88,188.19,0.0,0
2026-01-23 13:00:00+00:00,186.4179,186.4179,0.0,188.98,183.5,187.78,0.0,0
2026-01-23 14:00:00+00:00,187.5006,187.5006,0.0,187.64,186.38,186.4179,0.0,0
2026-01-23 14:30:00+00:00,187.65499877929688,187.65499877929688,0.0,189.60000610351562,186.82330322265625,187.48500061035156,0.0,31955472
2026-01-23 15:30:00+00:00,187.75999450683594,187.75999450683594,0.0,188.08999633789062,187.1300048828125,187.64500427246094,0.0,11124846
2026-01-23 16:30:00+00:00,187.74009704589844,187.74009704589844,0.0,188.23609924316406,187.19500732421875,187.75,0.0,10929600
2026-01-23 17:30:00+00:00,187.89500427246094,187.89500427246094,0.0,188.09500122070312,187.14500427246094,187.75,0.0,9086987
2026-01-23 18:30:00+00:00,187.8300018310547,187.8300018310547,0.0,188.41000366210938,187.51499938964844,187.89999389648438,0.0,8542009
2026-01-23 19:30:00+00:00,187.22999572753906,187.22999572753906,0.0,188.02999877929688,187.11000061035156,187.80999755859375,0.0,9352649
2026-01-23 20:30:00+00:00,187.6699981689453,187.6699981689453,0.0,187.9149932861328,187.13999938964844,187.22000122070312,0.0,7833862
2026-01-23 21:00:00+00:00,187.475,187.475,0.0,192.8472,177.7805,187.65,0.0,0
2026-01-23 22:00:00+00:00,187.235,187.235,0.0,200.0397,175.3419,187.47,0.0,0
2026-01-23 23:00:00+00:00,187.25,187.25,0.0,187.3,187.21,187.2399,0.0,0
2026-01-26 09:00:00+00:00,186.42,186.42,0.0,187.11,186.35,187.1,0.0,0
2026-01-26 10:00:00+00:00,186.38,186.38,0.0,186.49,185.7,186.48,0.0,0
2026-01-26 11:00:00+00:00,186.21,186.21,0.0,186.5,186.01,186.39,0.0,0
2026-01-26 12:00:00+00:00,186.25,186.25,0.0,186.56,186.05,186.16,0.0,0
2026-01-26 13:00:00+00:00,186.44,186.44,0.0,187.67,185.68,186.2,0.0,0
2026-01-26 14:00:00+00:00,187.185,187.185,0.0,187.22,186.3,186.45,0.0,0
2026-01-26 14:30:00+00:00,187.3459930419922,187.3459930419922,0.0,189.1199951171875,186.85000610351562,187.07000732421875,0.0,26709879
2026-01-26 15:30:00+00:00,186.80499267578125,186.80499267578125,0.0,187.61000061035156,186.00999450683594,187.33450317382812,0.0,14032874
2026-01-26 16:30:00+00:00,186.66000366210938,186.66000366210938,0.0,187.24000549316406,186.44000244140625,186.7899932861328,0.0,8942861
2026-01-26 17:30:00+00:00,186.42999267578125,186.42999267578125,0.0,186.7100067138672,185.99000549316406,186.63999938964844,0.0,8131157
2026-01-26 18:30:00+00:00,186.5749969482422,186.5749969482422,0.0,187.0800018310547,186.41000366210938,186.41000366210938,0.0,7632265
2026-01-26 19:30:00+00:00,186.44500732421875,186.44500732421875,0.0,186.67999267578125,186.0,186.56869506835938,0.0,7964393
2026-01-26 20:30:00+00:00,186.38999938964844,186.38999938964844,0.0,186.8000030517578,186.24000549316406,186.4499969482422,0.0,6378125
2026-01-26 21:00:00+00:00,186.275,186.275,0.0,186.47,173.8012,186.36,0.0,0
2026-01-26 22:00:00+00:00,186.36,186.36,0.0,186.47,176.8173,186.27,0.0,0
2026-01-26 23:00:00+00:00,186.45,186.45,0.0,186.5,186.25,186.39,0.0,0
2026-01-27 09:00:00+00:00,187.39,187.39,0.0,187.47,187.14,187.24,0.0,0
2026-01-27 10:00:00+00:00,187.68,187.68,0.0,187.8,187.34,187.34,0.0,0
2026-01-27 11:00:00+00:00,187.42,187.42,0.0,187.72,187.42,187.68,0.0,0
2026-01-27 12:00:00+00:00,187.25,187.25,0.0,187.95,187.22,187.42,0.0,0
2026-01-27 13:00:00+00:00,187.0592,187.0592,0.0,188.0,186.47,187.28,0.0,0
2026-01-27 14:00:00+00:00,187.24,187.24,0.0,187.53,187.03,187.06,0.0,0
2026-01-27 14:30:00+00:00,188.91510009765625,188.91510009765625,0.0,189.5050048828125,185.6999969482422,187.24000549316406,0.0,26462339
2026-01-27 15:30:00+00:00,189.70579528808594,189.70579528808594,0.0,190.0,188.88999938964844,188.9199981689453,0.0,15491427
2026-01-27 16:30:00+00:00,189.68499755859375,189.68499755859375,0.0,190.0,189.41000366210938,189.7100067138672,0.0,9426192
2026-01-27 17:30:00+00:00,189.48500061035156,189.48500061035156,0.0,190.0,188.89999389648438,189.69000244140625,0.0,11268576
2026-01-27 18:30:00+00:00,189.125,189.125,0.0,189.77999877929688,189.0449981689453,189.49000549316406,0.0,9872166
2026-01-27 19:30:00+00:00,189.4250030517578,189.4250030517578,0.0,189.72000122070312,188.9499969482422,189.1300048828125,0.0,10276591
2026-01-27 20:30:00+00:00,188.5399932861328,188.5399932861328,0.0,189.42999267578125,188.47279357910156,189.4199981689453,0.0,7688049
2026-01-27 21:00:00+00:00,188.8013,188.8013,0.0,201.3796,187.67,188.56,0.0,0
2026-01-27 22:00:00+00:00,188.87,188.87,0.0,189.05,176.5654,188.82,0.0,0
2026-01-27 23:00:00+00:00,188.855,188.855,0.0,201.3796,178.8647,188.86,0.0,0
2026-01-28 09:00:00+00:00,191.84,191.84,0.0,192.67,191.24,191.79,0.0,0
2026-01-28 10:00:00+00:00,191.59,191.59,0.0,192.16,190.97,191.81,0.0,0
2026-01-28 11:00:00+00:00,191.6,191.6,0.0,192.01,191.49,191.55,0.0,0
2026-01-28 12:00:00+00:00,192.31,192.31,0.0,192.39,191.01,191.6,0.0,0
2026-01-28 13:00:00+00:00,191.73,191.73,0.0,192.6784,188.52,192.3,0.0,0
2026-01-28 14:00:00+00:00,191.28,191.28,0.0,191.95,191.11,191.745,0.0,0
2026-01-28 14:30:00+00:00,191.40499877929688,191.40499877929688,0.0,192.35000610351562,190.1300048828125,191.2899932861328,0.0,29505783
2026-01-28 15:30:00+00:00,191.77999877929688,191.77999877929688,0.0,192.03990173339844,190.72300720214844,191.40499877929688,0.0,14818854
2026-01-28 16:30:00+00:00,191.09579467773438,191.09579467773438,0.0,191.77000427246094,189.83999633789062,191.77000427246094,0.0,14169875
2026-01-28 17:30:00+00:00,191.72000122070312,191.72000122070312,0.0,191.78799438476562,190.8249969482422,191.0850067138672,0.0,9289559
2026-01-28 18:30:00+00:00,191.52000427246094,191.52000427246094,0.0,192.2100067138672,191.3800048828125,191.73500061035156,0.0,10051502
2026-01-28 19:30:00+00:00,191.6230010986328,191.6230010986328,0.0,192.32000732421875,190.90370178222656,191.50999450683594,0.0,12697817
2026-01-28 20:30:00+00:00,191.5399932861328,191.5399932861328,0.0,191.7899932861328,190.8699951171875,191.6199951171875,0.0,8804660
2026-01-28 21:00:00+00:00,192.245,192.245,0.0,193.11,191.3,191.54,0.0,0
2026-01-28 22:00:00+00:00,192.18,192.18,0.0,192.5,179.8805,192.28,0.0,0
2026-01-28 23:00:00+00:00,190.63,190.63,0.0,192.2,190.6,192.16,0.0,0
2026-01-29 09:00:00+00:00,190.91,190.91,0.0,191.29,190.79,191.29,0.0,0
2026-01-29 10:00:00+00:00,190.66,190.66,0.0,190.91,190.2,190.89,0.0,0
2026-01-29 11:00:00+00:00,191.2,191.2,0.0,191.2,190.57,190.66,0.0,0
2026-01-29 12:00:00+00:00,191.199,191.199,0.0,191.48,191.02,191.22,0.0,0
2026-01-29 13:00:00+00:00,191.345,191.345,0.0,191.52,190.2026,191.18,0.0,0
2026-01-29 14:00:00+00:00,191.4594,191.4594,0.0,191.77,191.11,191.3783,0.0,0
2026-01-29 14:30:00+00:00,188.92999267578125,188.92999267578125,0.0,193.47999572753906,188.35000610351562,191.33999633789062,0.0,31030481
2026-01-29 15:30:00+00:00,187.8350067138672,187.8350067138672,0.0,189.0,186.05999755859375,188.92999267578125,0.0,21813216
2026-01-29 16:30:00+00:00,189.5449981689453,189.5449981689453,0.0,189.83999633789062,187.69000244140625,187.8300018310547,0.0,13577127
2026-01-29 17:30:00+00:00,190.05499267578125,190.05499267578125,0.0,190.69000244140625,189.1699981689453,189.5399932861328,0.0,12734523
2026-01-29 18:30:00+00:00,190.36000061035156,190.36000061035156,0.0,190.77999877929688,189.7050018310547,190.05999755859375,0.0,9429560
2026-01-29 19:30:00+00:00,190.94500732421875,190.94500732421875,0.0,191.4499969482422,190.02000427246094,190.36000061035156,0.0,10769502
2026-01-29 20:30:00+00:00,192.42999267578125,192.42999267578125,0.0,192.75,190.86000061035156,190.93499755859375,0.0,12608559
2026-01-29 21:00:00+00:00,192.0101,192.0101,0.0,193.3398,190.0577,192.4,0.0,0
2026-01-29 22:00:00+00:00,191.25,191.25,0.0,203.8033,181.3361,192.025,0.0,0
2026-01-29 23:00:00+00:00,191.325,191.325,0.0,191.69,190.58,191.16,0.0,0
2026-01-30 09:00:00+00:00,189.2,189.2,0.0,192.51,189.11,189.97,0.0,0
2026-01-30 10:00:00+00:00,189.39,189.39,0.0,189.5,188.31,189.21,0.0,0
2026-01-30 11:00:00+00:00,189.82,189.82,0.0,190.1,189.39,189.39,0.0,0
2026-01-30 12:00:00+00:00,190.52,190.52,0.0,191.11,189.63,189.82,0.0,0
2026-01-30 13:00:00+00:00,190.58,190.58,0.0,191.12,188.3,190.55,0.0,0
2026-01-30 14:00:00+00:00,191.2,191.2,0.0,192.185,183.32,190.52,0.0,0
2026-01-30 14:30:00+00:00,191.65499877929688,191.65499877929688,0.0,193.42999267578125,190.90960693359375,191.21499633789062,0.0,26075854
2026-01-30 15:30:00+00:00,192.01939392089844,192.01939392089844,0.0,192.17999267578125,191.22500610351562,191.64500427246094,0.0,1626247
2026-02-02 18:30:00+00:00,189.9199981689453,189.9199981689453,0.0,190.10000610351562,189.5800018310547,189.86000061035156,0.0,41108232
2026-02-02 19:30:00+00:00,186.1750030517578,186.1750030517578,0.0,189.9600067138672,186.08009338378906,189.9149932861328,0.0,16398097
2026-02-02 20:30:00+00:00,185.69000244140625,185.69000244140625,0.0,186.30999755859375,184.8800048828125,186.18499755859375,0.0,14576292
2026-02-02 21:00:00+00:00,185.0107,185.0107,0.0,186.6,183.16,185.61,0.0,0
2026-02-02 22:00:00+00:00,186.66,186.66,0.0,190.0723,177.8272,185.02,0.0,0
2026-02-02 23:00:00+00:00,186.21,186.21,0.0,186.94,186.11,186.61,0.0,0
2026-02-03 09:00:00+00:00,186.32,186.32,0.0,187.1,186.03,186.93,0.0,0
2026-02-03 10:00:00+00:00,186.5,186.5,0.0,186.78,186.16,186.43,0.0,0
2026-02-03 11:00:00+00:00,186.31,186.31,0.0,186.53,186.0,186.5,0.0,0
2026-02-03 12:00:00+00:00,187.05,187.05,0.0,187.1,186.23,186.31,0.0,0
2026-02-03 13:00:00+00:00,186.91,186.91,0.0,191.7499,186.0,187.011,0.0,0
2026-02-03 14:00:00+00:00,186.25,186.25,0.0,191.46,186.2,186.91,0.0,0
2026-02-03 14:30:00+00:00,180.29989624023438,180.29989624023438,0.0,186.24000549316406,179.55999755859375,186.23500061035156,0.0,36764666
2026-02-03 15:30:00+00:00,179.10000610351562,179.10000610351562,0.0,180.9600067138672,179.0800018310547,180.27999877929688,0.0,18459623
2026-02-03 16:30:00+00:00,180.00010681152344,180.00010681152344,0.0,180.49000549316406,179.09010314941406,179.09010314941406,0.0,13626585
2026-02-03 17:30:00+00:00,179.1584930419922,179.1584930419922,0.0,180.0749969482422,178.64999389648438,180.0,0.0,50779155
2026-02-03 18:30:00+00:00,178.69500732421875,178.69500732421875,0.0,179.52000427246094,178.0500030517578,179.14500427246094,0.0,0
2026-02-03 19:30:00+00:00,178.69700622558594,178.69700622558594,0.0,179.02000427246094,176.22999572753906,178.6750030517578,0.0,19572051
2026-02-03 20:30:00+00:00,180.3300018310547,180.3300018310547,0.0,180.48500061035156,178.67999267578125,178.69509887695312,0.0,12029640
2026-02-03 21:00:00+00:00,179.8588,179.8588,0.0,180.92,167.5459,180.34,0.0,0
2026-02-03 22:00:00+00:00,178.96,178.96,0.0,180.896,167.5459,179.86,0.0,0
2026-02-03 23:00:00+00:00,179.2718,179.2718,0.0,179.59,178.83,178.95,0.0,0
2026-02-04 09:00:00+00:00,179.27,179.27,0.0,179.78,178.67,179.77,0.0,0
2026-02-04 10:00:00+00:00,180.18,180.18,0.0,180.39,179.0,179.25,0.0,0
2026-02-04 11:00:00+00:00,180.7,180.7,0.0,180.9,179.93,180.16,0.0,0
2026-02-04 12:00:00+00:00,180.85,180.85,0.0,181.7,180.63,180.7,0.0,0
2026-02-04 13:00:00+00:00,180.1812,180.1812,0.0,181.72,177.0,180.88,0.0,0
2026-02-04 14:00:00+00:00,179.478,179.478,0.0,180.63,179.25,180.15,0.0,0
2026-02-04 14:30:00+00:00,177.19520568847656,177.19520568847656,0.0,179.57000732421875,176.6199951171875,179.44000244140625,0.0,26799337
2026-02-04 15:30:00+00:00,175.25,175.25,0.0,177.55999755859375,174.4842071533203,177.1999969482422,0.0,20952975
2026-02-04 16:30:00+00:00,173.35000610351562,173.35000610351562,0.0,175.3000030517578,173.27000427246094,175.24000549316406,0.0,16589189
2026-02-04 17:30:00+00:00,174.12660217285156,174.12660217285156,0.0,174.32000732421875,171.91000366210938,173.33999633789062,0.0,18911010
2026-02-04 18:30:00+00:00,174.94009399414062,174.94009399414062,0.0,175.00999450683594,172.89999389648438,174.13999938964844,0.0,13287616
2026-02-04 19:30:00+00:00,175.27099609375,175.27099609375,0.0,176.13999938964844,174.25,174.92999267578125,0.0,15314438
2026-02-04 20:30:00+00:00,174.1999969482422,174.1999969482422,0.0,175.88999938964844,174.19500732421875,175.27110290527344,0.0,11531460
2026-02-04 21:00:00+00:00,177.44,177.44,0.0,185.5528,166.0256,174.19,0.0,0
2026-02-04 22:00:00+00:00,177.32,177.32,0.0,184.1572,165.7386,177.47,0.0,0
2026-02-04 23:00:00+00:00,177.16,177.16,0.0,177.83,174.19,177.32,0.0,0
2026-02-05 09:00:00+00:00,177.93,177.93,0.0,177.96,176.8,177.19,0.0,0
2026-02-05 10:00:00+00:00,178.33,178.33,0.0,178.39,177.43,177.94,0.0,0
2026-02-05 11:00:00+00:00,176.97,176.97,0.0,178.32,176.93,178.28,0.0,0
2026-02-05 12:00:00+00:00,175.26,175.26,0.0,177.24,175.17,177.0,0.0,0
2026-02-05 13:00:00+00:00,173.96,173.96,0.0,178.3974,172.38,175.25,0.0,0
2026-02-05 14:00:00+00:00,175.0,175.0,0.0,175.1,173.0,173.99,0.0,0
2026-02-05 14:30:00+00:00,171.5850067138672,171.5850067138672,0.0,176.80999755859375,171.30999755859375,174.9250030517578,0.0,35556583
2026-02-05 15:30:00+00:00,174.2550048828125,174.2550048828125,0.0,174.25999450683594,171.44000244140625,171.5800018310547,0.0,18782253
2026-02-05 16:30:00+00:00,175.28500366210938,175.28500366210938,0.0,175.77479553222656,174.17999267578125,174.27000427246094,0.0,14405499
2026-02-05 17:30:00+00:00,174.3300018310547,174.3300018310547,0.0,175.6999969482422,174.02000427246094,175.29989624023438,0.0,9909346
2026-02-05 18:30:00+00:00,173.6699981689453,173.6699981689453,0.0,174.74000549316406,172.89999389648438,174.30999755859375,0.0,11166823
2026-02-05 19:30:00+00:00,172.26010131835938,172.26010131835938,0.0,174.22000122070312,172.1699981689453,173.65499877929688,0.0,11241371
2026-02-05 20:30:00+00:00,171.82000732421875,171.82000732421875,0.0,172.5,171.02999877929688,172.25,0.0,11583645
2026-02-05 21:00:00+00:00,171.405,171.405,0.0,182.5667,167.6182,171.93,0.0,0
2026-02-05 22:00:00+00:00,171.1,171.1,0.0,182.5667,159.6941,171.4,0.0,0
2026-02-05 23:00:00+00:00,170.26,170.26,0.0,171.88,169.84,171.28,0.0,0
2026-02-06 09:00:00+00:00,175.31,175.31,0.0,175.7,172.62,172.88,0.0,0
2026-02-06 10:00:00+00:00,176.01,176.01,0.0,176.42,175.09,175.3,0.0,0
2026-02-06 11:00:00+00:00,177.2,177.2,0.0,177.8,176.0,176.02,0.0,0
2026-02-06 12:00:00+00:00,176.71,176.71,0.0,177.92,176.71,177.2,0.0,0
2026-02-06 13:00:00+00:00,176.61,176.61,0.0,177.9279,171.41,176.73,0.0,0
2026-02-06 14:00:00+00:00,176.725,176.725,0.0,177.87,175.8962,176.6,0.0,0
2026-02-06 14:30:00+00:00,182.64999389648438,182.64999389648438,0.0,182.88499450683594,174.60000610351562,176.69000244140625,0.0,43992598
2026-02-06 15:30:00+00:00,183.97999572753906,183.97999572753906,0.0,184.25,181.9250030517578,182.6425018310547,0.0,23254485
2026-02-06 16:30:00+00:00,184.5312042236328,184.5312042236328,0.0,184.64500427246094,182.91000366210938,183.97999572753906,0.0,16217369
2026-02-06 17:30:00+00:00,184.5102996826172,184.5102996826172,0.0,185.1699981689453,184.2100067138672,184.52000427246094,0.0,13680434
2026-02-06 18:30:00+00:00,184.44500732421875,184.44500732421875,0.0,185.02000427246094,184.13499450683594,184.5135040283203,0.0,9404085
2026-02-06 19:30:00+00:00,185.3350067138672,185.3350067138672,0.0,185.58999633789062,184.3000030517578,184.4499969482422,0.0,14219330
2026-02-06 20:30:00+00:00,185.41000366210938,185.41000366210938,0.0,187.0,185.1999969482422,185.3300018310547,0.0,15861985
2026-02-06 21:00:00+00:00,185.41,185.41,0.0,186.05,184.87,185.41,0.0,0
2026-02-06 22:00:00+00:00,185.16,185.16,0.0,192.8472,172.4339,185.44,0.0,0
2026-02-06 23:00:00+00:00,185.1801,185.1801,0.0,185.35,185.0,185.1508,0.0,0
2026-02-09 09:00:00+00:00,184.51,184.51,0.0,185.19,184.35,184.93,0.0,0
2026-02-09 10:00:00+00:00,183.3,183.3,0.0,184.55,183.11,184.49,0.0,0
2026-02-09 11:00:00+00:00,183.85,183.85,0.0,183.95,182.83,183.3,0.0,0
2026-02-09 12:00:00+00:00,183.91,183.91,0.0,184.2,183.5,183.85,0.0,0
2026-02-09 13:00:00+00:00,184.8512,184.8512,0.0,185.99,182.82,183.9,0.0,0
2026-02-09 14:00:00+00:00,184.2688,184.2688,0.0,184.9,183.76,184.88,0.0,0
2026-02-09 14:30:00+00:00,190.66000366210938,190.66000366210938,0.0,193.66000366210938,184.0,184.10000610351562,0.0,52895611
2026-02-09 15:30:00+00:00,191.8249969482422,191.8249969482422,0.0,192.14999389648438,190.6999969482422,190.6999969482422,0.0,16568890
2026-02-09 16:30:00+00:00,191.58999633789062,191.58999633789062,0.0,192.52000427246094,191.30499267578125,191.80999755859375,0.0,13787785
2026-02-09 17:30:00+00:00,190.9929962158203,190.9929962158203,0.0,192.05990600585938,190.77999877929688,191.58999633789062,0.0,9397729
2026-02-09 18:30:00+00:00,191.00999450683594,191.00999450683594,0.0,191.5,190.63999938964844,190.985107421875,0.0,9257464
2026-02-09 19:30:00+00:00,189.89999389648438,189.89999389648438,0.0,198.72500610351562,189.6300048828125,191.0050048828125,0.0,12988392
2026-02-09 20:30:00+00:00,189.7899932861328,189.7899932861328,0.0,190.5,189.53500366210938,189.88999938964844,0.0,10705934
2026-02-09 21:00:00+00:00,190.0,190.0,0.0,190.9892,176.8173,189.78,0.0,0
2026-02-09 22:00:00+00:00,190.0,190.0,0.0,190.1,176.8173,189.985,0.0,0
2026-02-09 23:00:00+00:00,189.9003,189.9003,0.0,190.1,189.88,190.02,0.0,0
2026-02-10 09:00:00+00:00,191.3,191.3,0.0,191.42,190.55,190.56,0.0,0
2026-02-10 10:00:00+00:00,191.02,191.02,0.0,191.41,190.86,191.3,0.0,0
2026-02-10 11:00:00+00:00,190.76,190.76,0.0,191.22,190.73,191.01,0.0,0
2026-02-10 12:00:00+00:00,192.16,192.16,0.0,192.19,190.75,190.79,0.0,0
2026-02-10 13:00:00+00:00,191.07,191.07,0.0,192.2,189.7025,192.16,0.0,0
2026-02-10 14:00:00+00:00,191.4,191.4,0.0,191.94,190.75,191.05,0.0,0
2026-02-10 14:30:00+00:00,189.17320251464844,189.17320251464844,0.0,192.47999572753906,188.1199951171875,191.40499877929688,0.0,29239093
2026-02-10 15:30:00+00:00,189.12010192871094,189.12010192871094,0.0,190.3300018310547,188.84500122070312,189.16000366210938,0.0,13633209
2026-02-10 16:30:00+00:00,189.69000244140625,189.69000244140625,0.0,190.16000366210938,188.91000366210938,189.1199951171875,0.0,8843117
2026-02-10 17:30:00+00:00,189.2449951171875,189.2449951171875,0.0,190.44000244140625,189.19000244140625,189.67999267578125,0.0,8346711
2026-02-10 18:30:00+00:00,189.21499633789062,189.21499633789062,0.0,189.60000610351562,189.07000732421875,189.24000549316406,0.0,6039719
2026-02-10 19:30:00+00:00,189.10000610351562,189.10000610351562,0.0,189.55499267578125,188.4199981689453,189.22000122070312,0.0,9308355
2026-02-10 20:30:00+00:00,188.61000061035156,188.61000061035156,0.0,189.42999267578125,188.3800048828125,189.10000610351562,0.0,6982075
2026-02-10 21:00:00+00:00,188.62,188.62,0.0,201.3796,178.22,188.54,0.0,0
2026-02-10 22:00:00+00:00,188.55,188.55,0.0,201.3796,176.5654,188.64,0.0,0
2026-02-10 23:00:00+00:00,188.979,188.979,0.0,189.0,188.54,188.59,0.0,0
2026-02-11 09:00:00+00:00,188.7,188.7,0.0,189.23,188.0,188.58,0.0,0
2026-02-11 10:00:00+00:00,188.31,188.31,0.0,188.69,188.0,188.69,0.0,0
2026-02-11 11:00:00+00:00,189.87,189.87,0.0,189.94,188.07,188.24,0.0,0
2026-02-11 12:00:00+00:00,189.53,189.53,0.0,190.0,188.83,189.85,0.0,0
2026-02-11 13:00:00+00:00,190.194,190.194,0.0,190.25,188.0,189.53,0.0,0
2026-02-11 14:00:00+00:00,192.45,192.45,0.0,192.8,190.0,190.2,0.0,0
2026-02-11 14:30:00+00:00,188.9199981689453,188.9199981689453,0.0,193.25999450683594,188.77000427246094,192.4199981689453,0.0,32129202
2026-02-11 15:30:00+00:00,191.289794921875,191.289794921875,0.0,192.18499755859375,188.8699951171875,188.9250030517578,0.0,18144329
2026-02-11 16:30:00+00:00,191.98500061035156,191.98500061035156,0.0,192.10499572753906,190.3699951171875,191.27999877929688,0.0,11344285
2026-02-11 17:30:00+00:00,191.43099975585938,191.43099975585938,0.0,192.27999877929688,191.10000610351562,191.97999572753906,0.0,8748863
2026-02-11 18:30:00+00:00,192.0449981689453,192.0449981689453,0.0,192.2100067138672,190.97000122070312,191.44000244140625,0.0,7656291
2026-02-11 19:30:00+00:00,191.05999755859375,191.05999755859375,0.0,192.15499877929688,190.9550018310547,192.0399932861328,0.0,7857075
2026-02-11 20:30:00+00:00,190.02999877929688,190.02999877929688,0.0,191.36000061035156,189.9600067138672,191.0500030517578,0.0,7713715
2026-02-11 21:00:00+00:00,190.4723,190.4723,0.0,190.8448,180.627,190.03,0.0,0
2026-02-11 22:00:00+00:00,190.3512,190.3512,0.0,190.8448,179.8805,190.455,0.0,0
2026-02-11 23:00:00+00:00,190.4,190.4,0.0,190.54,190.05,190.375,0.0,0
2026-02-12 09:00:00+00:00,191.48,191.48,0.0,191.66,190.81,190.81,0.0,0
2026-02-12 10:00:00+00:00,191.38,191.38,0.0,191.61,191.2,191.48,0.0,0
2026-02-12 11:00:00+00:00,192.07,192.07,0.0,192.07,191.38,191.38,0.0,0
2026-02-12 12:00:00+00:00,192.4,192.4,0.0,192.4,191.63,192.05,0.0,0
2026-02-12 13:00:00+00:00,192.1,192.1,0.0,192.45,190.05,192.4,0.0,0
2026-02-12 14:00:00+00:00,193.08,193.08,0.0,193.1,189.575,192.1,0.0,0
2026-02-12 14:30:00+00:00,191.69000244140625,191.69000244140625,0.0,193.60000610351562,190.52000427246094,193.02999877929688,0.0,27666471
2026-02-12 15:30:00+00:00,187.30499267578125,187.30499267578125,0.0,191.8199005126953,187.24000549316406,191.70069885253906,0.0,20283149
2026-02-12 16:30:00+00:00,189.5749969482422,189.5749969482422,0.0,189.97999572753906,187.22999572753906,187.32000732421875,0.0,14914347
2026-02-12 17:30:00+00:00,189.25,189.25,0.0,190.52999877929688,188.5399932861328,189.55999755859375,0.0,12965171
2026-02-12 18:30:00+00:00,189.0500030517578,189.0500030517578,0.0,190.0,188.9199981689453,189.25,0.0,9508266
2026-02-12 19:30:00+00:00,187.60000610351562,187.60000610351562,0.0,189.47999572753906,187.50999450683594,189.07000732421875,0.0,10523188
2026-02-12 20:30:00+00:00,186.91000366210938,186.91000366210938,0.0,187.97999572753906,186.50999450683594,187.58999633789062,0.0,11600879
2026-02-12 21:00:00+00:00,187.88,187.88,0.0,199.969,186.5997,186.97,0.0,0
2026-02-12 22:00:00+00:00,187.93,187.93,0.0,199.969,186.94,187.94,0.0,0
2026-02-12 23:00:00+00:00,187.98,187.98,0.0,188.45,186.94,187.88,0.0,0
2026-02-13 09:00:00+00:00,187.64,187.64,0.0,187.64,186.5,187.04,0.0,0
2026-02-13 10:00:00+00:00,188.04,188.04,0.0,188.3,187.53,187.7,0.0,0
2026-02-13 11:00:00+00:00,186.5,186.5,0.0,188.09,186.2,188.08,0.0,0
2026-02-13 12:00:00+00:00,187.11,187.11,0.0,187.27,186.11,186.41,0.0,0
2026-02-13 13:00:00+00:00,186.7,186.7,0.0,188.3388,185.78,187.1,0.0,0
2026-02-13 14:00:00+00:00,187.51,187.51,0.0,188.15,186.24,186.25,0.0,0
2026-02-13 14:30:00+00:00,184.0800018310547,184.0800018310547,0.0,187.47000122070312,182.17999267578125,187.46499633789062,0.0,36099600
2026-02-13 15:30:00+00:00,183.59500122070312,183.59500122070312,0.0,185.17999267578125,182.30130004882812,184.05999755859375,0.0,16832869
2026-02-13 16:30:00+00:00,184.5500030517578,184.5500030517578,0.0,184.7100067138672,183.0850067138672,183.58999633789062,0.0,9913912
2026-02-13 17:30:00+00:00,184.22000122070312,184.22000122070312,0.0,184.97999572753906,183.4600067138672,184.55999755859375,0.0,8906348
2026-02-13 18:30:00+00:00,183.69000244140625,183.69000244140625,0.0,184.86000061035156,183.55999755859375,184.24000549316406,0.0,6974694
2026-02-13 19:30:00+00:00,182.30589294433594,182.30589294433594,0.0,184.27999877929688,182.0500030517578,183.72000122070312,0.0,11523863
2026-02-13 20:30:00+00:00,182.78500366210938,182.78500366210938,0.0,183.1199951171875,181.58999633789062,182.2949981689453,0.0,11695004
2026-02-13 21:00:00+00:00,183.1,183.1,0.0,193.32,182.73,182.77,0.0,0
2026-02-13 22:00:00+00:00,183.0,183.0,0.0,183.14,171.7013,183.05,0.0,0
2026-02-13 23:00:00+00:00,182.9,182.9,0.0,183.05,182.81,183.0,0.0,0
2026-02-17 09:00:00+00:00,181.71,181.71,0.0,182.11,181.26,181.86,0.0,0
2026-02-17 10:00:00+00:00,181.6,181.6,0.0,182.13,181.48,181.73,0.0,0
2026-02-17 11:00:00+00:00,180.97,180.97,0.0,181.66,180.45,181.66,0.0,0
2026-02-17 12:00:00+00:00,181.14,181.14,0.0,181.75,180.98,181.0,0.0,0
2026-02-17 13:00:00+00:00,181.14,181.14,0.0,182.63,180.28,181.14,0.0,0
2026-02-17 14:00:00+00:00,181.77,181.77,0.0,182.06,180.0,181.1,0.0,0
2026-02-17 14:30:00+00:00,180.41000366210938,180.41000366210938,0.0,183.4199981689453,179.17999267578125,181.72000122070312,0.0,27099755
2026-02-17 15:30:00+00:00,183.5800018310547,183.5800018310547,0.0,184.3699951171875,179.27000427246094,180.39999389648438,0.0,18859264
2026-02-17 16:30:00+00:00,184.7050018310547,184.7050018310547,0.0,184.75,183.19000244140625,183.57000732421875,0.0,12755043
2026-02-17 17:30:00+00:00,185.35000610351562,185.35000610351562,0.0,185.5,183.6199951171875,184.7449951171875,0.0,12008333
2026-02-17 18:30:00+00:00,186.41700744628906,186.41700744628906,0.0,186.4499053955078,185.0,185.36000061035156,0.0,10075969
2026-02-17 19:30:00+00:00,185.4250030517578,185.4250030517578,0.0,187.14999389648438,185.3300018310547,186.42999267578125,0.0,11583987
2026-02-17 20:30:00+00:00,184.97999572753906,184.97999572753906,0.0,185.5,184.36000061035156,185.3800048828125,0.0,9243775
2026-02-17 21:00:00+00:00,186.8,186.8,0.0,190.0723,180.7065,185.01,0.0,0
2026-02-17 22:00:00+00:00,186.6999,186.6999,0.0,187.0,176.6679,186.8,0.0,0
2026-02-17 23:00:00+00:00,185.6,185.6,0.0,190.0723,177.8272,186.68,0.0,0
2026-02-18 09:00:00+00:00,188.02,188.02,0.0,188.07,187.5,187.82,0.0,0
2026-02-18 10:00:00+00:00,188.46,188.46,0.0,188.78,188.0,188.11,0.0,0
2026-02-18 11:00:00+00:00,188.1,188.1,0.0,188.51,187.8,188.46,0.0,0
2026-02-18 12:00:00+00:00,188.72,188.72,0.0,189.25,188.11,188.12,0.0,0
2026-02-18 13:00:00+00:00,189.0008,189.0008,0.0,189.28,184.97,188.71,0.0,0
2026-02-18 14:00:00+00:00,188.76,188.76,0.0,191.4,188.12,189.02,0.0,0
2026-02-18 14:30:00+00:00,189.77569580078125,189.77569580078125,0.0,190.2299041748047,187.35000610351562,188.75,0.0,45553682
2026-02-18 15:30:00+00:00,189.77499389648438,189.77499389648438,0.0,190.3699951171875,189.25,189.77000427246094,0.0,0
2026-02-18 16:30:00+00:00,189.139892578125,189.139892578125,0.0,189.9550018310547,188.66000366210938,189.77000427246094,0.0,11122908
2026-02-18 17:30:00+00:00,188.94000244140625,188.94000244140625,0.0,189.69500732421875,188.89500427246094,189.139892578125,0.0,6705103
2026-02-18 18:30:00+00:00,188.56419372558594,188.56419372558594,0.0,189.12989807128906,188.1999969482422,188.94000244140625,0.0,9756650
2026-02-18 19:30:00+00:00,186.97000122070312,186.97000122070312,0.0,188.6699981689453,186.75999450683594,188.55499267578125,0.0,13920476
2026-02-18 20:30:00+00:00,187.88999938964844,187.88999938964844,0.0,188.5,186.91000366210938,186.9600067138672,0.0,55898935
2026-02-18 21:00:00+00:00,187.808,187.808,0.0,199.2898,177.9856,187.87,0.0,0
2026-02-18 22:00:00+00:00,188.305,188.305,0.0,199.2898,175.7997,187.75,0.0,0
2026-02-18 23:00:00+00:00,188.0706,188.0706,0.0,188.55,188.0102,188.25,0.0,0
2026-02-19 09:00:00+00:00,188.05,188.05,0.0,188.46,187.96,188.46,0.0,0
2026-02-19 10:00:00+00:00,187.21,187.21,0.0,188.09,186.96,188.01,0.0,0
2026-02-19 11:00:00+00:00,187.33,187.33,0.0,187.47,187.02,187.15,0.0,0
2026-02-19 12:00:00+00:00,187.49,187.49,0.0,187.7,186.9,187.35,0.0,0
2026-02-19 13:00:00+00:00,187.1745,187.1745,0.0,190.7001,186.9,187.44,0.0,0
2026-02-19 14:00:00+00:00,187.06,187.06,0.0,187.45,181.685,187.18,0.0,0
2026-02-19 14:30:00+00:00,187.6190948486328,187.6190948486328,0.0,188.2899932861328,185.66000366210938,187.02999877929688,0.0,20569888
2026-02-19 15:30:00+00:00,187.30999755859375,187.30999755859375,0.0,188.42999267578125,186.9199981689453,187.61000061035156,0.0,12628047
2026-02-19 16:30:00+00:00,186.6300048828125,186.6300048828125,0.0,187.7899932861328,186.39999389648438,187.3300018310547,0.0,9760430
2026-02-19 17:30:00+00:00,186.19940185546875,186.19940185546875,0.0,186.6750030517578,185.7899932861328,186.6199951171875,0.0,8553635
2026-02-19 18:30:00+00:00,186.52999877929688,186.52999877929688,0.0,187.05999755859375,186.15939331054688,186.17999267578125,0.0,7010595
2026-02-19 19:30:00+00:00,186.79510498046875,186.79510498046875,0.0,187.06500244140625,186.3625946044922,186.52149963378906,0.0,7527474
2026-02-19 20:30:00+00:00,187.88999938964844,187.88999938964844,0.0,187.93899536132812,186.72000122070312,186.7899932861328,0.0,6612222
2026-02-19 21:00:00+00:00,187.37,187.37,0.0,188.2,176.2145,187.88,0.0,0
2026-02-19 22:00:00+00:00,187.2475,187.2475,0.0,197.3853,175.529,187.37,0.0,0
2026-02-19 23:00:00+00:00,187.39,187.39,0.0,187.9,187.16,187.2,0.0,0
2026-02-20 09:00:00+00:00,188.7,188.7,0.0,188.72,187.89,187.9,0.0,0
2026-02-20 10:00:00+00:00,188.5,188.5,0.0,188.95,188.39,188.69,0.0,0
2026-02-20 11:00:00+00:00,188.02,188.02,0.0,188.54,187.59,188.54,0.0,0
2026-02-20 12:00:00+00:00,186.92,186.92,0.0,188.07,186.92,188.02,0.0,0
2026-02-20 13:00:00+00:00,187.4127,187.4127,0.0,188.9502,186.7093,186.93,0.0,0
2026-02-20 14:00:00+00:00,186.5201,186.5201,0.0,187.45,186.23,187.45,0.0,0
2026-02-20 14:30:00+00:00,187.81500244140625,187.81500244140625,0.0,189.33999633789062,185.93780517578125,186.52000427246094,0.0,27799788
2026-02-20 15:30:00+00:00,188.7949981689453,188.7949981689453,0.0,190.3300018310547,187.51499938964844,187.83999633789062,0.0,19072274
2026-02-20 16:30:00+00:00,187.94000244140625,187.94000244140625,0.0,190.1999969482422,187.6300048828125,188.7949981689453,0.0,14472955
2026-02-20 17:30:00+00:00,188.67999267578125,188.67999267578125,0.0,188.97999572753906,187.86000061035156,187.93499755859375,0.0,11926040
2026-02-20 18:30:00+00:00,189.36500549316406,189.36500549316406,0.0,190.08999633789062,188.3300018310547,188.6999969482422,0.0,11532581
2026-02-20 19:30:00+00:00,189.4199981689453,189.4199981689453,0.0,189.88999938964844,188.94000244140625,189.36000061035156,0.0,8798931
2026-02-20 20:30:00+00:00,189.8300018310547,189.8300018310547,0.0,190.0,189.3699951171875,189.42999267578125,0.0,7619446
2026-02-20 21:00:00+00:00,189.52,189.52,0.0,201.5218,177.4003,189.82,0.0,0
2026-02-20 22:00:00+00:00,189.96,189.96,0.0,200.0397,177.4003,189.5207,0.0,0
2026-02-20 23:00:00+00:00,189.85,189.85,0.0,189.9999,189.84,189.9631,0.0,0
2026-02-23 09:00:00+00:00,190.28,190.28,0.0,190.3,188.93,189.03,0.0,0
2026-02-23 10:00:00+00:00,189.92,189.92,0.0,190.6,189.62,190.26,0.0,0
2026-02-23 11:00:00+00:00,189.93,189.93,0.0,190.27,189.25,189.92,0.0,0
2026-02-23 12:00:00+00:00,189.46,189.46,0.0,189.93,189.1,189.93,0.0,0
2026-02-23 13:00:00+00:00,190.605,190.605,0.0,190.71,187.87,189.48,0.0,0
2026-02-23 14:00:00+00:00,191.39,191.39,0.0,193.77,190.38,190.61,0.0,0
2026-02-23 14:30:00+00:00,191.32000732421875,191.32000732421875,0.0,193.9499969482422,190.9199981689453,191.44500732421875,0.0,34473317
2026-02-23 15:30:00+00:00,190.49659729003906,190.49659729003906,0.0,191.6696014404297,189.5749969482422,191.3300018310547,0.0,17744253
2026-02-23 16:30:00+00:00,190.9499969482422,190.9499969482422,0.0,191.32000732421875,190.42230224609375,190.49000549316406,0.0,11613687
2026-02-23 17:30:00+00:00,191.4600067138672,191.4600067138672,0.0,191.74000549316406,189.72500610351562,190.94000244140625,0.0,12495769
2026-02-23 18:30:00+00:00,190.5800018310547,190.5800018310547,0.0,191.75,190.57000732421875,191.45590209960938,0.0,9658558
2026-02-23 19:30:00+00:00,190.88999938964844,190.88999938964844,0.0,190.9499969482422,190.19000244140625,190.57000732421875,0.0,10203395
2026-02-23 20:30:00+00:00,191.61000061035156,191.61000061035156,0.0,191.64999389648438,190.64999389648438,190.88999938964844,0.0,10753581
2026-02-23 21:00:00+00:00,191.74,191.74,0.0,191.88,189.99,191.66,0.0,0
2026-02-23 22:00:00+00:00,191.67,191.67,0.0,202.8989,191.55,191.73,0.0,0
2026-02-23 23:00:00+00:00,191.661,191.661,0.0,191.88,191.56,191.67,0.0,0
2026-02-24 09:00:00+00:00,192.72,192.72,0.0,192.98,192.37,192.42,0.0,0
2026-02-24 10:00:00+00:00,192.39,192.39,0.0,192.72,191.98,192.72,0.0,0
2026-02-24 11:00:00+00:00,192.33,192.33,0.0,192.85,192.19,192.4,0.0,0
2026-02-24 12:00:00+00:00,190.23,190.23,0.0,192.36,190.01,192.31,0.0,0
2026-02-24 13:00:00+00:00,190.31,190.31,0.0,193.1,189.0226,190.23,0.0,0
2026-02-24 14:00:00+00:00,191.5,191.5,0.0,191.52,186.355,190.2993,0.0,0
2026-02-24 14:30:00+00:00,192.00999450683594,192.00999450683594,0.0,192.07000732421875,187.39999389648438,191.48500061035156,0.0,31917690
2026-02-24 15:30:00+00:00,192.14999389648438,192.14999389648438,0.0,193.25,191.71499633789062,192.0,0.0,16931266
2026-02-24 16:30:00+00:00,193.23500061035156,193.23500061035156,0.0,193.75,191.8800048828125,192.1501007080078,0.0,13263753
2026-02-24 17:30:00+00:00,192.94009399414062,192.94009399414062,0.0,193.60000610351562,192.8800048828125,193.23989868164062,0.0,8116758
2026-02-24 18:30:00+00:00,192.42999267578125,192.42999267578125,0.0,193.08999633789062,192.16000366210938,192.94500732421875,0.0,8644384
2026-02-24 19:30:00+00:00,192.78500366210938,192.78500366210938,0.0,193.0500030517578,192.4001007080078,192.43499755859375,0.0,9349318
2026-02-24 20:30:00+00:00,192.8699951171875,192.8699951171875,0.0,193.77000427246094,192.66000366210938,192.7899932861328,0.0,10170522
2026-02-24 21:00:00+00:00,192.62,192.62,0.0,201.3796,192.0139,192.855,0.0,0
2026-02-24 22:00:00+00:00,192.631,192.631,0.0,201.3796,192.4,192.6,0.0,0
2026-02-24 23:00:00+00:00,192.801,192.801,0.0,192.84,192.48,192.64,0.0,0
2026-02-25 09:00:00+00:00,193.67,193.67,0.0,193.86,193.38,193.55,0.0,0
2026-02-25 10:00:00+00:00,193.93,193.93,0.0,193.97,193.66,193.69,0.0,0
2026-02-25 11:00:00+00:00,194.31,194.31,0.0,194.44,193.8,193.88,0.0,0
2026-02-25 12:00:00+00:00,194.27,194.27,0.0,194.68,194.18,194.28,0.0,0
2026-02-25 13:00:00+00:00,194.55,194.55,0.0,194.6884,192.85,194.28,0.0,0
2026-02-25 14:00:00+00:00,194.47,194.47,0.0,194.86,194.27,194.56,0.0,0
2026-02-25 14:30:00+00:00,196.04510498046875,196.04510498046875,0.0,196.55999755859375,193.8000030517578,194.47000122070312,0.0,55504706
2026-02-25 15:30:00+00:00,196.33999633789062,196.33999633789062,0.0,196.6199951171875,195.5,196.04010009765625,0.0,0
2026-02-25 16:30:00+00:00,197.36000061035156,197.36000061035156,0.0,197.62989807128906,196.3300018310547,196.3300018310547,0.0,17167407
2026-02-25 17:30:00+00:00,196.7299041748047,196.7299041748047,0.0,197.52999877929688,196.60499572753906,197.35009765625,0.0,48572207
2026-02-25 18:30:00+00:00,197.0998992919922,197.0998992919922,0.0,197.4499969482422,196.4810028076172,196.72500610351562,0.0,0
2026-02-25 19:30:00+00:00,196.89500427246094,196.89500427246094,0.0,197.3699951171875,196.67999267578125,197.08900451660156,0.0,13553001
2026-02-25 20:30:00+00:00,195.8800048828125,195.8800048828125,0.0,197.2100067138672,195.52000427246094,196.88999938964844,0.0,16776117
2026-02-25 21:00:00+00:00,201.07,201.07,0.0,203.49,195.0722,195.83,0.0,0
2026-02-25 22:00:00+00:00,197.4,197.4,0.0,206.7285,190.8448,201.1,0.0,0
2026-02-25 23:00:00+00:00,196.0489,196.0489,0.0,197.92,192.71,197.48,0.0,0
2026-02-26 09:00:00+00:00,198.64,198.64,0.0,198.64,197.34,197.45,0.0,0
2026-02-26 10:00:00+00:00,197.74,197.74,0.0,198.99,197.74,198.62,0.0,0
2026-02-26 11:00:00+00:00,197.18,197.18,0.0,197.89,196.38,197.74,0.0,0
2026-02-26 12:00:00+00:00,198.38,198.38,0.0,198.5,197.03,197.09,0.0,0
2026-02-26 13:00:00+00:00,197.38,197.38,0.0,198.99,195.4012,198.38,0.0,0
2026-02-26 14:00:00+00:00,194.27,194.27,0.0,198.25,193.97,197.4,0.0,0
2026-02-26 14:30:00+00:00,186.09500122070312,186.09500122070312,0.0,194.2100067138672,185.5800018310547,194.2100067138672,0.0,79010681
2026-02-26 15:30:00+00:00,187.8249969482422,187.8249969482422,0.0,187.93980407714844,184.5800018310547,186.10000610351562,0.0,37958256
2026-02-26 16:30:00+00:00,187.5749969482422,187.5749969482422,0.0,187.97000122070312,185.85000610351562,187.77999877929688,0.0,21772751
2026-02-26 17:30:00+00:00,185.35499572753906,185.35499572753906,0.0,188.1199951171875,184.86000061035156,187.57000732421875,0.0,20471972
2026-02-26 18:30:00+00:00,185.29989624023438,185.29989624023438,0.0,186.6999969482422,184.822998046875,185.34500122070312,0.0,20354965
2026-02-26 19:30:00+00:00,184.6898956298828,184.6898956298828,0.0,185.82000732421875,184.31500244140625,185.2949981689453,0.0,20238432
2026-02-26 20:30:00+00:00,184.89999389648438,184.89999389648438,0.0,185.5500030517578,184.33999633789062,184.67999267578125,0.0,17624324
2026-02-26 21:00:00+00:00,185.2982,185.2982,0.0,186.466,184.5,184.89,0.0,0
2026-02-26 22:00:00+00:00,185.18,185.18,0.0,195.9818,181.3361,185.3,0.0,0
2026-02-26 23:00:00+00:00,185.16,185.16,0.0,185.28,184.31,185.17,0.0,0
2026-02-27 09:00:00+00:00,186.43,186.43,0.0,186.65,186.14,186.35,0.0,0
2026-02-27 10:00:00+00:00,185.85,185.85,0.0,186.58,185.41,186.42,0.0,0
2026-02-27 11:00:00+00:00,185.45,185.45,0.0,186.06,185.45,185.85,0.0,0
2026-02-27 12:00:00+00:00,184.6,184.6,0.0,185.49,184.3,185.44,0.0,0
2026-02-27 13:00:00+00:00,182.51,182.51,0.0,186.68,182.3,184.6,0.0,0
2026-02-27 14:00:00+00:00,181.21,181.21,0.0,202.645,181.01,182.51,0.0,0
2026-02-27 14:30:00+00:00,181.8350067138672,181.8350067138672,0.0,182.5800018310547,179.57000732421875,181.22000122070312,0.0,51155508
2026-02-27 15:30:00+00:00,181.02000427246094,181.02000427246094,0.0,182.25,181.0,181.83999633789062,0.0,17238608
2026-02-27 16:30:00+00:00,179.9149932861328,179.9149932861328,0.0,181.4600067138672,179.0500030517578,181.02999877929688,0.0,17647740
2026-02-27 17:30:00+00:00,178.97000122070312,178.97000122070312,0.0,180.2899932861328,178.64999389648438,179.9250030517578,0.0,14614608
2026-02-27 18:30:00+00:00,178.6649932861328,178.6649932861328,0.0,179.30999755859375,178.10000610351562,178.97889709472656,0.0,16081199
2026-02-27 19:30:00+00:00,178.89999389648438,178.89999389648438,0.0,179.6999969482422,178.4199981689453,178.6699981689453,0.0,16816888
2026-02-27 20:30:00+00:00,177.16000366210938,177.16000366210938,0.0,178.98500061035156,176.3800048828125,178.88999938964844,0.0,26068673
2026-02-27 21:00:00+00:00,177.48,177.48,0.0,185.0165,176.9995,177.14,0.0,0
2026-02-27 22:00:00+00:00,177.97,177.97,0.0,178.2002,171.7013,177.48,0.0,0
2026-02-27 23:00:00+00:00,178.04,178.04,0.0,178.05,177.19,177.9899,0.0,0
2026-03-02 09:00:00+00:00,175.09,175.09,0.0,175.74,174.25,174.96,0.0,0
2026-03-02 10:00:00+00:00,174.45,174.45,0.0,175.19,174.1,175.1,0.0,0
2026-03-02 11:00:00+00:00,174.87,174.87,0.0,175.09,174.26,174.44,0.0,0
2026-03-02 12:00:00+00:00,174.499,174.499,0.0,176.09,174.499,174.88,0.0,0
2026-03-02 13:00:00+00:00,175.18,175.18,0.0,177.19,173.1,174.47,0.0,0
2026-03-02 14:00:00+00:00,175.0,175.0,0.0,196.42,173.9,175.18,0.0,0
2026-03-02 14:30:00+00:00,180.5,180.5,0.0,181.3800048828125,174.63999938964844,174.8000030517578,0.0,45254437
2026-03-02 15:30:00+00:00,180.9199981689453,180.9199981689453,0.0,181.80999755859375,180.00999450683594,180.49000549316406,0.0,49699069
2026-03-02 16:30:00+00:00,183.05999755859375,183.05999755859375,0.0,183.4600067138672,180.83999633789062,180.93499755859375,0.0,0
2026-03-02 17:30:00+00:00,182.44509887695312,182.44509887695312,0.0,183.05599975585938,182.2100067138672,183.05499267578125,0.0,10237938
2026-03-02 18:30:00+00:00,182.64500427246094,182.64500427246094,0.0,182.91000366210938,181.9499969482422,182.4499969482422,0.0,55594090
2026-03-02 19:30:00+00:00,182.14999389648438,182.14999389648438,0.0,183.0500030517578,181.64500427246094,182.64500427246094,0.0,16411672
2026-03-02 20:30:00+00:00,182.35000610351562,182.35000610351562,0.0,182.8300018310547,181.99000549316406,182.1699981689453,0.0,15836427
2026-03-02 21:00:00+00:00,182.02,182.02,0.0,182.94,142.5261,182.36,0.0,0
2026-03-02 22:00:00+00:00,182.12,182.12,0.0,190.0723,177.8272,182.01,0.0,0
2026-03-02 23:00:00+00:00,181.8769,181.8769,0.0,182.2,171.132,182.12,0.0,0
2026-03-03 09:00:00+00:00,176.92,176.92,0.0,179.1,176.8,177.05,0.0,0
2026-03-03 10:00:00+00:00,176.6,176.6,0.0,177.41,176.05,176.95,0.0,0
2026-03-03 11:00:00+00:00,177.15,177.15,0.0,177.4,176.1,176.6,0.0,0
2026-03-03 12:00:00+00:00,178.41,178.41,0.0,178.55,176.77,177.2,0.0,0
2026-03-03 13:00:00+00:00,178.07,178.07,0.0,182.48,176.05,178.4,0.0,0
2026-03-03 14:00:00+00:00,178.65,178.65,0.0,178.65,176.91,178.05,0.0,0
2026-03-03 14:30:00+00:00,177.77000427246094,177.77000427246094,0.0,180.52999877929688,177.72000122070312,178.4774932861328,0.0,50710924
2026-03-03 15:30:00+00:00,179.31500244140625,179.31500244140625,0.0,180.0050048828125,176.9199981689453,177.75999450683594,0.0,31236634
2026-03-03 16:30:00+00:00,180.10499572753906,180.10499572753906,0.0,180.64999389648438,178.94000244140625,179.31500244140625,0.0,19302177
2026-03-03 17:30:00+00:00,180.14999389648438,180.14999389648438,0.0,180.39999389648438,178.97999572753906,180.10000610351562,0.0,14349165
2026-03-03 18:30:00+00:00,179.5500030517578,179.5500030517578,0.0,180.89999389648438,179.44000244140625,180.1699981689453,0.0,13694732
2026-03-03 19:30:00+00:00,180.2050018310547,180.2050018310547,0.0,180.8699951171875,179.14999389648438,179.55999755859375,0.0,17047547
2026-03-03 20:30:00+00:00,180.0800018310547,180.0800018310547,0.0,180.56500244140625,179.89999389648438,180.1999969482422,0.0,12169048
2026-03-03 21:00:00+00:00,179.535,179.535,0.0,180.12,167.5459,180.01,0.0,0
2026-03-03 22:00:00+00:00,179.6298,179.6298,0.0,180.896,167.5459,179.54,0.0,0
2026-03-03 23:00:00+00:00,179.4018,179.4018,0.0,180.05,179.21,179.625,0.0,0
2026-03-04 09:00:00+00:00,180.35,180.35,0.0,180.35,179.14,179.64,0.0,0
2026-03-04 10:00:00+00:00,182.32,182.32,0.0,182.71,180.17,180.35,0.0,0
2026-03-04 11:00:00+00:00,182.66,182.66,0.0,183.42,182.41,182.45,0.0,0
2026-03-04 12:00:00+00:00,180.82,180.82,0.0,182.75,180.81,182.66,0.0,0
2026-03-04 13:00:00+00:00,182.089,182.089,0.0,183.43,177.35,180.82,0.0,0
2026-03-04 14:00:00+00:00,180.41,180.41,0.0,182.52,174.505,182.13,0.0,0
2026-03-04 14:30:00+00:00,183.47000122070312,183.47000122070312,0.0,183.5500030517578,180.05999755859375,180.3699951171875,0.0,49537596
2026-03-04 15:30:00+00:00,182.39999389648438,182.39999389648438,0.0,183.63999938964844,181.8000030517578,183.47999572753906,0.0,22335669
2026-03-04 16:30:00+00:00,182.48500061035156,182.48500061035156,0.0,183.14500427246094,182.32080078125,182.39999389648438,0.0,14459566
2026-03-04 17:30:00+00:00,183.04989624023438,183.04989624023438,0.0,183.36000061035156,182.19000244140625,182.49000549316406,0.0,13044050
2026-03-04 18:30:00+00:00,184.30499267578125,184.30499267578125,0.0,184.6999969482422,182.97999572753906,183.0399932861328,0.0,21891737
2026-03-04 19:30:00+00:00,183.07000732421875,183.07000732421875,0.0,184.33999633789062,182.60000610351562,184.30499267578125,0.0,17483899
2026-03-04 20:30:00+00:00,182.91000366210938,182.91000366210938,0.0,183.33999633789062,182.60000610351562,183.0749969482422,0.0,17451882
2026-03-04 21:00:00+00:00,182.75,182.75,0.0,183.24,171.2796,182.9,0.0,0
2026-03-04 22:00:00+00:00,183.23,183.23,0.0,194.2784,170.2037,182.74,0.0,0
2026-03-04 23:00:00+00:00,183.13,183.13,0.0,183.33,182.79,183.215,0.0,0
2026-03-05 09:00:00+00:00,182.79,182.79,0.0,183.41,182.16,182.2,0.0,0
2026-03-05 10:00:00+00:00,182.87,182.87,0.0,183.0,182.4,182.71,0.0,0
2026-03-05 11:00:00+00:00,182.83,182.83,0.0,183.0,182.44,182.95,0.0,0
2026-03-05 12:00:00+00:00,182.45,182.45,0.0,182.85,182.15,182.81,0.0,0
2026-03-05 13:00:00+00:00,182.06,182.06,0.0,183.41,181.26,182.45,0.0,0
2026-03-05 14:00:00+00:00,181.0645,181.0645,0.0,182.13,181.01,182.0589,0.0,0
2026-03-05 14:30:00+00:00,181.69500732421875,181.69500732421875,0.0,182.7899932861328,180.80999755859375,181.1699981689453,0.0,39187846
2026-03-05 15:30:00+00:00,182.77999877929688,182.77999877929688,0.0,184.05999755859375,180.85499572753906,181.6999969482422,0.0,26866863
2026-03-05 16:30:00+00:00,181.07000732421875,181.07000732421875,0.0,183.8300018310547,181.07000732421875,182.8000030517578,0.0,17633964
2026-03-05 17:30:00+00:00,178.87989807128906,178.87989807128906,0.0,181.22000122070312,177.88999938964844,181.07000732421875,0.0,36802356
2026-03-05 18:30:00+00:00,180.72999572753906,180.72999572753906,0.0,181.02000427246094,178.8000030517578,178.8699951171875,0.0,17972462
2026-03-05 19:30:00+00:00,181.875,181.875,0.0,182.38999938964844,179.88999938964844,180.72999572753906,0.0,20068545
2026-03-05 20:30:00+00:00,183.3300018310547,183.3300018310547,0.0,183.4199981689453,181.70010375976562,181.8800048828125,0.0,20535969
2026-03-05 21:00:00+00:00,182.46,182.46,0.0,183.35,175.36,183.317,0.0,0
2026-03-05 22:00:00+00:00,182.37,182.37,0.0,183.34,169.8531,182.499,0.0,0
2026-03-05 23:00:00+00:00,182.435,182.435,0.0,183.04,182.2,182.34,0.0,0
2026-03-06 09:00:00+00:00,181.92,181.92,0.0,182.77,181.9,182.77,0.0,0
2026-03-06 10:00:00+00:00,182.05,182.05,0.0,182.09,181.44,181.9,0.0,0
2026-03-06 11:00:00+00:00,181.53,181.53,0.0,181.95,181.24,181.9,0.0,0
2026-03-06 12:00:00+00:00,180.89,180.89,0.0,181.57,180.52,181.54,0.0,0
2026-03-06 13:00:00+00:00,181.27,181.27,0.0,183.34,180.5,180.9,0.0,0
2026-03-06 14:00:00+00:00,179.7902,179.7902,0.0,181.4702,178.8,181.3,0.0,0
2026-03-06 14:30:00+00:00,181.82009887695312,181.82009887695312,0.0,182.756103515625,179.63999938964844,179.83999633789062,0.0,42314271
2026-03-06 15:30:00+00:00,181.7100067138672,181.7100067138672,0.0,182.40499877929688,180.89999389648438,181.82000732421875,0.0,20012304
2026-03-06 16:30:00+00:00,181.13999938964844,181.13999938964844,0.0,182.49000549316406,181.02999877929688,181.718505859375,0.0,17253066
2026-03-06 17:30:00+00:00,181.46009826660156,181.46009826660156,0.0,181.8249969482422,180.52000427246094,181.13999938964844,0.0,14392829
2026-03-06 18:30:00+00:00,180.52999877929688,180.52999877929688,0.0,181.7698974609375,180.19000244140625,181.4499969482422,0.0,15056438
2026-03-06 19:30:00+00:00,177.1300048828125,177.1300048828125,0.0,180.77000427246094,176.9499969482422,180.52000427246094,0.0,25886766
2026-03-06 20:30:00+00:00,177.69000244140625,177.69000244140625,0.0,178.37989807128906,176.82009887695312,177.13999938964844,0.0,26255790
2026-03-06 21:00:00+00:00,177.87,177.87,0.0,179.7988,166.2859,177.69,0.0,0
2026-03-06 22:00:00+00:00,178.035,178.035,0.0,182.6607,166.2859,177.8698,0.0,0
2026-03-06 23:00:00+00:00,178.08,178.08,0.0,178.29,178.02,178.06,0.0,0
2026-03-09 08:00:00+00:00,175.5,175.5,0.0,175.85,175.0,175.7,0.0,0
2026-03-09 09:00:00+00:00,176.82,176.82,0.0,177.0,175.4,175.5,0.0,0
2026-03-09 10:00:00+00:00,176.45,176.45,0.0,177.66,176.2,176.84,0.0,0
2026-03-09 11:00:00+00:00,176.18,176.18,0.0,176.59,175.73,176.42,0.0,0
2026-03-09 12:00:00+00:00,176.5,176.5,0.0,177.65,173.7995,176.24,0.0,0
2026-03-09 13:00:00+00:00,176.84,176.84,0.0,179.82,175.8115,176.48,0.0,0
2026-03-09 13:30:00+00:00,178.11000061035156,178.11000061035156,0.0,178.50999450683594,175.55999755859375,176.8300018310547,0.0,43221028
2026-03-09 14:30:00+00:00,179.18499755859375,179.18499755859375,0.0,179.47999572753906,177.99000549316406,178.08999633789062,0.0,19919743
2026-03-09 15:30:00+00:00,180.49000549316406,180.49000549316406,0.0,180.62730407714844,178.8000030517578,179.16000366210938,0.0,16780073
2026-03-09 16:30:00+00:00,179.38999938964844,179.38999938964844,0.0,180.91000366210938,179.17999267578125,180.49000549316406,0.0,15945158
2026-03-09 17:30:00+00:00,179.91000366210938,179.91000366210938,0.0,180.22000122070312,179.02000427246094,179.39999389648438,0.0,12583605
2026-03-09 18:30:00+00:00,182.02609252929688,182.02609252929688,0.0,182.07000732421875,179.2899932861328,179.89999389648438,0.0,21985315
2026-03-09 19:30:00+00:00,182.63999938964844,182.63999938964844,0.0,182.91000366210938,181.4499969482422,182.02999877929688,0.0,22182613
2026-03-09 20:00:00+00:00,181.98,181.98,0.0,182.85,171.3878,182.64,0.0,0
2026-03-09 21:00:00+00:00,181.81,181.81,0.0,182.0,169.2637,181.98,0.0,0
2026-03-09 22:00:00+00:00,181.47,181.47,0.0,182.65,176.8173,181.83,0.0,0
2026-03-09 23:00:00+00:00,181.36,181.36,0.0,181.8,181.3,181.44,0.0,0
2026-03-10 08:00:00+00:00,183.45,183.45,0.0,183.55,182.33,182.34,0.0,0
2026-03-10 09:00:00+00:00,183.4,183.4,0.0,184.18,183.12,183.41,0.0,0
2026-03-10 10:00:00+00:00,182.94,182.94,0.0,183.5,182.65,183.4,0.0,0
2026-03-10 11:00:00+00:00,182.84,182.84,0.0,183.24,182.57,182.93,0.0,0
2026-03-10 12:00:00+00:00,181.66,181.66,0.0,183.8605,181.02,182.85,0.0,0
2026-03-10 13:00:00+00:00,182.44,182.44,0.0,182.49,181.51,181.64,0.0,0
2026-03-10 13:30:00+00:00,184.0449981689453,184.0449981689453,0.0,184.22500610351562,182.01010131835938,182.39999389648438,0.0,36549411
2026-03-10 14:30:00+00:00,185.9499969482422,185.9499969482422,0.0,186.44000244140625,184.00999450683594,184.0399932861328,0.0,31283932
2026-03-10 15:30:00+00:00,185.3076934814453,185.3076934814453,0.0,186.1199951171875,185.04969787597656,185.97000122070312,0.0,19945381
2026-03-10 16:30:00+00:00,186.13499450683594,186.13499450683594,0.0,186.22500610351562,185.22999572753906,185.32000732421875,0.0,13122732
2026-03-10 17:30:00+00:00,184.889892578125,184.889892578125,0.0,186.1300048828125,184.10000610351562,186.1300048828125,0.0,17940859
2026-03-10 18:30:00+00:00,184.39999389648438,184.39999389648438,0.0,185.27000427246094,184.02000427246094,184.88999938964844,0.0,17479430
2026-03-10 19:30:00+00:00,184.75999450683594,184.75999450683594,0.0,184.83999633789062,183.25,184.39999389648438,0.0,20492139
2026-03-10 20:00:00+00:00,184.91,184.91,0.0,185.59,184.63,184.76,0.0,0
2026-03-10 21:00:00+00:00,184.765,184.765,0.0,185.07,174.229,184.92,0.0,0
2026-03-10 22:00:00+00:00,184.58,184.58,0.0,184.8055,184.46,184.74,0.0,0
2026-03-10 23:00:00+00:00,184.7603,184.7603,0.0,184.86,184.51,184.57,0.0,0
2026-03-11 08:00:00+00:00,185.46,185.46,0.0,185.75,185.02,185.22,0.0,0
2026-03-11 09:00:00+00:00,184.77,184.77,0.0,185.49,184.74,185.39,0.0,0
2026-03-11 10:00:00+00:00,185.06,185.06,0.0,185.1,184.1,184.78,0.0,0
2026-03-11 11:00:00+00:00,185.24,185.24,0.0,185.66,185.05,185.06,0.0,0
2026-03-11 12:00:00+00:00,185.36,185.36,0.0,186.25,184.06,185.21,0.0,0
2026-03-11 13:00:00+00:00,185.91,185.91,0.0,185.91,184.56,185.37,0.0,0
2026-03-11 13:30:00+00:00,186.91000366210938,186.91000366210938,0.01,187.6199951171875,184.94000244140625,185.9199981689453,0.0,39795140
2026-03-11 14:30:00+00:00,185.0749969482422,185.0749969482422,0.0,186.94000244140625,185.06080627441406,186.89010620117188,0.0,20362143
2026-03-11 15:30:00+00:00,185.55499267578125,185.55499267578125,0.0,185.80650329589844,184.83999633789062,185.0760955810547,0.0,14151413
2026-03-11 16:30:00+00:00,185.61000061035156,185.61000061035156,0.0,186.0699005126953,185.25,185.5500030517578,0.0,10355965
2026-03-11 17:30:00+00:00,185.1540069580078,185.1540069580078,0.0,185.6999969482422,184.45010375976562,185.6199951171875,0.0,12728588
2026-03-11 18:30:00+00:00,185.36000061035156,185.36000061035156,0.0,185.74000549316406,185.02000427246094,185.16000366210938,0.0,10974433
2026-03-11 19:30:00+00:00,186.00999450683594,186.00999450683594,0.0,186.0399932861328,185.22999572753906,185.36990356445312,0.0,10325194
2026-03-11 20:00:00+00:00,185.5,185.5,0.0,187.23,180.627,186.01,0.0,0
2026-03-11 21:00:00+00:00,185.655,185.655,0.0,190.8448,174.4123,185.55,0.0,0
2026-03-11 22:00:00+00:00,184.91,184.91,0.0,185.6965,184.71,185.65,0.0,0
2026-03-11 23:00:00+00:00,184.42,184.42,0.0,185.0,184.03,185.0,0.0,0
2026-03-12 08:00:00+00:00,184.88,184.88,0.0,185.39,184.87,184.88,0.0,0
2026-03-12 09:00:00+00:00,184.95,184.95,0.0,185.15,184.63,184.86,0.0,0
2026-03-12 10:00:00+00:00,185.02,185.02,0.0,185.37,184.89,184.99,0.0,0
2026-03-12 11:00:00+00:00,185.25,185.25,0.0,185.36,184.88,185.06,0.0,0
2026-03-12 12:00:00+00:00,184.735,184.735,0.0,186.03,183.39,185.24,0.0,0
2026-03-12 13:00:00+00:00,184.0,184.0,0.0,187.465,182.18,184.74,0.0,0
2026-03-12 13:30:00+00:00,182.0850067138672,182.0850067138672,0.0,184.86000061035156,182.0500030517578,184.0500030517578,0.0,36646581
2026-03-12 14:30:00+00:00,182.8800048828125,182.8800048828125,0.0,182.9600067138672,181.75,182.0850067138672,0.0,21123869
2026-03-12 15:30:00+00:00,184.25999450683594,184.25999450683594,0.0,184.94000244140625,182.7700958251953,182.8699951171875,0.0,21620770
2026-03-12 16:30:00+00:00,183.75999450683594,183.75999450683594,0.0,184.72000122070312,183.53500366210938,184.25999450683594,0.0,13929708
2026-03-12 17:30:00+00:00,183.55499267578125,183.55499267578125,0.0,184.19000244140625,183.1699981689453,183.77000427246094,0.0,12712518
2026-03-12 18:30:00+00:00,183.44000244140625,183.44000244140625,0.0,183.6199951171875,182.77999877929688,183.5399932861328,0.0,14025360
2026-03-12 19:30:00+00:00,183.00999450683594,183.00999450683594,0.0,183.6699981689453,182.7200927734375,183.43499755859375,0.0,12544443
2026-03-12 20:00:00+00:00,183.25,183.25,0.0,193.3398,182.79,183.07,0.0,0
2026-03-12 21:00:00+00:00,183.0,183.0,0.0,193.3398,172.7111,183.21,0.0,0
2026-03-12 22:00:00+00:00,183.18,183.18,0.0,183.3999,182.92,183.06,0.0,0
2026-03-12 23:00:00+00:00,182.9087,182.9087,0.0,183.49,182.9,183.18,0.0,0
2026-03-13 08:00:00+00:00,182.29,182.29,0.0,182.89,182.06,182.74,0.0,0
2026-03-13 09:00:00+00:00,183.23,183.23,0.0,183.56,182.29,182.29,0.0,0
2026-03-13 10:00:00+00:00,183.74,183.74,0.0,183.97,183.06,183.25,0.0,0
2026-03-13 11:00:00+00:00,184.6,184.6,0.0,184.85,183.63,183.69,0.0,0
2026-03-13 12:00:00+00:00,184.7,184.7,0.0,184.88,182.02,184.6,0.0,0
2026-03-13 13:00:00+00:00,184.93,184.93,0.0,185.77,184.55,184.7,0.0,0
2026-03-13 13:30:00+00:00,183.92210388183594,183.92210388183594,0.0,186.08999633789062,183.61000061035156,184.91000366210938,0.0,38715340
2026-03-13 14:30:00+00:00,181.88340759277344,181.88340759277344,0.0,184.25,181.66000366210938,183.9250030517578,0.0,27389127
2026-03-13 15:30:00+00:00,181.13999938964844,181.13999938964844,0.0,182.25,180.72000122070312,181.88999938964844,0.0,21151599
2026-03-13 16:30:00+00:00,181.5399932861328,181.5399932861328,0.0,181.75999450683594,180.92999267578125,181.13499450683594,0.0,14321948
2026-03-13 17:30:00+00:00,180.5449981689453,180.5449981689453,0.0,181.58920288085938,180.00999450683594,181.5399932861328,0.0,14153135
2026-03-13 18:30:00+00:00,180.6999969482422,180.6999969482422,0.0,181.13999938964844,180.27999877929688,180.5399932861328,0.0,14593908
2026-03-13 19:30:00+00:00,180.26499938964844,180.26499938964844,0.0,180.8249969482422,179.94000244140625,180.7100067138672,0.0,16337302
2026-03-13 20:00:00+00:00,180.045,180.045,0.0,180.3,180.01,180.25,0.0,0
2026-03-13 21:00:00+00:00,180.2495,180.2495,0.0,180.3,171.7013,180.03,0.0,0
2026-03-13 22:00:00+00:00,180.36,180.36,0.0,180.58,180.2,180.26,0.0,0
2026-03-13 23:00:00+00:00,180.1982,180.1982,0.0,180.39,180.1,180.36,0.0,0
2026-03-16 08:00:00+00:00,181.92,181.92,0.0,182.31,181.76,181.92,0.0,0
2026-03-16 09:00:00+00:00,182.0,182.0,0.0,182.31,181.66,181.92,0.0,0
2026-03-16 10:00:00+00:00,182.42,182.42,0.0,182.57,181.53,181.99,0.0,0
2026-03-16 11:00:00+00:00,182.18,182.18,0.0,182.6,182.09,182.44,0.0,0
2026-03-16 12:00:00+00:00,183.0877,183.0877,0.0,183.37,180.25,182.23,0.0,0
2026-03-16 13:00:00+00:00,182.96,182.96,0.0,183.92,182.66,183.11,0.0,0
2026-03-16 13:30:00+00:00,184.07000732421875,184.07000732421875,0.0,185.0500030517578,182.87440490722656,182.97000122070312,0.0,25160321
2026-03-16 14:30:00+00:00,184.72779846191406,184.72779846191406,0.0,184.9199981689453,183.30499267578125,184.07000732421875,0.0,13947723
2026-03-16 15:30:00+00:00,183.89500427246094,183.89500427246094,0.0,184.94000244140625,183.6300048828125,184.72000122070312,0.0,10572265
2026-03-16 16:30:00+00:00,184.76010131835938,184.76010131835938,0.0,185.05999755859375,183.78500366210938,183.90499877929688,0.0,9780571
2026-03-16 17:30:00+00:00,184.93499755859375,184.93499755859375,0.0,185.52999877929688,184.27000427246094,184.77000427246094,0.0,12380863
2026-03-16 18:30:00+00:00,181.83380126953125,181.83380126953125,0.0,188.8699951171875,181.67999267578125,184.9398956298828,0.0,41293367
2026-03-16 19:30:00+00:00,183.1300048828125,183.1300048828125,0.0,183.65499877929688,181.41000366210938,181.85000610351562,0.0,18558112
2026-03-16 20:00:00+00:00,182.5886,182.5886,0.0,184.2743,182.27,183.22,0.0,0
2026-03-16 21:00:00+00:00,182.65,182.65,0.0,190.0723,171.132,182.589,0.0,0
2026-03-16 22:00:00+00:00,182.6501,182.6501,0.0,182.72,182.45,182.7,0.0,0
2026-03-16 23:00:00+00:00,182.7846,182.7846,0.0,182.8,182.52,182.6448,0.0,0
2026-03-17 08:00:00+00:00,183.22,183.22,0.0,183.72,183.18,183.21,0.0,0
2026-03-17 09:00:00+00:00,183.78,183.78,0.0,183.78,182.93,183.25,0.0,0
2026-03-17 10:00:00+00:00,183.75,183.75,0.0,183.98,183.44,183.74,0.0,0
2026-03-17 11:00:00+00:00,183.53,183.53,0.0,183.95,183.21,183.74,0.0,0
2026-03-17 12:00:00+00:00,183.6913,183.6913,0.0,183.99,182.5,183.54,0.0,0
2026-03-17 13:00:00+00:00,185.07,185.07,0.0,185.2879,183.67,183.7,0.0,0
2026-03-17 13:30:00+00:00,183.08999633789062,183.08999633789062,0.0,185.39999389648438,181.89999389648438,185.0500030517578,0.0,35838393
2026-03-17 14:30:00+00:00,182.43499755859375,182.43499755859375,0.0,183.41000366210938,182.24029541015625,183.0800018310547,0.0,36924089
2026-03-17 15:30:00+00:00,182.69830322265625,182.69830322265625,0.0,183.10000610351562,181.68040466308594,182.43499755859375,0.0,0
2026-03-17 16:30:00+00:00,182.41000366210938,182.41000366210938,0.0,182.9499969482422,181.8699951171875,182.6999969482422,0.0,43422500
2026-03-17 17:30:00+00:00,183.0399932861328,183.0399932861328,0.0,183.47000122070312,182.39999389648438,182.41000366210938,0.0,0
2026-03-17 18:30:00+00:00,182.64010620117188,182.64010620117188,0.0,183.15989685058594,182.05999755859375,183.02999877929688,0.0,10839212
2026-03-17 19:30:00+00:00,181.9600067138672,181.9600067138672,0.0,182.92999267578125,181.80999755859375,182.63009643554688,0.0,10549153
2026-03-17 20:00:00+00:00,182.04,182.04,0.0,182.11,181.65,181.97,0.0,0
2026-03-17 21:00:00+00:00,181.99,181.99,0.0,182.1,180.4697,182.05,0.0,0
2026-03-17 22:00:00+00:00,182.3602,182.3602,0.0,182.4,181.9,181.99,0.0,0
2026-03-17 23:00:00+00:00,182.345,182.345,0.0,182.38,182.13,182.3602,0.0,0
2026-03-18 08:00:00+00:00,183.49,183.49,0.0,183.58,183.25,183.25,0.0,0
2026-03-18 09:00:00+00:00,183.68,183.68,0.0,183.73,183.4,183.45,0.0,0
2026-03-18 10:00:00+00:00,183.9,183.9,0.0,183.98,183.57,183.7,0.0,0
2026-03-18 11:00:00+00:00,183.13,183.13,0.0,183.95,183.01,183.9,0.0,0
2026-03-18 12:00:00+00:00,182.6222,182.6222,0.0,183.9802,181.93,183.14,0.0,0
2026-03-18 13:00:00+00:00,182.57,182.57,0.0,182.65,181.56,182.55,0.0,0
2026-03-18 13:30:00+00:00,182.2794952392578,182.2794952392578,0.0,183.3800048828125,180.72999572753906,182.49000549316406,0.0,27757729
2026-03-18 14:30:00+00:00,182.5399932861328,182.5399932861328,0.0,183.23500061035156,181.83999633789062,182.2805938720703,0.0,15580633
2026-03-18 15:30:00+00:00,182.74000549316406,182.74000549316406,0.0,182.85000610351562,182.32000732421875,182.5399932861328,0.0,9596417
2026-03-18 16:30:00+00:00,182.07000732421875,182.07000732421875,0.0,182.7550048828125,181.8300018310547,182.74000549316406,0.0,8508642
2026-03-18 17:30:00+00:00,182.31500244140625,182.31500244140625,0.0,183.14999389648438,181.82000732421875,182.07000732421875,0.0,10044595
2026-03-18 18:30:00+00:00,181.2449951171875,181.2449951171875,0.0,182.39500427246094,180.8800048828125,182.30999755859375,0.0,14439661
2026-03-18 19:30:00+00:00,180.35000610351562,180.35000610351562,0.0,181.38499450683594,180.3300018310547,181.22999572753906,0.0,9305558
2026-03-18 20:00:00+00:00,180.23,180.23,0.0,181.9799,174.2422,180.39,0.0,0
2026-03-18 21:00:00+00:00,180.32,180.32,0.0,185.5528,168.0016,180.24,0.0,0
2026-03-18 22:00:00+00:00,180.1699,180.1699,0.0,180.32,179.76,180.31,0.0,0
2026-03-18 23:00:00+00:00,180.24,180.24,0.0,180.45,180.14,180.19,0.0,0
2026-03-19 08:00:00+00:00,179.88,179.88,0.0,180.11,179.6,179.88,0.0,0
2026-03-19 09:00:00+00:00,179.12,179.12,0.0,179.9,179.01,179.87,0.0,0
2026-03-19 10:00:00+00:00,180.03,180.03,0.0,180.22,179.11,179.17,0.0,0
2026-03-19 11:00:00+00:00,179.66,179.66,0.0,180.2,179.47,180.02,0.0,0
2026-03-19 12:00:00+00:00,178.53,178.53,0.0,180.69,178.06,179.68,0.0,0
2026-03-19 13:00:00+00:00,178.01,178.01,0.0,180.4,177.83,178.55,0.0,0
2026-03-19 13:30:00+00:00,177.58999633789062,177.58999633789062,0.0,178.39930725097656,175.78500366210938,178.00999450683594,0.0,33648796
2026-03-19 14:30:00+00:00,178.23219299316406,178.23219299316406,0.0,179.0500030517578,177.55499267578125,177.58999633789062,0.0,15448637
2026-03-19 15:30:00+00:00,178.78500366210938,178.78500366210938,0.0,178.94000244140625,177.6649932861328,178.24000549316406,0.0,11424087
2026-03-19 16:30:00+00:00,178.5449981689453,178.5449981689453,0.0,178.89999389648438,177.55999755859375,178.7899932861328,0.0,41821467
2026-03-19 17:30:00+00:00,178.9698944091797,178.9698944091797,0.0,179.24000549316406,177.97000122070312,178.5399932861328,0.0,0
2026-03-19 18:30:00+00:00,179.13499450683594,179.13499450683594,0.0,179.97999572753906,178.08999633789062,178.97999572753906,0.0,13879376
2026-03-19 19:30:00+00:00,178.5,178.5,0.0,179.14990234375,177.91000366210938,179.1300048828125,0.0,10911447
2026-03-19 20:00:00+00:00,179.0693,179.0693,0.0,182.5667,167.6182,178.51,0.0,0
2026-03-19 21:00:00+00:00,179.0899,179.0899,0.0,182.5667,169.273,179.0695,0.0,0
2026-03-19 22:00:00+00:00,179.375,179.375,0.0,179.6,178.86,179.089,0.0,0
2026-03-19 23:00:00+00:00,179.1692,179.1692,0.0,179.49,179.0,179.38,0.0,0
2026-03-20 08:00:00+00:00,178.61,178.61,0.0,179.36,178.51,178.66,0.0,0
2026-03-20 09:00:00+00:00,178.22,178.22,0.0,178.79,178.15,178.55,0.0,0
2026-03-20 10:00:00+00:00,177.47,177.47,0.0,178.4,177.0,178.2,0.0,0
2026-03-20 11:00:00+00:00,177.73,177.73,0.0,177.96,177.44,177.44,0.0,0
2026-03-20 12:00:00+00:00,178.36,178.36,0.0,179.3948,177.01,177.73,0.0,0
2026-03-20 13:00:00+00:00,178.01,178.01,0.0,179.1,177.9321,178.3623,0.0,0
2026-03-20 13:30:00+00:00,175.73500061035156,175.73500061035156,0.0,178.25999450683594,175.42999267578125,178.0,0.0,54718351
2026-03-20 14:30:00+00:00,175.69500732421875,175.69500732421875,0.0,176.25,175.0,175.75,0.0,27274362
2026-03-20 15:30:00+00:00,175.98849487304688,175.98849487304688,0.0,176.4499969482422,175.55999755859375,175.6999969482422,0.0,14754297
2026-03-20 16:30:00+00:00,175.07000732421875,175.07000732421875,0.0,175.98500061035156,175.02999877929688,175.98500061035156,0.0,12073349
2026-03-20 17:30:00+00:00,174.26010131835938,174.26010131835938,0.0,175.08999633789062,173.9600067138672,175.06500244140625,0.0,20076641
2026-03-20 18:30:00+00:00,172.42999267578125,172.42999267578125,0.0,174.33999633789062,172.37010192871094,174.26499938964844,0.0,23159557
2026-03-20 19:30:00+00:00,173.0,173.0,0.0,173.0399932861328,171.72500610351562,172.4250030517578,0.0,24605650
2026-03-20 20:00:00+00:00,174.1499,174.1499,0.0,179.7988,166.2859,173.0,0.0,0
2026-03-20 21:00:00+00:00,175.08,175.08,0.0,179.7988,164.4817,174.08,0.0,0
2026-03-20 22:00:00+00:00,175.1693,175.1693,0.0,175.48,174.73,175.0882,0.0,0
2026-03-20 23:00:00+00:00,174.86,174.86,0.0,177.67,174.82,175.1792,0.0,0
2026-03-23 08:00:00+00:00,171.45,171.45,0.0,171.87,170.29,170.29,0.0,0
2026-03-23 09:00:00+00:00,171.37,171.37,0.0,172.23,171.21,171.43,0.0,0
2026-03-23 10:00:00+00:00,170.75,170.75,0.0,171.41,170.5,171.38,0.0,0
2026-03-23 11:00:00+00:00,176.72,176.72,0.0,178.47,170.67,170.74,0.0,0
2026-03-23 12:00:00+00:00,176.4499,176.4499,0.0,178.5,169.34,176.68,0.0,0
2026-03-23 13:00:00+00:00,177.37,177.37,0.0,177.79,176.05,176.43,0.0,0
2026-03-23 13:30:00+00:00,177.875,177.875,0.0,178.2279052734375,175.87010192871094,177.25,0.0,55566937
2026-03-23 14:30:00+00:00,177.5800018310547,177.5800018310547,0.0,178.3699951171875,177.22999572753906,177.86500549316406,0.0,23567711
2026-03-23 15:30:00+00:00,174.80999755859375,174.80999755859375,0.0,177.77000427246094,174.75999450683594,177.58999633789062,0.0,26157500
2026-03-23 16:30:00+00:00,175.2949981689453,175.2949981689453,0.0,175.88999938964844,174.80349731445312,174.81500244140625,0.0,14902798
2026-03-23 17:30:00+00:00,176.10499572753906,176.10499572753906,0.0,176.41000366210938,175.27999877929688,175.27999877929688,0.0,13473293
2026-03-23 18:30:00+00:00,176.22999572753906,176.22999572753906,0.0,176.9600067138672,176.08999633789062,176.10000610351562,0.0,15340354
2026-03-23 19:30:00+00:00,175.50999450683594,175.50999450683594,0.0,176.6999969482422,175.5,176.22500610351562,0.0,14875311
2026-03-23 20:00:00+00:00,175.5519,175.5519,0.0,176.8173,164.7617,175.51,0.0,0
2026-03-23 21:00:00+00:00,175.76,175.76,0.0,185.0,167.3776,175.5519,0.0,0
2026-03-23 22:00:00+00:00,176.1848,176.1848,0.0,176.2,175.64,175.75,0.0,0
2026-03-23 23:00:00+00:00,176.0,176.0,0.0,176.2,175.9,176.15,0.0,0
2026-03-24 08:00:00+00:00,175.91,175.91,0.0,176.56,175.83,176.46,0.0,0
2026-03-24 09:00:00+00:00,175.45,175.45,0.0,176.12,175.08,175.83,0.0,0
2026-03-24 10:00:00+00:00,175.75,175.75,0.0,176.0,175.45,175.48,0.0,0
2026-03-24 11:00:00+00:00,175.89,175.89,0.0,176.31,175.63,175.74,0.0,0
2026-03-24 12:00:00+00:00,175.495,175.495,0.0,176.89,174.38,175.88,0.0,0
2026-03-24 13:00:00+00:00,174.76,174.76,0.0,175.64,174.3405,175.49,0.0,0
2026-03-24 13:30:00+00:00,174.25,174.25,0.0,175.89990234375,173.97999572753906,174.76199340820312,0.0,31849095
2026-03-24 14:30:00+00:00,175.61500549316406,175.61500549316406,0.0,176.16000366210938,174.13499450683594,174.2550048828125,0.0,25114276
2026-03-24 15:30:00+00:00,175.3249969482422,175.3249969482422,0.0,175.89939880371094,174.9199981689453,175.61000061035156,0.0,14868329
2026-03-24 16:30:00+00:00,174.70730590820312,174.70730590820312,0.0,175.47999572753906,174.38499450683594,175.3300018310547,0.0,12064410
2026-03-24 17:30:00+00:00,175.4250030517578,175.4250030517578,0.0,175.60000610351562,174.41990661621094,174.6999969482422,0.0,11873453
2026-03-24 18:30:00+00:00,175.51499938964844,175.51499938964844,0.0,176.22000122070312,175.3000030517578,175.42999267578125,0.0,13983547
2026-03-24 19:30:00+00:00,175.30999755859375,175.30999755859375,0.0,175.6199951171875,174.86000061035156,175.51780700683594,0.0,13261358
2026-03-24 20:00:00+00:00,177.15,177.15,0.0,177.56,175.2,175.32,0.0,0
2026-03-24 21:00:00+00:00,176.9,176.9,0.0,178.8647,174.229,177.15,0.0,0
2026-03-24 22:00:00+00:00,176.96,176.96,0.0,177.1,176.61,176.93,0.0,0
2026-03-24 23:00:00+00:00,176.95,176.95,0.0,176.99,176.73,176.9599,0.0,0
2026-03-25 08:00:00+00:00,177.8,177.8,0.0,178.05,177.01,177.01,0.0,0
2026-03-25 09:00:00+00:00,177.48,177.48,0.0,177.95,177.11,177.8,0.0,0
2026-03-25 10:00:00+00:00,177.64,177.64,0.0,177.9,177.18,177.49,0.0,0
2026-03-25 11:00:00+00:00,177.96,177.96,0.0,177.98,177.3,177.64,0.0,0
2026-03-25 12:00:00+00:00,177.67,177.67,0.0,178.39,175.2,177.99,0.0,0
2026-03-25 13:00:00+00:00,177.05,177.05,0.0,177.85,177.03,177.74,0.0,0
2026-03-25 13:30:00+00:00,180.05999755859375,180.05999755859375,0.0,180.30999755859375,176.86000061035156,177.10000610351562,0.0,47087931
2026-03-25 14:30:00+00:00,180.0,180.0,0.0,181.21499633789062,179.1999969482422,180.0500030517578,0.0,31111269
2026-03-25 15:30:00+00:00,179.1199951171875,179.1199951171875,0.0,180.05589294433594,178.73500061035156,179.9949951171875,0.0,18161118
2026-03-25 16:30:00+00:00,178.92999267578125,178.92999267578125,0.0,179.33970642089844,178.50999450683594,179.11000061035156,0.0,12018365
2026-03-25 17:30:00+00:00,179.02000427246094,179.02000427246094,0.0,179.57000732421875,178.66000366210938,178.94000244140625,0.0,12686862
2026-03-25 18:30:00+00:00,178.60000610351562,178.60000610351562,0.0,179.1999969482422,177.8300018310547,179.02000427246094,0.0,15914397
2026-03-25 19:30:00+00:00,178.6699981689453,178.6699981689453,0.0,179.1199951171875,178.25,178.59500122070312,0.0,10187015
2026-03-25 20:00:00+00:00,178.46,178.46,0.0,190.8448,167.1443,178.71,0.0,0
2026-03-25 21:00:00+00:00,178.38,178.38,0.0,190.8448,166.3531,178.44,0.0,0
2026-03-25 22:00:00+00:00,178.12,178.12,0.0,178.4,178.1,178.39,0.0,0
2026-03-25 23:00:00+00:00,178.04,178.04,0.0,178.33,178.02,178.15,0.0,0
2026-03-26 08:00:00+00:00,176.97,176.97,0.0,177.62,176.89,177.6,0.0,0
2026-03-26 09:00:00+00:00,176.74,176.74,0.0,177.12,176.63,176.97,0.0,0
2026-03-26 10:00:00+00:00,177.0,177.0,0.0,177.08,176.3,176.74,0.0,0
2026-03-26 11:00:00+00:00,176.64,176.64,0.0,177.1,176.43,176.95,0.0,0
2026-03-26 12:00:00+00:00,176.36,176.36,0.0,178.68,176.04,176.64,0.0,0
2026-03-26 13:00:00+00:00,176.16,176.16,0.0,176.71,175.75,176.36,0.0,0
2026-03-26 13:30:00+00:00,174.82000732421875,174.82000732421875,0.0,176.5,174.80990600585938,176.1699981689453,0.0,36029353
2026-03-26 14:30:00+00:00,174.07009887695312,174.07009887695312,0.0,175.15989685058594,173.0399932861328,174.81500244140625,0.0,29537109
2026-03-26 15:30:00+00:00,173.77499389648438,173.77499389648438,0.0,174.8300018310547,173.7050018310547,174.06500244140625,0.0,18378166
2026-03-26 16:30:00+00:00,173.54010009765625,173.54010009765625,0.0,174.0,173.33999633789062,173.77499389648438,0.0,13236281
2026-03-26 17:30:00+00:00,172.09500122070312,172.09500122070312,0.0,173.7100067138672,171.83999633789062,173.5399932861328,0.0,22153880
2026-03-26 18:30:00+00:00,172.125,172.125,0.0,172.5,171.5500030517578,172.09500122070312,0.0,18593403
2026-03-26 19:30:00+00:00,171.22999572753906,171.22999572753906,0.0,172.14999389648438,171.13999938964844,172.12319946289062,0.0,17202750
2026-03-26 20:00:00+00:00,172.13,172.13,0.0,172.69,163.7402,171.25,0.0,0
2026-03-26 21:00:00+00:00,172.19,172.19,0.0,184.2823,160.6223,172.13,0.0,0
2026-03-26 22:00:00+00:00,172.23,172.23,0.0,172.27,171.24,172.19,0.0,0
2026-03-26 23:00:00+00:00,172.28,172.28,0.0,172.3,172.08,172.205,0.0,0
2026-03-27 08:00:00+00:00,171.99,171.99,0.0,173.06,171.9,172.5,0.0,0
2026-03-27 09:00:00+00:00,171.98,171.98,0.0,172.36,171.29,172.0,0.0,0
2026-03-27 10:00:00+00:00,171.67,171.67,0.0,172.0,171.4,171.99,0.0,0
2026-03-27 11:00:00+00:00,171.34,171.34,0.0,171.72,170.6,171.65,0.0,0
2026-03-27 12:00:00+00:00,171.72,171.72,0.0,178.75,170.6,171.33,0.0,0
2026-03-27 13:00:00+00:00,169.98,169.98,0.0,177.91,169.69,171.72,0.0,0
2026-03-27 13:30:00+00:00,167.85000610351562,167.85000610351562,0.0,170.97000122070312,167.8000030517578,169.99000549316406,0.0,56166225
2026-03-27 14:30:00+00:00,169.5699005126953,169.5699005126953,0.0,169.5699005126953,167.5500030517578,167.8300018310547,0.0,27603646
2026-03-27 15:30:00+00:00,168.82000732421875,168.82000732421875,0.0,169.94000244140625,168.7100067138672,169.55999755859375,0.0,17521361
2026-03-27 16:30:00+00:00,167.83999633789062,167.83999633789062,0.0,169.27000427246094,167.8300018310547,168.80999755859375,0.0,16758151
2026-03-27 17:30:00+00:00,168.0,168.0,0.0,168.24000549316406,167.61000061035156,167.83999633789062,0.0,15062395
2026-03-27 18:30:00+00:00,167.42999267578125,167.42999267578125,0.0,168.27000427246094,167.22000122070312,168.0050048828125,0.0,17650366
2026-03-27 19:30:00+00:00,167.4600067138672,167.4600067138672,0.0,167.92999267578125,167.00999450683594,167.44000244140625,0.0,18119318
2026-03-27 20:00:00+00:00,167.5,167.5,0.0,173.8155,156.4134,167.46,0.0,0
2026-03-27 21:00:00+00:00,167.31,167.31,0.0,178.68,156.6058,167.465,0.0,0
2026-03-27 22:00:00+00:00,167.03,167.03,0.0,167.34,167.0,167.3,0.0,0
2026-03-27 23:00:00+00:00,166.569,166.569,0.0,167.09,166.45,167.06,0.0,0
2026-03-30 08:00:00+00:00,168.3431,168.3431,0.0,168.7487,166.72,167.77,0.0,0
2026-03-30 09:00:00+00:00,169.3464,169.3464,0.0,169.6,168.2822,168.4,0.0,0
2026-03-30 10:00:00+00:00,168.578,168.578,0.0,169.4905,168.54,169.34,0.0,0
2026-03-30 11:00:00+00:00,169.22,169.22,0.0,169.5,167.52,168.5758,0.0,0
2026-03-30 12:00:00+00:00,169.05,169.05,0.0,169.4,168.4,169.23,0.0,0
2026-03-30 13:00:00+00:00,168.76,168.76,0.0,169.44,168.53,169.09,0.0,0
2026-03-30 13:30:00+00:00,166.91000366210938,166.91000366210938,0.0,169.4499969482422,166.2100067138672,168.73500061035156,0.0,44328928
2026-03-30 14:30:00+00:00,167.0050048828125,167.0050048828125,0.0,168.25,166.27000427246094,166.90499877929688,0.0,25106249
2026-03-30 15:30:00+00:00,166.47500610351562,166.47500610351562,0.0,168.02000427246094,166.35000610351562,167.0,0.0,19964516
2026-03-30 16:30:00+00:00,165.875,165.875,0.0,166.9199981689453,165.80999755859375,166.47999572753906,0.0,16368311
2026-03-30 17:30:00+00:00,165.69500732421875,165.69500732421875,0.0,166.4499969482422,165.58999633789062,165.8699951171875,0.0,14207997
2026-03-30 18:30:00+00:00,164.46310424804688,164.46310424804688,0.0,166.07000732421875,164.2949981689453,165.6999969482422,0.0,19702372
2026-03-30 19:30:00+00:00,165.05999755859375,165.05999755859375,0.0,165.5399932861328,164.27000427246094,164.46499633789062,0.0,18227730
2026-03-30 20:00:00+00:00,165.15,165.15,0.0,165.34,164.525,165.06,0.0,0
2026-03-30 21:00:00+00:00,164.83,164.83,0.0,165.17,164.72,165.15,0.0,0
2026-03-30 22:00:00+00:00,164.55,164.55,0.0,176.37,164.51,164.87,0.0,0
2026-03-30 23:00:00+00:00,163.5187,163.5187,0.0,164.59,163.5,164.55,0.0,0
2026-03-31 08:00:00+00:00,166.74,166.74,0.0,167.25,165.17,166.32,0.0,0
2026-03-31 09:00:00+00:00,166.88,166.88,0.0,166.9707,166.32,166.74,0.0,0
2026-03-31 10:00:00+00:00,166.6502,166.6502,0.0,166.87,166.34,166.8,0.0,0
2026-03-31 11:00:00+00:00,167.0763,167.0763,0.0,167.378,165.17,166.6463,0.0,0
2026-03-31 12:00:00+00:00,167.75,167.75,0.0,168.1,166.9,167.08,0.0,0
2026-03-31 13:00:00+00:00,167.02,167.02,0.0,168.0,166.8,167.72,0.0,0
2026-03-31 13:30:00+00:00,170.97999572753906,170.97999572753906,0.0,171.0749969482422,166.9600067138672,166.97000122070312,0.0,44954815
2026-03-31 14:30:00+00:00,170.30499267578125,170.30499267578125,0.0,171.3800048828125,169.55999755859375,170.97999572753906,0.0,25991642
2026-03-31 15:30:00+00:00,171.0500030517578,171.0500030517578,0.0,171.27999877929688,169.7550048828125,170.3000030517578,0.0,18531113
2026-03-31 16:30:00+00:00,173.27499389648438,173.27499389648438,0.0,173.8800048828125,170.7550048828125,171.0500030517578,0.0,33199113
2026-03-31 17:30:00+00:00,173.26499938964844,173.26499938964844,0.0,173.72999572753906,172.27999877929688,173.27999877929688,0.0,19348274
2026-03-31 18:30:00+00:00,173.93499755859375,173.93499755859375,0.0,174.27499389648438,173.02000427246094,173.25999450683594,0.0,21682792
2026-03-31 19:30:00+00:00,174.3800048828125,174.3800048828125,0.0,174.6199951171875,173.85499572753906,173.92999267578125,0.0,20307842
2026-03-31 20:00:00+00:00,174.24,174.24,0.0,174.85,162.88,174.37,0.0,0
2026-03-31 21:00:00+00:00,173.93,173.93,0.0,174.4,173.75,174.27,0.0,0
2026-03-31 22:00:00+00:00,174.26,174.26,0.0,174.59,173.7519,173.87,0.0,0
2026-03-31 23:00:00+00:00,174.97,174.97,0.0,174.97,174.15,174.29,0.0,0
2026-04-01 08:00:00+00:00,175.72,175.72,0.0,176.98,174.4,175.77,0.0,0
2026-04-01 09:00:00+00:00,175.1517,175.1517,0.0,176.0,174.8,175.72,0.0,0
2026-04-01 10:00:00+00:00,175.64,175.64,0.0,175.73,175.15,175.19,0.0,0
2026-04-01 11:00:00+00:00,176.84,176.84,0.0,176.95,174.4,175.6,0.0,0
2026-04-01 12:00:00+00:00,176.3526,176.3526,0.0,177.32,174.4,176.81,0.0,0
2026-04-01 13:00:00+00:00,176.0,176.0,0.0,176.85,174.4,176.35,0.0,0
2026-04-01 13:30:00+00:00,176.1999969482422,176.1999969482422,0.0,176.60000610351562,174.75999450683594,176.0,0.0,46071243
2026-04-01 14:30:00+00:00,176.48500061035156,176.48500061035156,0.0,177.11500549316406,175.5050048828125,176.19000244140625,0.0,22675088
2026-04-01 15:30:00+00:00,177.10000610351562,177.10000610351562,0.0,177.3699951171875,176.39999389648438,176.47999572753906,0.0,15319849
2026-04-01 16:30:00+00:00,176.6649932861328,176.6649932861328,0.0,177.1649932861328,176.61000061035156,177.10000610351562,0.0,11191707
2026-04-01 17:30:00+00:00,175.0800018310547,175.0800018310547,0.0,176.72000122070312,174.8699951171875,176.6649932861328,0.0,16219900
2026-04-01 18:30:00+00:00,176.00999450683594,176.00999450683594,0.0,176.32000732421875,174.80499267578125,175.0800018310547,0.0,16485638
2026-04-01 19:30:00+00:00,175.8000030517578,175.8000030517578,0.0,176.25999450683594,175.50010681152344,176.0050048828125,0.0,11838090
2026-04-01 20:00:00+00:00,175.78,175.78,0.0,176.1451,175.55,175.81,0.0,0
2026-04-01 21:00:00+00:00,175.8565,175.8565,0.0,187.67,175.72,175.72,0.0,0
2026-04-01 22:00:00+00:00,176.13,176.13,0.0,176.65,175.72,175.83,0.0,0
2026-04-01 23:00:00+00:00,176.0799,176.0799,0.0,176.45,176.04,176.2,0.0,0
2026-04-02 08:00:00+00:00,171.71,171.71,0.0,175.75,170.91,172.14,0.0,0
2026-04-02 09:00:00+00:00,171.8,171.8,0.0,172.04,171.55,171.7,0.0,0
2026-04-02 10:00:00+00:00,171.2587,171.2587,0.0,171.9,171.21,171.84,0.0,0
2026-04-02 11:00:00+00:00,170.6956,170.6956,0.0,171.9699,170.66,171.25,0.0,0
2026-04-02 12:00:00+00:00,170.8305,170.8305,0.0,175.75,170.2,170.7,0.0,0
2026-04-02 13:00:00+00:00,172.18,172.18,0.0,175.75,170.5,170.7884,0.0,0
2026-04-02 13:30:00+00:00,174.0449981689453,174.0449981689453,0.0,175.10000610351562,171.3699951171875,172.17999267578125,0.0,45441550
2026-04-02 14:30:00+00:00,176.67999267578125,176.67999267578125,0.0,177.14999389648438,173.9199981689453,174.02999877929688,0.0,24382227
2026-04-02 15:30:00+00:00,176.125,176.125,0.0,177.02000427246094,175.72000122070312,176.6999969482422,0.0,14120301
2026-04-02 16:30:00+00:00,176.77499389648438,176.77499389648438,0.0,176.9199981689453,175.77000427246094,176.1199951171875,0.0,9243660
2026-04-02 17:30:00+00:00,176.5399932861328,176.5399932861328,0.0,177.0500030517578,176.110107421875,176.7899932861328,0.0,9736315
2026-04-02 18:30:00+00:00,176.90499877929688,176.90499877929688,0.0,177.47000122070312,176.52000427246094,176.5500030517578,0.0,12773281
2026-04-02 19:30:00+00:00,177.39999389648438,177.39999389648438,0.0,177.47999572753906,176.86000061035156,176.89999389648438,0.0,10781288
2026-04-02 20:00:00+00:00,177.0488,177.0488,0.0,177.49,176.819,177.39,0.0,0
2026-04-02 21:00:00+00:00,176.905,176.905,0.0,177.39,176.78,177.0,0.0,0
2026-04-02 22:00:00+00:00,176.73,176.73,0.0,177.0,176.69,176.92,0.0,0
2026-04-02 23:00:00+00:00,176.66,176.66,0.0,176.85,176.62,176.71,0.0,0
2026-04-06 08:00:00+00:00,178.64,178.64,0.0,178.7195,177.05,177.9488,0.0,0
2026-04-06 09:00:00+00:00,178.9569,178.9569,0.0,179.1763,178.64,178.65,0.0,0
2026-04-06 10:00:00+00:00,178.3525,178.3525,0.0,178.95,178.0,178.95,0.0,0
2026-04-06 11:00:00+00:00,177.82,177.82,0.0,178.35,177.2,178.31,0.0,0
2026-04-06 12:00:00+00:00,177.955,177.955,0.0,178.15,177.81,177.82,0.0,0
2026-04-06 13:00:00+00:00,177.1335,177.1335,0.0,178.04,176.325,177.97,0.0,0
2026-04-06 13:30:00+00:00,176.77999877929688,176.77999877929688,0.0,177.4600067138672,175.75999450683594,177.0800018310547,0.0,31902106
2026-04-06 14:30:00+00:00,176.48609924316406,176.48609924316406,0.0,176.9550018310547,176.18350219726562,176.77999877929688,0.0,14423208
2026-04-06 15:30:00+00:00,177.15499877929688,177.15499877929688,0.0,177.61000061035156,176.4499969482422,176.49000549316406,0.0,10776969
2026-04-06 16:30:00+00:00,176.93499755859375,176.93499755859375,0.0,177.44000244140625,176.10000610351562,177.1501007080078,0.0,10043504
2026-04-06 17:30:00+00:00,176.98500061035156,176.98500061035156,0.0,177.3000030517578,176.44500732421875,176.9320068359375,0.0,10372408
2026-04-06 18:30:00+00:00,177.2200927734375,177.2200927734375,0.0,177.4199981689453,176.75,176.97500610351562,0.0,8384391
2026-04-06 19:30:00+00:00,177.63999938964844,177.63999938964844,0.0,177.67999267578125,177.0749969482422,177.22000122070312,0.0,8330957
2026-04-06 20:00:00+00:00,177.4805,177.4805,0.0,178.68,176.9991,177.64,0.0,0
2026-04-06 21:00:00+00:00,177.25,177.25,0.0,177.6,177.03,177.49,0.0,0
2026-04-06 22:00:00+00:00,176.8305,176.8305,0.0,177.37,176.65,177.24,0.0,0
2026-04-06 23:00:00+00:00,176.75,176.75,0.0,177.0,176.72,176.8297,0.0,0
2026-04-07 08:00:00+00:00,177.16,177.16,0.0,177.64,176.0597,176.5025,0.0,0
2026-04-07 09:00:00+00:00,176.8812,176.8812,0.0,177.4772,176.7,177.15,0.0,0
2026-04-07 10:00:00+00:00,176.5817,176.5817,0.0,177.12,175.81,176.8412,0.0,0
2026-04-07 11:00:00+00:00,175.5978,175.5978,0.0,177.64,175.2,176.56,0.0,0
2026-04-07 12:00:00+00:00,175.5,175.5,0.0,175.7,174.8,175.61,0.0,0
2026-04-07 13:00:00+00:00,175.63,175.63,0.0,175.782,175.01,175.45,0.0,0
2026-04-07 13:30:00+00:00,175.0800018310547,175.0800018310547,0.0,176.99000549316406,174.44000244140625,175.75,0.0,31133504
2026-04-07 14:30:00+00:00,175.01010131835938,175.01010131835938,0.0,175.1699981689453,173.66000366210938,175.08999633789062,0.0,18582815
2026-04-07 15:30:00+00:00,175.41000366210938,175.41000366210938,0.0,175.9499053955078,174.69000244140625,175.02000427246094,0.0,13773231
2026-04-07 16:30:00+00:00,175.38999938964844,175.38999938964844,0.0,175.9470977783203,175.27999877929688,175.39999389648438,0.0,9482355
2026-04-07 17:30:00+00:00,175.69960021972656,175.69960021972656,0.0,176.17999267578125,175.34500122070312,175.38999938964844,0.0,10391810
2026-04-07 18:30:00+00:00,176.2899932861328,176.2899932861328,0.0,176.8699951171875,174.9801025390625,175.69500732421875,0.0,13809826
2026-04-07 19:30:00+00:00,178.09500122070312,178.09500122070312,0.0,178.2050018310547,176.0800018310547,176.27499389648438,0.0,15240344
2026-04-07 20:00:00+00:00,178.317,178.317,0.0,179.89,177.85,178.1,0.0,0
2026-04-07 21:00:00+00:00,178.6,178.6,0.0,178.71,178.1,178.26,0.0,0
2026-04-07 22:00:00+00:00,182.4101,182.4101,0.0,182.44,177.54,178.7,0.0,0
2026-04-07 23:00:00+00:00,183.2601,183.2601,0.0,183.66,182.0,182.4103,0.0,0
2026-04-08 08:00:00+00:00,184.47,184.47,0.0,184.51,178.1,183.5,0.0,0
2026-04-08 09:00:00+00:00,184.76,184.76,0.0,185.1,184.32,184.48,0.0,0
2026-04-08 10:00:00+00:00,185.03,185.03,0.0,185.05,184.43,184.76,0.0,0
2026-04-08 11:00:00+00:00,184.47,184.47,0.0,185.22,183.77,185.01,0.0,0
2026-04-08 12:00:00+00:00,184.4521,184.4521,0.0,184.85,184.0492,184.44,0.0,0
2026-04-08 13:00:00+00:00,184.47,184.47,0.0,184.95,184.1691,184.4587,0.0,0
2026-04-08 13:30:00+00:00,181.8000030517578,181.8000030517578,0.0,185.25,181.2550048828125,184.4499969482422,0.0,51602936
2026-04-08 14:30:00+00:00,181.3000030517578,181.3000030517578,0.0,181.92970275878906,180.30999755859375,181.79510498046875,0.0,20915113
2026-04-08 15:30:00+00:00,181.4499969482422,181.4499969482422,0.0,182.02999877929688,181.1300048828125,181.3000030517578,0.0,11893338
2026-04-08 16:30:00+00:00,181.44500732421875,181.44500732421875,0.0,181.80999755859375,181.375,181.4499969482422,0.0,9159925
2026-04-08 17:30:00+00:00,181.70030212402344,181.70030212402344,0.0,182.17999267578125,181.2949981689453,181.44500732421875,0.0,10518995
2026-04-08 18:30:00+00:00,181.7050018310547,181.7050018310547,0.0,182.0500030517578,181.10000610351562,181.7075958251953,0.0,11151138
2026-04-08 19:30:00+00:00,182.10000610351562,182.10000610351562,0.0,182.3000030517578,181.64999389648438,181.6999969482422,0.0,11293205
2026-04-08 20:00:00+00:00,181.74,181.74,0.0,190.8448,175.7997,182.11,0.0,0
2026-04-08 21:00:00+00:00,181.53,181.53,0.0,190.8448,174.4123,181.74,0.0,0
2026-04-08 22:00:00+00:00,181.13,181.13,0.0,181.64,181.0,181.549,0.0,0
2026-04-08 23:00:00+00:00,180.9401,180.9401,0.0,181.3,180.85,181.09,0.0,0
2026-04-09 08:00:00+00:00,180.33,180.33,0.0,182.08,180.0,182.0,0.0,0
2026-04-09 09:00:00+00:00,180.69,180.69,0.0,180.7688,180.3,180.33,0.0,0
2026-04-09 10:00:00+00:00,180.6807,180.6807,0.0,180.98,180.549,180.73,0.0,0
2026-04-09 11:00:00+00:00,180.79,180.79,0.0,182.08,180.5,180.7053,0.0,0
2026-04-09 12:00:00+00:00,181.05,181.05,0.0,182.08,180.7797,180.7797,0.0,0
2026-04-09 13:00:00+00:00,181.8,181.8,0.0,181.92,180.69,181.09,0.0,0
2026-04-09 13:30:00+00:00,181.625,181.625,0.0,182.25999450683594,180.62010192871094,181.83999633789062,0.0,26761935
2026-04-09 14:30:00+00:00,182.8350067138672,182.8350067138672,0.0,183.52999877929688,181.38999938964844,181.61000061035156,0.0,18257065
2026-04-09 15:30:00+00:00,183.53500366210938,183.53500366210938,0.0,183.9600067138672,182.72000122070312,182.8300018310547,0.0,13985168
2026-04-09 16:30:00+00:00,183.4600067138672,183.4600067138672,0.0,183.88999938964844,183.10000610351562,183.52999877929688,0.0,9528547
2026-04-09 17:30:00+00:00,183.10000610351562,183.10000610351562,0.0,183.73959350585938,183.0,183.4550018310547,0.0,9518565
2026-04-09 18:30:00+00:00,183.64500427246094,183.64500427246094,0.0,183.8300018310547,182.9199981689453,183.0800018310547,0.0,9176370
2026-04-09 19:30:00+00:00,183.85000610351562,183.85000610351562,0.0,184.0800018310547,183.60000610351562,183.64999389648438,0.0,10974717
2026-04-09 20:00:00+00:00,183.68,183.68,0.0,193.3398,177.64,183.91,0.0,0
2026-04-09 21:00:00+00:00,183.52,183.52,0.0,183.91,181.3361,183.67,0.0,0
2026-04-09 22:00:00+00:00,183.19,183.19,0.0,195.9818,183.18,183.525,0.0,0
2026-04-09 23:00:00+00:00,183.02,183.02,0.0,183.39,182.8995,183.2,0.0,0
2026-04-10 08:00:00+00:00,183.05,183.05,0.0,183.91,182.84,183.19,0.0,0
2026-04-10 09:00:00+00:00,182.9877,182.9877,0.0,183.29,182.55,183.0537,0.0,0
2026-04-10 10:00:00+00:00,183.166,183.166,0.0,183.2558,182.3,182.99,0.0,0
2026-04-10 11:00:00+00:00,183.34,183.34,0.0,183.5,182.9,183.06,0.0,0
2026-04-10 12:00:00+00:00,183.73,183.73,0.0,183.86,183.17,183.33,0.0,0
2026-04-10 13:00:00+00:00,184.3,184.3,0.0,184.4,183.63,183.74,0.0,0
2026-04-10 13:30:00+00:00,187.8249969482422,187.8249969482422,0.0,187.9199981689453,184.3000030517578,184.4199981689453,0.0,41841686
2026-04-10 14:30:00+00:00,189.47999572753906,189.47999572753906,0.0,190.0,187.72999572753906,187.8350067138672,0.0,32319743
2026-04-10 15:30:00+00:00,188.45469665527344,188.45469665527344,0.0,189.5800018310547,188.09500122070312,189.48500061035156,0.0,17852756
2026-04-10 16:30:00+00:00,188.1470947265625,188.1470947265625,0.0,188.6199951171875,187.92999267578125,188.4499969482422,0.0,12587920
2026-04-10 17:30:00+00:00,188.5850067138672,188.5850067138672,0.0,189.0,187.9600067138672,188.13999938964844,0.0,10697184
2026-04-10 18:30:00+00:00,189.38999938964844,189.38999938964844,0.0,189.69000244140625,188.38009643554688,188.5800018310547,0.0,13701728
2026-04-10 19:30:00+00:00,188.63999938964844,188.63999938964844,0.0,189.38499450683594,188.11000061035156,189.38499450683594,0.0,14162426
2026-04-10 20:00:00+00:00,188.7305,188.7305,0.0,188.85,178.68,188.73,0.0,0
2026-04-10 21:00:00+00:00,188.4,188.4,0.0,188.75,188.32,188.75,0.0,0
2026-04-10 22:00:00+00:00,188.1809,188.1809,0.0,188.43,188.17,188.4,0.0,0
2026-04-10 23:00:00+00:00,188.4199,188.4199,0.0,188.44,188.11,188.18,0.0,0
2026-04-13 08:00:00+00:00,186.02,186.02,0.0,186.2,185.12,186.19,0.0,0
2026-04-13 09:00:00+00:00,186.54,186.54,0.0,186.7,185.9,186.0253,0.0,0
2026-04-13 10:00:00+00:00,186.2658,186.2658,0.0,186.67,186.07,186.54,0.0,0
2026-04-13 11:00:00+00:00,186.2052,186.2052,0.0,188.63,185.82,186.25,0.0,0
2026-04-13 12:00:00+00:00,185.749,185.749,0.0,186.29,185.45,186.29,0.0,0
2026-04-13 13:00:00+00:00,186.0,186.0,0.0,186.22,185.49,185.73,0.0,0
2026-04-13 13:30:00+00:00,188.41990661621094,188.41990661621094,0.0,188.47999572753906,185.74000549316406,186.02000427246094,0.0,35943745
2026-04-13 14:30:00+00:00,188.6107940673828,188.6107940673828,0.0,189.64999389648438,188.13499450683594,188.41000366210938,0.0,18922601
2026-04-13 15:30:00+00:00,188.44509887695312,188.44509887695312,0.0,188.89990234375,187.9199981689453,188.6199951171875,0.0,13963685
2026-04-13 16:30:00+00:00,188.2050018310547,188.2050018310547,0.0,188.64990234375,187.85000610351562,188.44000244140625,0.0,11181831
2026-04-13 17:30:00+00:00,188.0198974609375,188.0198974609375,0.0,188.4199981689453,187.97000122070312,188.2100067138672,0.0,9120812
2026-04-13 18:30:00+00:00,188.7050018310547,188.7050018310547,0.0,188.88999938964844,187.99000549316406,188.00999450683594,0.0,10976974
2026-04-13 19:30:00+00:00,189.2100067138672,189.2100067138672,0.0,189.4550018310547,188.38999938964844,188.6999969482422,0.0,12534805
2026-04-13 20:00:00+00:00,188.9773,188.9773,0.0,199.969,188.29,189.2,0.0,0
2026-04-13 21:00:00+00:00,188.99,188.99,0.0,199.969,177.8272,189.0,0.0,0
2026-04-13 22:00:00+00:00,189.25,189.25,0.0,190.0723,181.4671,189.03,0.0,0
2026-04-13 23:00:00+00:00,189.0065,189.0065,0.0,189.37,189.0,189.25,0.0,0
2026-04-14 08:00:00+00:00,189.8985,189.8985,0.0,190.21,188.91,189.59,0.0,0
2026-04-14 09:00:00+00:00,189.8716,189.8716,0.0,190.0,189.8,189.9,0.0,0
2026-04-14 10:00:00+00:00,189.7025,189.7025,0.0,189.9,189.63,189.87,0.0,0
2026-04-14 11:00:00+00:00,190.56,190.56,0.0,190.63,189.31,189.7,0.0,0
2026-04-14 12:00:00+00:00,190.6868,190.6868,0.0,190.87,190.38,190.5695,0.0,0
2026-04-14 13:00:00+00:00,190.9108,190.9108,0.0,191.11,190.0,190.6883,0.0,0
2026-04-14 13:30:00+00:00,192.86000061035156,192.86000061035156,0.0,193.30999755859375,190.8000030517578,190.8300018310547,0.0,43520464
2026-04-14 14:30:00+00:00,193.44500732421875,193.44500732421875,0.0,193.72999572753906,192.66000366210938,192.8699951171875,0.0,19306493
2026-04-14 15:30:00+00:00,194.79989624023438,194.79989624023438,0.0,194.94000244140625,193.3300018310547,193.44500732421875,0.0,18612294
2026-04-14 16:30:00+00:00,194.72500610351562,194.72500610351562,0.0,194.99000549316406,194.33999633789062,194.80589294433594,0.0,13990697
2026-04-14 17:30:00+00:00,194.5800018310547,194.5800018310547,0.0,194.89999389648438,194.38999938964844,194.72999572753906,0.0,8811868
2026-04-14 18:30:00+00:00,196.20989990234375,196.20989990234375,0.0,196.33999633789062,194.56500244140625,194.5749969482422,0.0,19309999
2026-04-14 19:30:00+00:00,196.49000549316406,196.49000549316406,0.0,196.5,195.57000732421875,196.1999969482422,0.0,16494329
2026-04-14 20:00:00+00:00,196.35,196.35,0.0,208.233,192.9518,196.49,0.0,0
2026-04-14 21:00:00+00:00,195.82,195.82,0.0,196.51,195.61,196.37,0.0,0
2026-04-14 22:00:00+00:00,195.845,195.845,0.0,208.233,192.9518,195.81,0.0,0
2026-04-14 23:00:00+00:00,196.19,196.19,0.0,196.25,195.83,195.84,0.0,0
2026-04-15 08:00:00+00:00,196.1,196.1,0.0,196.51,195.04,195.87,0.0,0
2026-04-15 09:00:00+00:00,195.54,195.54,0.0,196.2402,195.35,196.15,0.0,0
2026-04-15 10:00:00+00:00,194.9706,194.9706,0.0,195.5163,194.7322,195.49,0.0,0
2026-04-15 11:00:00+00:00,196.075,196.075,0.0,196.64,194.862,195.0021,0.0,0
2026-04-15 12:00:00+00:00,195.46,195.46,0.0,196.52,195.39,196.07,0.0,0
2026-04-15 13:00:00+00:00,196.51,196.51,0.0,196.6605,195.36,195.48,0.0,0
2026-04-15 13:30:00+00:00,199.24000549316406,199.24000549316406,0.0,199.5800018310547,196.25999450683594,196.5500030517578,0.0,47272775
2026-04-15 14:30:00+00:00,199.80999755859375,199.80999755859375,0.0,199.94000244140625,199.02000427246094,199.25990295410156,0.0,23088432
2026-04-15 15:30:00+00:00,199.125,199.125,0.0,200.39999389648438,199.08999633789062,199.7949981689453,0.0,23311405
2026-04-15 16:30:00+00:00,196.97000122070312,196.97000122070312,0.0,199.13999938964844,196.13999938964844,199.1201934814453,0.0,22601798
2026-04-15 17:30:00+00:00,196.9698944091797,196.9698944091797,0.0,197.7100067138672,195.74000549316406,196.9550018310547,0.0,16412953
2026-04-15 18:30:00+00:00,198.23989868164062,198.23989868164062,0.0,198.27000427246094,196.95249938964844,196.9600067138672,0.0,14111714
2026-04-15 19:30:00+00:00,198.8677978515625,198.8677978515625,0.0,199.1699981689453,198.02000427246094,198.24000549316406,0.0,16516099
2026-04-15 20:00:00+00:00,198.3124,198.3124,0.0,204.3475,184.51,198.85,0.0,0
2026-04-15 21:00:00+00:00,198.19,198.19,0.0,198.39,198.18,198.325,0.0,0
2026-04-15 22:00:00+00:00,198.41,198.41,0.0,199.2898,194.2784,198.15,0.0,0
2026-04-15 23:00:00+00:00,198.49,198.49,0.0,204.3475,194.2784,198.4115,0.0,0
2026-04-16 08:00:00+00:00,199.53,199.53,0.0,200.2285,198.87,199.51,0.0,0
2026-04-16 09:00:00+00:00,199.625,199.625,0.0,199.84,199.3,199.52,0.0,0
2026-04-16 10:00:00+00:00,198.89,198.89,0.0,199.77,198.8315,199.59,0.0,0
2026-04-16 11:00:00+00:00,198.01,198.01,0.0,198.8837,196.8,198.87,0.0,0
2026-04-16 12:00:00+00:00,197.765,197.765,0.0,198.25,197.5,198.03,0.0,0
2026-04-16 13:00:00+00:00,197.46,197.46,0.0,198.1,190.345,197.7541,0.0,0
2026-04-16 13:30:00+00:00,197.3699951171875,197.3699951171875,0.0,197.75999450683594,195.80999755859375,197.42999267578125,0.0,34867030
2026-04-16 14:30:00+00:00,199.00999450683594,199.00999450683594,0.0,199.85000610351562,197.30999755859375,197.3699951171875,0.0,19694478
2026-04-16 15:30:00+00:00,198.6199951171875,198.6199951171875,0.0,199.6300048828125,198.40029907226562,199.02000427246094,0.0,14184255
2026-04-16 16:30:00+00:00,198.4149932861328,198.4149932861328,0.0,198.85000610351562,197.75,198.61500549316406,0.0,12103065
2026-04-16 17:30:00+00:00,197.4949951171875,197.4949951171875,0.0,198.7299041748047,197.3000030517578,198.4174041748047,0.0,11223279
2026-04-16 18:30:00+00:00,198.1199951171875,198.1199951171875,0.0,198.38999938964844,197.48500061035156,197.49000549316406,0.0,13497268
2026-04-16 19:30:00+00:00,198.24000549316406,198.24000549316406,0.0,198.77000427246094,198.09500122070312,198.1199951171875,0.0,11174544
2026-04-16 20:00:00+00:00,197.9687,197.9687,0.0,211.4304,187.98,198.25,0.0,0
2026-04-16 21:00:00+00:00,197.665,197.665,0.0,211.5445,193.1195,197.97,0.0,0
2026-04-16 22:00:00+00:00,197.8901,197.8901,0.0,198.08,197.67,197.67,0.0,0
2026-04-16 23:00:00+00:00,197.8997,197.8997,0.0,198.0,197.71,197.8903,0.0,0
2026-04-17 08:00:00+00:00,198.37,198.37,0.0,198.438,197.6292,198.0665,0.0,0
2026-04-17 09:00:00+00:00,198.56,198.56,0.0,198.6682,198.0672,198.36,0.0,0
2026-04-17 10:00:00+00:00,198.74,198.74,0.0,198.92,198.43,198.56,0.0,0
2026-04-17 11:00:00+00:00,198.765,198.765,0.0,198.9102,198.5152,198.7,0.0,0
2026-04-17 12:00:00+00:00,199.4,199.4,0.0,199.4,198.43,198.76,0.0,0
2026-04-17 13:00:00+00:00,199.835,199.835,0.0,201.65,198.53,199.4,0.0,0
2026-04-17 13:30:00+00:00,200.375,200.375,0.0,201.67999267578125,199.27000427246094,199.8800048828125,0.0,55123160
2026-04-17 14:30:00+00:00,200.63999938964844,200.63999938964844,0.0,200.99000549316406,200.02000427246094,200.375,0.0,17346281
2026-04-17 15:30:00+00:00,200.69000244140625,200.69000244140625,0.0,201.39999389648438,200.22999572753906,200.63499450683594,0.0,18546450
2026-04-17 16:30:00+00:00,199.8800048828125,199.8800048828125,0.0,200.8699951171875,199.47000122070312,200.6999969482422,0.0,13021821
2026-04-17 17:30:00+00:00,200.64999389648438,200.64999389648438,0.0,200.88510131835938,199.84010314941406,199.8699951171875,0.0,10962127
2026-04-17 18:30:00+00:00,201.25999450683594,201.25999450683594,0.0,201.47999572753906,200.5500030517578,200.66000366210938,0.0,11941766
2026-04-17 19:30:00+00:00,201.64999389648438,201.64999389648438,0.0,201.6999969482422,201.1199951171875,201.27999877929688,0.0,11970481
2026-04-17 20:00:00+00:00,201.4,201.4,0.0,201.88,200.61,201.63,0.0,0
2026-04-17 21:00:00+00:00,201.2515,201.2515,0.0,201.44,192.8472,201.4,0.0,0
2026-04-17 22:00:00+00:00,201.119,201.119,0.0,201.68,198.5073,201.25,0.0,0
2026-04-17 23:00:00+00:00,201.0,201.0,0.0,201.11,200.91,201.105,0.0,0
2026-04-20 09:00:00+00:00,199.2188,199.2188,0.0,199.22,199.1127,199.181,0.0,0
2026-04-20 10:00:00+00:00,199.4988,199.4988,0.0,199.54,198.95,199.2,0.0,0
2026-04-20 11:00:00+00:00,199.56,199.56,0.0,201.68,199.2035,199.4645,0.0,0
2026-04-20 12:00:00+00:00,199.78,199.78,0.0,201.176,199.4501,199.53,0.0,0
2026-04-20 13:00:00+00:00,199.92,199.92,0.0,200.5,199.61,199.77,0.0,0
2026-04-20 13:30:00+00:00,199.1300048828125,199.1300048828125,0.0,200.52000427246094,198.4199981689453,199.97999572753906,0.0,31888414
2026-04-20 14:30:00+00:00,199.27000427246094,199.27000427246094,0.0,199.41929626464844,197.83970642089844,199.11500549316406,0.0,18660733
2026-04-20 15:30:00+00:00,199.18499755859375,199.18499755859375,0.0,199.45989990234375,198.4199981689453,199.25999450683594,0.0,12893600
2026-04-20 16:30:00+00:00,199.5299072265625,199.5299072265625,0.0,199.8000030517578,199.13999938964844,199.1999969482422,0.0,6997175
2026-04-20 17:30:00+00:00,200.58999633789062,200.58999633789062,0.0,200.72999572753906,199.4499969482422,199.52999877929688,0.0,13358656
2026-04-20 18:30:00+00:00,201.1300048828125,201.1300048828125,0.0,201.24000549316406,200.3800048828125,200.60000610351562,0.0,10484052
2026-04-20 19:30:00+00:00,202.11000061035156,202.11000061035156,0.0,202.16000366210938,201.08999633789062,201.1300048828125,0.0,12574882
2026-04-20 20:00:00+00:00,201.92,201.92,0.0,216.0287,200.0422,202.06,0.0,0
2026-04-20 21:00:00+00:00,201.66,201.66,0.0,206.0108,201.5,201.915,0.0,0
2026-04-20 22:00:00+00:00,201.94,201.94,0.0,216.0287,201.59,201.66,0.0,0
2026-04-20 23:00:00+00:00,201.725,201.725,0.0,201.98,196.765,201.93,0.0,0
2026-04-21 08:00:00+00:00,201.87,201.87,0.0,202.06,201.5835,201.8,0.0,0
2026-04-21 09:00:00+00:00,201.85,201.85,0.0,202.04,201.7512,201.87,0.0,0
2026-04-21 10:00:00+00:00,202.01,202.01,0.0,202.0882,201.76,201.83,0.0,0
2026-04-21 11:00:00+00:00,202.6,202.6,0.0,202.91,201.99,201.99,0.0,0
2026-04-21 12:00:00+00:00,202.9,202.9,0.0,202.96,202.54,202.5921,0.0,0
2026-04-21 13:00:00+00:00,202.21,202.21,0.0,202.98,202.01,202.9,0.0,0
2026-04-21 13:30:00+00:00,201.88999938964844,201.88999938964844,0.0,202.75,200.83999633789062,202.1300048828125,0.0,26931641
2026-04-21 14:30:00+00:00,201.0500030517578,201.0500030517578,0.0,202.0500030517578,200.57090759277344,201.88999938964844,0.0,13287102
2026-04-21 15:30:00+00:00,199.89500427246094,199.89500427246094,0.0,201.3800048828125,199.8699951171875,201.05999755859375,0.0,11146811
2026-04-21 16:30:00+00:00,199.32000732421875,199.32000732421875,0.0,200.31910705566406,199.0,199.88999938964844,0.0,10479999
2026-04-21 17:30:00+00:00,199.93099975585938,199.93099975585938,0.0,200.3800048828125,199.25999450683594,199.34010314941406,0.0,10018449
2026-04-21 18:30:00+00:00,200.95700073242188,200.95700073242188,0.0,200.97000122070312,199.9499969482422,199.9499969482422,0.0,9959608
2026-04-21 19:30:00+00:00,199.91000366210938,199.91000366210938,0.0,201.16000366210938,199.17999267578125,200.9600067138672,0.0,11675449
2026-04-21 20:00:00+00:00,200.38,200.38,0.0,201.3796,199.56,199.88,0.0,0
2026-04-21 21:00:00+00:00,200.35,200.35,0.0,212.9972,199.88,200.425,0.0,0
2026-04-21 22:00:00+00:00,200.4095,200.4095,0.0,200.6,200.29,200.35,0.0,0
2026-04-21 23:00:00+00:00,200.7003,200.7003,0.0,200.76,200.3928,200.4074,0.0,0
2026-04-22 08:00:00+00:00,201.0491,201.0491,0.0,201.4,199.88,201.357,0.0,0
2026-04-22 09:00:00+00:00,201.2407,201.2407,0.0,201.3488,200.84,201.04,0.0,0
2026-04-22 10:00:00+00:00,201.0,201.0,0.0,201.2888,200.78,201.2663,0.0,0
2026-04-22 11:00:00+00:00,201.08,201.08,0.0,201.2889,199.88,200.9988,0.0,0
2026-04-22 12:00:00+00:00,201.07,201.07,0.0,201.4402,200.4,201.0794,0.0,0
2026-04-22 13:00:00+00:00,200.955,200.955,0.0,201.15,200.39,201.06,0.0,0
2026-04-22 13:30:00+00:00,200.36000061035156,200.36000061035156,0.0,201.10000610351562,199.32000732421875,201.0,0.0,25702217
2026-04-22 14:30:00+00:00,201.6009063720703,201.6009063720703,0.0,201.8699951171875,200.2899932861328,200.35009765625,0.0,16102669
2026-04-22 15:30:00+00:00,201.09500122070312,201.09500122070312,0.0,201.6999969482422,200.92999267578125,201.60000610351562,0.0,8980435
2026-04-22 16:30:00+00:00,201.7449951171875,201.7449951171875,0.0,201.97999572753906,200.9499969482422,201.08999633789062,0.0,8787583
2026-04-22 17:30:00+00:00,201.6649932861328,201.6649932861328,0.0,202.4875030517578,201.6199951171875,201.75999450683594,0.0,11135412
2026-04-22 18:30:00+00:00,201.6750030517578,201.6750030517578,0.0,202.02000427246094,201.22999572753906,201.6649932861328,0.0,9664746
2026-04-22 19:30:00+00:00,202.4199981689453,202.4199981689453,0.0,202.5,201.59500122070312,201.66990661621094,0.0,11389298
2026-04-22 20:00:00+00:00,202.2099,202.2099,0.0,202.54,198.87,202.4,0.0,0
2026-04-22 21:00:00+00:00,202.45,202.45,0.0,202.55,190.8448,202.2,0.0,0
2026-04-22 22:00:00+00:00,202.17,202.17,0.0,202.55,202.13,202.35,0.0,0
2026-04-22 23:00:00+00:00,202.2587,202.2587,0.0,202.32,202.1,202.2,0.0,0
2026-04-23 08:00:00+00:00,201.17,201.17,0.0,202.5,200.5926,201.7,0.0,0
2026-04-23 09:00:00+00:00,200.784,200.784,0.0,201.24,200.5,201.17,0.0,0
2026-04-23 10:00:00+00:00,200.9685,200.9685,0.0,201.0,200.6,200.75,0.0,0
2026-04-23 11:00:00+00:00,201.53,201.53,0.0,202.5,200.9112,200.94,0.0,0
2026-04-23 12:00:00+00:00,202.25,202.25,0.0,202.72,201.3,201.57,0.0,0
2026-04-23 13:00:00+00:00,202.35,202.35,0.0,202.59,201.77,202.26,0.0,0
2026-04-23 13:30:00+00:00,201.76010131835938,201.76010131835938,0.0,203.82899475097656,201.10499572753906,202.39999389648438,0.0,27402057
2026-04-23 14:30:00+00:00,202.5084991455078,202.5084991455078,0.0,203.11000061035156,201.76010131835938,201.78880310058594,0.0,12933498
2026-04-23 15:30:00+00:00,201.10629272460938,201.10629272460938,0.0,202.72000122070312,200.9600067138672,202.5050048828125,0.0,12307243
2026-04-23 16:30:00+00:00,199.43499755859375,199.43499755859375,0.0,201.91000366210938,199.2100067138672,201.10499572753906,0.0,11762619
2026-04-23 17:30:00+00:00,199.13999938964844,199.13999938964844,0.0,200.13999938964844,197.22059631347656,199.4499969482422,0.0,16660403
2026-04-23 18:30:00+00:00,199.11000061035156,199.11000061035156,0.0,199.64999389648438,198.185302734375,199.13999938964844,0.0,8347959
2026-04-23 19:30:00+00:00,199.7100067138672,199.7100067138672,0.0,199.7100067138672,198.6999969482422,199.1199951171875,0.0,8139245
2026-04-23 20:00:00+00:00,198.89,198.89,0.0,206.5513,193.3398,199.71,0.0,0
2026-04-23 21:00:00+00:00,198.83,198.83,0.0,203.8033,193.3398,198.825,0.0,0
2026-04-23 22:00:00+00:00,199.16,199.16,0.0,199.64,198.78,198.81,0.0,0
2026-04-23 23:00:00+00:00,199.5,199.5,0.0,199.6,199.02,199.175,0.0,0
2026-04-24 08:00:00+00:00,200.0017,200.0017,0.0,200.3,199.26,199.9975,0.0,0
2026-04-24 09:00:00+00:00,199.44,199.44,0.0,200.0682,199.3685,200.01,0.0,0
2026-04-24 10:00:00+00:00,199.86,199.86,0.0,199.86,199.06,199.44,0.0,0
2026-04-24 11:00:00+00:00,201.46,201.46,0.0,201.64,199.4325,199.86,0.0,0
2026-04-24 12:00:00+00:00,200.64,200.64,0.0,201.79,200.5,201.45,0.0,0
2026-04-24 13:00:00+00:00,199.998,199.998,0.0,200.82,199.72,200.69,0.0,0
2026-04-24 13:30:00+00:00,202.60499572753906,202.60499572753906,0.0,203.22000122070312,199.80999755859375,199.9600067138672,0.0,36820806
2026-04-24 14:30:00+00:00,208.9158935546875,208.9158935546875,0.0,209.74000549316406,202.47999572753906,202.60499572753906,0.0,53306667
2026-04-24 15:30:00+00:00,209.5749969482422,209.5749969482422,0.0,210.0,208.3300018310547,208.91969299316406,0.0,31167268
2026-04-24 16:30:00+00:00,209.3300018310547,209.3300018310547,0.0,210.9499969482422,209.02999877929688,209.5749969482422,0.0,23047260
2026-04-24 17:30:00+00:00,208.1927032470703,208.1927032470703,0.0,209.72000122070312,208.14999389648438,209.30999755859375,0.0,14007833
2026-04-24 18:30:00+00:00,208.51800537109375,208.51800537109375,0.0,209.2790069580078,207.68499755859375,208.18499755859375,0.0,18107042
2026-04-24 19:30:00+00:00,208.19000244140625,208.19000244140625,0.0,208.61000061035156,207.5500030517578,208.50999450683594,0.0,16073082
2026-04-24 20:00:00+00:00,208.07,208.07,0.0,215.5875,207.9,208.17,0.0,0
2026-04-24 21:00:00+00:00,207.83,207.83,0.0,221.6755,204.4257,208.09,0.0,0
2026-04-24 22:00:00+00:00,207.9492,207.9492,0.0,219.4836,207.8,207.8301,0.0,0
2026-04-24 23:00:00+00:00,208.1205,208.1205,0.0,208.385,207.92,207.935,0.0,0
2026-04-27 08:00:00+00:00,208.46,208.46,0.0,210.49,208.22,208.54,0.0,0
2026-04-27 09:00:00+00:00,209.06,209.06,0.0,209.22,208.4,208.45,0.0,0
2026-04-27 10:00:00+00:00,210.2465,210.2465,0.0,210.59,209.0,209.03,0.0,0
2026-04-27 11:00:00+00:00,211.67,211.67,0.0,212.12,210.05,210.25,0.0,0
2026-04-27 12:00:00+00:00,210.6,210.6,0.0,211.9,207.75,211.67,0.0,0
2026-04-27 13:00:00+00:00,209.7,209.7,0.0,210.74,202.43,210.6783,0.0,0
2026-04-27 13:30:00+00:00,208.69500732421875,208.69500732421875,0.0,211.9499969482422,208.39999389648438,209.64500427246094,0.0,46698474
2026-04-27 14:30:00+00:00,209.8800048828125,209.8800048828125,0.0,209.92999267578125,207.3800048828125,208.6999969482422,0.0,18121354
2026-04-27 15:30:00+00:00,211.4550018310547,211.4550018310547,0.0,211.63999938964844,209.77000427246094,209.88999938964844,0.0,16541416
2026-04-27 16:30:00+00:00,213.61000061035156,213.61000061035156,0.0,214.25999450683594,211.40499877929688,211.4600067138672,0.0,25911233
2026-04-27 17:30:00+00:00,215.6999969482422,215.6999969482422,0.0,216.25999450683594,213.5800018310547,213.6199951171875,0.0,24409920
2026-04-27 18:30:00+00:00,215.49000549316406,215.49000549316406,0.0,216.3800048828125,214.82000732421875,215.6649932861328,0.0,20512380
2026-04-27 19:30:00+00:00,216.6300048828125,216.6300048828125,0.0,216.82000732421875,215.3000030517578,215.48500061035156,0.0,15881349
2026-04-27 20:00:00+00:00,217.15,217.15,0.0,217.66,216.43,216.63,0.0,0
2026-04-27 21:00:00+00:00,217.3301,217.3301,0.0,241.1661,143.506,217.14,0.0,0
2026-04-27 22:00:00+00:00,217.9982,217.9982,0.0,229.1204,202.5263,217.33,0.0,0
2026-04-27 23:00:00+00:00,218.74,218.74,0.0,218.8,217.95,217.96,0.0,0
2026-04-28 08:00:00+00:00,215.55,215.55,0.0,217.31,214.5,215.9497,0.0,0
2026-04-28 09:00:00+00:00,214.02,214.02,0.0,216.14,213.86,215.48,0.0,0
2026-04-28 10:00:00+00:00,213.15,213.15,0.0,214.0427,212.35,214.0,0.0,0
2026-04-28 11:00:00+00:00,211.61,211.61,0.0,216.61,211.35,213.19,0.0,0
2026-04-28 12:00:00+00:00,209.0,209.0,0.0,211.61,208.68,211.61,0.0,0
2026-04-28 13:00:00+00:00,209.51,209.51,0.0,210.53,208.8,208.99,0.0,0
2026-04-28 13:30:00+00:00,212.375,212.375,0.0,213.6699981689453,208.1999969482422,209.5050048828125,0.0,57845453
2026-04-28 14:30:00+00:00,209.10000610351562,209.10000610351562,0.0,212.74000549316406,208.35000610351562,212.3699951171875,0.0,28861244
2026-04-28 15:30:00+00:00,210.11000061035156,210.11000061035156,0.0,210.65499877929688,208.58999633789062,209.10989379882812,0.0,15869340
2026-04-28 16:30:00+00:00,210.7899932861328,210.7899932861328,0.0,210.9550018310547,209.30999755859375,210.10000610351562,0.0,12687956
2026-04-28 17:30:00+00:00,212.84500122070312,212.84500122070312,0.0,213.0,210.78500366210938,210.7899932861328,0.0,13579691
2026-04-28 18:30:00+00:00,214.06500244140625,214.06500244140625,0.0,214.72999572753906,212.47000122070312,212.8498992919922,0.0,20176181
2026-04-28 19:30:00+00:00,213.14999389648438,213.14999389648438,0.0,214.42999267578125,213.0,214.05999755859375,0.0,12274582
2026-04-28 20:00:00+00:00,212.53,212.53,0.0,219.4824,208.233,213.16,0.0,0
2026-04-28 21:00:00+00:00,212.3982,212.3982,0.0,218.6291,212.3,212.5595,0.0,0
2026-04-28 22:00:00+00:00,212.335,212.335,0.0,224.9013,200.674,212.365,0.0,0
2026-04-28 23:00:00+00:00,212.6195,212.6195,0.0,224.9013,205.6974,212.36,0.0,0
2026-04-29 08:00:00+00:00,213.28,213.28,0.0,214.0487,212.51,213.51,0.0,0
2026-04-29 09:00:00+00:00,213.2,213.2,0.0,213.49,212.6,213.29,0.0,0
2026-04-29 10:00:00+00:00,214.28,214.28,0.0,214.44,212.74,213.2,0.0,0
2026-04-29 11:00:00+00:00,214.19,214.19,0.0,214.3988,213.17,214.27,0.0,0
2026-04-29 12:00:00+00:00,213.42,213.42,0.0,214.2,213.32,214.14,0.0,0
2026-04-29 13:00:00+00:00,212.7,212.7,0.0,213.75,212.54,213.45,0.0,0
2026-04-29 13:30:00+00:00,211.11000061035156,211.11000061035156,0.0,212.71499633789062,209.75,212.71499633789062,0.0,29242173
2026-04-29 14:30:00+00:00,210.8000030517578,210.8000030517578,0.0,211.9499969482422,210.375,211.11000061035156,0.0,14808343
2026-04-29 15:30:00+00:00,209.6699981689453,209.6699981689453,0.0,211.39999389648438,209.66000366210938,210.80999755859375,0.0,12425477
2026-04-29 16:30:00+00:00,209.43699645996094,209.43699645996094,0.0,209.86000061035156,208.55999755859375,209.66000366210938,0.0,12347642
2026-04-29 17:30:00+00:00,208.0449981689453,208.0449981689453,0.0,209.69000244140625,207.5941925048828,209.4499969482422,0.0,11516524
2026-04-29 18:30:00+00:00,209.3249969482422,209.3249969482422,0.0,209.5,207.5758056640625,208.0500030517578,0.0,12533817
2026-04-29 19:30:00+00:00,209.3000030517578,209.3000030517578,0.0,209.44000244140625,208.67999267578125,209.30999755859375,0.0,10885625
2026-04-29 20:00:00+00:00,208.36,208.36,0.0,219.648,199.2898,209.35,0.0,0
2026-04-29 21:00:00+00:00,208.94,208.94,0.0,219.648,199.2898,208.33,0.0,0
2026-04-29 22:00:00+00:00,210.7999,210.7999,0.0,211.62,208.2,208.88,0.0,0
2026-04-29 23:00:00+00:00,211.125,211.125,0.0,211.41,210.46,210.78,0.0,0
2026-04-30 08:00:00+00:00,210.23,210.23,0.0,210.3,207.0,209.95,0.0,0
2026-04-30 09:00:00+00:00,210.48,210.48,0.0,210.8,209.824,210.24,0.0,0
2026-04-30 10:00:00+00:00,210.8012,210.8012,0.0,210.95,210.2,210.55,0.0,0
2026-04-30 11:00:00+00:00,211.04,211.04,0.0,211.09,210.27,210.84,0.0,0
2026-04-30 12:00:00+00:00,210.9322,210.9322,0.0,211.1,210.5,211.035,0.0,0
2026-04-30 13:00:00+00:00,210.0,210.0,0.0,211.1,209.95,210.97,0.0,0
2026-04-30 13:30:00+00:00,200.61500549316406,200.61500549316406,0.0,210.3000030517578,199.77999877929688,209.93899536132812,0.0,0
2026-04-30 14:30:00+00:00,201.3209991455078,201.3209991455078,0.0,202.4600067138672,198.6999969482422,200.61000061035156,0.0,95178344
2026-04-30 15:30:00+00:00,200.13999938964844,200.13999938964844,0.0,201.82000732421875,199.4199981689453,201.3000030517578,0.0,20337941
2026-04-30 16:30:00+00:00,200.47999572753906,200.47999572753906,0.0,201.0500030517578,199.32000732421875,200.14500427246094,0.0,16011537
2026-04-30 17:30:00+00:00,200.77499389648438,200.77499389648438,0.0,201.72999572753906,200.25999450683594,200.47999572753906,0.0,15835799
2026-04-30 18:30:00+00:00,200.82000732421875,200.82000732421875,0.0,202.0,200.74000549316406,200.77000427246094,0.0,17412627
2026-04-30 19:30:00+00:00,199.52999877929688,199.52999877929688,0.0,201.0084991455078,199.5,200.58999633789062,0.0,19896461
2026-04-30 20:00:00+00:00,200.16,200.16,0.0,211.4094,199.01,199.531,0.0,0
2026-04-30 21:00:00+00:00,200.2,200.2,0.0,211.5445,197.3564,200.13,0.0,0
2026-04-30 22:00:00+00:00,200.2,200.2,0.0,200.65,199.57,200.21,0.0,0
2026-04-30 23:00:00+00:00,200.0097,200.0097,0.0,200.38,200.0,200.155,0.0,0
2026-05-01 08:00:00+00:00,200.29,200.29,0.0,201.0075,199.57,200.6,0.0,0
2026-05-01 09:00:00+00:00,200.33,200.33,0.0,200.42,199.78,200.3,0.0,0
2026-05-01 10:00:00+00:00,200.302,200.302,0.0,200.5,200.0437,200.31,0.0,0
2026-05-01 11:00:00+00:00,200.38,200.38,0.0,200.58,200.05,200.31,0.0,0
2026-05-01 12:00:00+00:00,201.03,201.03,0.0,201.57,188.63,200.3499,0.0,0
2026-05-01 13:00:00+00:00,201.37,201.37,0.0,212.93,178.1,201.0293,0.0,0
2026-05-01 13:30:00+00:00,199.3000030517578,199.3000030517578,0.0,203.0,199.13999938964844,201.27999877929688,0.0,34778609
2026-05-01 14:30:00+00:00,198.92999267578125,198.92999267578125,0.0,200.0500030517578,197.1199951171875,199.30499267578125,0.0,23090131
2026-05-01 15:30:00+00:00,198.65499877929688,198.65499877929688,0.0,199.85000610351562,198.47999572753906,198.92999267578125,0.0,12209876
2026-05-01 16:30:00+00:00,199.85000610351562,199.85000610351562,0.0,200.1999969482422,198.55999755859375,198.64239501953125,0.0,9257551
2026-05-01 17:30:00+00:00,199.13009643554688,199.13009643554688,0.0,200.2899932861328,198.92999267578125,199.85000610351562,0.0,8524694
2026-05-01 18:30:00+00:00,199.71499633789062,199.71499633789062,0.0,199.8300018310547,198.17999267578125,199.1300048828125,0.0,12173166
2026-05-01 19:30:00+00:00,198.4199981689453,198.4199981689453,0.0,199.9199981689453,198.22000122070312,199.72000122070312,0.0,11233757
2026-05-01 20:00:00+00:00,198.26,198.26,0.0,200.0397,192.8472,198.39,0.0,0
2026-05-01 21:00:00+00:00,198.28,198.28,0.0,242.8142,152.613,198.35,0.0,0
2026-05-01 22:00:00+00:00,198.1395,198.1395,0.0,198.3,198.12,198.28,0.0,0
2026-05-01 23:00:00+00:00,198.13,198.13,0.0,198.3,198.01,198.14,0.0,0
2026-05-04 08:00:00+00:00,199.4352,199.4352,0.0,199.9887,199.21,199.75,0.0,0
2026-05-04 09:00:00+00:00,199.6385,199.6385,0.0,199.79,199.4,199.44,0.0,0
2026-05-04 10:00:00+00:00,197.45,197.45,0.0,199.66,196.5,199.62,0.0,0
2026-05-04 11:00:00+00:00,198.3504,198.3504,0.0,198.63,197.4,197.46,0.0,0
2026-05-04 12:00:00+00:00,199.16,199.16,0.0,199.21,197.93,198.35,0.0,0
2026-05-04 13:00:00+00:00,199.58,199.58,0.0,199.69,190.84,199.16,0.0,0
2026-05-04 13:30:00+00:00,197.375,197.375,0.0,201.72999572753906,197.33999633789062,198.52000427246094,0.0,34264236
2026-05-04 14:30:00+00:00,195.75599670410156,195.75599670410156,0.0,198.39999389648438,194.74000549316406,197.3800048828125,0.0,21273947
2026-05-04 15:30:00+00:00,196.22000122070312,196.22000122070312,0.0,196.5894012451172,194.86000061035156,195.8000030517578,0.0,16464990
2026-05-04 16:30:00+00:00,197.3000030517578,197.3000030517578,0.0,197.82000732421875,196.11000061035156,196.22979736328125,0.0,9864130
2026-05-04 17:30:00+00:00,198.22999572753906,198.22999572753906,0.0,199.1999969482422,196.91000366210938,197.2899932861328,0.0,12056404
2026-05-04 18:30:00+00:00,198.63999938964844,198.63999938964844,0.0,198.72999572753906,197.35000610351562,198.24000549316406,0.0,10678723
2026-05-04 19:30:00+00:00,198.55999755859375,198.55999755859375,0.0,199.17999267578125,198.0,198.6300048828125,0.0,9210772
2026-05-04 20:00:00+00:00,197.82,197.82,0.0,198.75,197.73,198.56,0.0,0
2026-05-04 21:00:00+00:00,198.05,198.05,0.0,198.48,197.8,197.81,0.0,0
2026-05-04 22:00:00+00:00,197.77,197.77,0.0,208.7754,197.59,198.0,0.0,0
2026-05-04 23:00:00+00:00,197.67,197.67,0.0,206.0108,197.62,197.79,0.0,0
2026-05-05 08:00:00+00:00,198.78,198.78,0.0,199.1987,198.07,198.84,0.0,0
2026-05-05 09:00:00+00:00,198.76,198.76,0.0,198.95,198.33,198.7785,0.0,0
2026-05-05 10:00:00+00:00,199.11,199.11,0.0,199.26,198.62,198.77,0.0,0
2026-05-05 11:00:00+00:00,198.43,198.43,0.0,199.205,198.26,199.08,0.0,0
2026-05-05 12:00:00+00:00,199.02,199.02,0.0,199.26,198.43,198.469,0.0,0
2026-05-05 13:00:00+00:00,199.3,199.3,0.0,199.989,199.0425,199.0425,0.0,0
2026-05-05 13:30:00+00:00,198.52499389648438,198.52499389648438,0.0,200.24000549316406,197.5,199.3000030517578,0.0,30544680
2026-05-05 14:30:00+00:00,197.0301971435547,197.0301971435547,0.0,198.6999969482422,196.66000366210938,198.5200958251953,0.0,16517108
2026-05-05 15:30:00+00:00,197.97500610351562,197.97500610351562,0.0,198.5,196.83009338378906,197.03500366210938,0.0,11108809
2026-05-05 16:30:00+00:00,197.78500366210938,197.78500366210938,0.0,198.10000610351562,197.14999389648438,197.9698944091797,0.0,7386811
2026-05-05 17:30:00+00:00,197.5,197.5,0.0,197.97999572753906,196.99000549316406,197.78500366210938,0.0,8102043
2026-05-05 18:30:00+00:00,196.30999755859375,196.30999755859375,0.0,197.64999389648438,196.24000549316406,197.5,0.0,11553147
2026-05-05 19:30:00+00:00,196.5,196.5,0.0,196.60000610351562,196.02999877929688,196.30499267578125,0.0,9641519
2026-05-05 20:00:00+00:00,196.7848,196.7848,0.0,201.3796,195.78,196.47,0.0,0
2026-05-05 21:00:00+00:00,196.135,196.135,0.0,199.0555,196.0,196.79,0.0,0
2026-05-05 22:00:00+00:00,196.76,196.76,0.0,197.18,195.5,196.135,0.0,0
2026-05-05 23:00:00+00:00,197.4204,197.4204,0.0,201.3796,196.33,196.75,0.0,0
2026-05-06 08:00:00+00:00,197.15,197.15,0.0,197.2388,196.14,196.6,0.0,0
2026-05-06 09:00:00+00:00,199.2185,199.2185,0.0,199.41,197.1153,197.12,0.0,0
2026-05-06 10:00:00+00:00,201.08,201.08,0.0,201.1,199.1025,199.2,0.0,0
2026-05-06 11:00:00+00:00,201.19,201.19,0.0,201.75,200.26,201.03,0.0,0
2026-05-06 12:00:00+00:00,200.4234,200.4234,0.0,202.7,200.0,201.0,0.0,0
2026-05-06 13:00:00+00:00,199.839,199.839,0.0,200.67,199.23,200.37,0.0,0
2026-05-06 13:30:00+00:00,203.9499969482422,203.9499969482422,0.0,205.64999389648438,198.61000061035156,199.80999755859375,0.0,57596744
2026-05-06 14:30:00+00:00,206.35000610351562,206.35000610351562,0.0,206.79989624023438,203.50999450683594,203.9694061279297,0.0,22958803
2026-05-06 15:30:00+00:00,205.2698974609375,205.2698974609375,0.0,207.17999267578125,204.60000610351562,206.3800048828125,0.0,16072083
2026-05-06 16:30:00+00:00,205.0699005126953,205.0699005126953,0.0,205.52000427246094,203.9499969482422,205.25999450683594,0.0,11073902
2026-05-06 17:30:00+00:00,207.02000427246094,207.02000427246094,0.0,207.2100067138672,204.96009826660156,205.07000732421875,0.0,12300158
2026-05-06 18:30:00+00:00,207.6199951171875,207.6199951171875,0.0,208.0500030517578,206.51300048828125,207.03880310058594,0.0,16853634
2026-05-06 19:30:00+00:00,207.6649932861328,207.6649932861328,0.0,208.26499938964844,206.88999938964844,207.61000061035156,0.0,17143139
2026-05-06 20:00:00+00:00,207.1,207.1,0.0,208.7,207.0,207.83,0.0,0
2026-05-06 21:00:00+00:00,205.84,205.84,0.0,207.83,205.45,207.04,0.0,0
2026-05-06 22:00:00+00:00,206.34,206.34,0.0,207.83,205.77,205.9,0.0,0
2026-05-06 23:00:00+00:00,207.2595,207.2595,0.0,207.33,206.21,206.32,0.0,0
2026-05-07 08:00:00+00:00,208.96,208.96,0.0,209.9475,207.12,209.0,0.0,0
2026-05-07 09:00:00+00:00,208.81,208.81,0.0,209.77,208.4,209.0,0.0,0
2026-05-07 10:00:00+00:00,208.6,208.6,0.0,209.12,208.1585,208.79,0.0,0
2026-05-07 11:00:00+00:00,207.91,207.91,0.0,209.25,207.84,208.65,0.0,0
2026-05-07 12:00:00+00:00,207.1995,207.1995,0.0,208.35,197.5188,207.99,0.0,0
2026-05-07 13:00:00+00:00,208.3352,208.3352,0.0,209.6,206.93,207.18,0.0,0
2026-05-07 13:30:00+00:00,213.1300048828125,213.1300048828125,0.0,214.02999877929688,206.5,208.31500244140625,0.0,51861512
2026-05-07 14:30:00+00:00,211.95599365234375,211.95599365234375,0.0,214.1999969482422,210.72999572753906,213.1300048828125,0.0,25332727
2026-05-07 15:30:00+00:00,213.5749969482422,213.5749969482422,0.0,213.86000061035156,210.6199951171875,211.98500061035156,0.0,20878239
2026-05-07 16:30:00+00:00,212.0,212.0,0.0,214.14999389648438,210.9499969482422,213.57000732421875,0.0,15159207
2026-05-07 17:30:00+00:00,212.7884979248047,212.7884979248047,0.0,213.1988067626953,211.44000244140625,211.9499969482422,0.0,13016590
2026-05-07 18:30:00+00:00,212.02999877929688,212.02999877929688,0.0,213.25999450683594,211.4199981689453,212.77000427246094,0.0,11919279
2026-05-07 19:30:00+00:00,211.50999450683594,211.50999450683594,0.0,212.5800018310547,211.22999572753906,212.03070068359375,0.0,10318267
2026-05-07 20:00:00+00:00,211.8901,211.8901,0.0,222.3682,199.02,211.5,0.0,0
2026-05-07 21:00:00+00:00,209.8604,209.8604,0.0,212.0,209.2,211.895,0.0,0
2026-05-07 22:00:00+00:00,210.29,210.29,0.0,223.8906,209.9,209.92,0.0,0
2026-05-07 23:00:00+00:00,211.4335,211.4335,0.0,211.49,210.25,210.255,0.0,0
2026-05-08 08:00:00+00:00,214.0299,214.0299,0.0,214.04,211.5,213.79,0.0,0
2026-05-08 09:00:00+00:00,214.15,214.15,0.0,214.2,213.5,214.01,0.0,0
2026-05-08 10:00:00+00:00,213.63,213.63,0.0,214.19,213.3,214.15,0.0,0
2026-05-08 11:00:00+00:00,213.45,213.45,0.0,213.728,213.12,213.64,0.0,0
2026-05-08 12:00:00+00:00,213.3,213.3,0.0,213.62,213.0,213.47,0.0,0
2026-05-08 13:00:00+00:00,212.987,212.987,0.0,214.05,212.97,213.26,0.0,0
2026-05-08 13:30:00+00:00,215.2899932861328,215.2899932861328,0.0,217.8000030517578,212.88999938964844,213.02999877929688,0.0,43322899
2026-05-08 14:30:00+00:00,216.25999450683594,216.25999450683594,0.0,216.8000030517578,214.30999755859375,215.3112030029297,0.0,18072660
2026-05-08 15:30:00+00:00,215.88999938964844,215.88999938964844,0.0,217.1999969482422,215.16000366210938,216.27999877929688,0.0,13308112
2026-05-08 16:30:00+00:00,215.6750030517578,215.6750030517578,0.0,216.0998992919922,215.00999450683594,215.89999389648438,0.0,8779609
2026-05-08 17:30:00+00:00,215.36300659179688,215.36300659179688,0.0,215.80499267578125,214.85000610351562,215.68499755859375,0.0,8972004
2026-05-08 18:30:00+00:00,214.85000610351562,214.85000610351562,0.0,215.82000732421875,214.8249969482422,215.3699951171875,0.0,9641300
2026-05-08 19:30:00+00:00,215.2100067138672,215.2100067138672,0.0,215.47000122070312,214.67999267578125,214.85000610351562,0.0,11516279
2026-05-08 20:00:00+00:00,214.985,214.985,0.0,221.6755,208.8782,215.2,0.0,0
2026-05-08 21:00:00+00:00,214.97,214.97,0.0,221.6755,214.95,214.9804,0.0,0
2026-05-08 22:00:00+00:00,215.03,215.03,0.0,215.17,214.94,214.98,0.0,0
2026-05-08 23:00:00+00:00,215.05,215.05,0.0,215.07,214.91,215.03,0.0,0
2026-05-11 08:00:00+00:00,213.8115,213.8115,0.0,214.97,213.81,214.91,0.0,0
2026-05-11 09:00:00+00:00,213.4997,213.4997,0.0,214.2,213.1097,213.86,0.0,0
2026-05-11 10:00:00+00:00,213.4108,213.4108,0.0,213.87,213.3,213.48,0.0,0
2026-05-11 11:00:00+00:00,214.12,214.12,0.0,215.2,213.01,213.41,0.0,0
2026-05-11 12:00:00+00:00,213.904,213.904,0.0,214.46,213.52,214.17,0.0,0
2026-05-11 13:00:00+00:00,214.0535,214.0535,0.0,214.16,183.91,213.9,0.0,0
2026-05-11 13:30:00+00:00,217.97000122070312,217.97000122070312,0.0,220.89999389648438,213.92999267578125,213.92999267578125,0.0,48204003
2026-05-11 14:30:00+00:00,221.98500061035156,221.98500061035156,0.0,222.2899932861328,217.3699951171875,217.98500061035156,0.0,29227300
2026-05-11 15:30:00+00:00,221.98880004882812,221.98880004882812,0.0,222.3000030517578,220.97000122070312,221.98500061035156,0.0,14795865
2026-05-11 16:30:00+00:00,220.76499938964844,220.76499938964844,0.0,222.08999633789062,219.8800048828125,221.98109436035156,0.0,11200648
2026-05-11 17:30:00+00:00,221.42889404296875,221.42889404296875,0.0,221.44000244140625,220.3699951171875,220.72000122070312,0.0,8563105
2026-05-11 18:30:00+00:00,219.13999938964844,219.13999938964844,0.0,221.56500244140625,218.94000244140625,221.41000366210938,0.0,12472914
2026-05-11 19:30:00+00:00,219.47999572753906,219.47999572753906,0.0,219.58999633789062,218.9199981689453,219.14500427246094,0.0,10509450
2026-05-11 20:00:00+00:00,219.239,219.239,0.0,241.1661,141.7977,219.44,0.0,0
2026-05-11 21:00:00+00:00,219.3299,219.3299,0.0,233.878,210.1876,219.239,0.0,0
2026-05-11 22:00:00+00:00,219.62,219.62,0.0,219.89,219.32,219.32,0.0,0
2026-05-11 23:00:00+00:00,219.6996,219.6996,0.0,220.1,219.6,219.61,0.0,0
2026-05-12 08:00:00+00:00,216.85,216.85,0.0,219.44,216.31,217.69,0.0,0
2026-05-12 09:00:00+00:00,217.5029,217.5029,0.0,217.68,216.73,216.891,0.0,0
2026-05-12 10:00:00+00:00,217.79,217.79,0.0,218.4,217.5,217.51,0.0,0
2026-05-12 11:00:00+00:00,217.5,217.5,0.0,218.08,217.25,217.77,0.0,0
2026-05-12 12:00:00+00:00,217.525,217.525,0.0,218.2,212.63,217.57,0.0,0
2026-05-12 13:00:00+00:00,218.545,218.545,0.0,219.28,217.01,217.6,0.0,0
2026-05-12 13:30:00+00:00,218.9199981689453,218.9199981689453,0.0,223.75,217.00999450683594,218.5449981689453,0.0,45254879
2026-05-12 14:30:00+00:00,215.4600067138672,215.4600067138672,0.0,219.10000610351562,215.00999450683594,218.89500427246094,0.0,27061151
2026-05-12 15:30:00+00:00,217.5050048828125,217.5050048828125,0.0,218.25999450683594,215.13999938964844,215.4199981689453,0.0,15568727
2026-05-12 16:30:00+00:00,217.72000122070312,217.72000122070312,0.0,218.08999633789062,215.52999877929688,217.5198974609375,0.0,15677842
2026-05-12 17:30:00+00:00,218.9600067138672,218.9600067138672,0.0,219.1999969482422,217.6699981689453,217.72000122070312,0.0,9893599
2026-05-12 18:30:00+00:00,220.72999572753906,220.72999572753906,0.0,221.13999938964844,218.89169311523438,218.9499969482422,0.0,14638529
2026-05-12 19:30:00+00:00,220.8699951171875,220.8699951171875,0.0,221.73989868164062,220.14999389648438,220.74000549316406,0.0,12903996
2026-05-12 20:00:00+00:00,220.19,220.19,0.0,234.7265,205.6974,220.91,0.0,0
2026-05-12 21:00:00+00:00,219.95,219.95,0.0,224.9013,205.6974,220.19,0.0,0
2026-05-12 22:00:00+00:00,219.97,219.97,0.0,220.78,219.68,219.95,0.0,0
2026-05-12 23:00:00+00:00,219.4786,219.4786,0.0,220.2,219.22,220.0,0.0,0
2026-05-13 08:00:00+00:00,226.1,226.1,0.0,226.3,220.78,224.7,0.0,0
2026-05-13 09:00:00+00:00,226.03,226.03,0.0,226.24,225.395,226.09,0.0,0
2026-05-13 10:00:00+00:00,226.39,226.39,0.0,226.68,225.87,226.02,0.0,0
2026-05-13 11:00:00+00:00,225.3997,225.3997,0.0,226.5302,224.76,226.38,0.0,0
2026-05-13 12:00:00+00:00,225.68,225.68,0.0,226.2,225.05,225.4,0.0,0
2026-05-13 13:00:00+00:00,224.9,224.9,0.0,225.7,199.97,225.69,0.0,0
2026-05-13 13:30:00+00:00,224.44000244140625,224.44000244140625,0.0,227.16000366210938,221.5653076171875,224.92999267578125,0.0,46864063
2026-05-13 14:30:00+00:00,226.2100067138672,226.2100067138672,0.0,227.57000732421875,223.6999969482422,224.4600067138672,0.0,24274192
2026-05-13 15:30:00+00:00,227.3300018310547,227.3300018310547,0.0,227.83999633789062,225.7100067138672,226.22000122070312,0.0,15288462
2026-05-13 16:30:00+00:00,226.9499969482422,226.9499969482422,0.0,227.64999389648438,226.66000366210938,227.3000030517578,0.0,10556665
2026-05-13 17:30:00+00:00,226.9600067138672,226.9600067138672,0.0,227.42999267578125,225.41000366210938,226.9300994873047,0.0,12329697
2026-05-13 18:30:00+00:00,226.7801055908203,226.7801055908203,0.0,227.1999969482422,226.3000030517578,226.9600067138672,0.0,9649273
2026-05-13 19:30:00+00:00,225.8699951171875,225.8699951171875,0.0,226.80999755859375,225.0800018310547,226.78509521484375,0.0,11059959
2026-05-13 20:00:00+00:00,226.525,226.525,0.0,240.7107,215.6948,225.89,0.0,0
2026-05-13 21:00:00+00:00,226.85,226.85,0.0,240.7107,215.6948,226.55,0.0,0
2026-05-13 22:00:00+00:00,227.345,227.345,0.0,227.49,226.5,226.86,0.0,0
2026-05-13 23:00:00+00:00,227.78,227.78,0.0,227.8,227.12,227.35,0.0,0
2026-05-14 08:00:00+00:00,231.67,231.67,0.0,233.22,225.83,231.6597,0.0,0
2026-05-14 09:00:00+00:00,230.19,230.19,0.0,231.8,229.65,231.64,0.0,0
2026-05-14 10:00:00+00:00,229.85,229.85,0.0,231.32,229.36,230.15,0.0,0
2026-05-14 11:00:00+00:00,229.445,229.445,0.0,230.28,225.83,229.85,0.0,0
2026-05-14 12:00:00+00:00,231.0868,231.0868,0.0,231.3,229.4,229.43,0.0,0
2026-05-14 13:00:00+00:00,229.98,229.98,0.0,231.23,229.5,231.06,0.0,0
2026-05-14 13:30:00+00:00,233.02999877929688,233.02999877929688,0.0,234.14999389648438,229.35000610351562,229.72999572753906,0.0,58278680
2026-05-14 14:30:00+00:00,235.0399932861328,235.0399932861328,0.0,236.0500030517578,232.85000610351562,233.03500366210938,0.0,28689833
2026-05-14 15:30:00+00:00,234.74009704589844,234.74009704589844,0.0,236.47000122070312,234.57000732421875,235.07000732421875,0.0,19533747
2026-05-14 16:30:00+00:00,234.125,234.125,0.0,235.91189575195312,232.67999267578125,234.75,0.0,16396698
2026-05-14 17:30:00+00:00,235.50070190429688,235.50070190429688,0.0,235.55999755859375,233.75,234.11000061035156,0.0,11848175
2026-05-14 18:30:00+00:00,235.6300048828125,235.6300048828125,0.0,236.5399932861328,235.10499572753906,235.51499938964844,0.0,14911897
2026-05-14 19:30:00+00:00,235.7449951171875,235.7449951171875,0.0,236.02749633789062,235.13999938964844,235.61000061035156,0.0,12204261
2026-05-14 20:00:00+00:00,235.3678,235.3678,0.0,246.0573,218.6296,235.8,0.0,0
2026-05-14 21:00:00+00:00,235.965,235.965,0.0,246.0573,223.8273,235.42,0.0,0
2026-05-14 22:00:00+00:00,236.4372,236.4372,0.0,236.49,235.74,235.9591,0.0,0
2026-05-14 23:00:00+00:00,237.8674,237.8674,0.0,237.96,236.4207,236.43,0.0,0
2026-05-15 08:00:00+00:00,230.15,230.15,0.0,236.98,230.0,233.18,0.0,0
2026-05-15 09:00:00+00:00,229.58,229.58,0.0,230.9497,228.51,230.16,0.0,0
2026-05-15 10:00:00+00:00,229.21,229.21,0.0,230.1,228.01,229.62,0.0,0
2026-05-15 11:00:00+00:00,231.1,231.1,0.0,232.05,229.21,229.29,0.0,0
2026-05-15 12:00:00+00:00,229.43,229.43,0.0,231.3,229.18,231.19,0.0,0
2026-05-15 13:00:00+00:00,229.8,229.8,0.0,230.18,228.16,229.32,0.0,0
2026-05-15 13:30:00+00:00,226.60499572753906,226.60499572753906,0.0,230.0500030517578,224.25,229.75,0.0,60322891
2026-05-15 14:30:00+00:00,227.76499938964844,227.76499938964844,0.0,227.91990661621094,225.67999267578125,226.66000366210938,0.0,16262111
2026-05-15 15:30:00+00:00,228.3000030517578,228.3000030517578,0.0,229.17999267578125,227.05999755859375,227.7899932861328,0.0,13927816
2026-05-15 16:30:00+00:00,229.16009521484375,229.16009521484375,0.0,229.3000030517578,227.6300048828125,228.3199005126953,0.0,10929378
2026-05-15 17:30:00+00:00,229.84979248046875,229.84979248046875,0.0,231.5,229.12010192871094,229.16000366210938,0.0,14668215
2026-05-15 18:30:00+00:00,227.0449981689453,227.0449981689453,0.0,229.85000610351562,226.7100067138672,229.5399932861328,0.0,14566675
2026-05-15 19:30:00+00:00,225.22999572753906,225.22999572753906,0.0,227.5500030517578,224.88999938964844,227.0500030517578,0.0,17202887
2026-05-15 20:00:00+00:00,225.13,225.13,0.0,225.34,216.0477,225.32,0.0,0
2026-05-15 21:00:00+00:00,224.76,224.76,0.0,225.32,224.65,225.0622,0.0,0
2026-05-15 22:00:00+00:00,224.67,224.67,0.0,225.32,224.51,224.75,0.0,0
2026-05-15 23:00:00+00:00,224.411,224.411,0.0,224.78,224.28,224.665,0.0,0
2026-05-18 08:00:00+00:00,227.06,227.06,0.0,227.1088,222.7717,225.24,0.0,0
2026-05-18 09:00:00+00:00,227.86,227.86,0.0,228.58,226.7995,227.1088,0.0,0
2026-05-18 10:00:00+00:00,226.9,226.9,0.0,227.935,226.68,227.92,0.0,0
2026-05-18 11:00:00+00:00,226.6999,226.6999,0.0,227.01,225.5,226.9153,0.0,0
2026-05-18 12:00:00+00:00,228.19,228.19,0.0,228.57,226.64,226.65,0.0,0
2026-05-18 13:00:00+00:00,229.84,229.84,0.0,230.65,209.65,228.2074,0.0,0
2026-05-18 13:30:00+00:00,222.8249969482422,222.8249969482422,0.0,230.0,222.4199981689453,229.82000732421875,0.0,45078463
2026-05-18 14:30:00+00:00,221.67999267578125,221.67999267578125,0.0,223.42999267578125,220.57000732421875,222.80999755859375,0.0,22071339
2026-05-18 15:30:00+00:00,220.41000366210938,220.41000366210938,0.0,223.3498992919922,220.25999450683594,221.60000610351562,0.0,11933786
2026-05-18 16:30:00+00:00,221.47999572753906,221.47999572753906,0.0,222.5399932861328,219.64019775390625,220.4199981689453,0.0,13115109
2026-05-18 17:30:00+00:00,219.9199981689453,219.9199981689453,0.0,221.85000610351562,219.22000122070312,221.47000122070312,0.0,10811721
2026-05-18 18:30:00+00:00,220.18499755859375,220.18499755859375,0.0,221.64999389648438,218.3699951171875,219.92999267578125,0.0,16325602
2026-05-18 19:30:00+00:00,222.35000610351562,222.35000610351562,0.0,222.35000610351562,220.1199951171875,220.19009399414062,0.0,11289743
2026-05-18 20:00:00+00:00,222.34,222.34,0.0,250.9493,215.286,222.32,0.0,0
2026-05-18 21:00:00+00:00,223.0499,223.0499,0.0,237.9783,215.286,222.36,0.0,0
2026-05-18 22:00:00+00:00,223.37,223.37,0.0,223.76,223.05,223.09,0.0,0
2026-05-18 23:00:00+00:00,222.75,222.75,0.0,223.65,222.7,223.3715,0.0,0
2026-05-19 08:00:00+00:00,220.75,220.75,0.0,222.88,220.03,220.41,0.0,0
2026-05-19 09:00:00+00:00,220.13,220.13,0.0,221.6,220.01,220.8,0.0,0
2026-05-19 10:00:00+00:00,220.6997,220.6997,0.0,220.895,219.55,220.13,0.0,0
2026-05-19 11:00:00+00:00,220.6,220.6,0.0,221.1167,219.74,220.7197,0.0,0
2026-05-19 12:00:00+00:00,219.89,219.89,0.0,220.8,219.75,220.6,0.0,0
2026-05-19 13:00:00+00:00,219.61,219.61,0.0,221.16,218.63,219.8507,0.0,0
2026-05-19 13:30:00+00:00,218.5749969482422,218.5749969482422,0.0,223.3300018310547,217.91000366210938,219.73500061035156,0.0,35894972
2026-05-19 14:30:00+00:00,220.51499938964844,220.51499938964844,0.0,221.60000610351562,218.14999389648438,218.60000610351562,0.0,16710773
2026-05-19 15:30:00+00:00,221.90499877929688,221.90499877929688,0.0,222.00999450683594,220.1999969482422,220.49000549316406,0.0,12185522
2026-05-19 16:30:00+00:00,223.34500122070312,223.34500122070312,0.0,224.47999572753906,221.75010681152344,221.86000061035156,0.0,13301572
2026-05-19 17:30:00+00:00,222.64999389648438,222.64999389648438,0.0,224.1300048828125,222.07000732421875,223.3101043701172,0.0,11000826
2026-05-19 18:30:00+00:00,221.89599609375,221.89599609375,0.0,223.1300048828125,221.19000244140625,222.63999938964844,0.0,11082503
2026-05-19 19:30:00+00:00,220.6300048828125,220.6300048828125,0.0,222.47999572753906,219.0,221.9199981689453,0.0,14725529
2026-05-19 20:00:00+00:00,220.81,220.81,0.0,222.21,212.9972,220.61,0.0,0
2026-05-19 21:00:00+00:00,221.7752,221.7752,0.0,221.99,220.81,220.905,0.0,0
2026-05-19 22:00:00+00:00,221.515,221.515,0.0,222.13,220.61,221.8,0.0,0
2026-05-19 23:00:00+00:00,221.54,221.54,0.0,222.2,221.4,221.515,0.0,0
2026-05-20 08:00:00+00:00,223.7,223.7,0.0,224.1,220.61,222.77,0.0,0
2026-05-20 09:00:00+00:00,223.84,223.84,0.0,224.08,223.45,223.74,0.0,0
2026-05-20 10:00:00+00:00,224.42,224.42,0.0,224.91,223.783,223.783,0.0,0
2026-05-20 11:00:00+00:00,224.185,224.185,0.0,225.08,220.61,224.45,0.0,0
2026-05-20 12:00:00+00:00,224.3487,224.3487,0.0,224.45,223.51,224.22,0.0,0
2026-05-20 13:00:00+00:00,223.2,223.2,0.0,224.48,223.09,224.35,0.0,0
2026-05-20 13:30:00+00:00,224.33990478515625,224.33990478515625,0.0,225.07000732421875,220.4949951171875,223.10000610351562,0.0,41070380
2026-05-20 14:30:00+00:00,225.2449951171875,225.2449951171875,0.0,226.1300048828125,223.85000610351562,224.35000610351562,0.0,20816958
2026-05-20 15:30:00+00:00,224.26010131835938,224.26010131835938,0.0,225.63999938964844,223.8000030517578,225.25,0.0,12753450
2026-05-20 16:30:00+00:00,224.9199981689453,224.9199981689453,0.0,225.1199951171875,224.08999633789062,224.27999877929688,0.0,9989295
2026-05-20 17:30:00+00:00,224.27000427246094,224.27000427246094,0.0,225.16000366210938,223.86000061035156,224.9199981689453,0.0,10660551
2026-05-20 18:30:00+00:00,222.8800048828125,222.8800048828125,0.0,224.3199005126953,222.03070068359375,224.26499938964844,0.0,16972518
2026-05-20 19:30:00+00:00,223.43499755859375,223.43499755859375,0.0,223.64999389648438,222.58999633789062,222.8892059326172,0.0,15836751
2026-05-20 20:00:00+00:00,222.42,222.42,0.0,226.94,216.25,223.41,0.0,0
2026-05-20 21:00:00+00:00,220.7448,220.7448,0.0,224.23,219.34,222.49,0.0,0
2026-05-20 22:00:00+00:00,221.2502,221.2502,0.0,221.48,219.24,220.75,0.0,0
2026-05-20 23:00:00+00:00,220.66,220.66,0.0,223.47,220.28,221.3,0.0,0
2026-05-21 08:00:00+00:00,223.8,223.8,0.0,224.75,221.06,221.38,0.0,0
2026-05-21 09:00:00+00:00,223.94,223.94,0.0,224.1,222.11,223.79,0.0,0
2026-05-21 10:00:00+00:00,224.0057,224.0057,0.0,225.0958,223.52,223.98,0.0,0
2026-05-21 11:00:00+00:00,224.35,224.35,0.0,224.7,222.5,224.05,0.0,0
2026-05-21 12:00:00+00:00,222.83,222.83,0.0,224.63,222.5,224.38,0.0,0
2026-05-21 13:00:00+00:00,222.31,222.31,0.0,223.69,220.76,222.87,0.0,0
2026-05-21 13:30:00+00:00,218.97000122070312,218.97000122070312,0.0,227.39990234375,218.35000610351562,222.1999969482422,0.0,79656346
2026-05-21 14:30:00+00:00,218.85499572753906,218.85499572753906,0.0,220.10000610351562,217.92999267578125,218.92999267578125,0.0,26986727
2026-05-21 15:30:00+00:00,219.53500366210938,219.53500366210938,0.0,220.3249969482422,218.35000610351562,218.86500549316406,0.0,16169724
2026-05-21 16:30:00+00:00,221.11990356445312,221.11990356445312,0.0,222.3699951171875,218.92999267578125,219.5399932861328,0.0,16107400
2026-05-21 17:30:00+00:00,220.25999450683594,220.25999450683594,0.0,221.85000610351562,219.77999877929688,221.11000061035156,0.0,14242485
2026-05-21 18:30:00+00:00,220.3300018310547,220.3300018310547,0.0,220.4499969482422,218.6199951171875,220.25,0.0,18585308
2026-05-21 19:30:00+00:00,219.5,219.5,0.0,220.6300048828125,219.11000061035156,220.32000732421875,0.0,12663419
2026-05-21 20:00:00+00:00,219.515,219.515,0.0,233.7118,206.5513,219.51,0.0,0
2026-05-21 21:00:00+00:00,219.4969,219.4969,0.0,306.18,219.37,219.52,0.0,0
2026-05-21 22:00:00+00:00,219.75,219.75,0.0,219.95,219.25,219.49,0.0,0
2026-05-21 23:00:00+00:00,220.1202,220.1202,0.0,220.18,219.7,219.75,0.0,0
2026-05-22 08:00:00+00:00,221.6,221.6,0.0,221.71,219.51,220.74,0.0,0
2026-05-22 09:00:00+00:00,220.07,220.07,0.0,221.67,219.89,221.5783,0.0,0
2026-05-22 10:00:00+00:00,219.5,219.5,0.0,220.497,219.39,220.09,0.0,0
2026-05-22 11:00:00+00:00,219.98,219.98,0.0,220.35,219.22,219.5229,0.0,0
2026-05-22 12:00:00+00:00,220.495,220.495,0.0,221.05,219.51,219.97,0.0,0
2026-05-22 13:00:00+00:00,220.96,220.96,0.0,221.5,220.32,220.5,0.0,0
2026-05-22 13:30:00+00:00,216.3300018310547,216.3300018310547,0.0,221.00999450683594,215.16000366210938,220.9040069580078,0.0,50485470
2026-05-22 14:30:00+00:00,218.15499877929688,218.15499877929688,0.0,218.30499267578125,216.00999450683594,216.33700561523438,0.0,19893580
2026-05-22 15:30:00+00:00,217.10000610351562,217.10000610351562,0.0,218.32000732421875,216.7100067138672,218.14999389648438,0.0,13352896
2026-05-22 16:30:00+00:00,218.24000549316406,218.24000549316406,0.0,218.49000549316406,216.41000366210938,217.11000061035156,0.0,13514273
2026-05-22 17:30:00+00:00,216.0449981689453,216.0449981689453,0.0,218.2899932861328,215.4499969482422,218.24020385742188,0.0,16717248
2026-05-22 18:30:00+00:00,215.3350067138672,215.3350067138672,0.0,216.3300018310547,214.86000061035156,216.0399932861328,0.0,20907915
2026-05-22 19:30:00+00:00,215.25,215.25,0.0,215.94000244140625,215.11000061035156,215.3249969482422,0.0,13884597
2026-05-22 20:00:00+00:00,215.01,215.01,0.0,221.6755,208.8782,215.24,0.0,0
2026-05-22 21:00:00+00:00,215.0499,215.0499,0.0,219.4836,204.4257,215.01,0.0,0
2026-05-22 22:00:00+00:00,214.64,214.64,0.0,215.33,214.53,215.05,0.0,0
2026-05-22 23:00:00+00:00,214.2974,214.2974,0.0,214.79,214.25,214.65,0.0,0
2026-05-26 08:00:00+00:00,217.12,217.12,0.0,217.38,216.79,217.14,0.0,0
2026-05-26 09:00:00+00:00,217.07,217.07,0.0,217.3353,216.96,217.14,0.0,0
2026-05-26 10:00:00+00:00,218.39,218.39,0.0,218.47,217.0042,217.08,0.0,0
2026-05-26 11:00:00+00:00,217.9355,217.9355,0.0,218.45,217.4,218.38,0.0,0
2026-05-26 12:00:00+00:00,218.1,218.1,0.0,218.6,215.868,217.93,0.0,0
2026-05-26 13:00:00+00:00,216.57,216.57,0.0,222.83,216.26,218.1143,0.0,0
2026-05-26 13:30:00+00:00,217.57009887695312,217.57009887695312,0.0,217.6999969482422,214.27999877929688,216.57749938964844,0.0,48336162
2026-05-26 14:30:00+00:00,214.42999267578125,214.42999267578125,0.0,218.17999267578125,213.610107421875,217.60000610351562,0.0,25453169
2026-05-26 15:30:00+00:00,213.10000610351562,213.10000610351562,0.0,214.75999450683594,212.0,214.44000244140625,0.0,20920540
2026-05-26 16:30:00+00:00,213.64300537109375,213.64300537109375,0.0,214.11700439453125,212.88299560546875,213.1199951171875,0.0,11456634
2026-05-26 17:30:00+00:00,213.88499450683594,213.88499450683594,0.0,214.4499969482422,212.90330505371094,213.63999938964844,0.0,12363737
2026-05-26 18:30:00+00:00,213.60800170898438,213.60800170898438,0.0,214.0399932861328,212.83999633789062,213.88499450683594,0.0,12901212
2026-05-26 19:30:00+00:00,214.8300018310547,214.8300018310547,0.0,214.86000061035156,213.4600067138672,213.60499572753906,0.0,12961311
2026-05-26 20:00:00+00:00,214.4,214.4,0.0,226.5096,202.5263,214.855,0.0,0
2026-05-26 21:00:00+00:00,214.3943,214.3943,0.0,229.1204,200.674,214.4,0.0,0
2026-05-26 22:00:00+00:00,213.98,213.98,0.0,214.46,213.79,214.37,0.0,0
2026-05-26 23:00:00+00:00,213.9508,213.9508,0.0,214.86,213.8,213.9991,0.0,0
2026-05-27 08:00:00+00:00,214.3721,214.3721,0.0,214.86,212.64,213.77,0.0,0
2026-05-27 09:00:00+00:00,214.7155,214.7155,0.0,215.1439,214.11,214.37,0.0,0
2026-05-27 10:00:00+00:00,215.86,215.86,0.0,216.2457,214.65,214.77,0.0,0
2026-05-27 11:00:00+00:00,216.13,216.13,0.0,216.39,214.86,215.88,0.0,0
2026-05-27 12:00:00+00:00,215.8695,215.8695,0.0,216.86,214.72,216.13,0.0,0
2026-05-27 13:00:00+00:00,214.1379,214.1379,0.0,216.18,213.68,215.86,0.0,0
2026-05-27 13:30:00+00:00,209.9199981689453,209.9199981689453,0.0,214.13999938964844,209.48939514160156,214.1199951171875,0.0,50952450
2026-05-27 14:30:00+00:00,209.7899932861328,209.7899932861328,0.0,210.38999938964844,208.77999877929688,209.92999267578125,0.0,20195747
2026-05-27 15:30:00+00:00,210.6898956298828,210.6898956298828,0.0,211.11000061035156,209.3350067138672,209.8000030517578,0.0,15861098
2026-05-27 16:30:00+00:00,211.97000122070312,211.97000122070312,0.0,212.1199951171875,210.31500244140625,210.67999267578125,0.0,13301084
2026-05-27 17:30:00+00:00,213.1999969482422,213.1999969482422,0.0,213.2899932861328,211.8000030517578,211.97000122070312,0.0,12953088
2026-05-27 18:30:00+00:00,212.44000244140625,212.44000244140625,0.0,213.32000732421875,212.1199951171875,213.17999267578125,0.0,12247580
2026-05-27 19:30:00+00:00,212.5800018310547,212.5800018310547,0.0,213.25999450683594,212.16000366210938,212.4499969482422,0.0,10427471
2026-05-27 20:00:00+00:00,212.39,212.39,0.0,227.095,199.2898,212.67,0.0,0
2026-05-27 21:00:00+00:00,212.235,212.235,0.0,227.095,199.2898,212.4,0.0,0
2026-05-27 22:00:00+00:00,212.08,212.08,0.0,212.6,211.9025,212.25,0.0,0
2026-05-27 23:00:00+00:00,211.7401,211.7401,0.0,212.22,211.56,212.08,0.0,0
2026-05-28 08:00:00+00:00,211.2975,211.2975,0.0,212.6,209.2,211.57,0.0,0
2026-05-28 09:00:00+00:00,211.27,211.27,0.0,211.6376,211.15,211.3,0.0,0
2026-05-28 10:00:00+00:00,210.89,210.89,0.0,211.65,210.65,211.27,0.0,0
2026-05-28 11:00:00+00:00,210.3,210.3,0.0,212.6,209.73,210.82,0.0,0
2026-05-28 12:00:00+00:00,210.6505,210.6505,0.0,210.79,210.16,210.33,0.0,0
2026-05-28 13:00:00+00:00,211.34,211.34,0.0,213.17,210.57,210.65,0.0,0
2026-05-28 13:30:00+00:00,212.4512939453125,212.4512939453125,0.0,214.2899932861328,211.2220001220703,211.27499389648438,0.0,34321042
2026-05-28 14:30:00+00:00,212.6699981689453,212.6699981689453,0.0,213.14999389648438,211.50999450683594,212.47000122070312,0.0,15883778
2026-05-28 15:30:00+00:00,212.9949951171875,212.9949951171875,0.0,213.32000732421875,212.10000610351562,212.67999267578125,0.0,12354616
2026-05-28 16:30:00+00:00,213.22999572753906,213.22999572753906,0.0,213.97500610351562,212.4499969482422,212.99749755859375,0.0,11604811
2026-05-28 17:30:00+00:00,214.3800048828125,214.3800048828125,0.0,215.51910400390625,212.92999267578125,213.24600219726562,0.0,16226317
2026-05-28 18:30:00+00:00,214.10000610351562,214.10000610351562,0.0,214.8968963623047,213.86000061035156,214.36459350585938,0.0,11783954
2026-05-28 19:30:00+00:00,214.3000030517578,214.3000030517578,0.0,214.49000549316406,213.77000427246094,214.1199951171875,0.0,7963820
2026-05-28 20:00:00+00:00,213.96,213.96,0.0,223.8273,200.6264,214.25,0.0,0
2026-05-28 21:00:00+00:00,214.155,214.155,0.0,223.8273,206.172,213.94,0.0,0
2026-05-28 22:00:00+00:00,214.1007,214.1007,0.0,214.47,214.03,214.12,0.0,0
2026-05-28 23:00:00+00:00,214.15,214.15,0.0,214.49,214.1,214.1004,0.0,0
2026-05-29 08:00:00+00:00,214.9379,214.9379,0.0,215.61,214.12,215.25,0.0,0
2026-05-29 09:00:00+00:00,214.88,214.88,0.0,215.14,214.6092,214.92,0.0,0
2026-05-29 10:00:00+00:00,214.8,214.8,0.0,215.04,214.52,214.88,0.0,0
2026-05-29 11:00:00+00:00,215.25,215.25,0.0,215.5,214.25,214.8,0.0,0
2026-05-29 12:00:00+00:00,215.1502,215.1502,0.0,215.36,214.8712,215.27,0.0,0
2026-05-29 13:00:00+00:00,214.61,214.61,0.0,221.175,214.43,215.155,0.0,0
2026-05-29 13:30:00+00:00,215.9199981689453,215.9199981689453,0.0,217.35000610351562,212.80999755859375,214.4499969482422,0.0,40543469
2026-05-29 14:30:00+00:00,215.38999938964844,215.38999938964844,0.0,217.02000427246094,214.36000061035156,215.9149932861328,0.0,19932251
2026-05-29 15:30:00+00:00,215.98989868164062,215.98989868164062,0.0,217.1199951171875,214.77000427246094,215.4199981689453,0.0,11951156
2026-05-29 16:30:00+00:00,216.27999877929688,216.27999877929688,0.0,217.52000427246094,215.78990173339844,215.99000549316406,0.0,11200176
2026-05-29 17:30:00+00:00,216.97000122070312,216.97000122070312,0.0,217.0500030517578,215.2899932861328,216.2899932861328,0.0,11436702
2026-05-29 18:30:00+00:00,216.99000549316406,216.99000549316406,0.0,217.85989379882812,216.45030212402344,217.0,0.0,15770699
2026-05-29 19:30:00+00:00,211.14999389648438,211.14999389648438,0.0,217.4499969482422,211.1300048828125,216.9949951171875,0.0,37566793
2026-05-29 20:00:00+00:00,212.497,212.497,0.0,216.2654,197.6362,211.1375,0.0,0
2026-05-29 21:00:00+00:00,212.5,212.5,0.0,216.0477,199.582,212.47,0.0,0
2026-05-29 22:00:00+00:00,212.98,212.98,0.0,213.0,211.14,212.5,0.0,0
2026-05-29 23:00:00+00:00,212.49,212.49,0.0,212.99,212.31,212.99,0.0,0
2026-06-01 08:00:00+00:00,214.82,214.82,0.0,217.2607,214.66,215.77,0.0,0
2026-06-01 09:00:00+00:00,214.9576,214.9576,0.0,215.7,214.3,214.8,0.0,0
2026-06-01 10:00:00+00:00,215.19,215.19,0.0,215.478,214.439,214.9985,0.0,0
2026-06-01 11:00:00+00:00,216.0,216.0,0.0,216.3,211.14,215.19,0.0,0
2026-06-01 12:00:00+00:00,215.8394,215.8394,0.0,216.68,215.65,215.9803,0.0,0
2026-06-01 13:00:00+00:00,215.7,215.7,0.0,216.5,211.14,215.84,0.0,0
2026-06-01 13:30:00+00:00,221.3699951171875,221.3699951171875,0.0,222.1699981689453,215.7050018310547,215.77999877929688,0.0,69982504
2026-06-01 14:30:00+00:00,219.39999389648438,219.39999389648438,0.0,222.08999633789062,218.99000549316406,221.33999633789062,0.0,24378990
2026-06-01 15:30:00+00:00,221.9499969482422,221.9499969482422,0.0,222.3699951171875,219.3300018310547,219.38999938964844,0.0,17133641
2026-06-01 16:30:00+00:00,221.9600067138672,221.9600067138672,0.0,222.39999389648438,220.97000122070312,221.94000244140625,0.0,15498968
2026-06-01 17:30:00+00:00,224.61599731445312,224.61599731445312,0.0,224.66000366210938,221.52999877929688,221.9600067138672,0.0,20858418
2026-06-01 18:30:00+00:00,224.0,224.0,0.0,224.8699951171875,223.6699981689453,224.61000061035156,0.0,17259685
2026-06-01 19:30:00+00:00,224.4199981689453,224.4199981689453,0.0,224.43499755859375,222.39999389648438,223.98069763183594,0.0,14416592
2026-06-01 20:00:00+00:00,224.4001,224.4001,0.0,224.86,212.6,224.42,0.0,0
2026-06-01 21:00:00+00:00,224.91,224.91,0.0,237.9783,215.286,224.4012,0.0,0
2026-06-01 22:00:00+00:00,224.06,224.06,0.0,224.91,221.46,224.871,0.0,0
2026-06-01 23:00:00+00:00,223.92,223.92,0.0,224.21,223.57,224.06,0.0,0
2026-06-02 08:00:00+00:00,227.13,227.13,0.0,235.0,222.44,228.85,0.0,0
2026-06-02 09:00:00+00:00,227.7688,227.7688,0.0,227.95,226.51,227.17,0.0,0
2026-06-02 10:00:00+00:00,228.52,228.52,0.0,229.2482,227.7124,227.7124,0.0,0
2026-06-02 11:00:00+00:00,228.2288,228.2288,0.0,228.6,224.36,228.5103,0.0,0
2026-06-02 12:00:00+00:00,227.2431,227.2431,0.0,228.55,226.87,228.24,0.0,0
2026-06-02 13:00:00+00:00,227.2,227.2,0.0,227.54,224.36,227.24,0.0,0
2026-06-02 13:30:00+00:00,228.5299072265625,228.5299072265625,0.0,232.27999877929688,225.0500030517578,227.19000244140625,0.0,63909850
2026-06-02 14:30:00+00:00,225.93899536132812,225.93899536132812,0.0,228.9499969482422,225.35009765625,228.50999450683594,0.0,25956281
2026-06-02 15:30:00+00:00,224.85000610351562,224.85000610351562,0.0,226.86500549316406,224.14999389648438,225.9499053955078,0.0,18776428
2026-06-02 16:30:00+00:00,224.16009521484375,224.16009521484375,0.0,225.6300048828125,223.86000061035156,224.8300018310547,0.0,14668900
2026-06-02 17:30:00+00:00,222.97999572753906,222.97999572753906,0.0,224.2100067138672,222.55999755859375,224.1616973876953,0.0,15089002
2026-06-02 18:30:00+00:00,222.6300048828125,222.6300048828125,0.0,223.46600341796875,221.89999389648438,222.97000122070312,0.0,13667953
2026-06-02 19:30:00+00:00,222.82000732421875,222.82000732421875,0.0,222.9499969482422,221.35000610351562,222.6199951171875,0.0,12789493
2026-06-02 20:00:00+00:00,222.88,222.88,0.0,230.71,212.9972,222.82,0.0,0
2026-06-02 21:00:00+00:00,222.45,222.45,0.0,222.89,212.9972,222.88,0.0,0
2026-06-02 22:00:00+00:00,221.7,221.7,0.0,222.82,221.65,222.425,0.0,0
2026-06-02 23:00:00+00:00,221.8,221.8,0.0,221.9,220.8,221.7,0.0,0
2026-06-03 08:00:00+00:00,222.3,222.3,0.0,223.23,221.4927,222.5433,0.0,0
2026-06-03 09:00:00+00:00,221.5,221.5,0.0,222.42,221.04,222.3134,0.0,0
2026-06-03 10:00:00+00:00,221.3038,221.3038,0.0,221.77,220.71,221.46,0.0,0
2026-06-03 11:00:00+00:00,223.08,223.08,0.0,223.4799,221.12,221.3,0.0,0
2026-06-03 12:00:00+00:00,223.3,223.3,0.0,224.4,214.155,223.0504,0.0,0
2026-06-03 13:00:00+00:00,221.73,221.73,0.0,223.3,221.6,223.2826,0.0,0
2026-06-03 13:30:00+00:00,216.1699981689453,216.1699981689453,0.0,222.82000732421875,215.38999938964844,221.68499755859375,0.0,51590417
2026-06-03 14:30:00+00:00,216.27999877929688,216.27999877929688,0.0,216.77499389648438,214.5800018310547,216.1699981689453,0.0,21547548
2026-06-03 15:30:00+00:00,215.63999938964844,215.63999938964844,0.0,217.5500030517578,215.47000122070312,216.27000427246094,0.0,14790315
2026-06-03 16:30:00+00:00,215.76499938964844,215.76499938964844,0.0,216.10000610351562,214.82000732421875,215.6300048828125,0.0,11832778
2026-06-03 17:30:00+00:00,215.9949951171875,215.9949951171875,0.0,216.0800018310547,215.22999572753906,215.77499389648438,0.0,8460342
2026-06-03 18:30:00+00:00,215.2899932861328,215.2899932861328,0.0,216.69859313964844,215.00999450683594,215.9949951171875,0.0,10509694
2026-06-03 19:30:00+00:00,214.8350067138672,214.8350067138672,0.0,215.94000244140625,214.52000427246094,215.27999877929688,0.0,17490269
2026-06-03 20:00:00+00:00,214.9991,214.9991,0.0,226.2547,199.8468,214.75,0.0,0
2026-06-03 21:00:00+00:00,214.365,214.365,0.0,226.2547,213.24,214.954,0.0,0
2026-06-03 22:00:00+00:00,213.625,213.625,0.0,214.8,213.14,214.43,0.0,0
2026-06-03 23:00:00+00:00,214.26,214.26,0.0,214.43,213.13,213.62,0.0,0
2026-06-04 08:00:00+00:00,213.84,213.84,0.0,215.5465,213.45,215.13,0.0,0
2026-06-04 09:00:00+00:00,212.6948,212.6948,0.0,214.2342,211.81,213.85,0.0,0
2026-06-04 10:00:00+00:00,212.66,212.66,0.0,213.25,212.49,212.6,0.0,0
2026-06-04 11:00:00+00:00,212.35,212.35,0.0,214.75,211.4,212.66,0.0,0
2026-06-04 12:00:00+00:00,211.7599,211.7599,0.0,214.75,211.51,212.37,0.0,0
2026-06-04 13:00:00+00:00,213.9974,213.9974,0.0,214.7479,211.67,211.75,0.0,0
2026-06-04 13:30:00+00:00,213.48989868164062,213.48989868164062,0.25,215.72999572753906,210.97000122070312,213.90499877929688,0.0,42925735
2026-06-04 14:30:00+00:00,215.97669982910156,215.97669982910156,0.0,216.2100067138672,213.22000122070312,213.4600067138672,0.0,19099921
2026-06-04 15:30:00+00:00,217.63980102539062,217.63980102539062,0.0,218.2899932861328,215.67999267578125,215.98500061035156,0.0,22718163
2026-06-04 16:30:00+00:00,218.85009765625,218.85009765625,0.0,219.4698944091797,217.3000030517578,217.63499450683594,0.0,17539276
2026-06-04 17:30:00+00:00,220.73989868164062,220.73989868164062,0.0,220.92999267578125,218.72000122070312,218.86000061035156,0.0,14832395
2026-06-04 18:30:00+00:00,220.22000122070312,220.22000122070312,0.0,221.60000610351562,219.9600067138672,220.73500061035156,0.0,15369201
2026-06-04 19:30:00+00:00,218.71499633789062,218.71499633789062,0.0,220.4199981689453,214.75,220.22999572753906,0.0,12594102
2026-06-04 20:00:00+00:00,217.32,217.32,0.0,223.8906,208.1399,218.66,0.0,0
2026-06-04 21:00:00+00:00,217.44,217.44,0.0,223.8906,203.8033,217.331,0.0,0
2026-06-04 22:00:00+00:00,216.965,216.965,0.0,217.45,216.5,217.44,0.0,0
2026-06-04 23:00:00+00:00,216.31,216.31,0.0,217.1,216.26,216.98,0.0,0
2026-06-05 08:00:00+00:00,216.161,216.161,0.0,218.66,214.4932,215.23,0.0,0
2026-06-05 09:00:00+00:00,215.7801,215.7801,0.0,216.5,215.32,216.19,0.0,0
2026-06-05 10:00:00+00:00,216.2012,216.2012,0.0,216.3937,215.5,215.6047,0.0,0
2026-06-05 11:00:00+00:00,215.8702,215.8702,0.0,218.66,215.55,216.2487,0.0,0
2026-06-05 12:00:00+00:00,215.2437,215.2437,0.0,215.95,215.09,215.8457,0.0,0
2026-06-05 13:00:00+00:00,214.5,214.5,0.0,218.66,214.35,215.3632,0.0,0
2026-06-05 13:30:00+00:00,211.2550048828125,211.2550048828125,0.0,214.8699951171875,210.99000549316406,214.42999267578125,0.0,42751920
2026-06-05 14:30:00+00:00,208.7100067138672,208.7100067138672,0.0,212.13999938964844,208.49000549316406,211.24090576171875,0.0,25918107
2026-06-05 15:30:00+00:00,208.72999572753906,208.72999572753906,0.0,209.3800048828125,207.5301055908203,208.6999969482422,0.0,22985163
2026-06-05 16:30:00+00:00,207.7449951171875,207.7449951171875,0.0,208.8000030517578,206.63999938964844,208.74949645996094,0.0,22499860
2026-06-05 17:30:00+00:00,206.01499938964844,206.01499938964844,0.0,208.97000122070312,205.7899932861328,207.69500732421875,0.0,18338072
2026-06-05 18:30:00+00:00,206.3800048828125,206.3800048828125,0.0,206.38999938964844,204.33999633789062,206.00999450683594,0.0,26780351
2026-06-05 19:30:00+00:00,205.10499572753906,205.10499572753906,0.0,206.75999450683594,205.0800018310547,206.389892578125,0.0,21464295
2026-06-05 20:00:00+00:00,205.0,205.0,0.0,217.7892,193.7188,205.1,0.0,0
2026-06-05 21:00:00+00:00,205.65,205.65,0.0,205.66,204.85,205.02,0.0,0
2026-06-05 22:00:00+00:00,205.23,205.23,0.0,205.93,204.81,205.64,0.0,0
2026-06-05 23:00:00+00:00,204.0378,204.0378,0.0,205.23,204.01,205.2,0.0,0
2026-06-08 08:00:00+00:00,207.82,207.82,0.0,208.5692,205.29,207.06,0.0,0
2026-06-08 09:00:00+00:00,207.97,207.97,0.0,208.5475,207.12,207.8431,0.0,0
2026-06-08 10:00:00+00:00,208.6453,208.6453,0.0,208.75,207.7,208.0,0.0,0
2026-06-08 11:00:00+00:00,209.76,209.76,0.0,210.3,208.38,208.6477,0.0,0
2026-06-08 12:00:00+00:00,210.1569,210.1569,0.0,210.35,205.1,209.72,0.0,0
2026-06-08 13:00:00+00:00,209.9983,209.9983,0.0,210.83,209.91,210.1585,0.0,0
2026-06-08 13:30:00+00:00,207.8249969482422,207.8249969482422,0.0,210.389892578125,206.0,210.17999267578125,0.0,44382183
2026-06-08 14:30:00+00:00,207.6699981689453,207.6699981689453,0.0,208.89999389648438,207.47000122070312,207.8350067138672,0.0,15007967
2026-06-08 15:30:00+00:00,208.5749969482422,208.5749969482422,0.0,209.7490997314453,207.17999267578125,207.6699981689453,0.0,14875777
2026-06-08 16:30:00+00:00,208.61000061035156,208.61000061035156,0.0,208.9600067138672,207.64999389648438,208.59500122070312,0.0,10832899
2026-06-08 17:30:00+00:00,209.25,209.25,0.0,209.6199951171875,208.04769897460938,208.58999633789062,0.0,8862843
2026-06-08 18:30:00+00:00,207.81500244140625,207.81500244140625,0.0,209.35000610351562,207.3699951171875,209.25999450683594,0.0,9310979
2026-06-08 19:30:00+00:00,208.61000061035156,208.61000061035156,0.0,208.75,207.6699981689453,207.8350067138672,0.0,9766347
2026-06-08 20:00:00+00:00,208.05,208.05,0.0,220.9367,202.5263,208.64,0.0,0
2026-06-08 21:00:00+00:00,208.2015,208.2015,0.0,221.775,202.5263,208.01,0.0,0
2026-06-08 22:00:00+00:00,207.73,207.73,0.0,208.64,207.1197,208.22,0.0,0
2026-06-08 23:00:00+00:00,207.65,207.65,0.0,208.15,207.55,207.74,0.0,0
2026-06-09 08:00:00+00:00,210.6,210.6,0.0,210.65,208.64,209.722,0.0,0
2026-06-09 09:00:00+00:00,210.2192,210.2192,0.0,210.65,210.0,210.6,0.0,0
2026-06-09 10:00:00+00:00,209.832,209.832,0.0,210.47,209.6,210.2192,0.0,0
2026-06-09 11:00:00+00:00,209.52,209.52,0.0,210.12,209.36,209.85,0.0,0
2026-06-09 12:00:00+00:00,208.9567,208.9567,0.0,209.6,208.78,209.4622,0.0,0
2026-06-09 13:00:00+00:00,210.6767,210.6767,0.0,210.8,208.64,209.0,0.0,0
2026-06-09 13:30:00+00:00,206.97500610351562,206.97500610351562,0.0,211.38999938964844,205.88999938964844,210.61500549316406,0.0,35104582
2026-06-09 14:30:00+00:00,203.39999389648438,203.39999389648438,0.0,207.5800018310547,203.30999755859375,206.96009826660156,0.0,20627423
2026-06-09 15:30:00+00:00,201.47999572753906,201.47999572753906,0.0,205.52999877929688,200.0500030517578,203.4199981689453,0.0,28728496
2026-06-09 16:30:00+00:00,203.89999389648438,203.89999389648438,0.0,204.24989318847656,199.33999633789062,201.47000122070312,0.0,24499652
2026-06-09 17:30:00+00:00,206.4573974609375,206.4573974609375,0.0,206.4600067138672,203.6699981689453,203.89999389648438,0.0,15381214
2026-06-09 18:30:00+00:00,205.92999267578125,205.92999267578125,0.0,207.4600067138672,204.5399932861328,206.44000244140625,0.0,18062171
2026-06-09 19:30:00+00:00,208.19000244140625,208.19000244140625,0.0,208.27999877929688,205.39500427246094,205.9199981689453,0.0,14414185
2026-06-09 20:00:00+00:00,207.4577,207.4577,0.0,219.4824,207.34,208.19,0.0,0
2026-06-09 21:00:00+00:00,206.9,206.9,0.0,215.2615,200.674,207.5,0.0,0
2026-06-09 22:00:00+00:00,206.22,206.22,0.0,207.28,206.0,206.94,0.0,0
2026-06-09 23:00:00+00:00,206.4273,206.4273,0.0,206.88,205.75,206.19,0.0,0
2026-06-10 08:00:00+00:00,205.3032,205.3032,0.0,208.19,204.84,205.98,0.0,0
2026-06-10 09:00:00+00:00,204.15,204.15,0.0,205.87,203.1,205.43,0.0,0
2026-06-10 10:00:00+00:00,204.01,204.01,0.0,204.7,203.38,204.23,0.0,0
2026-06-10 11:00:00+00:00,203.3165,203.3165,0.0,204.6888,202.83,204.04,0.0,0
2026-06-10 12:00:00+00:00,204.0,204.0,0.0,204.11,202.7035,203.18,0.0,0
2026-06-10 13:00:00+00:00,204.303,204.303,0.0,206.75,203.7,204.06,0.0,0
2026-06-10 13:30:00+00:00,206.19500732421875,206.19500732421875,0.0,207.22000122070312,204.30499267578125,204.4250030517578,0.0,37809466
2026-06-10 14:30:00+00:00,202.72500610351562,202.72500610351562,0.0,206.82000732421875,201.61000061035156,206.1300048828125,0.0,24089224
2026-06-10 15:30:00+00:00,202.86500549316406,202.86500549316406,0.0,203.86000061035156,201.8699951171875,202.72500610351562,0.0,16258127
2026-06-10 16:30:00+00:00,202.50999450683594,202.50999450683594,0.0,203.9499969482422,202.00999450683594,202.85000610351562,0.0,11358542
2026-06-10 17:30:00+00:00,202.25999450683594,202.25999450683594,0.0,203.4600067138672,201.86500549316406,202.52000427246094,0.0,12025403
2026-06-10 18:30:00+00:00,200.20669555664062,200.20669555664062,0.0,202.35499572753906,199.9199981689453,202.25999450683594,0.0,17915177
2026-06-10 19:30:00+00:00,200.33999633789062,200.33999633789062,0.0,201.8800048828125,200.1300048828125,200.2100067138672,0.0,15284450
2026-06-10 20:00:00+00:00,200.04,200.04,0.0,204.3475,199.33,200.42,0.0,0
2026-06-10 21:00:00+00:00,200.0,200.0,0.0,204.3475,189.3442,200.048,0.0,0
2026-06-10 22:00:00+00:00,199.52,199.52,0.0,200.42,199.45,200.08,0.0,0
2026-06-10 23:00:00+00:00,199.1992,199.1992,0.0,200.01,198.86,199.5194,0.0,0
2026-06-11 08:00:00+00:00,203.1537,203.1537,0.0,203.6,200.42,202.3,0.0,0
2026-06-11 09:00:00+00:00,203.1,203.1,0.0,203.59,202.8022,203.32,0.0,0
2026-06-11 10:00:00+00:00,202.8052,202.8052,0.0,203.3,202.4335,203.1357,0.0,0
2026-06-11 11:00:00+00:00,202.16,202.16,0.0,202.9855,200.42,202.75,0.0,0
2026-06-11 12:00:00+00:00,202.15,202.15,0.0,203.16,201.98,202.0527,0.0,0
2026-06-11 13:00:00+00:00,201.57,201.57,0.0,202.4,200.42,202.1,0.0,0
2026-06-11 13:30:00+00:00,202.34500122070312,202.34500122070312,0.0,203.64999389648438,201.0800018310547,201.39500427246094,0.0,32266655
2026-06-11 14:30:00+00:00,200.6999969482422,200.6999969482422,0.0,203.0,199.5399932861328,202.36000061035156,0.0,16495119
2026-06-11 15:30:00+00:00,201.3300018310547,201.3300018310547,0.0,202.0449981689453,200.47999572753906,200.6699981689453,0.0,11152450
2026-06-11 16:30:00+00:00,202.80999755859375,202.80999755859375,0.0,202.86000061035156,199.710693359375,201.31500244140625,0.0,12220334
2026-06-11 17:30:00+00:00,202.75999450683594,202.75999450683594,0.0,204.47000122070312,201.63999938964844,202.8249969482422,0.0,19155650
2026-06-11 18:30:00+00:00,204.47000122070312,204.47000122070312,0.0,204.66000366210938,201.97900390625,202.78990173339844,0.0,15806431
2026-06-11 19:30:00+00:00,204.6699981689453,204.6699981689453,0.0,205.66000366210938,204.14199829101562,204.47999572753906,0.0,18111343
2026-06-11 20:00:00+00:00,214.971,214.971,0.0,218.6296,191.475,204.87,0.0,0
2026-06-11 21:00:00+00:00,205.13,205.13,0.0,215.0322,191.475,205.1747,0.0,0
2026-06-11 22:00:00+00:00,206.04,206.04,0.0,206.43,204.87,205.12,0.0,0
2026-06-11 23:00:00+00:00,205.98,205.98,0.0,206.13,205.5,206.0405,0.0,0
2026-06-12 08:00:00+00:00,205.6317,205.6317,0.0,206.31,203.162,204.8575,0.0,0
2026-06-12 09:00:00+00:00,205.9812,205.9812,0.0,206.03,205.0,205.6317,0.0,0
2026-06-12 10:00:00+00:00,205.5122,205.5122,0.0,206.6532,205.5012,206.0385,0.0,0
2026-06-12 11:00:00+00:00,206.2,206.2,0.0,206.3,205.5025,205.5953,0.0,0
2026-06-12 12:00:00+00:00,205.46,205.46,0.0,206.31,205.43,206.205,0.0,0
2026-06-12 13:00:00+00:00,204.844,204.844,0.0,207.8368,203.9,205.4987,0.0,0
2026-06-12 13:30:00+00:00,205.69000244140625,205.69000244140625,0.0,206.67999267578125,203.43850708007812,204.72999572753906,0.0,28371615
2026-06-12 14:30:00+00:00,206.9550018310547,206.9550018310547,0.0,207.07000732421875,203.9501953125,205.66000366210938,0.0,15070173
2026-06-12 15:30:00+00:00,204.99899291992188,204.99899291992188,0.0,206.99969482421875,203.91000366210938,206.9600067138672,0.0,14030065
2026-06-12 16:30:00+00:00,205.02999877929688,205.02999877929688,0.0,205.5800018310547,204.3426971435547,204.97000122070312,0.0,8790409
2026-06-12 17:30:00+00:00,204.9199981689453,204.9199981689453,0.0,205.5500030517578,204.19500732421875,205.0695037841797,0.0,8646872
2026-06-12 18:30:00+00:00,204.75,204.75,0.0,205.3249969482422,204.58999633789062,204.92999267578125,0.0,9541207
2026-06-12 19:30:00+00:00,205.1300048828125,205.1300048828125,0.0,205.27999877929688,203.91000366210938,204.72000122070312,0.0,10118712
2026-06-12 20:00:00+00:00,205.3395,205.3395,0.0,205.39,192.6807,205.146,0.0,0
2026-06-12 21:00:00+00:00,205.3297,205.3297,0.0,216.0477,192.8472,205.3388,0.0,0
2026-06-12 22:00:00+00:00,205.2,205.2,0.0,205.33,205.0,205.32,0.0,0
2026-06-12 23:00:00+00:00,205.4238,205.4238,0.0,205.5757,205.18,205.2,0.0,0
2026-06-15 08:00:00+00:00,210.47,210.47,0.0,211.36,209.8,209.98,0.0,0
2026-06-15 09:00:00+00:00,209.6861,209.6861,0.0,210.57,209.6,210.45,0.0,0
2026-06-15 10:00:00+00:00,209.62,209.62,0.0,209.7385,209.2,209.6027,0.0,0
2026-06-15 11:00:00+00:00,209.39,209.39,0.0,209.59,208.63,209.57,0.0,0
2026-06-15 12:00:00+00:00,207.99,207.99,0.0,209.4,207.71,209.38,0.0,0
2026-06-15 13:00:00+00:00,208.985,208.985,0.0,209.1,204.28,207.96,0.0,0
2026-06-15 13:30:00+00:00,209.39500427246094,209.39500427246094,0.0,210.99000549316406,208.33999633789062,208.85499572753906,0.0,35221336
2026-06-15 14:30:00+00:00,211.1649932861328,211.1649932861328,0.0,211.38999938964844,209.22999572753906,209.39999389648438,0.0,18300746
2026-06-15 15:30:00+00:00,212.34500122070312,212.34500122070312,0.0,212.710693359375,210.8300018310547,211.1649932861328,0.0,15277982
2026-06-15 16:30:00+00:00,212.52999877929688,212.52999877929688,0.0,212.6699981689453,211.85299682617188,212.35000610351562,0.0,8737594
2026-06-15 17:30:00+00:00,211.94000244140625,211.94000244140625,0.0,212.64999389648438,211.4199981689453,212.52000427246094,0.0,8729960
2026-06-15 18:30:00+00:00,211.66000366210938,211.66000366210938,0.0,212.55999755859375,211.6199951171875,211.9600067138672,0.0,10839617
2026-06-15 19:30:00+00:00,212.4600067138672,212.4600067138672,0.0,212.60000610351562,211.2899932861328,211.64999389648438,0.0,11139647
2026-06-15 20:00:00+00:00,212.07,212.07,0.0,216.0287,206.0108,212.45,0.0,0
2026-06-15 21:00:00+00:00,212.08,212.08,0.0,225.45,206.0108,212.09,0.0,0
2026-06-15 22:00:00+00:00,211.57,211.57,0.0,212.45,211.43,212.04,0.0,0
2026-06-15 23:00:00+00:00,211.9398,211.9398,0.0,211.98,211.33,211.5,0.0,0
2026-06-16 08:00:00+00:00,211.6,211.6,0.0,212.45,210.8432,211.57,0.0,0
2026-06-16 09:00:00+00:00,211.199,211.199,0.0,211.84,211.11,211.57,0.0,0
2026-06-16 10:00:00+00:00,211.39,211.39,0.0,211.5,211.0,211.162,0.0,0
2026-06-16 11:00:00+00:00,212.1869,212.1869,0.0,212.45,211.201,211.39,0.0,0
2026-06-16 12:00:00+00:00,211.42,211.42,0.0,212.35,211.2,212.1801,0.0,0
2026-06-16 13:00:00+00:00,210.86,210.86,0.0,211.5,210.8,211.44,0.0,0
2026-06-16 13:30:00+00:00,209.07000732421875,209.07000732421875,0.0,211.4600067138672,208.5500030517578,211.11500549316406,0.0,30034891
2026-06-16 14:30:00+00:00,209.14999389648438,209.14999389648438,0.0,210.32000732421875,208.5301055908203,209.0749969482422,0.0,14305358
2026-06-16 15:30:00+00:00,209.28500366210938,209.28500366210938,0.0,209.72000122070312,208.5229949951172,209.16000366210938,0.0,13369494
2026-06-16 16:30:00+00:00,209.10000610351562,209.10000610351562,0.0,209.32000732421875,208.27999877929688,209.2899932861328,0.0,8556136
2026-06-16 17:30:00+00:00,209.45010375976562,209.45010375976562,0.0,209.82000732421875,208.86000061035156,209.09500122070312,0.0,6300814
2026-06-16 18:30:00+00:00,208.9300994873047,208.9300994873047,0.0,209.4949951171875,208.07000732421875,209.45010375976562,0.0,9483751
2026-06-16 19:30:00+00:00,207.2899932861328,207.2899932861328,0.0,209.10000610351562,207.2899932861328,208.92999267578125,0.0,12123602
2026-06-16 20:00:00+00:00,207.655,207.655,0.0,218.6291,201.3796,207.41,0.0,0
2026-06-16 21:00:00+00:00,207.74,207.74,0.0,217.9895,201.3796,207.72,0.0,0
2026-06-16 22:00:00+00:00,207.98,207.98,0.0,208.09,207.41,207.72,0.0,0
2026-06-16 23:00:00+00:00,207.5492,207.5492,0.0,208.0,207.37,207.89,0.0,0
2026-06-17 08:00:00+00:00,208.5109,208.5109,0.0,209.0,207.41,208.66,0.0,0
2026-06-17 09:00:00+00:00,208.44,208.44,0.0,208.6552,207.9203,208.5221,0.0,0
2026-06-17 10:00:00+00:00,208.29,208.29,0.0,208.54,207.9,208.44,0.0,0
2026-06-17 11:00:00+00:00,207.8357,207.8357,0.0,215.74,207.41,208.18,0.0,0
2026-06-17 12:00:00+00:00,208.02,208.02,0.0,208.43,207.29,207.81,0.0,0
2026-06-17 13:00:00+00:00,208.49,208.49,0.0,209.2,208.02,208.02,0.0,0
2026-06-17 13:30:00+00:00,207.89439392089844,207.89439392089844,0.0,209.2100067138672,206.74000549316406,208.52999877929688,0.0,22060313
2026-06-17 14:30:00+00:00,206.4499969482422,206.4499969482422,0.0,207.92999267578125,205.9199981689453,207.89999389648438,0.0,16048970
2026-06-17 15:30:00+00:00,207.42999267578125,207.42999267578125,0.0,207.65989685058594,206.0399932861328,206.44000244140625,0.0,10199498
2026-06-17 16:30:00+00:00,207.36399841308594,207.36399841308594,0.0,207.63999938964844,206.60000610351562,207.4250030517578,0.0,6314626
2026-06-17 17:30:00+00:00,205.96499633789062,205.96499633789062,0.0,207.91000366210938,205.3000030517578,207.3800048828125,0.0,15129654
2026-06-17 18:30:00+00:00,204.72000122070312,204.72000122070312,0.0,207.67999267578125,204.44000244140625,205.9600067138672,0.0,15933371
2026-06-17 19:30:00+00:00,204.67799377441406,204.67799377441406,0.0,205.1699981689453,203.4499969482422,204.7100067138672,0.0,13761435
2026-06-17 20:00:00+00:00,205.1294,205.1294,0.0,205.3,192.1368,204.65,0.0,0
2026-06-17 21:00:00+00:00,205.44,205.44,0.0,205.45,192.1368,205.1299,0.0,0
2026-06-17 22:00:00+00:00,205.45,205.45,0.0,205.75,205.15,205.44,0.0,0
2026-06-17 23:00:00+00:00,206.3,206.3,0.0,206.4,205.4,205.4001,0.0,0
2026-06-18 08:00:00+00:00,206.89,206.89,0.0,207.35,204.65,206.31,0.0,0
2026-06-18 09:00:00+00:00,206.94,206.94,0.0,207.05,206.3547,206.9,0.0,0
2026-06-18 10:00:00+00:00,207.18,207.18,0.0,207.25,206.7,206.99,0.0,0
2026-06-18 11:00:00+00:00,206.9,206.9,0.0,207.34,204.65,207.1712,0.0,0
2026-06-18 12:00:00+00:00,207.14,207.14,0.0,207.16,206.41,206.9,0.0,0
2026-06-18 13:00:00+00:00,207.58,207.58,0.0,208.4,207.06,207.1,0.0,0
2026-06-18 13:30:00+00:00,209.13009643554688,209.13009643554688,0.0,209.8699951171875,206.5,207.27499389648438,0.0,51088536
2026-06-18 14:30:00+00:00,208.88499450683594,208.88499450683594,0.0,209.77999877929688,208.57000732421875,209.1300048828125,0.0,15929835
2026-06-18 15:30:00+00:00,209.98500061035156,209.98500061035156,0.0,210.11000061035156,207.63999938964844,208.89999389648438,0.0,14486519
2026-06-18 16:30:00+00:00,210.05999755859375,210.05999755859375,0.0,211.1999969482422,209.8800048828125,209.98500061035156,0.0,14248546
2026-06-18 17:30:00+00:00,210.19500732421875,210.19500732421875,0.0,210.5399932861328,209.61000061035156,210.06500244140625,0.0,10363083
2026-06-18 18:30:00+00:00,209.85499572753906,209.85499572753906,0.0,210.5,209.58009338378906,210.19000244140625,0.0,10980653
2026-06-18 19:30:00+00:00,210.22999572753906,210.22999572753906,0.0,211.38999938964844,209.52000427246094,209.85000610351562,0.0,15910016
2026-06-18 20:00:00+00:00,210.21,210.21,0.0,210.7532,209.9,210.69,0.0,0
2026-06-18 21:00:00+00:00,210.645,210.645,0.0,223.8906,197.6995,210.23,0.0,0
2026-06-18 22:00:00+00:00,210.16,210.16,0.0,210.69,209.9,210.55,0.0,0
2026-06-18 23:00:00+00:00,210.33,210.33,0.0,210.33,210.0,210.15,0.0,0
2026-06-22 08:00:00+00:00,209.2994,209.2994,0.0,210.02,208.2625,209.95,0.0,0
2026-06-22 09:00:00+00:00,209.42,209.42,0.0,209.8042,209.2,209.29,0.0,0
2026-06-22 10:00:00+00:00,209.6067,209.6067,0.0,209.98,209.103,209.41,0.0,0
2026-06-22 11:00:00+00:00,210.19,210.19,0.0,210.66,209.2578,209.56,0.0,0
2026-06-22 12:00:00+00:00,210.3,210.3,0.0,210.4,209.85,210.11,0.0,0
2026-06-22 13:00:00+00:00,211.44,211.44,0.0,211.4795,210.2,210.3,0.0,0
2026-06-22 13:30:00+00:00,211.11000061035156,211.11000061035156,0.0,213.99000549316406,210.7899932861328,211.44500732421875,0.0,32277192
2026-06-22 14:30:00+00:00,209.8300018310547,209.8300018310547,0.0,211.13999938964844,208.6199951171875,211.1199951171875,0.0,18584286
2026-06-22 15:30:00+00:00,209.76499938964844,209.76499938964844,0.0,210.88999938964844,209.17059326171875,209.8300018310547,0.0,12023919
2026-06-22 16:30:00+00:00,208.99000549316406,208.99000549316406,0.0,209.9199981689453,208.8800048828125,209.75999450683594,0.0,7509506
2026-06-22 17:30:00+00:00,208.75,208.75,0.0,209.27000427246094,208.4499969482422,208.99200439453125,0.0,8350932
2026-06-22 18:30:00+00:00,208.00999450683594,208.00999450683594,0.0,209.13499450683594,207.9499969482422,208.75999450683594,0.0,9381436
2026-06-22 19:30:00+00:00,208.55999755859375,208.55999755859375,0.0,208.85000610351562,207.72000122070312,208.00010681152344,0.0,10038649
2026-06-22 20:00:00+00:00,208.095,208.095,0.0,220.9158,202.5263,208.65,0.0,0
2026-06-22 21:00:00+00:00,208.0368,208.0368,0.0,221.775,193.7188,208.095,0.0,0
2026-06-22 22:00:00+00:00,207.69,207.69,0.0,208.65,207.64,208.035,0.0,0
2026-06-22 23:00:00+00:00,207.825,207.825,0.0,208.0,207.64,207.69,0.0,0
2026-06-23 08:00:00+00:00,201.88,201.88,0.0,208.65,201.66,202.6,0.0,0
2026-06-23 09:00:00+00:00,202.73,202.73,0.0,202.88,201.83,201.93,0.0,0
2026-06-23 10:00:00+00:00,202.13,202.13,0.0,202.9,202.0812,202.7449,0.0,0
2026-06-23 11:00:00+00:00,203.1658,203.1658,0.0,208.65,201.8242,202.2901,0.0,0
2026-06-23 12:00:00+00:00,203.2006,203.2006,0.0,204.19,202.9182,203.2,0.0,0
2026-06-23 13:00:00+00:00,202.16,202.16,0.0,203.38,189.31,203.25,0.0,0
2026-06-23 13:30:00+00:00,203.05999755859375,203.05999755859375,0.0,203.77000427246094,200.0399932861328,200.80499267578125,0.0,36782681
2026-06-23 14:30:00+00:00,200.76499938964844,200.76499938964844,0.0,203.4499969482422,200.42999267578125,203.09280395507812,0.0,16748004
2026-06-23 15:30:00+00:00,202.22999572753906,202.22999572753906,0.0,202.96099853515625,200.6199951171875,200.75999450683594,0.0,12290930
2026-06-23 16:30:00+00:00,202.50999450683594,202.50999450683594,0.0,202.8000030517578,201.75,202.24000549316406,0.0,8274401
2026-06-23 17:30:00+00:00,201.65499877929688,201.65499877929688,0.0,202.6199951171875,201.44000244140625,202.5,0.0,7733859
2026-06-23 18:30:00+00:00,201.22500610351562,201.22500610351562,0.0,201.7187042236328,200.3000030517578,201.64999389648438,0.0,12239934
2026-06-23 19:30:00+00:00,200.02099609375,200.02099609375,0.0,201.47000122070312,200.0,201.2100067138672,0.0,16532889
2026-06-23 20:00:00+00:00,200.47,200.47,0.0,208.233,188.1873,200.03,0.0,0
2026-06-23 21:00:00+00:00,201.0,201.0,0.0,201.1,198.43,200.4698,0.0,0
2026-06-23 22:00:00+00:00,200.54,200.54,0.0,201.18,200.4,200.95,0.0,0
2026-06-23 23:00:00+00:00,200.9,200.9,0.0,200.9097,200.2,200.6,0.0,0
2026-06-24 08:00:00+00:00,201.3785,201.3785,0.0,201.8,200.04,201.01,0.0,0
2026-06-24 09:00:00+00:00,201.41,201.41,0.0,201.66,201.1312,201.3916,0.0,0
2026-06-24 10:00:00+00:00,201.51,201.51,0.0,201.5275,201.1997,201.43,0.0,0
2026-06-24 11:00:00+00:00,200.9975,200.9975,0.0,201.72,200.81,201.51,0.0,0
2026-06-24 12:00:00+00:00,201.4,201.4,0.0,201.7,200.9482,200.96,0.0,0
2026-06-24 13:00:00+00:00,200.23,200.23,0.0,221.76,199.06,201.4,0.0,0
2026-06-24 13:30:00+00:00,199.8699951171875,199.8699951171875,0.0,201.64999389648438,198.60000610351562,200.07000732421875,0.0,28008146
2026-06-24 14:30:00+00:00,200.91000366210938,200.91000366210938,0.0,201.50999450683594,199.8699951171875,199.87989807128906,0.0,12449494
2026-06-24 15:30:00+00:00,200.73500061035156,200.73500061035156,0.0,201.25,200.41000366210938,200.90499877929688,0.0,7326519
2026-06-24 16:30:00+00:00,197.9600067138672,197.9600067138672,0.0,200.74000549316406,197.86000061035156,200.74000549316406,0.0,13148832
2026-06-24 17:30:00+00:00,198.57000732421875,198.57000732421875,0.0,198.77000427246094,197.32989501953125,197.97900390625,0.0,13660727
2026-06-24 18:30:00+00:00,197.74000549316406,197.74000549316406,0.0,198.72999572753906,196.5800018310547,198.5850067138672,0.0,14947301
2026-06-24 19:30:00+00:00,199.08999633789062,199.08999633789062,0.0,199.22999572753906,196.95010375976562,197.74000549316406,0.0,16049039
2026-06-24 20:00:00+00:00,200.4,200.4,0.0,204.3475,188.5275,199.0,0.0,0
2026-06-24 21:00:00+00:00,200.5,200.5,0.0,204.3475,199.0,200.3983,0.0,0
2026-06-24 22:00:00+00:00,199.9,199.9,0.0,200.85,199.0,200.5,0.0,0
2026-06-24 23:00:00+00:00,200.6875,200.6875,0.0,200.88,199.8,199.9,0.0,0
2026-06-25 08:00:00+00:00,201.6,201.6,0.0,201.8,199.0,200.79,0.0,0
2026-06-25 09:00:00+00:00,201.8787,201.8787,0.0,202.19,201.5,201.6,0.0,0
2026-06-25 10:00:00+00:00,201.2788,201.2788,0.0,202.1,201.22,201.8312,0.0,0
2026-06-25 11:00:00+00:00,200.59,200.59,0.0,201.51,199.0,201.31,0.0,0
2026-06-25 12:00:00+00:00,200.8988,200.8988,0.0,201.19,200.39,200.6,0.0,0
2026-06-25 13:00:00+00:00,200.03,200.03,0.0,201.83,200.0097,200.86,0.0,0
2026-06-25 13:30:00+00:00,194.49000549316406,194.49000549316406,0.0,200.30999755859375,192.1300048828125,199.96499633789062,0.0,44951770
2026-06-25 14:30:00+00:00,195.1699981689453,195.1699981689453,0.0,196.67999267578125,194.27000427246094,194.49009704589844,0.0,18843470
2026-06-25 15:30:00+00:00,196.0,196.0,0.0,197.10000610351562,195.12010192871094,195.17999267578125,0.0,12255382
2026-06-25 16:30:00+00:00,195.39500427246094,195.39500427246094,0.0,196.01499938964844,194.50999450683594,196.0,0.0,8772904
2026-06-25 17:30:00+00:00,195.75999450683594,195.75999450683594,0.0,195.84759521484375,193.72459411621094,195.39999389648438,0.0,11232048
2026-06-25 18:30:00+00:00,194.3800048828125,194.3800048828125,0.0,195.77000427246094,193.7032928466797,195.77000427246094,0.0,10930247
2026-06-25 19:30:00+00:00,195.74000549316406,195.74000549316406,0.0,195.9600067138672,193.89990234375,194.3699951171875,0.0,13648157
2026-06-25 20:00:00+00:00,195.32,195.32,0.0,196.81,195.04,195.76,0.0,0
2026-06-25 21:00:00+00:00,195.51,195.51,0.0,206.172,186.2292,195.28,0.0,0
2026-06-25 22:00:00+00:00,194.7794,194.7794,0.0,200.6264,181.631,195.52,0.0,0
2026-06-25 23:00:00+00:00,194.8,194.8,0.0,195.7,194.5,194.78,0.0,0
2026-06-26 08:00:00+00:00,193.4465,193.4465,0.0,195.74,191.22,193.92,0.0,0
2026-06-26 09:00:00+00:00,193.04,193.04,0.0,193.54,192.5047,193.48,0.0,0
2026-06-26 10:00:00+00:00,193.75,193.75,0.0,194.1,192.88,193.0,0.0,0
2026-06-26 11:00:00+00:00,193.715,193.715,0.0,193.9,193.5,193.67,0.0,0
2026-06-26 12:00:00+00:00,193.42,193.42,0.0,193.99,193.19,193.715,0.0,0
2026-06-26 13:00:00+00:00,193.12,193.12,0.0,193.48,191.93,193.4261,0.0,0
2026-06-26 13:30:00+00:00,193.72000122070312,193.72000122070312,0.0,194.52999877929688,191.22000122070312,193.10499572753906,0.0,28961043
2026-06-26 14:30:00+00:00,193.6300048828125,193.6300048828125,0.0,193.92999267578125,192.48500061035156,193.73399353027344,0.0,14567534
2026-06-26 15:30:00+00:00,194.1699981689453,194.1699981689453,0.0,195.25,193.60000610351562,193.63999938964844,0.0,13745368
2026-06-26 16:30:00+00:00,195.03500366210938,195.03500366210938,0.0,195.17999267578125,193.9300994873047,194.16990661621094,0.0,9918426
2026-06-26 17:30:00+00:00,194.02000427246094,194.02000427246094,0.0,195.5500030517578,193.9199981689453,195.03500366210938,0.0,12982807
2026-06-26 18:30:00+00:00,193.9499969482422,193.9499969482422,0.0,194.52000427246094,193.39999389648438,194.02499389648438,0.0,11624906
2026-06-26 19:30:00+00:00,191.72000122070312,191.72000122070312,0.0,195.17999267578125,191.7100067138672,193.97999572753906,0.0,16613227
2026-06-26 20:00:00+00:00,192.21,192.21,0.0,205.45,179.1653,191.72,0.0,0
2026-06-26 21:00:00+00:00,192.37,192.37,0.0,200.0397,179.6358,192.28,0.0,0
2026-06-26 22:00:00+00:00,192.8991,192.8991,0.0,193.15,192.19,192.35,0.0,0
2026-06-26 23:00:00+00:00,192.79,192.79,0.0,192.98,192.61,192.875,0.0,0
2026-06-29 08:00:00+00:00,194.947,194.947,0.0,195.36,193.16,194.97,0.0,0
2026-06-29 09:00:00+00:00,194.65,194.65,0.0,195.1288,194.36,194.8655,0.0,0
2026-06-29 10:00:00+00:00,194.36,194.36,0.0,194.7397,194.1,194.6332,0.0,0
2026-06-29 11:00:00+00:00,194.465,194.465,0.0,194.89,192.53,194.3721,0.0,0
2026-06-29 12:00:00+00:00,194.4405,194.4405,0.0,194.85,192.049,194.49,0.0,0
2026-06-29 13:00:00+00:00,193.85,193.85,0.0,194.77,193.33,194.44,0.0,0
2026-06-29 13:30:00+00:00,192.6999969482422,192.6999969482422,0.0,196.1699981689453,189.8000030517578,192.125,0.0,38602241
2026-06-29 14:30:00+00:00,194.25999450683594,194.25999450683594,0.0,195.1199951171875,192.5800018310547,192.72000122070312,0.0,21746232
2026-06-29 15:30:00+00:00,192.8350067138672,192.8350067138672,0.0,194.3699951171875,192.75010681152344,194.27000427246094,0.0,12981698
2026-06-29 16:30:00+00:00,194.6699981689453,194.6699981689453,0.0,194.7899932861328,192.71119689941406,192.83999633789062,0.0,9754484
2026-06-29 17:30:00+00:00,193.8000030517578,193.8000030517578,0.0,195.05999755859375,193.69000244140625,194.6699981689453,0.0,8884834
2026-06-29 18:30:00+00:00,194.7100067138672,194.7100067138672,0.0,194.8699951171875,193.75999450683594,193.8249969482422,0.0,9205080
2026-06-29 19:30:00+00:00,194.89999389648438,194.89999389648438,0.0,195.17999267578125,194.52000427246094,194.7100067138672,0.0,13323532
2026-06-29 20:00:00+00:00,194.86,194.86,0.0,206.0108,181.3818,194.97,0.0,0
2026-06-29 21:00:00+00:00,194.88,194.88,0.0,206.0108,181.3818,194.86,0.0,0
2026-06-29 22:00:00+00:00,195.2326,195.2326,0.0,195.25,194.73,194.91,0.0,0
2026-06-29 23:00:00+00:00,195.12,195.12,0.0,195.5,194.97,195.233,0.0,0
2026-06-30 08:00:00+00:00,195.3432,195.3432,0.0,195.9782,194.95,195.3132,0.0,0
2026-06-30 09:00:00+00:00,194.8,194.8,0.0,195.49,194.43,195.46,0.0,0
2026-06-30 10:00:00+00:00,195.78,195.78,0.0,195.99,194.6037,194.8,0.0,0
2026-06-30 11:00:00+00:00,196.7599,196.7599,0.0,197.23,194.97,195.71,0.0,0
2026-06-30 12:00:00+00:00,196.6,196.6,0.0,198.0,196.5,196.76,0.0,0
2026-06-30 13:00:00+00:00,197.15,197.15,0.0,197.36,195.7,196.6,0.0,0
2026-06-30 13:30:00+00:00,197.6999969482422,197.6999969482422,0.0,199.05990600585938,195.11000061035156,197.19500732421875,0.0,32380246
2026-06-30 14:30:00+00:00,198.24000549316406,198.24000549316406,0.0,198.64500427246094,196.42999267578125,197.72000122070312,0.0,12211124
2026-06-30 15:30:00+00:00,197.9499969482422,197.9499969482422,0.0,198.64999389648438,197.8000030517578,198.24000549316406,0.0,9172896
2026-06-30 16:30:00+00:00,198.2100067138672,198.2100067138672,0.0,198.55999755859375,197.64500427246094,197.9499969482422,0.0,8237126
2026-06-30 17:30:00+00:00,198.92999267578125,198.92999267578125,0.0,199.4696044921875,198.05999755859375,198.2100067138672,0.0,9699758
2026-06-30 18:30:00+00:00,199.27999877929688,199.27999877929688,0.0,199.4149932861328,198.10000610351562,198.92999267578125,0.0,14391369
2026-06-30 19:30:00+00:00,199.77000427246094,199.77000427246094,0.0,200.6300048828125,198.3699951171875,199.27000427246094,0.0,22100545
2026-06-30 20:00:00+00:00,199.615,199.615,0.0,212.9972,186.5629,199.76,0.0,0
2026-06-30 21:00:00+00:00,199.45,199.45,0.0,212.9972,186.5629,199.67,0.0,0
2026-06-30 22:00:00+00:00,199.325,199.325,0.0,199.8,199.2,199.4324,0.0,0
2026-06-30 23:00:00+00:00,199.53,199.53,0.0,200.09,199.16,199.3,0.0,0
2026-07-01 08:00:00+00:00,198.18,198.18,0.0,200.09,197.0,198.13,0.0,0
2026-07-01 09:00:00+00:00,198.44,198.44,0.0,198.6,197.9997,198.24,0.0,0
2026-07-01 10:00:00+00:00,198.93,198.93,0.0,199.1,198.412,198.4597,0.0,0
2026-07-01 11:00:00+00:00,198.87,198.87,0.0,200.09,198.63,198.96,0.0,0
2026-07-01 12:00:00+00:00,198.7,198.7,0.0,199.16,198.59,198.89,0.0,0
2026-07-01 13:00:00+00:00,196.08,196.08,0.0,200.09,194.23,198.71,0.0,0
2026-07-01 13:30:00+00:00,196.1999969482422,196.1999969482422,0.0,196.57000732421875,193.4499969482422,196.1699981689453,0.0,33832957
2026-07-01 14:30:00+00:00,196.92999267578125,196.92999267578125,0.0,196.99000549316406,194.47000122070312,196.2050018310547,0.0,17244030
2026-07-01 15:30:00+00:00,197.06199645996094,197.06199645996094,0.0,197.36000061035156,196.57009887695312,196.9302978515625,0.0,11051098
2026-07-01 16:30:00+00:00,198.2050018310547,198.2050018310547,0.0,198.47999572753906,196.910400390625,197.0800018310547,0.0,12076805
2026-07-01 17:30:00+00:00,198.09500122070312,198.09500122070312,0.0,198.9250030517578,197.67999267578125,198.1999969482422,0.0,11622565
2026-07-01 18:30:00+00:00,199.3000030517578,199.3000030517578,0.0,199.85000610351562,197.89010620117188,198.09500122070312,0.0,13205841
2026-07-01 19:30:00+00:00,197.5800018310547,197.5800018310547,0.0,199.70989990234375,197.22999572753906,199.3000030517578,0.0,16409561
2026-07-01 20:00:00+00:00,197.21,197.21,0.0,199.5629,184.4418,197.58,0.0,0
2026-07-01 21:00:00+00:00,197.73,197.73,0.0,197.835,187.5009,197.2039,0.0,0
2026-07-01 22:00:00+00:00,197.8317,197.8317,0.0,197.93,197.31,197.72,0.0,0
2026-07-01 23:00:00+00:00,197.04,197.04,0.0,197.9,197.0,197.8317,0.0,0
2026-07-02 08:00:00+00:00,195.65,195.65,0.0,198.3,195.0,196.3,0.0,0
2026-07-02 09:00:00+00:00,196.09,196.09,0.0,196.3922,195.5,195.65,0.0,0
2026-07-02 10:00:00+00:00,195.6,195.6,0.0,196.2688,195.4,196.09,0.0,0
2026-07-02 11:00:00+00:00,196.46,196.46,0.0,197.58,195.556,195.6,0.0,0
2026-07-02 12:00:00+00:00,197.7562,197.7562,0.0,200.04,196.25,196.4609,0.0,0
2026-07-02 13:00:00+00:00,197.17,197.17,0.0,198.7,196.86,197.7304,0.0,0
2026-07-02 13:30:00+00:00,197.85000610351562,197.85000610351562,0.0,200.05499267578125,196.77999877929688,197.14999389648438,0.0,25455768
2026-07-02 14:30:00+00:00,194.7794952392578,194.7794952392578,0.0,198.2050018310547,194.4199981689453,197.88999938964844,0.0,20691466
2026-07-02 15:30:00+00:00,193.7899932861328,193.7899932861328,0.0,196.0,193.625,194.77999877929688,0.0,15015064
2026-07-02 16:30:00+00:00,193.0500030517578,193.0500030517578,0.0,194.15989685058594,192.76199340820312,193.7899932861328,0.0,12353010
2026-07-02 17:30:00+00:00,193.76260375976562,193.76260375976562,0.0,193.86000061035156,192.35000610351562,193.0449981689453,0.0,11468938
2026-07-02 18:30:00+00:00,193.10499572753906,193.10499572753906,0.0,193.9499969482422,192.52999877929688,193.75999450683594,0.0,11027767
2026-07-02 19:30:00+00:00,194.6199951171875,194.6199951171875,0.0,195.0,193.06500244140625,193.11500549316406,0.0,15092870
2026-07-02 20:00:00+00:00,194.53,194.53,0.0,207.5,181.3941,194.48,0.0,0
2026-07-02 21:00:00+00:00,194.5591,194.5591,0.0,203.8033,181.3941,194.53,0.0,0
2026-07-02 22:00:00+00:00,194.66,194.66,0.0,194.83,194.45,194.55,0.0,0
2026-07-02 23:00:00+00:00,194.3965,194.3965,0.0,194.72,194.2722,194.66,0.0,0
2026-07-06 08:00:00+00:00,195.09,195.09,0.0,195.55,194.0522,195.03,0.0,0
2026-07-06 09:00:00+00:00,195.36,195.36,0.0,195.4,194.9864,195.11,0.0,0
2026-07-06 10:00:00+00:00,195.3,195.3,0.0,195.62,194.83,195.3599,0.0,0
2026-07-06 11:00:00+00:00,195.83,195.83,0.0,195.93,195.1,195.35,0.0,0
2026-07-06 12:00:00+00:00,195.16,195.16,0.0,195.95,195.1,195.83,0.0,0
2026-07-06 13:00:00+00:00,194.42,194.42,0.0,195.5493,194.33,195.17,0.0,0
2026-07-06 13:30:00+00:00,196.57400512695312,196.57400512695312,0.0,197.4199981689453,194.0,194.38999938964844,0.0,24790156
2026-07-06 14:30:00+00:00,196.5135040283203,196.5135040283203,0.0,196.75999450683594,195.36000061035156,196.58990478515625,0.0,11070371
2026-07-06 15:30:00+00:00,197.0,197.0,0.0,197.5500030517578,196.02999877929688,196.5,0.0,10338717
2026-07-06 16:30:00+00:00,195.97000122070312,195.97000122070312,0.0,197.24000549316406,195.85000610351562,197.00509643554688,0.0,7095621
2026-07-06 17:30:00+00:00,196.27000427246094,196.27000427246094,0.0,196.6699981689453,195.6300048828125,195.97000122070312,0.0,7308554
2026-07-06 18:30:00+00:00,196.85000610351562,196.85000610351562,0.0,197.13999938964844,196.0399932861328,196.27000427246094,0.0,7906694
2026-07-06 19:30:00+00:00,195.5749969482422,195.5749969482422,0.0,197.03500366210938,195.4199981689453,196.85499572753906,0.0,11769018
2026-07-06 20:00:00+00:00,195.25,195.25,0.0,208.8782,191.226,195.55,0.0,0
2026-07-06 21:00:00+00:00,195.5,195.5,0.0,208.8782,182.847,195.2842,0.0,0
2026-07-06 22:00:00+00:00,195.3922,195.3922,0.0,195.7,195.26,195.5,0.0,0
2026-07-06 23:00:00+00:00,194.6983,194.6983,0.0,195.46,194.68,195.4,0.0,0
2026-07-07 08:00:00+00:00,193.9985,193.9985,0.0,195.55,193.2598,193.99,0.0,0
2026-07-07 09:00:00+00:00,193.98,193.98,0.0,194.1,193.71,193.9415,0.0,0
2026-07-07 10:00:00+00:00,193.91,193.91,0.0,194.4,193.67,194.0188,0.0,0
2026-07-07 11:00:00+00:00,191.08,191.08,0.0,193.94,190.68,193.9,0.0,0
2026-07-07 12:00:00+00:00,192.6091,192.6091,0.0,192.69,190.6112,191.0,0.0,0
2026-07-07 13:00:00+00:00,192.3,192.3,0.0,195.55,184.97,192.6017,0.0,0
2026-07-07 13:30:00+00:00,191.860107421875,191.860107421875,0.0,193.5,191.44000244140625,192.3699951171875,0.0,30891972
2026-07-07 14:30:00+00:00,193.0500030517578,193.0500030517578,0.0,193.36500549316406,191.14999389648438,191.8699951171875,0.0,14107434
2026-07-07 15:30:00+00:00,197.38999938964844,197.38999938964844,0.0,197.58999633789062,192.8000946044922,193.0500030517578,0.0,16102972
2026-07-07 16:30:00+00:00,197.44000244140625,197.44000244140625,0.0,198.41000366210938,196.63099670410156,197.38949584960938,0.0,15688038
2026-07-07 17:30:00+00:00,197.27499389648438,197.27499389648438,0.0,198.25,197.22000122070312,197.42999267578125,0.0,8714306
2026-07-07 18:30:00+00:00,196.14500427246094,196.14500427246094,0.0,197.64999389648438,195.6999969482422,197.27999877929688,0.0,11148682
2026-07-07 19:30:00+00:00,196.92999267578125,196.92999267578125,0.0,197.0500030517578,195.47000122070312,196.14999389648438,0.0,10579644
2026-07-07 20:00:00+00:00,196.6,196.6,0.0,197.1,194.3997,196.977,0.0,0
2026-07-07 21:00:00+00:00,195.68,195.68,0.0,208.233,188.1873,196.58,0.0,0
2026-07-07 22:00:00+00:00,195.95,195.95,0.0,196.93,195.52,195.77,0.0,0
2026-07-07 23:00:00+00:00,195.89,195.89,0.0,196.45,195.6,195.95,0.0,0
2026-07-08 08:00:00+00:00,194.09,194.09,0.0,197.45,193.8732,196.385,0.0,0
2026-07-08 09:00:00+00:00,193.3,193.3,0.0,194.6275,192.9019,194.0,0.0,0
2026-07-08 10:00:00+00:00,193.66,193.66,0.0,193.917,193.04,193.18,0.0,0
2026-07-08 11:00:00+00:00,193.74,193.74,0.0,194.275,193.55,193.8,0.0,0
2026-07-08 12:00:00+00:00,195.03,195.03,0.0,195.25,193.6,193.71,0.0,0
2026-07-08 13:00:00+00:00,195.1,195.1,0.0,195.93,194.7,195.03,0.0,0
2026-07-08 13:30:00+00:00,197.00999450683594,197.00999450683594,0.0,199.86000061035156,195.10499572753906,195.1300048828125,0.0,24772824
2026-07-08 14:30:00+00:00,196.58999633789062,196.58999633789062,0.0,199.4499969482422,196.0500030517578,197.00999450683594,0.0,20952645
2026-07-08 15:30:00+00:00,199.2528076171875,199.2528076171875,0.0,200.10000610351562,196.5500030517578,196.5500030517578,0.0,13979919
2026-07-08 16:30:00+00:00,203.0800018310547,203.0800018310547,0.0,203.12899780273438,198.906494140625,199.25999450683594,0.0,16353935
2026-07-08 17:30:00+00:00,202.19000244140625,202.19000244140625,0.0,203.7100067138672,201.89999389648438,203.08999633789062,0.0,15515856
2026-07-08 18:30:00+00:00,204.4550018310547,204.4550018310547,0.0,204.8300018310547,202.09300231933594,202.1999969482422,0.0,17705271
2026-07-08 19:30:00+00:00,204.14999389648438,204.14999389648438,0.0,205.14999389648438,203.77000427246094,204.4550018310547,0.0,15113069
2026-07-08 20:00:00+00:00,202.9,202.9,0.0,215.6948,188.5275,204.12,0.0,0
2026-07-08 21:00:00+00:00,203.1969,203.1969,0.0,216.04,189.3442,202.93,0.0,0
2026-07-08 22:00:00+00:00,202.9178,202.9178,0.0,203.43,202.5801,203.1988,0.0,0
2026-07-08 23:00:00+00:00,203.62,203.62,0.0,203.68,202.8,202.88,0.0,0
2026-07-09 08:00:00+00:00,204.6,204.6,0.0,205.86,203.4,205.12,0.0,0
2026-07-09 09:00:00+00:00,204.39,204.39,0.0,205.0,203.8535,204.69,0.0,0
2026-07-09 10:00:00+00:00,204.69,204.69,0.0,204.79,204.05,204.38,0.0,0
2026-07-09 11:00:00+00:00,205.179,205.179,0.0,205.35,203.81,204.61,0.0,0
2026-07-09 12:00:00+00:00,205.8305,205.8305,0.0,206.24,205.13,205.28,0.0,0
2026-07-09 13:00:00+00:00,204.41,204.41,0.0,206.34,204.27,205.775,0.0,0
2026-07-09 13:30:00+00:00,200.23500061035156,200.23500061035156,0.0,204.4600067138672,198.97000122070312,204.4600067138672,0.0,39934967
2026-07-09 14:30:00+00:00,201.72000122070312,201.72000122070312,0.0,202.1999969482422,199.30999755859375,200.24850463867188,0.0,16617266
2026-07-09 15:30:00+00:00,202.17630004882812,202.17630004882812,0.0,202.5084991455078,201.17030334472656,201.74000549316406,0.0,12019513
2026-07-09 16:30:00+00:00,202.8300018310547,202.8300018310547,0.0,203.3300018310547,201.63999938964844,202.19000244140625,0.0,9438328
2026-07-09 17:30:00+00:00,203.50999450683594,203.50999450683594,0.0,203.5500030517578,202.77000427246094,202.8300018310547,0.0,8857216
2026-07-09 18:30:00+00:00,203.7899932861328,203.7899932861328,0.0,204.5800018310547,202.97000122070312,203.52999877929688,0.0,12628428
2026-07-09 19:30:00+00:00,202.72999572753906,202.72999572753906,0.0,204.1300048828125,202.58999633789062,203.77999877929688,0.0,9554841
2026-07-09 20:00:00+00:00,202.54,202.54,0.0,203.17,194.83,202.69,0.0,0
2026-07-09 21:00:00+00:00,202.7487,202.7487,0.0,215.0322,188.646,202.52,0.0,0
2026-07-09 22:00:00+00:00,202.3607,202.3607,0.0,202.8,202.11,202.75,0.0,0
2026-07-09 23:00:00+00:00,202.315,202.315,0.0,202.66,202.16,202.395,0.0,0
2026-07-10 08:00:00+00:00,201.5382,201.5382,0.0,203.0975,201.1012,201.22,0.0,0
2026-07-10 09:00:00+00:00,201.66,201.66,0.0,201.8977,200.7,201.5363,0.0,0
2026-07-10 10:00:00+00:00,201.79,201.79,0.0,201.9855,201.65,201.66,0.0,0
2026-07-10 11:00:00+00:00,201.89,201.89,0.0,202.325,201.722,201.8662,0.0,0
2026-07-10 12:00:00+00:00,201.57,201.57,0.0,201.98,201.0,201.89,0.0,0
2026-07-10 13:00:00+00:00,201.98,201.98,0.0,202.78,201.35,201.56,0.0,0
2026-07-10 13:30:00+00:00,207.3000030517578,207.3000030517578,0.0,208.13999938964844,201.9199981689453,201.9199981689453,0.0,36233936
2026-07-10 14:30:00+00:00,208.57000732421875,208.57000732421875,0.0,208.8000030517578,205.72000122070312,207.2899932861328,0.0,20223518
2026-07-10 15:30:00+00:00,209.7899932861328,209.7899932861328,0.0,210.55999755859375,207.66000366210938,208.58999633789062,0.0,21713068
2026-07-10 16:30:00+00:00,210.19000244140625,210.19000244140625,0.0,210.3800048828125,209.41000366210938,209.7949981689453,0.0,11647482
2026-07-10 17:30:00+00:00,210.30999755859375,210.30999755859375,0.0,210.87989807128906,209.92999267578125,210.19000244140625,0.0,13804151
2026-07-10 18:30:00+00:00,209.96609497070312,209.96609497070312,0.0,210.73989868164062,209.74000549316406,210.32000732421875,0.0,13506969
2026-07-10 19:30:00+00:00,210.9499969482422,210.9499969482422,0.0,211.0,209.55999755859375,209.97000122070312,0.0,13007287
2026-07-10 20:00:00+00:00,210.6682,210.6682,0.0,211.1,207.949,210.96,0.0,0
2026-07-10 21:00:00+00:00,210.34,210.34,0.0,216.0477,197.6362,210.5822,0.0,0
2026-07-10 22:00:00+00:00,210.612,210.612,0.0,210.64,210.33,210.3512,0.0,0
2026-07-10 23:00:00+00:00,210.57,210.57,0.0,210.65,210.41,210.639,0.0,0
2026-07-13 08:00:00+00:00,207.1,207.1,0.0,208.46,205.92,207.72,0.0,0
2026-07-13 09:00:00+00:00,208.14,208.14,0.0,208.2,206.77,207.02,0.0,0
2026-07-13 10:00:00+00:00,207.35,207.35,0.0,208.55,207.2195,208.1793,0.0,0
2026-07-13 11:00:00+00:00,208.41,208.41,0.0,208.79,207.345,207.35,0.0,0
2026-07-13 12:00:00+00:00,207.81,207.81,0.0,210.433,207.7797,208.42,0.0,0
2026-07-13 13:00:00+00:00,208.61,208.61,0.0,208.82,207.41,207.78,0.0,0
2026-07-13 13:30:00+00:00,208.6300048828125,208.6300048828125,0.0,210.57000732421875,207.02000427246094,208.5399932861328,0.0,27014241
2026-07-13 14:30:00+00:00,207.80499267578125,207.80499267578125,0.0,208.8800048828125,206.63999938964844,208.6300048828125,0.0,13323007
2026-07-13 15:30:00+00:00,205.9199981689453,205.9199981689453,0.0,208.02999877929688,205.57000732421875,207.80999755859375,0.0,11983424
2026-07-13 16:30:00+00:00,204.24000549316406,204.24000549316406,0.0,205.9199981689453,203.83999633789062,205.9199981689453,0.0,12908962
2026-07-13 17:30:00+00:00,203.6300048828125,203.6300048828125,0.0,204.4499969482422,203.47000122070312,204.25,0.0,10329870
2026-07-13 18:30:00+00:00,203.8300018310547,203.8300018310547,0.0,204.5,203.35000610351562,203.61500549316406,0.0,9793873
2026-07-13 19:30:00+00:00,203.47999572753906,203.47999572753906,0.0,204.5,203.4199981689453,203.85000610351562,0.0,11656158
2026-07-13 20:00:00+00:00,203.6571,203.6571,0.0,216.0287,189.5638,203.94,0.0,0
2026-07-13 21:00:00+00:00,203.62,203.62,0.0,216.0287,189.5442,203.64,0.0,0
2026-07-13 22:00:00+00:00,203.45,203.45,0.0,203.96,203.29,203.62,0.0,0
2026-07-13 23:00:00+00:00,203.25,203.25,0.0,203.66,202.75,203.47,0.0,0
2026-07-14 08:00:00+00:00,205.3,205.3,0.0,205.49,203.1087,204.997,0.0,0
2026-07-14 09:00:00+00:00,204.44,204.44,0.0,205.3,204.44,205.2985,0.0,0
2026-07-14 10:00:00+00:00,204.54,204.54,0.0,204.72,204.35,204.49,0.0,0
2026-07-14 11:00:00+00:00,206.0135,206.0135,0.0,206.3,204.31,204.54,0.0,0
2026-07-14 12:00:00+00:00,206.2708,206.2708,0.0,206.66,205.6,206.0109,0.0,0
2026-07-14 13:00:00+00:00,208.2,208.2,0.0,208.54,206.3,206.3,0.0,0
2026-07-14 13:30:00+00:00,205.53219604492188,205.53219604492188,0.0,208.33999633789062,203.8000030517578,208.1999969482422,0.0,25632188
2026-07-14 14:30:00+00:00,209.10000610351562,209.10000610351562,0.0,209.13999938964844,205.25,205.5399932861328,0.0,14604201
2026-07-14 15:30:00+00:00,209.55499267578125,209.55499267578125,0.0,209.5850067138672,208.3101043701172,209.1199951171875,0.0,12188634
2026-07-14 16:30:00+00:00,211.02999877929688,211.02999877929688,0.0,211.52000427246094,209.3000030517578,209.55999755859375,0.0,15022566
2026-07-14 17:30:00+00:00,211.77969360351562,211.77969360351562,0.0,212.10000610351562,210.50999450683594,211.02999877929688,0.0,11128924
2026-07-14 18:30:00+00:00,211.27499389648438,211.27499389648438,0.0,212.5399932861328,211.25999450683594,211.77999877929688,0.0,11614521
2026-07-14 19:30:00+00:00,211.8000030517578,211.8000030517578,0.0,212.3000030517578,211.02000427246094,211.27999877929688,0.0,12017876
2026-07-14 20:00:00+00:00,211.631,211.631,0.0,218.6291,198.508,211.771,0.0,0
2026-07-14 21:00:00+00:00,211.53,211.53,0.0,217.9895,201.3796,211.63,0.0,0
2026-07-14 22:00:00+00:00,211.4987,211.4987,0.0,211.65,211.25,211.56,0.0,0
2026-07-14 23:00:00+00:00,211.8192,211.8192,0.0,211.88,211.25,211.4547,0.0,0
2026-07-15 08:00:00+00:00,210.91,210.91,0.0,213.21,210.5,212.1657,0.0,0
2026-07-15 09:00:00+00:00,211.1659,211.1659,0.0,211.3988,210.5,210.855,0.0,0
2026-07-15 10:00:00+00:00,210.94,210.94,0.0,211.295,210.6066,211.12,0.0,0
2026-07-15 11:00:00+00:00,211.43,211.43,0.0,212.0,210.7075,210.97,0.0,0
2026-07-15 12:00:00+00:00,211.09,211.09,0.0,211.9,210.93,211.4629,0.0,0
2026-07-15 13:00:00+00:00,212.0,212.0,0.0,212.0,210.82,211.0,0.0,0
2026-07-15 13:30:00+00:00,210.67999267578125,210.67999267578125,0.0,213.80999755859375,209.36000061035156,212.00999450683594,0.0,24516818
2026-07-15 14:30:00+00:00,209.5,209.5,0.0,210.82000732421875,208.3699951171875,210.67999267578125,0.0,14631685
2026-07-15 15:30:00+00:00,206.86000061035156,206.86000061035156,0.0,209.73779296875,206.52000427246094,209.5050048828125,0.0,15327331
2026-07-15 16:30:00+00:00,209.02999877929688,209.02999877929688,0.0,209.10989379882812,206.0399932861328,206.85499572753906,0.0,13390113
2026-07-15 17:30:00+00:00,210.47000122070312,210.47000122070312,0.0,211.0,208.86000061035156,209.02999877929688,0.0,10112385
2026-07-15 18:30:00+00:00,210.968505859375,210.968505859375,0.0,212.00999450683594,209.85000610351562,210.49000549316406,0.0,11623451
2026-07-15 19:30:00+00:00,212.49000549316406,212.49000549316406,0.0,212.56930541992188,210.91000366210938,211.0,0.0,11587685
2026-07-15 20:00:00+00:00,212.07,212.07,0.0,226.2547,212.01,212.5,0.0,0
2026-07-15 21:00:00+00:00,211.82,211.82,0.0,226.2547,199.5629,212.1,0.0,0
2026-07-15 22:00:00+00:00,211.67,211.67,0.0,212.5,211.18,211.88,0.0,0
2026-07-15 23:00:00+00:00,211.2502,211.2502,0.0,211.8,211.1,211.66,0.0,0
2026-07-16 08:00:00+00:00,209.38,209.38,0.0,212.5,208.8679,210.92,0.0,0
2026-07-16 09:00:00+00:00,210.02,210.02,0.0,210.5,209.3488,209.5,0.0,0
2026-07-16 10:00:00+00:00,209.5668,209.5668,0.0,210.2588,209.122,210.02,0.0,0
2026-07-16 11:00:00+00:00,209.2,209.2,0.0,210.42,208.68,209.68,0.0,0
2026-07-16 12:00:00+00:00,209.315,209.315,0.0,212.5,208.4,209.1202,0.0,0
2026-07-16 13:00:00+00:00,210.17,210.17,0.0,210.74,208.61,209.315,0.0,0
2026-07-16 13:30:00+00:00,208.9698944091797,208.9698944091797,0.0,211.0800018310547,207.17999267578125,210.26499938964844,0.0,24620465
2026-07-16 14:30:00+00:00,207.05999755859375,207.05999755859375,0.0,209.14999389648438,205.85000610351562,208.9499969482422,0.0,18003767
2026-07-16 15:30:00+00:00,207.22000122070312,207.22000122070312,0.0,212.5,206.4644012451172,207.02999877929688,0.0,10939067
2026-07-16 16:30:00+00:00,207.32260131835938,207.32260131835938,0.0,207.81500244140625,206.6199951171875,207.22999572753906,0.0,8899771
2026-07-16 17:30:00+00:00,206.88999938964844,206.88999938964844,0.0,207.4499969482422,205.875,207.3300018310547,0.0,11882319
2026-07-16 18:30:00+00:00,206.47000122070312,206.47000122070312,0.0,207.66000366210938,206.13999938964844,206.8800048828125,0.0,9956016
2026-07-16 19:30:00+00:00,207.47000122070312,207.47000122070312,0.0,207.5399932861328,205.94000244140625,206.4600067138672,0.0,14191211
2026-07-16 20:00:00+00:00,206.87,206.87,0.0,207.49,206.5513,207.49,0.0,0
2026-07-16 21:00:00+00:00,206.7295,206.7295,0.0,208.1399,202.2243,206.8712,0.0,0
2026-07-16 22:00:00+00:00,206.36,206.36,0.0,207.4,206.12,206.715,0.0,0
2026-07-16 23:00:00+00:00,205.965,205.965,0.0,206.45,205.25,206.3565,0.0,0
2026-07-17 08:00:00+00:00,200.595,200.595,0.0,207.4,200.14,201.23,0.0,0
2026-07-17 09:00:00+00:00,201.3072,201.3072,0.0,201.5917,200.33,200.65,0.0,0
2026-07-17 10:00:00+00:00,202.33,202.33,0.0,202.42,201.07,201.3,0.0,0
2026-07-17 11:00:00+00:00,202.25,202.25,0.0,207.4,201.51,202.31,0.0,0
2026-07-17 12:00:00+00:00,201.91,201.91,0.0,202.73,201.43,202.35,0.0,0
2026-07-17 13:00:00+00:00,202.9,202.9,0.0,202.9,201.0,201.95,0.0,0
2026-07-17 13:30:00+00:00,203.8000030517578,203.8000030517578,0.0,206.1999969482422,197.97000122070312,202.73500061035156,0.0,54332090
2026-07-17 14:30:00+00:00,203.9250030517578,203.9250030517578,0.0,204.64500427246094,202.3699951171875,203.82000732421875,0.0,16729585
2026-07-17 15:30:00+00:00,204.8350067138672,204.8350067138672,0.0,205.39990234375,203.83999633789062,203.9250030517578,0.0,13260696
2026-07-17 16:30:00+00:00,206.13499450683594,206.13499450683594,0.0,206.64500427246094,204.55999755859375,204.8249969482422,0.0,10360412
2026-07-17 17:30:00+00:00,203.3957977294922,203.3957977294922,0.0,206.22999572753906,202.99000549316406,206.13999938964844,0.0,9230035
2026-07-17 18:30:00+00:00,202.96499633789062,202.96499633789062,0.0,203.89999389648438,201.63009643554688,203.36000061035156,0.0,11831616
2026-07-17 19:30:00+00:00,202.63999938964844,202.63999938964844,0.0,203.82000732421875,202.52000427246094,202.97000122070312,0.0,11012934
2026-07-17 20:00:00+00:00,202.76,202.76,0.0,208.8782,191.43,202.647,0.0,0
2026-07-17 21:00:00+00:00,202.675,202.675,0.0,204.4257,193.6731,202.76,0.0,0
2026-07-17 22:00:00+00:00,202.7246,202.7246,0.0,202.81,202.54,202.61,0.0,0
2026-07-17 23:00:00+00:00,202.4887,202.4887,0.0,202.8,202.4,202.7492,0.0,0
2026-07-20 08:00:00+00:00,203.89,203.89,0.0,204.04,202.53,203.12,0.0,0
2026-07-20 09:00:00+00:00,203.79,203.79,0.0,203.88,203.3,203.86,0.0,0
2026-07-20 10:00:00+00:00,204.17,204.17,0.0,204.29,203.7,203.75,0.0,0
2026-07-20 11:00:00+00:00,205.1,205.1,0.0,205.38,202.81,204.13,0.0,0
2026-07-20 12:00:00+00:00,205.97,205.97,0.0,206.42,205.03,205.06,0.0,0
2026-07-20 13:00:00+00:00,206.13,206.13,0.0,206.64,205.0,205.99,0.0,0
2026-07-20 13:30:00+00:00,205.93499755859375,205.93499755859375,0.0,207.74000549316406,204.66000366210938,205.97500610351562,0.0,21217575
2026-07-20 14:30:00+00:00,206.49000549316406,206.49000549316406,0.0,206.5050048828125,204.58009338378906,205.9261016845703,0.0,10233874
2026-07-20 15:30:00+00:00,205.27499389648438,205.27499389648438,0.0,206.53500366210938,204.77999877929688,206.4604949951172,0.0,8034257
2026-07-20 16:30:00+00:00,203.7899932861328,203.7899932861328,0.0,205.36000061035156,203.0426025390625,205.2899932861328,0.0,8684039
2026-07-20 17:30:00+00:00,204.30999755859375,204.30999755859375,0.0,205.01499938964844,203.6501007080078,203.7899932861328,0.0,6310147
2026-07-20 18:30:00+00:00,202.95989990234375,202.95989990234375,0.0,204.31500244140625,202.27999877929688,204.3105926513672,0.0,9559725
2026-07-20 19:30:00+00:00,203.3800048828125,203.3800048828125,0.0,203.44000244140625,202.5800018310547,202.9499969482422,0.0,7870520
2026-07-20 20:00:00+00:00,202.72,202.72,0.0,210.1876,191.226,203.38,0.0,0
2026-07-20 21:00:00+00:00,202.86,202.86,0.0,215.0513,189.5442,202.72,0.0,0
2026-07-20 22:00:00+00:00,202.4,202.4,0.0,202.92,202.3,202.9,0.0,0
2026-07-20 23:00:00+00:00,203.0892,203.0892,0.0,203.24,202.31,202.4475,0.0,0
2026-07-21 08:00:00+00:00,205.53,205.53,0.0,205.56,203.28,204.59,0.0,0
2026-07-21 09:00:00+00:00,205.524,205.524,0.0,205.88,205.4242,205.5,0.0,0
2026-07-21 10:00:00+00:00,205.5214,205.5214,0.0,205.79,205.34,205.6662,0.0,0
2026-07-21 11:00:00+00:00,205.38,205.38,0.0,205.81,203.28,205.5,0.0,0
2026-07-21 12:00:00+00:00,205.75,205.75,0.0,206.2,203.28,205.361,0.0,0
2026-07-21 13:00:00+00:00,207.5,207.5,0.0,207.55,205.5,205.75,0.0,0
2026-07-21 13:30:00+00:00,205.38999938964844,205.38999938964844,0.0,208.64999389648438,204.01010131835938,207.5399932861328,0.0,24526611
2026-07-21 14:30:00+00:00,206.60000610351562,206.60000610351562,0.0,206.72999572753906,204.70030212402344,205.3699951171875,0.0,11920887
2026-07-21 15:30:00+00:00,205.0850067138672,205.0850067138672,0.0,206.82000732421875,205.02000427246094,206.6199951171875,0.0,13342712
2026-07-21 16:30:00+00:00,206.125,206.125,0.0,206.36000061035156,204.8300018310547,205.0800018310547,0.0,11789499
2026-07-21 17:30:00+00:00,206.25,206.25,0.0,206.96499633789062,205.71119689941406,206.125,0.0,7310358
2026-07-21 18:30:00+00:00,206.77000427246094,206.77000427246094,0.0,207.34500122070312,206.22000122070312,206.24989318847656,0.0,10329363
2026-07-21 19:30:00+00:00,207.17999267578125,207.17999267578125,0.0,207.82009887695312,206.5,206.7899932861328,0.0,10439183
2026-07-21 20:00:00+00:00,206.7,206.7,0.0,219.4824,200.674,207.29,0.0,0
2026-07-21 21:00:00+00:00,206.77,206.77,0.0,213.2832,205.6974,206.77,0.0,0
2026-07-21 22:00:00+00:00,206.4,206.4,0.0,206.79,206.17,206.73,0.0,0
2026-07-21 23:00:00+00:00,206.35,206.35,0.0,206.58,206.2,206.4982,0.0,0
2026-07-22 08:00:00+00:00,205.2,205.2,0.0,207.29,204.64,205.55,0.0,0
2026-07-22 09:00:00+00:00,205.42,205.42,0.0,205.5188,204.9192,205.2,0.0,0
2026-07-22 10:00:00+00:00,205.695,205.695,0.0,205.8,204.95,205.38,0.0,0
2026-07-22 11:00:00+00:00,205.1975,205.1975,0.0,207.29,205.08,205.695,0.0,0
2026-07-22 12:00:00+00:00,205.0,205.0,0.0,207.29,204.5,205.14,0.0,0
2026-07-22 13:00:00+00:00,205.77,205.77,0.0,207.29,204.5602,204.99,0.0,0
2026-07-22 13:30:00+00:00,206.79949951171875,206.79949951171875,0.0,208.22999572753906,204.9499969482422,205.80499267578125,0.0,20545500
2026-07-22 14:30:00+00:00,212.1999969482422,212.1999969482422,0.0,213.5458984375,206.4499969482422,206.8000030517578,0.0,26786013
2026-07-22 15:30:00+00:00,213.5,213.5,0.0,214.25999450683594,211.83999633789062,212.22500610351562,0.0,19851505
2026-07-22 16:30:00+00:00,213.75999450683594,213.75999450683594,0.0,214.38999938964844,213.1999969482422,213.49000549316406,0.0,13149669
2026-07-22 17:30:00+00:00,213.74000549316406,213.74000549316406,0.0,214.37989807128906,213.46009826660156,213.77000427246094,0.0,9948041
2026-07-22 18:30:00+00:00,213.35000610351562,213.35000610351562,0.0,214.2050018310547,212.91000366210938,213.72999572753906,0.0,11609223
2026-07-22 19:30:00+00:00,212.05990600585938,212.05990600585938,0.0,213.39999389648438,211.72000122070312,213.35000610351562,0.0,13401761
2026-07-22 20:00:00+00:00,212.89,212.89,0.0,227.095,211.75,212.0601,0.0,0
2026-07-22 21:00:00+00:00,211.07,211.07,0.0,227.095,210.18,212.89,0.0,0
2026-07-22 22:00:00+00:00,211.1166,211.1166,0.0,211.4462,210.35,211.07,0.0,0
2026-07-22 23:00:00+00:00,212.04,212.04,0.0,212.05,210.8,211.12,0.0,0
2026-07-23 08:00:00+00:00,210.898,210.898,0.0,212.5,210.0065,210.501,0.0,0
2026-07-23 09:00:00+00:00,211.0762,211.0762,0.0,211.86,210.803,210.8798,0.0,0
2026-07-23 10:00:00+00:00,210.312,210.312,0.0,211.1445,210.312,210.97,0.0,0
2026-07-23 11:00:00+00:00,210.5,210.5,0.0,212.06,210.3,210.388,0.0,0
2026-07-23 12:00:00+00:00,209.65,209.65,0.0,210.77,209.51,210.45,0.0,0
2026-07-23 13:00:00+00:00,209.46,209.46,0.0,209.9442,208.27,209.62,0.0,0
2026-07-23 13:30:00+00:00,208.5760040283203,208.5760040283203,0.0,210.8686981201172,208.0500030517578,209.39500427246094,0.0,24237343
2026-07-23 14:30:00+00:00,206.3800048828125,206.3800048828125,0.0,209.12989807128906,206.04010009765625,208.5399932861328,0.0,15403198
2026-07-23 15:30:00+00:00,209.6300048828125,209.6300048828125,0.0,209.81500244140625,205.9600067138672,206.34500122070312,0.0,11580527
2026-07-23 16:30:00+00:00,210.1300048828125,210.1300048828125,0.0,210.42999267578125,209.17999267578125,209.63999938964844,0.0,9217654
2026-07-23 17:30:00+00:00,208.57000732421875,208.57000732421875,0.0,210.1999969482422,208.19000244140625,210.13499450683594,0.0,7295185
2026-07-23 18:30:00+00:00,207.84500122070312,207.84500122070312,0.0,208.8249969482422,207.1199951171875,208.57980346679688,0.0,9313061
2026-07-23 19:30:00+00:00,208.6999969482422,208.6999969482422,0.0,208.97999572753906,206.88999938964844,207.85000610351562,0.0,10705777
2026-07-23 20:00:00+00:00,209.15,209.15,0.0,222.3682,203.2372,208.78,0.0,0
2026-07-23 21:00:00+00:00,208.4,208.4,0.0,215.0322,198.1799,209.1,0.0,0
2026-07-23 22:00:00+00:00,208.38,208.38,0.0,208.76,207.51,208.43,0.0,0
2026-07-23 23:00:00+00:00,207.99,207.99,0.0,208.5,207.78,208.4975,0.0,0
2026-07-24 08:00:00+00:00,207.3271,207.3271,0.0,208.76,206.1,206.59,0.0,0
2026-07-24 09:00:00+00:00,208.274,208.274,0.0,208.28,207.023,207.39,0.0,0
2026-07-24 10:00:00+00:00,207.9927,207.9927,0.0,208.5,207.7112,208.2642,0.0,0
2026-07-24 11:00:00+00:00,208.24,208.24,0.0,208.49,207.52,207.9732,0.0,0
2026-07-24 12:00:00+00:00,208.4859,208.4859,0.0,208.99,208.02,208.25,0.0,0
2026-07-24 13:00:00+00:00,207.45,207.45,0.0,208.76,206.92,208.45,0.0,0
2026-07-24 13:30:00+00:00,208.11000061035156,208.11000061035156,0.0,208.60000610351562,205.6699981689453,207.55999755859375,0.0,20305939
2026-07-24 14:30:00+00:00,209.2100067138672,209.2100067138672,0.0,210.36000061035156,207.10000610351562,208.11000061035156,0.0,15086430
2026-07-24 15:30:00+00:00,210.77000427246094,210.77000427246094,0.0,211.90989685058594,208.97999572753906,209.2100067138672,0.0,14557643
2026-07-24 16:30:00+00:00,210.25,210.25,0.0,210.8800048828125,209.52000427246094,210.77499389648438,0.0,9038412
2026-07-24 17:30:00+00:00,207.8249969482422,207.8249969482422,0.0,210.52999877929688,207.72999572753906,210.27000427246094,0.0,7838822
2026-07-24 18:30:00+00:00,205.60659790039062,205.60659790039062,0.0,207.88580322265625,204.80999755859375,207.8300018310547,0.0,17993073
2026-07-24 19:30:00+00:00,206.9600067138672,206.9600067138672,0.0,207.17999267578125,205.2899932861328,205.60000610351562,0.0,13248396
2026-07-24 20:00:00+00:00,207.03,207.03,0.0,216.0477,192.6807,206.98,0.0,0
2026-07-24 21:00:00+00:00,206.905,206.905,0.0,216.0477,199.582,207.03,0.0,0
2026-07-24 22:00:00+00:00,206.7127,206.7127,0.0,206.96,206.62,206.9005,0.0,0
2026-07-24 23:00:00+00:00,206.7995,206.7995,0.0,206.82,206.5,206.7246,0.0,0
2026-07-27 08:00:00+00:00,209.282,209.282,0.0,209.75,208.34,208.7,0.0,0
2026-07-27 09:00:00+00:00,209.1877,209.1877,0.0,209.62,209.0417,209.32,0.0,0
2026-07-27 10:00:00+00:00,208.75,208.75,0.0,209.2788,208.52,209.13,0.0,0
2026-07-27 11:00:00+00:00,207.88,207.88,0.0,209.2,207.7635,208.7867,0.0,0
2026-07-27 12:00:00+00:00,208.1387,208.1387,0.0,208.5975,207.8257,207.89,0.0,0
2026-07-27 13:00:00+00:00,208.19,208.19,0.0,208.89,207.5,208.1387,0.0,0
2026-07-27 13:30:00+00:00,198.94500732421875,198.94500732421875,0.0,208.75,198.8800048828125,208.11000061035156,0.0,34792635
2026-07-27 14:30:00+00:00,197.06500244140625,197.06500244140625,0.0,200.0,196.77000427246094,198.9499969482422,0.0,27222128
2026-07-27 15:30:00+00:00,197.77999877929688,197.77999877929688,0.0,198.5399932861328,195.9199981689453,197.0749969482422,0.0,18304743
2026-07-27 16:30:00+00:00,195.57000732421875,195.57000732421875,0.0,198.14999389648438,195.44000244140625,197.77999877929688,0.0,12949732
2026-07-27 17:30:00+00:00,196.7050018310547,196.7050018310547,0.0,197.0800018310547,195.5,195.5800018310547,0.0,10165862
2026-07-27 18:30:00+00:00,197.72999572753906,197.72999572753906,0.0,198.02000427246094,196.08999633789062,196.69500732421875,0.0,12772277
2026-07-27 19:30:00+00:00,196.52000427246094,196.52000427246094,0.0,197.8300018310547,196.30999755859375,197.72999572753906,0.0,13711449
2026-07-27 20:00:00+00:00,196.94,196.94,0.0,206.0108,196.4,196.53,0.0,0
2026-07-27 21:00:00+00:00,197.01,197.01,0.0,206.0108,185.6813,196.91,0.0,0
2026-07-27 22:00:00+00:00,196.36,196.36,0.0,197.14,196.25,197.01,0.0,0
2026-07-27 23:00:00+00:00,196.14,196.14,0.0,196.51,196.062,196.3887,0.0,0
2026-07-28 08:00:00+00:00,194.33,194.33,0.0,196.51,193.0,194.2,0.0,0
2026-07-28 09:00:00+00:00,194.65,194.65,0.0,195.18,194.1042,194.36,0.0,0
2026-07-28 10:00:00+00:00,194.6512,194.6512,0.0,194.8135,194.31,194.65,0.0,0
2026-07-28 11:00:00+00:00,194.7999,194.7999,0.0,196.51,193.607,194.7,0.0,0
2026-07-28 12:00:00+00:00,195.79,195.79,0.0,196.08,194.03,194.75,0.0,0
2026-07-28 13:00:00+00:00,195.05,195.05,0.0,196.47,194.02,195.86,0.0,0
2026-07-28 13:30:00+00:00,194.08999633789062,194.08999633789062,0.0,195.4550018310547,192.74000549316406,194.9499969482422,0.0,36821242
2026-07-28 14:30:00+00:00,196.72000122070312,196.72000122070312,0.0,197.85000610351562,193.89999389648438,194.08999633789062,0.0,20666546
2026-07-28 15:30:00+00:00,197.27999877929688,197.27999877929688,0.0,198.6999969482422,196.44000244140625,196.6999969482422,0.0,13377269
2026-07-28 16:30:00+00:00,197.6999969482422,197.6999969482422,0.0,198.2449951171875,196.60000610351562,197.27999877929688,0.0,10884017
2026-07-28 17:30:00+00:00,196.7050018310547,196.7050018310547,0.0,198.08990478515625,196.64999389648438,197.69009399414062,0.0,6939840
2026-07-28 18:30:00+00:00,197.88999938964844,197.88999938964844,0.0,198.02999877929688,196.53309631347656,196.7050018310547,0.0,10170431
2026-07-28 19:30:00+00:00,196.9499969482422,196.9499969482422,0.0,198.14999389648438,196.75,197.91000366210938,0.0,13539085
2026-07-28 20:00:00+00:00,197.21,197.21,0.0,201.3796,183.6614,197.01,0.0,0
2026-07-28 21:00:00+00:00,196.89,196.89,0.0,201.3796,183.6614,197.21,0.0,0
2026-07-28 22:00:00+00:00,195.53,195.53,0.0,197.24,195.5,196.8966,0.0,0
2026-07-28 23:00:00+00:00,197.63,197.63,0.0,197.75,195.0,195.5001,0.0,0
2026-07-29 08:00:00+00:00,195.6685,195.6685,0.0,197.01,194.0432,196.13,0.0,0
2026-07-29 09:00:00+00:00,197.33,197.33,0.0,197.6022,195.67,195.78,0.0,0
2026-07-29 10:00:00+00:00,197.58,197.58,0.0,198.3,197.09,197.27,0.0,0
2026-07-29 11:00:00+00:00,197.48,197.48,0.0,197.78,196.68,197.63,0.0,0
2026-07-29 12:00:00+00:00,196.37,196.37,0.0,197.6,196.3,197.48,0.0,0
2026-07-29 13:00:00+00:00,195.81,195.81,0.0,197.15,194.5,196.43,0.0,0
2026-07-29 13:30:00+00:00,191.63499450683594,191.63499450683594,0.0,197.07400512695312,190.92300415039062,195.84500122070312,0.0,26776737
2026-07-29 14:30:00+00:00,192.375,192.375,0.0,193.16000366210938,190.9600067138672,191.61000061035156,0.0,13980503
2026-07-29 15:30:00+00:00,191.58999633789062,191.58999633789062,0.0,192.60000610351562,190.6820068359375,192.375,0.0,14222182
2026-07-29 16:30:00+00:00,192.16949462890625,192.16949462890625,0.0,193.0800018310547,191.27999877929688,191.5749969482422,0.0,12697362
2026-07-29 17:30:00+00:00,193.1999969482422,193.1999969482422,0.0,194.0570068359375,191.7100067138672,192.110107421875,0.0,13691975
2026-07-29 18:30:00+00:00,193.3699951171875,193.3699951171875,0.0,196.32989501953125,192.56500244140625,193.17100524902344,0.0,15825181
2026-07-29 19:30:00+00:00,190.05999755859375,190.05999755859375,0.0,193.7550048828125,190.02000427246094,193.3800048828125,0.0,21014144
2026-07-29 20:00:00+00:00,189.6912,189.6912,0.0,202.04,177.0854,190.01,0.0,0
2026-07-29 21:00:00+00:00,189.29,189.29,0.0,199.5629,177.0854,189.6529,0.0,0
2026-07-29 22:00:00+00:00,190.98,190.98,0.0,192.15,189.2,189.28,0.0,0
2026-07-29 23:00:00+00:00,191.2641,191.2641,0.0,191.8,190.95,190.98,0.0,0
2026-07-30 08:00:00+00:00,191.4304,191.4304,0.0,192.0,190.01,191.3,0.0,0
2026-07-30 09:00:00+00:00,192.45,192.45,0.0,192.66,191.4142,191.45,0.0,0
2026-07-30 10:00:00+00:00,192.58,192.58,0.0,192.6957,191.45,192.48,0.0,0
2026-07-30 11:00:00+00:00,193.3483,193.3483,0.0,193.45,190.01,192.697,0.0,0
2026-07-30 12:00:00+00:00,193.64,193.64,0.0,194.3,192.86,193.3485,0.0,0
2026-07-30 13:00:00+00:00,193.31,193.31,0.0,194.66,192.97,193.5507,0.0,0
2026-07-30 13:30:00+00:00,196.80999755859375,196.80999755859375,0.0,197.17999267578125,191.52000427246094,193.4499969482422,0.0,33838063
2026-07-30 14:30:00+00:00,193.50999450683594,193.50999450683594,0.0,197.25,193.43499755859375,196.80999755859375,0.0,19038422
2026-07-30 15:30:00+00:00,193.80999755859375,193.80999755859375,0.0,194.3699951171875,192.72999572753906,193.50999450683594,0.0,13266492
2026-07-30 16:30:00+00:00,193.6199951171875,193.6199951171875,0.0,194.01499938964844,192.67999267578125,193.80999755859375,0.0,8373037
2026-07-30 17:30:00+00:00,193.49000549316406,193.49000549316406,0.0,194.07000732421875,193.0601043701172,193.6199951171875,0.0,7580624
2026-07-30 18:30:00+00:00,194.05499267578125,194.05499267578125,0.0,194.9250030517578,193.13999938964844,193.49000549316406,0.0,10395289
2026-07-30 19:30:00+00:00,195.14999389648438,195.14999389648438,0.0,195.32550048828125,193.99000549316406,194.0399932861328,0.0,11945984
2026-07-30 20:00:00+00:00,195.4754,195.4754,0.0,196.3599,182.2548,195.04,0.0,0
2026-07-30 21:00:00+00:00,195.48,195.48,0.0,203.8033,182.0157,195.48,0.0,0
2026-07-30 22:00:00+00:00,196.01,196.01,0.0,196.23,195.23,195.48,0.0,0
2026-07-30 23:00:00+00:00,196.839,196.839,0.0,196.85,196.01,196.07,0.0,0
2026-07-31 08:00:00+00:00,198.7,198.7,0.0,198.8,195.04,198.4897,0.0,0
2026-07-31 09:00:00+00:00,198.0977,198.0977,0.0,198.77,198.05,198.68,0.0,0
2026-07-31 10:00:00+00:00,198.0215,198.0215,0.0,198.3997,197.65,198.11,0.0,0
2026-07-31 11:00:00+00:00,197.25,197.25,0.0,198.18,197.2,198.02,0.0,0
2026-07-31 12:00:00+00:00,196.99,196.99,0.0,197.8,195.04,197.32,0.0,0
2026-07-31 13:00:00+00:00,198.57,198.57,0.0,198.68,196.4,196.9888,0.0,0
2026-07-31 13:30:00+00:00,196.9949951171875,196.9949951171875,0.0,200.08999633789062,194.9499969482422,198.4405059814453,0.0,29866755
2026-07-31 14:30:00+00:00,195.6199951171875,195.6199951171875,0.0,198.92999267578125,195.32000732421875,197.0,0.0,14917314
2026-07-31 15:30:00+00:00,198.02000427246094,198.02000427246094,0.0,198.02000427246094,195.2386932373047,195.60000610351562,0.0,9730128
2026-07-31 16:30:00+00:00,199.2550048828125,199.2550048828125,0.0,199.3199005126953,197.5,198.0449981689453,0.0,9171395
2026-07-31 17:30:00+00:00,198.5500946044922,198.5500946044922,0.0,199.97000122070312,198.49000549316406,199.2550048828125,0.0,9755690
2026-07-31 18:30:00+00:00,200.30499267578125,200.30499267578125,0.0,201.1199951171875,198.25999450683594,198.59500122070312,0.0,15913383
2026-07-31 19:30:00+00:00,200.80999755859375,200.80999755859375,0.0,201.97000122070312,199.8800048828125,200.30499267578125,0.0,19652521
2026-07-31 20:00:00+00:00,199.49,199.49,0.0,200.8,199.49,200.75,0.0,0
2026-07-31 21:00:00+00:00,199.04,199.04,0.0,208.9337,193.7188,199.5294,0.0,0
2026-07-31 22:00:00+00:00,198.9671,198.9671,0.0,200.75,198.9,199.05,0.0,0
2026-07-31 23:00:00+00:00,198.9495,198.9495,0.0,199.2,198.94,198.9671,0.0,0
2026-08-03 08:00:00+00:00,199.99,199.99,0.0,202.7477,199.66,201.99,0.0,0
2026-08-03 09:00:00+00:00,200.72,200.72,0.0,200.9,199.6645,199.92,0.0,0
2026-08-03 10:00:00+00:00,199.95,199.95,0.0,200.8857,199.66,200.63,0.0,0
2026-08-03 11:00:00+00:00,199.343,199.343,0.0,200.46,199.25,199.96,0.0,0
2026-08-03 12:00:00+00:00,198.53,198.53,0.0,199.8506,197.944,199.31,0.0,0
2026-08-03 13:00:00+00:00,197.69,197.69,0.0,199.29,196.75,198.7582,0.0,0
2026-08-03 13:30:00+00:00,205.39010620117188,205.39010620117188,0.0,205.72000122070312,198.08999633789062,198.5,0.0,33652814
2026-08-03 14:30:00+00:00,206.4149932861328,206.4149932861328,0.0,207.39999389648438,204.8000946044922,205.38999938964844,0.0,19086003
2026-08-03 15:30:00+00:00,207.08999633789062,207.08999633789062,0.0,207.47999572753906,206.27000427246094,206.4199981689453,0.0,11203186
2026-08-03 16:30:00+00:00,208.59500122070312,208.59500122070312,0.0,208.67990112304688,206.69000244140625,207.08680725097656,0.0,9609744
2026-08-03 17:30:00+00:00,207.7100067138672,207.7100067138672,0.0,208.74000549316406,207.57000732421875,208.5998992919922,0.0,10728882
2026-08-03 18:30:00+00:00,207.83999633789062,207.83999633789062,0.0,208.72000122070312,207.60000610351562,207.6999969482422,0.0,9701905
2026-08-03 19:30:00+00:00,206.69000244140625,206.69000244140625,0.0,207.9199981689453,205.9199981689453,207.85000610351562,0.0,11942945
2026-08-03 20:00:00+00:00,206.6546,206.6546,0.0,220.9158,202.5263,206.68,0.0,0
2026-08-03 21:00:00+00:00,206.76,206.76,0.0,220.9367,199.8468,206.67,0.0,0
2026-08-03 22:00:00+00:00,206.9934,206.9934,0.0,207.4032,206.72,206.7491,0.0,0
2026-08-03 23:00:00+00:00,206.8031,206.8031,0.0,207.06,206.72,206.99,0.0,0
2026-08-04 08:00:00+00:00,208.45,208.45,0.0,208.7,206.64,207.76,0.0,0
2026-08-04 09:00:00+00:00,208.35,208.35,0.0,208.5,207.8255,208.41,0.0,0
2026-08-04 10:00:00+00:00,208.5575,208.5575,0.0,208.71,208.1012,208.37,0.0,0
2026-08-04 11:00:00+00:00,209.63,209.63,0.0,209.63,208.29,208.55,0.0,0
2026-08-04 12:00:00+00:00,210.0803,210.0803,0.0,210.68,209.1652,209.6062,0.0,0
2026-08-04 13:00:00+00:00,211.44,211.44,0.0,211.57,209.78,210.08,0.0,0
2026-08-04 13:30:00+00:00,210.2624053955078,210.2624053955078,0.0,212.1708984375,209.11500549316406,210.67999267578125,0.0,29989052
2026-08-04 14:30:00+00:00,209.89999389648438,209.89999389648438,0.0,211.03990173339844,209.0500030517578,210.24000549316406,0.0,14932802
2026-08-04 15:30:00+00:00,210.22030639648438,210.22030639648438,0.0,210.9499969482422,209.6199951171875,209.89999389648438,0.0,9540619
2026-08-04 16:30:00+00:00,211.4600067138672,211.4600067138672,0.0,211.64999389648438,209.94000244140625,210.22000122070312,0.0,9087924
2026-08-04 17:30:00+00:00,212.55999755859375,212.55999755859375,0.0,212.64999389648438,211.0399932861328,211.4698944091797,0.0,12059709
2026-08-04 18:30:00+00:00,212.49000549316406,212.49000549316406,0.0,213.05999755859375,212.1999969482422,212.57000732421875,0.0,13768942
2026-08-04 19:30:00+00:00,211.83999633789062,211.83999633789062,0.0,212.97999572753906,211.80999755859375,212.48500061035156,0.0,11957434
2026-08-04 20:00:00+00:00,213.73,213.73,0.0,213.93,209.29,211.94,0.0,0
2026-08-04 21:00:00+00:00,215.1,215.1,0.0,224.9013,200.674,213.7472,0.0,0
2026-08-04 22:00:00+00:00,216.58,216.58,0.0,216.6,211.94,215.1003,0.0,0
2026-08-04 23:00:00+00:00,216.5,216.5,0.0,217.1,216.01,216.4901,0.0,0
2026-08-05 08:00:00+00:00,216.2267,216.2267,0.0,217.8087,211.94,216.64,0.0,0
2026-08-05 09:00:00+00:00,216.14,216.14,0.0,216.2365,215.53,216.15,0.0,0
2026-08-05 10:00:00+00:00,215.97,215.97,0.0,216.3,215.65,216.178,0.0,0
2026-08-05 11:00:00+00:00,215.5,215.5,0.0,216.68,215.36,215.99,0.0,0
2026-08-05 12:00:00+00:00,215.15,215.15,0.0,216.0,214.8,215.43,0.0,0
2026-08-05 13:00:00+00:00,216.85,216.85,0.0,217.69,214.95,215.1162,0.0,0
2026-08-05 13:30:00+00:00,220.72779846191406,220.72779846191406,0.0,222.22000122070312,216.39999389648438,216.86000061035156,0.0,54180378
2026-08-05 14:30:00+00:00,219.11000061035156,219.11000061035156,0.0,220.72999572753906,218.35000610351562,220.6999969482422,0.0,17737803
2026-08-05 15:30:00+00:00,221.1699981689453,221.1699981689453,0.0,221.3699951171875,218.44000244140625,219.0989990234375,0.0,14334618
2026-08-05 16:30:00+00:00,221.0500030517578,221.0500030517578,0.0,221.60000610351562,220.6082000732422,221.1699981689453,0.0,12081572
2026-08-05 17:30:00+00:00,221.73980712890625,221.73980712890625,0.0,221.8000030517578,220.59010314941406,221.05999755859375,0.0,9319375
2026-08-05 18:30:00+00:00,221.8350067138672,221.8350067138672,0.0,222.17999267578125,221.1699981689453,221.74000549316406,0.0,14860918
2026-08-05 19:30:00+00:00,219.1999969482422,219.1999969482422,0.0,221.8699951171875,218.85000610351562,221.8300018310547,0.0,15732584
2026-08-05 20:00:00+00:00,219.9604,219.9604,0.0,233.4137,215.6948,219.22,0.0,0
2026-08-05 21:00:00+00:00,219.86,219.86,0.0,234.2166,215.6948,219.96,0.0,0
2026-08-05 22:00:00+00:00,220.82,220.82,0.0,221.16,219.22,219.83,0.0,0
2026-08-05 23:00:00+00:00,220.7423,220.7423,0.0,221.0,220.5,220.84,0.0,0
2026-08-06 08:00:00+00:00,219.43,219.43,0.0,220.42,218.4027,220.1187,0.0,0
2026-08-06 09:00:00+00:00,218.83,218.83,0.0,220.0,218.75,219.49,0.0,0
2026-08-06 10:00:00+00:00,219.8475,219.8475,0.0,219.9,218.8012,218.82,0.0,0
2026-08-06 11:00:00+00:00,220.6083,220.6083,0.0,220.89,218.8,219.75,0.0,0
2026-08-06 12:00:00+00:00,221.4331,221.4331,0.0,222.38,220.61,220.6424,0.0,0
2026-08-06 13:00:00+00:00,221.5983,221.5983,0.0,222.15,220.3,221.4,0.0,0
2026-08-06 13:30:00+00:00,219.81500244140625,219.81500244140625,0.0,223.62750244140625,219.33009338378906,221.52999877929688,0.0,33560480
2026-08-06 14:30:00+00:00,218.2041015625,218.2041015625,0.0,219.9698944091797,217.7100067138672,219.82179260253906,0.0,17120226
2026-08-06 15:30:00+00:00,218.52999877929688,218.52999877929688,0.0,219.1300048828125,217.27000427246094,218.2100067138672,0.0,11943067
2026-08-06 16:30:00+00:00,218.9600067138672,218.9600067138672,0.0,219.75,218.47999572753906,218.5399932861328,0.0,8048183
2026-08-06 17:30:00+00:00,220.41000366210938,220.41000366210938,0.0,220.91000366210938,217.38999938964844,218.97000122070312,0.0,8250020
2026-08-06 18:30:00+00:00,219.85000610351562,219.85000610351562,0.0,220.4499969482422,219.41000366210938,220.4149932861328,0.0,9312481
2026-08-06 19:30:00+00:00,218.99000549316406,218.99000549316406,0.0,220.2899932861328,218.57000732421875,219.86000061035156,0.0,10008767
2026-08-06 20:00:00+00:00,218.9688,218.9688,0.0,222.3682,211.4094,218.99,0.0,0
2026-08-06 21:00:00+00:00,218.7122,218.7122,0.0,230.3812,206.172,218.95,0.0,0
2026-08-06 22:00:00+00:00,219.56,219.56,0.0,219.68,218.7,218.83,0.0,0
2026-08-06 23:00:00+00:00,219.42,219.42,0.0,219.78,219.4,219.57,0.0,0
2026-08-07 08:00:00+00:00,219.8,219.8,0.0,220.1557,218.4742,218.84,0.0,0
2026-08-07 09:00:00+00:00,219.99,219.99,0.0,220.15,219.8,219.9,0.0,0
2026-08-07 10:00:00+00:00,219.54,219.54,0.0,220.0738,219.2,219.95,0.0,0
2026-08-07 11:00:00+00:00,220.33,220.33,0.0,220.41,218.99,219.62,0.0,0
2026-08-07 12:00:00+00:00,219.9504,219.9504,0.0,220.59,219.6,220.3475,0.0,0
2026-08-07 13:00:00+00:00,221.52,221.52,0.0,221.91,219.6905,219.98,0.0,0
2026-08-07 13:30:00+00:00,223.3498992919922,223.3498992919922,0.0,223.4499969482422,220.66000366210938,222.0,0.0,24342350
2026-08-07 14:30:00+00:00,224.1999969482422,224.1999969482422,0.0,224.64999389648438,222.67999267578125,223.3300018310547,0.0,15850676
2026-08-07 15:30:00+00:00,222.4499969482422,222.4499969482422,0.0,224.75999450683594,222.25,224.2100067138672,0.0,12096313
2026-08-07 16:30:00+00:00,221.8249969482422,221.8249969482422,0.0,222.64999389648438,221.55039978027344,222.4600067138672,0.0,9554800
2026-08-07 17:30:00+00:00,221.94500732421875,221.94500732421875,0.0,222.39999389648438,221.67999267578125,221.8249969482422,0.0,5864404
2026-08-07 18:30:00+00:00,223.0399932861328,223.0399932861328,0.0,223.13999938964844,221.76499938964844,221.9600067138672,0.0,8282356
2026-08-07 19:30:00+00:00,223.97999572753906,223.97999572753906,0.0,224.2100067138672,222.38999938964844,223.0399932861328,0.0,11686341
2026-08-07 20:00:00+00:00,223.6,223.6,0.0,224.0,223.26,223.96,0.0,0
2026-08-07 21:00:00+00:00,223.3547,223.3547,0.0,249.1383,158.04,223.6183,0.0,0
2026-08-07 22:00:00+00:00,223.44,223.44,0.0,223.449,223.2,223.354,0.0,0
2026-08-07 23:00:00+00:00,223.7619,223.7619,0.0,223.92,223.3,223.44,0.0,0
2026-08-10 08:00:00+00:00,224.99,224.99,0.0,225.58,224.4317,224.858,0.0,0
2026-08-10 09:00:00+00:00,224.78,224.78,0.0,225.1888,224.7012,224.98,0.0,0
2026-08-10 10:00:00+00:00,224.87,224.87,0.0,224.99,224.6,224.78,0.0,0
2026-08-10 11:00:00+00:00,224.62,224.62,0.0,225.1888,223.96,224.87,0.0,0
2026-08-10 12:00:00+00:00,223.33,223.33,0.0,224.63,223.04,224.6102,0.0,0
2026-08-10 13:00:00+00:00,223.32,223.32,0.0,223.91,222.28,223.3299,0.0,0
2026-08-10 13:30:00+00:00,220.4001007080078,220.4001007080078,0.0,224.1378936767578,220.17999267578125,223.4499969482422,0.0,23836130
2026-08-10 14:30:00+00:00,219.4499969482422,219.4499969482422,0.0,221.13999938964844,218.92999267578125,220.39999389648438,0.0,14292207
2026-08-10 15:30:00+00:00,218.34010314941406,218.34010314941406,0.0,220.60000610351562,218.34010314941406,219.42999267578125,0.0,13335496
2026-08-10 16:30:00+00:00,218.4980926513672,218.4980926513672,0.0,219.0,216.77000427246094,218.36000061035156,0.0,17200195
2026-08-10 17:30:00+00:00,218.5399932861328,218.5399932861328,0.0,219.0449981689453,217.8300018310547,218.48989868164062,0.0,8173686
2026-08-10 18:30:00+00:00,219.1488037109375,219.1488037109375,0.0,219.4499969482422,218.3699951171875,218.5449981689453,0.0,8153843
2026-08-10 19:30:00+00:00,217.55999755859375,217.55999755859375,0.0,219.21499633789062,217.3699951171875,219.14999389648438,0.0,10481185
2026-08-10 20:00:00+00:00,219.3412,219.3412,0.0,219.66,206.0108,217.541,0.0,0
2026-08-10 21:00:00+00:00,218.959,218.959,0.0,229.1204,206.0108,219.35,0.0,0
2026-08-10 22:00:00+00:00,218.64,218.64,0.0,219.4,218.5512,218.94,0.0,0
2026-08-10 23:00:00+00:00,217.99,217.99,0.0,218.7,217.9,218.66,0.0,0
2026-08-11 08:00:00+00:00,218.65,218.65,0.0,219.61,217.55,218.6085,0.0,0
2026-08-11 09:00:00+00:00,219.75,219.75,0.0,219.9367,218.31,218.64,0.0,0
2026-08-11 10:00:00+00:00,219.89,219.89,0.0,220.01,219.2,219.79,0.0,0
2026-08-11 11:00:00+00:00,219.8701,219.8701,0.0,220.35,219.6,219.89,0.0,0
2026-08-11 12:00:00+00:00,221.161,221.161,0.0,221.25,219.691,219.9132,0.0,0
2026-08-11 13:00:00+00:00,222.45,222.45,0.0,222.45,220.82,221.18,0.0,0
2026-08-11 13:30:00+00:00,219.5749969482422,219.5749969482422,0.0,222.1999969482422,218.8300018310547,222.14999389648438,0.0,25985660
2026-08-11 14:30:00+00:00,219.0800018310547,219.0800018310547,0.0,220.55999755859375,218.46499633789062,219.58999633789062,0.0,12698811
2026-08-11 15:30:00+00:00,218.6699981689453,218.6699981689453,0.0,219.3800048828125,218.25,219.08999633789062,0.0,7908260
2026-08-11 16:30:00+00:00,217.28509521484375,217.28509521484375,0.0,219.2698974609375,216.72000122070312,218.6699981689453,0.0,9786776
2026-08-11 17:30:00+00:00,216.47000122070312,216.47000122070312,0.0,217.83999633789062,216.3000030517578,217.28500366210938,0.0,7055894
2026-08-11 18:30:00+00:00,217.85499572753906,217.85499572753906,0.0,217.97000122070312,216.39999389648438,216.47999572753906,0.0,7567601
2026-08-11 19:30:00+00:00,217.47999572753906,217.47999572753906,0.0,218.17999267578125,216.89280700683594,217.86000061035156,0.0,11068340
2026-08-11 20:00:00+00:00,217.6012,217.6012,0.0,218.6291,212.9972,217.48,0.0,0
2026-08-11 21:00:00+00:00,217.9139,217.9139,0.0,218.1,212.9972,217.6487,0.0,0
2026-08-11 22:00:00+00:00,218.2165,218.2165,0.0,218.23,217.7,217.9877,0.0,0
2026-08-11 23:00:00+00:00,218.0385,218.0385,0.0,218.23,217.94,218.229,0.0,0
2026-08-12 08:00:00+00:00,218.95,218.95,0.0,219.2033,217.5,218.31,0.0,0
2026-08-12 09:00:00+00:00,219.61,219.61,0.0,219.7774,218.82,218.96,0.0,0
2026-08-12 10:00:00+00:00,220.0052,220.0052,0.0,220.27,219.5112,219.5112,0.0,0
2026-08-12 11:00:00+00:00,219.3,219.3,0.0,220.1,219.2,220.0071,0.0,0
2026-08-12 12:00:00+00:00,219.735,219.735,0.0,219.781,219.03,219.2822,0.0,0
2026-08-12 13:00:00+00:00,220.79,220.79,0.0,221.18,208.8008,219.79,0.0,0
2026-08-12 13:30:00+00:00,224.47659301757812,224.47659301757812,0.0,224.72999572753906,220.1999969482422,221.0399932861328,0.0,32684933
2026-08-12 14:30:00+00:00,223.83990478515625,223.83990478515625,0.0,225.10000610351562,223.35000610351562,224.4499969482422,0.0,15909944
2026-08-12 15:30:00+00:00,223.22000122070312,223.22000122070312,0.0,223.94000244140625,222.89010620117188,223.85000610351562,0.0,9441156
2026-08-12 16:30:00+00:00,224.10009765625,224.10009765625,0.0,224.2899932861328,222.67010498046875,223.22079467773438,0.0,8219260
2026-08-12 17:30:00+00:00,224.1199951171875,224.1199951171875,0.0,224.22000122070312,223.1699981689453,224.0904998779297,0.0,7219140
2026-08-12 18:30:00+00:00,223.0,223.0,0.0,224.4499969482422,222.80999755859375,224.1199951171875,0.0,7523883
2026-08-12 19:30:00+00:00,224.1300048828125,224.1300048828125,0.0,224.3498992919922,222.22999572753906,222.99000549316406,0.0,10766745
2026-08-12 20:00:00+00:00,223.4765,223.4765,0.0,226.2547,207.6764,224.09,0.0,0
2026-08-12 21:00:00+00:00,223.7805,223.7805,0.0,226.2547,223.35,223.41,0.0,0
2026-08-12 22:00:00+00:00,223.55,223.55,0.0,223.8062,223.3545,223.7995,0.0,0
2026-08-12 23:00:00+00:00,223.7415,223.7415,0.0,223.88,223.51,223.549,0.0,0
2026-08-13 08:00:00+00:00,224.1105,224.1105,0.0,224.7882,223.6012,224.43,0.0,0
2026-08-13 09:00:00+00:00,223.5537,223.5537,0.0,224.187,223.3,224.08,0.0,0
2026-08-13 10:00:00+00:00,224.3755,224.3755,0.0,224.4255,223.5012,223.5012,0.0,0
2026-08-13 11:00:00+00:00,223.83,223.83,0.0,224.55,223.72,224.35,0.0,0
2026-08-13 12:00:00+00:00,223.639,223.639,0.0,224.15,222.95,223.85,0.0,0
2026-08-13 13:00:00+00:00,225.11,225.11,0.0,225.2399,223.3096,223.6338,0.0,0
2026-08-13 13:30:00+00:00,226.02999877929688,226.02999877929688,0.0,227.22999572753906,224.13499450683594,225.05499267578125,0.0,29866520
2026-08-13 14:30:00+00:00,224.4499969482422,224.4499969482422,0.0,226.47999572753906,224.3000030517578,226.03500366210938,0.0,12534298
2026-08-13 15:30:00+00:00,225.2899932861328,225.2899932861328,0.0,225.4600067138672,223.7100067138672,224.4481964111328,0.0,8854908
2026-08-13 16:30:00+00:00,225.34500122070312,225.34500122070312,0.0,225.90989685058594,224.9600067138672,225.3000030517578,0.0,6232415
2026-08-13 17:30:00+00:00,225.625,225.625,0.0,225.74000549316406,225.0399932861328,225.34500122070312,0.0,5719340
2026-08-13 18:30:00+00:00,225.77999877929688,225.77999877929688,0.0,226.24000549316406,225.4199981689453,225.6284942626953,0.0,8365507
2026-08-13 19:30:00+00:00,225.3699951171875,225.3699951171875,0.0,226.1999969482422,224.85000610351562,225.75999450683594,0.0,10655293
2026-08-13 20:00:00+00:00,225.36,225.36,0.0,228.6601,222.3682,225.3,0.0,0
2026-08-13 21:00:00+00:00,225.54,225.54,0.0,233.7118,223.8906,225.3828,0.0,0
2026-08-13 22:00:00+00:00,225.6434,225.6434,0.0,225.77,225.3,225.5209,0.0,0
2026-08-13 23:00:00+00:00,225.4256,225.4256,0.0,226.0,225.41,225.795,0.0,0
2026-08-14 08:00:00+00:00,225.3037,225.3037,0.0,225.52,224.805,225.05,0.0,0
2026-08-14 09:00:00+00:00,226.0071,226.0071,0.0,226.12,225.3078,225.3078,0.0,0
2026-08-14 10:00:00+00:00,226.045,226.045,0.0,226.44,225.76,226.0,0.0,0
2026-08-14 11:00:00+00:00,225.8092,225.8092,0.0,226.4385,225.76,226.09,0.0,0
2026-08-14 12:00:00+00:00,225.7,225.7,0.0,225.99,225.19,225.78,0.0,0
2026-08-14 13:00:00+00:00,226.75,226.75,0.0,226.795,225.6301,225.7,0.0,0
2026-08-14 13:30:00+00:00,225.11500549316406,225.11500549316406,0.0,227.49000549316406,224.5,226.8000030517578,0.0,19626364
2026-08-14 14:30:00+00:00,225.54800415039062,225.54800415039062,0.0,226.94000244140625,224.92999267578125,225.11500549316406,0.0,10960396
2026-08-14 15:30:00+00:00,225.64999389648438,225.64999389648438,0.0,225.8000030517578,224.6199951171875,225.5399932861328,0.0,6741009
2026-08-14 16:30:00+00:00,225.1199951171875,225.1199951171875,0.0,225.7100067138672,224.9499969482422,225.63999938964844,0.0,5873716
2026-08-14 17:30:00+00:00,224.72000122070312,224.72000122070312,0.0,226.5,224.55999755859375,225.1199951171875,0.0,5731432
2026-08-14 18:30:00+00:00,225.1300048828125,225.1300048828125,0.0,225.4499969482422,224.64999389648438,224.6999969482422,0.0,6670272
2026-08-14 19:30:00+00:00,225.16000366210938,225.16000366210938,0.0,225.92999267578125,224.86000061035156,225.1649932861328,0.0,19538830
2026-08-14 20:00:00+00:00,224.9604,224.9604,0.0,234.8373,221.6373,225.09,0.0,0
2026-08-14 21:00:00+00:00,224.9614,224.9614,0.0,236.5457,221.6755,224.9987,0.0,0
2026-08-14 22:00:00+00:00,224.87,224.87,0.0,225.16,224.8595,224.9614,0.0,0
2026-08-14 23:00:00+00:00,224.72,224.72,0.0,225.0,224.7,224.88,0.0,0
2026-08-17 08:00:00+00:00,226.32,226.32,0.0,226.55,225.5103,225.79,0.0,0
2026-08-17 09:00:00+00:00,226.0275,226.0275,0.0,226.35,225.9325,226.34,0.0,0
2026-08-17 10:00:00+00:00,226.45,226.45,0.0,226.4755,225.932,225.95,0.0,0
2026-08-17 11:00:00+00:00,226.5423,226.5423,0.0,226.79,226.049,226.38,0.0,0
2026-08-17 12:00:00+00:00,226.88,226.88,0.0,227.1288,224.598,226.54,0.0,0
2026-08-17 13:00:00+00:00,226.01,226.01,0.0,227.08,225.5,226.86,0.0,0
2026-08-17 13:30:00+00:00,226.60000610351562,226.60000610351562,0.0,227.1699981689453,225.02999877929688,226.02000427246094,0.0,19035868
2026-08-17 14:30:00+00:00,227.44000244140625,227.44000244140625,0.0,227.75,225.61000061035156,226.60000610351562,0.0,15492978
2026-08-17 15:30:00+00:00,227.0303955078125,227.0303955078125,0.0,227.9199981689453,226.71200561523438,227.46499633789062,0.0,9952374
2026-08-17 16:30:00+00:00,225.9199981689453,225.9199981689453,0.0,227.2100067138672,225.8300018310547,227.03089904785156,0.0,6804284
2026-08-17 17:30:00+00:00,225.52999877929688,225.52999877929688,0.0,226.27999877929688,225.38999938964844,225.91000366210938,0.0,6431278
2026-08-17 18:30:00+00:00,225.5,225.5,0.0,225.9149932861328,225.35000610351562,225.5301055908203,0.0,5615571
2026-08-17 19:30:00+00:00,225.0500030517578,225.0500030517578,0.0,226.00999450683594,224.86000061035156,225.49000549316406,0.0,8321416
2026-08-17 20:00:00+00:00,225.0222,225.0222,0.0,235.9964,219.22,225.01,0.0,0
2026-08-17 21:00:00+00:00,225.06,225.06,0.0,246.7079,171.9907,225.0062,0.0,0
2026-08-17 22:00:00+00:00,225.08,225.08,0.0,225.16,224.9324,225.06,0.0,0
2026-08-17 23:00:00+00:00,225.15,225.15,0.0,225.31,225.011,225.075,0.0,0
2026-08-18 08:00:00+00:00,221.04,221.04,0.0,225.01,220.63,222.315,0.0,0
2026-08-18 09:00:00+00:00,219.89,219.89,0.0,221.2,219.77,221.07,0.0,0
2026-08-18 10:00:00+00:00,220.355,220.355,0.0,220.66,219.53,219.83,0.0,0
2026-08-18 11:00:00+00:00,220.62,220.62,0.0,220.96,220.3415,220.39,0.0,0
2026-08-18 12:00:00+00:00,220.7601,220.7601,0.0,221.16,220.5,220.61,0.0,0
2026-08-18 13:00:00+00:00,220.31,220.31,0.0,221.66,219.75,220.76,0.0,0
2026-08-18 13:30:00+00:00,219.97000122070312,219.97000122070312,0.0,221.63999938964844,218.8350067138672,220.4499969482422,0.0,26756702
2026-08-18 14:30:00+00:00,219.53970336914062,219.53970336914062,0.0,220.52999877929688,218.69020080566406,219.94000244140625,0.0,13264389
2026-08-18 15:30:00+00:00,219.52999877929688,219.52999877929688,0.0,220.36000061035156,219.32000732421875,219.52999877929688,0.0,8440865
2026-08-18 16:30:00+00:00,220.3300018310547,220.3300018310547,0.0,220.4499969482422,219.38999938964844,219.52999877929688,0.0,7609414
2026-08-18 17:30:00+00:00,219.93499755859375,219.93499755859375,0.0,220.50999450683594,219.2220001220703,220.30999755859375,0.0,7081084
2026-08-18 18:30:00+00:00,219.24000549316406,219.24000549316406,0.0,220.19000244140625,219.1300048828125,219.92999267578125,0.0,7061411
2026-08-18 19:30:00+00:00,219.8000030517578,219.8000030517578,0.0,220.02999877929688,218.9199981689453,219.24000549316406,0.0,12278943
2026-08-18 20:00:00+00:00,219.62,219.62,0.0,234.7265,208.233,219.81,0.0,0
2026-08-18 21:00:00+00:00,219.4302,219.4302,0.0,224.9013,208.233,219.63,0.0,0
2026-08-18 22:00:00+00:00,219.05,219.05,0.0,219.74,218.93,219.49,0.0,0
2026-08-18 23:00:00+00:00,219.25,219.25,0.0,219.37,218.93,219.03,0.0,0
2026-08-19 08:00:00+00:00,220.71,220.71,0.0,221.14,218.53,219.4,0.0,0
2026-08-19 09:00:00+00:00,220.22,220.22,0.0,220.9988,220.195,220.708,0.0,0
2026-08-19 10:00:00+00:00,220.45,220.45,0.0,220.57,219.85,220.4,0.0,0
2026-08-19 11:00:00+00:00,220.19,220.19,0.0,220.84,219.74,220.47,0.0,0
2026-08-19 12:00:00+00:00,220.19,220.19,0.0,220.7272,219.463,220.1987,0.0,0
2026-08-19 13:00:00+00:00,221.67,221.67,0.0,222.071,219.8,220.23,0.0,0
2026-08-19 13:30:00+00:00,218.14999389648438,218.14999389648438,0.0,222.8699951171875,216.75999450683594,221.6699981689453,0.0,25906631
2026-08-19 14:30:00+00:00,219.27000427246094,219.27000427246094,0.0,219.9499969482422,217.9600067138672,218.14999389648438,0.0,11630304
2026-08-19 15:30:00+00:00,219.4001007080078,219.4001007080078,0.0,220.64999389648438,218.64010620117188,219.2550048828125,0.0,9384406
2026-08-19 16:30:00+00:00,218.9813995361328,218.9813995361328,0.0,219.52490234375,218.75999450683594,219.3800048828125,0.0,6246936
2026-08-19 17:30:00+00:00,219.16000366210938,219.16000366210938,0.0,219.77999877929688,218.6300048828125,218.9803924560547,0.0,6294469
2026-08-19 18:30:00+00:00,219.53500366210938,219.53500366210938,0.0,219.99000549316406,219.14999389648438,219.16000366210938,0.0,6058312
2026-08-19 19:30:00+00:00,217.64999389648438,217.64999389648438,0.0,219.84500122070312,217.0399932861328,219.5399932861328,0.0,11947374
2026-08-19 20:00:00+00:00,218.0446,218.0446,0.0,227.095,215.33,217.56,0.0,0
2026-08-19 21:00:00+00:00,218.3193,218.3193,0.0,227.095,215.6948,218.06,0.0,0
2026-08-19 22:00:00+00:00,218.6,218.6,0.0,218.91,217.56,218.32,0.0,0
2026-08-19 23:00:00+00:00,218.8244,218.8244,0.0,219.0,218.56,218.67,0.0,0
2026-08-20 08:00:00+00:00,218.34,218.34,0.0,219.5,217.56,219.09,0.0,0
2026-08-20 09:00:00+00:00,218.51,218.51,0.0,218.65,217.8855,218.48,0.0,0
2026-08-20 10:00:00+00:00,218.6159,218.6159,0.0,218.65,218.2512,218.46,0.0,0
2026-08-20 11:00:00+00:00,218.0457,218.0457,0.0,218.9,218.01,218.6475,0.0,0
2026-08-20 12:00:00+00:00,216.97,216.97,0.0,218.32,216.43,218.04,0.0,0
2026-08-20 13:00:00+00:00,218.38,218.38,0.0,218.54,216.61,216.97,0.0,0
2026-08-20 13:30:00+00:00,217.5,217.5,0.0,219.86000061035156,216.7100067138672,218.36000061035156,0.0,19258361
2026-08-20 14:30:00+00:00,216.8300018310547,216.8300018310547,0.0,218.97000122070312,216.63999938964844,217.5,0.0,11502198
2026-08-20 15:30:00+00:00,216.83999633789062,216.83999633789062,0.0,216.9600067138672,215.66000366210938,216.8000030517578,0.0,8087364
2026-08-20 16:30:00+00:00,216.2949981689453,216.2949981689453,0.0,217.97999572753906,216.1999969482422,216.8350067138672,0.0,8404406
2026-08-20 17:30:00+00:00,216.9199981689453,216.9199981689453,0.0,217.0,216.17999267578125,216.3000030517578,0.0,5010054
2026-08-20 18:30:00+00:00,217.4499969482422,217.4499969482422,0.0,217.4600067138672,216.47000122070312,216.88099670410156,0.0,6606937
2026-08-20 19:30:00+00:00,217.0500030517578,217.0500030517578,0.0,217.44000244140625,216.35499572753906,217.44000244140625,0.0,8167918
2026-08-20 20:00:00+00:00,217.0,217.0,0.0,217.14,216.65,217.01,0.0,0
2026-08-20 21:00:00+00:00,217.1605,217.1605,0.0,230.3812,203.2372,217.02,0.0,0
2026-08-20 22:00:00+00:00,217.15,217.15,0.0,217.24,216.54,217.199,0.0,0
2026-08-20 23:00:00+00:00,217.05,217.05,0.0,217.24,217.02,217.1912,0.0,0
2026-08-21 08:00:00+00:00,218.0,218.0,0.0,218.3,216.85,217.75,0.0,0
2026-08-21 09:00:00+00:00,216.51,216.51,0.0,218.48,213.02,217.96,0.0,0
2026-08-21 10:00:00+00:00,217.6,217.6,0.0,217.65,216.36,216.48,0.0,0
2026-08-21 11:00:00+00:00,218.219,218.219,0.0,218.38,217.25,217.6,0.0,0
2026-08-21 12:00:00+00:00,218.12,218.12,0.0,218.66,217.76,218.22,0.0,0
2026-08-21 13:00:00+00:00,218.45,218.45,0.0,218.7097,216.12,218.136,0.0,0
2026-08-21 13:30:00+00:00,214.6446075439453,214.6446075439453,0.0,218.74000549316406,214.5850067138672,218.4199981689453,0.0,32276874
2026-08-21 14:30:00+00:00,215.8300018310547,215.8300018310547,0.0,215.9499969482422,214.5,214.64990234375,0.0,10991780
2026-08-21 15:30:00+00:00,215.67999267578125,215.67999267578125,0.0,217.02499389648438,215.4300994873047,215.82000732421875,0.0,9577215
2026-08-21 16:30:00+00:00,215.0800018310547,215.0800018310547,0.0,215.82000732421875,214.63499450683594,215.67010498046875,0.0,7493432
2026-08-21 17:30:00+00:00,215.3699951171875,215.3699951171875,0.0,216.12680053710938,214.89999389648438,215.0850067138672,0.0,7216980
2026-08-21 18:30:00+00:00,214.8800048828125,214.8800048828125,0.0,215.4600067138672,214.72500610351562,215.36000061035156,0.0,6506839
2026-08-21 19:30:00+00:00,214.75,214.75,0.0,215.47999572753906,214.57000732421875,214.8800048828125,0.0,8523398
2026-08-21 20:00:00+00:00,215.03,215.03,0.0,215.15,214.69,214.76,0.0,0
2026-08-21 21:00:00+00:00,215.18,215.18,0.0,216.0477,214.72,215.04,0.0,0
2026-08-21 22:00:00+00:00,215.3619,215.3619,0.0,215.39,214.72,215.179,0.0,0
2026-08-21 23:00:00+00:00,215.38,215.38,0.0,215.48,215.32,215.3643,0.0,0
2026-08-24 08:00:00+00:00,214.87,214.87,0.0,216.4,214.3,215.18,0.0,0
2026-08-24 09:00:00+00:00,214.7627,214.7627,0.0,215.5,214.6125,215.0,0.0,0
2026-08-24 10:00:00+00:00,214.9,214.9,0.0,215.4,214.7,214.7828,0.0,0
2026-08-24 11:00:00+00:00,214.01,214.01,0.0,215.25,212.81,214.9,0.0,0
2026-08-24 12:00:00+00:00,214.7,214.7,0.0,214.89,214.01,214.1,0.0,0
2026-08-24 13:00:00+00:00,215.73,215.73,0.0,215.9,214.3,214.7,0.0,0
2026-08-24 13:30:00+00:00,209.36000061035156,209.36000061035156,0.0,215.58999633789062,208.6199951171875,215.3800048828125,0.0,33308701
2026-08-24 14:30:00+00:00,209.8699951171875,209.8699951171875,0.0,210.34500122070312,208.86000061035156,209.35000610351562,0.0,16077894
2026-08-24 15:30:00+00:00,210.6699981689453,210.6699981689453,0.0,211.02999877929688,209.58999633789062,209.85499572753906,0.0,12455353
2026-08-24 16:30:00+00:00,209.2722930908203,209.2722930908203,0.0,210.75,209.1699981689453,210.6699981689453,0.0,8261610
2026-08-24 17:30:00+00:00,210.38999938964844,210.38999938964844,0.0,210.4199981689453,209.1999969482422,209.27999877929688,0.0,7195595
2026-08-24 18:30:00+00:00,209.3699951171875,209.3699951171875,0.0,210.47999572753906,209.11000061035156,210.38999938964844,0.0,9234044
2026-08-24 19:30:00+00:00,208.4600067138672,208.4600067138672,0.0,209.47000122070312,207.3699951171875,209.3699951171875,0.0,15642243
2026-08-24 20:00:00+00:00,208.67,208.67,0.0,209.8496,208.08,208.49,0.0,0
2026-08-24 21:00:00+00:00,208.7759,208.7759,0.0,223.1792,206.0108,208.66,0.0,0
2026-08-24 22:00:00+00:00,208.69,208.69,0.0,208.94,208.58,208.8,0.0,0
2026-08-24 23:00:00+00:00,208.8,208.8,0.0,208.978,208.56,208.69,0.0,0
2026-08-25 08:00:00+00:00,210.6817,210.6817,0.0,210.93,208.48,210.52,0.0,0
2026-08-25 09:00:00+00:00,210.89,210.89,0.0,211.4973,210.54,210.7482,0.0,0
2026-08-25 10:00:00+00:00,211.1897,211.1897,0.0,211.4922,210.74,210.8974,0.0,0
2026-08-25 11:00:00+00:00,210.54,210.54,0.0,211.4935,210.01,211.1973,0.0,0
2026-08-25 12:00:00+00:00,211.27,211.27,0.0,211.36,210.49,210.5727,0.0,0
2026-08-25 13:00:00+00:00,211.05,211.05,0.0,211.47,211.0,211.29,0.0,0
2026-08-25 13:30:00+00:00,211.8199005126953,211.8199005126953,0.0,214.72909545898438,210.11000061035156,211.02499389648438,0.0,34049760
2026-08-25 14:30:00+00:00,211.19500732421875,211.19500732421875,0.0,212.0399932861328,210.19000244140625,211.8000946044922,0.0,15545762
2026-08-25 15:30:00+00:00,212.1999969482422,212.1999969482422,0.0,212.3195037841797,210.88999938964844,211.1999969482422,0.0,9384332
2026-08-25 16:30:00+00:00,212.25999450683594,212.25999450683594,0.0,212.5800018310547,211.72000122070312,212.22000122070312,0.0,8252922
2026-08-25 17:30:00+00:00,212.2550048828125,212.2550048828125,0.0,212.52000427246094,208.47999572753906,212.27000427246094,0.0,5895282
2026-08-25 18:30:00+00:00,212.03500366210938,212.03500366210938,0.0,213.43499755859375,211.7100067138672,212.25999450683594,0.0,10411266
2026-08-25 19:30:00+00:00,212.97999572753906,212.97999572753906,0.0,213.22999572753906,211.88999938964844,212.02999877929688,0.0,8922989
2026-08-25 20:00:00+00:00,213.59,213.59,0.0,222.29,212.95,212.97,0.0,0
2026-08-25 21:00:00+00:00,213.99,213.99,0.0,218.6291,200.1337,213.59,0.0,0
2026-08-25 22:00:00+00:00,214.14,214.14,0.0,214.3,213.05,213.95,0.0,0
2026-08-25 23:00:00+00:00,213.67,213.67,0.0,214.18,213.5,214.17,0.0,0
2026-08-26 08:00:00+00:00,213.8167,213.8167,0.0,214.3,213.05,213.83,0.0,0
2026-08-26 09:00:00+00:00,213.55,213.55,0.0,213.9,213.4,213.6932,0.0,0
2026-08-26 10:00:00+00:00,213.6182,213.6182,0.0,213.8,213.4922,213.4922,0.0,0
2026-08-26 11:00:00+00:00,213.5115,213.5115,0.0,214.05,213.05,213.5515,0.0,0
2026-08-26 12:00:00+00:00,213.3,213.3,0.0,213.67,212.45,213.5115,0.0,0
2026-08-26 13:00:00+00:00,212.4915,212.4915,0.0,213.47,212.14,213.2972,0.0,0
2026-08-26 13:30:00+00:00,210.50259399414062,210.50259399414062,0.0,213.60000610351562,210.19320678710938,212.4199981689453,0.0,25202730
2026-08-26 14:30:00+00:00,211.08270263671875,211.08270263671875,0.0,211.52999877929688,210.08079528808594,210.49009704589844,0.0,12315793
2026-08-26 15:30:00+00:00,210.17990112304688,210.17990112304688,0.0,211.42999267578125,209.75999450683594,211.08990478515625,0.0,10716305
2026-08-26 16:30:00+00:00,210.06500244140625,210.06500244140625,0.0,210.32000732421875,209.47000122070312,210.1750030517578,0.0,10464674
2026-08-26 17:30:00+00:00,210.78500366210938,210.78500366210938,0.0,210.9149932861328,209.89999389648438,210.05999755859375,0.0,10633222
2026-08-26 18:30:00+00:00,210.88999938964844,210.88999938964844,0.0,211.3300018310547,210.49000549316406,210.78500366210938,0.0,13711133
2026-08-26 19:30:00+00:00,209.9499969482422,209.9499969482422,0.0,210.9949951171875,209.22999572753906,210.89500427246094,0.0,19896937
2026-08-26 20:00:00+00:00,210.54,210.54,0.0,211.5,203.5,209.96,0.0,0
2026-08-26 21:00:00+00:00,219.02,219.02,0.0,226.2547,208.46,210.4977,0.0,0
2026-08-26 22:00:00+00:00,218.7,218.7,0.0,219.64,209.66,219.0012,0.0,0
2026-08-26 23:00:00+00:00,219.53,219.53,0.0,219.64,217.7712,218.6977,0.0,0
2026-08-27 08:00:00+00:00,225.71,225.71,0.0,225.93,209.66,222.0,0.0,0
2026-08-27 09:00:00+00:00,224.7485,224.7485,0.0,226.81,224.52,225.6,0.0,0
2026-08-27 10:00:00+00:00,223.9572,223.9572,0.0,225.39,223.88,224.75,0.0,0
2026-08-27 11:00:00+00:00,222.3003,222.3003,0.0,225.0,222.3,223.93,0.0,0
2026-08-27 12:00:00+00:00,223.2999,223.2999,0.0,223.68,221.5,222.3002,0.0,0
2026-08-27 13:00:00+00:00,222.86,222.86,0.0,223.99,221.5,223.2959,0.0,0
2026-08-27 13:30:00+00:00,225.72000122070312,225.72000122070312,0.0,226.39999389648438,220.89999389648438,222.5850067138672,0.0,107486188
2026-08-27 14:30:00+00:00,225.4499969482422,225.4499969482422,0.0,227.30999755859375,223.5,225.72000122070312,0.0,33732591
2026-08-27 15:30:00+00:00,228.52499389648438,228.52499389648438,0.0,228.63999938964844,224.83999633789062,225.4499969482422,0.0,26653270
2026-08-27 16:30:00+00:00,229.24949645996094,229.24949645996094,0.0,230.47000122070312,228.31500244140625,228.52999877929688,0.0,32466294
2026-08-27 17:30:00+00:00,226.08999633789062,226.08999633789062,0.0,229.60000610351562,226.0800018310547,229.24000549316406,0.0,20894230
2026-08-27 18:30:00+00:00,227.2100067138672,227.2100067138672,0.0,227.47999572753906,225.35000610351562,226.10000610351562,0.0,23071561
2026-08-27 19:30:00+00:00,228.0500030517578,228.0500030517578,0.0,228.97999572753906,226.94580078125,227.1999969482422,0.0,19429849
2026-08-27 20:00:00+00:00,226.8255,226.8255,0.0,228.23,226.58,227.91,0.0,0
2026-08-27 21:00:00+00:00,225.95,225.95,0.0,233.7118,222.3682,226.802,0.0,0
2026-08-27 22:00:00+00:00,226.3,226.3,0.0,227.98,225.83,226.01,0.0,0
2026-08-27 23:00:00+00:00,226.149,226.149,0.0,226.44,225.9997,226.3599,0.0,0
2026-08-28 08:00:00+00:00,225.43,225.43,0.0,227.98,225.28,226.6,0.0,0
2026-08-28 09:00:00+00:00,225.71,225.71,0.0,226.0,225.2,225.43,0.0,0
2026-08-28 10:00:00+00:00,226.4673,226.4673,0.0,226.56,225.4927,225.71,0.0,0
2026-08-28 11:00:00+00:00,227.2685,227.2685,0.0,227.5,226.4457,226.4457,0.0,0
2026-08-28 12:00:00+00:00,227.81,227.81,0.0,227.84,226.65,227.2111,0.0,0
2026-08-28 13:00:00+00:00,227.3,227.3,0.0,228.7,226.58,227.8243,0.0,0
2026-08-28 13:30:00+00:00,225.11500549316406,225.11500549316406,0.0,229.25999450683594,223.25,227.3300018310547,0.0,45899802
2026-08-28 14:30:00+00:00,224.0,224.0,0.0,226.91000366210938,223.5,225.11500549316406,0.0,22092103
2026-08-28 15:30:00+00:00,220.17999267578125,220.17999267578125,0.0,224.19000244140625,219.94000244140625,224.0,0.0,25938017
2026-08-28 16:30:00+00:00,218.69000244140625,218.69000244140625,0.0,220.9499969482422,217.88999938964844,220.1999969482422,0.0,22368616
2026-08-28 17:30:00+00:00,218.39500427246094,218.39500427246094,0.0,219.8300018310547,218.07000732421875,218.6999969482422,0.0,13800971
2026-08-28 18:30:00+00:00,217.27999877929688,217.27999877929688,0.0,218.69000244140625,216.80999755859375,218.39500427246094,0.0,19575302
2026-08-28 19:30:00+00:00,217.5399932861328,217.5399932861328,0.0,218.1802978515625,216.92999267578125,217.2899932861328,0.0,17752300
2026-08-28 20:00:00+00:00,217.7499,217.7499,0.0,221.6755,217.4,217.51,0.0,0
2026-08-28 21:00:00+00:00,217.7805,217.7805,0.0,232.0498,217.55,217.7303,0.0,0
2026-08-28 22:00:00+00:00,217.8769,217.8769,0.0,217.98,217.7,217.7809,0.0,0
2026-08-28 23:00:00+00:00,217.89,217.89,0.0,227.69,217.85,217.88,0.0,0
2026-08-31 08:00:00+00:00,218.73,218.73,0.0,219.16,217.3022,218.9988,0.0,0
2026-08-31 09:00:00+00:00,219.17,219.17,0.0,219.31,218.73,218.73,0.0,0
2026-08-31 10:00:00+00:00,219.11,219.11,0.0,219.2,218.5,219.17,0.0,0
2026-08-31 11:00:00+00:00,218.962,218.962,0.0,219.2467,217.55,219.11,0.0,0
2026-08-31 12:00:00+00:00,218.7,218.7,0.0,219.1,218.49,218.95,0.0,0
2026-08-31 13:00:00+00:00,218.98,218.98,0.0,219.0,217.73,218.7,0.0,0
2026-08-31 13:30:00+00:00,220.07000732421875,220.07000732421875,0.0,220.36000061035156,216.2100067138672,218.86199951171875,0.0,31252089
2026-08-31 14:30:00+00:00,220.27000427246094,220.27000427246094,0.0,220.60000610351562,219.1199951171875,220.07000732421875,0.0,12671411
2026-08-31 15:30:00+00:00,220.22540283203125,220.22540283203125,0.0,220.36000061035156,219.10000610351562,220.25,0.0,8168409
2026-08-31 16:30:00+00:00,219.3699951171875,219.3699951171875,0.0,220.2899932861328,219.33999633789062,220.2299041748047,0.0,6945756
2026-08-31 17:30:00+00:00,218.97000122070312,218.97000122070312,0.0,220.02000427246094,218.9105987548828,219.36000061035156,0.0,7282736
2026-08-31 18:30:00+00:00,219.82000732421875,219.82000732421875,0.0,219.8498992919922,217.7100067138672,218.9499969482422,0.0,12669946
2026-08-31 19:30:00+00:00,220.8800048828125,220.8800048828125,0.0,221.3000030517578,219.272705078125,219.82000732421875,0.0,13880736
2026-08-31 20:00:00+00:00,220.66,220.66,0.0,235.9964,220.43,220.85,0.0,0
2026-08-31 21:00:00+00:00,220.53,220.53,0.0,233.878,210.1876,220.65,0.0,0
2026-08-31 22:00:00+00:00,220.28,220.28,0.0,220.58,220.26,220.5298,0.0,0
2026-08-31 23:00:00+00:00,220.27,220.27,0.0,220.5,220.19,220.271,0.0,0
2026-09-01 08:00:00+00:00,218.44,218.44,0.0,220.89,218.44,220.205,0.0,0
2026-09-01 09:00:00+00:00,217.61,217.61,0.0,218.74,217.52,218.48,0.0,0
2026-09-01 10:00:00+00:00,218.31,218.31,0.0,218.5,217.6,217.65,0.0,0
2026-09-01 11:00:00+00:00,218.01,218.01,0.0,220.78,217.7,218.3,0.0,0
2026-09-01 12:00:00+00:00,217.4773,217.4773,0.0,220.78,217.23,218.0,0.0,0
2026-09-01 13:00:00+00:00,216.77,216.77,0.0,220.78,216.64,217.45,0.0,0
2026-09-01 13:30:00+00:00,217.61000061035156,217.61000061035156,0.0,218.38999938964844,215.10000610351562,216.61000061035156,0.0,27988912
2026-09-01 14:30:00+00:00,218.8000030517578,218.8000030517578,0.0,218.8000030517578,217.52999877929688,217.61000061035156,0.0,10756815
2026-09-01 15:30:00+00:00,219.5800018310547,219.5800018310547,0.0,220.41000366210938,218.6999969482422,218.8000030517578,0.0,12252538
2026-09-01 16:30:00+00:00,218.3596954345703,218.3596954345703,0.0,219.8498992919922,218.1300048828125,219.60000610351562,0.0,8549235
2026-09-01 17:30:00+00:00,217.4593048095703,217.4593048095703,0.0,218.60000610351562,217.2899932861328,218.34500122070312,0.0,6829555
2026-09-01 18:30:00+00:00,217.58999633789062,217.58999633789062,0.0,217.91009521484375,216.35009765625,217.4600067138672,0.0,10236675
2026-09-01 19:30:00+00:00,217.5399932861328,217.5399932861328,0.0,217.6999969482422,216.63999938964844,217.60000610351562,0.0,9239679
2026-09-01 20:00:00+00:00,218.3371,218.3371,0.0,219.4824,208.233,217.58,0.0,0
2026-09-01 21:00:00+00:00,217.6,217.6,0.0,224.9013,208.233,217.5107,0.0,0
2026-09-01 22:00:00+00:00,217.49,217.49,0.0,217.75,217.21,217.6,0.0,0
2026-09-01 23:00:00+00:00,217.4798,217.4798,0.0,217.61,217.4,217.48,0.0,0
2026-09-02 08:00:00+00:00,217.34,217.34,0.0,217.6995,216.933,217.496,0.0,0
2026-09-02 09:00:00+00:00,216.6888,216.6888,0.0,217.5,216.486,217.35,0.0,0
2026-09-02 10:00:00+00:00,216.7032,216.7032,0.0,216.867,216.35,216.65,0.0,0
2026-09-02 11:00:00+00:00,216.9688,216.9688,0.0,217.44,216.07,216.7975,0.0,0
2026-09-02 12:00:00+00:00,218.3031,218.3031,0.0,218.6,216.75,216.92,0.0,0
2026-09-02 13:00:00+00:00,218.86,218.86,0.0,218.98,217.75,218.3,0.0,0
2026-09-02 13:30:00+00:00,222.8300018310547,222.8300018310547,0.0,223.44000244140625,218.47999572753906,218.78500366210938,0.0,33462245
2026-09-02 14:30:00+00:00,226.30999755859375,226.30999755859375,0.0,227.0,222.59820556640625,222.83999633789062,0.0,30878760
2026-09-02 15:30:00+00:00,227.0399932861328,227.0399932861328,0.0,227.9499969482422,225.77000427246094,226.32000732421875,0.0,23181164
2026-09-02 16:30:00+00:00,225.5072021484375,225.5072021484375,0.0,227.67999267578125,224.75,227.033203125,0.0,15789712
2026-09-02 17:30:00+00:00,224.9600067138672,224.9600067138672,0.0,225.57000732421875,224.42999267578125,225.5198974609375,0.0,11584569
2026-09-02 18:30:00+00:00,224.39999389648438,224.39999389648438,0.0,225.34500122070312,224.17999267578125,224.95799255371094,0.0,9886374
2026-09-02 19:30:00+00:00,224.39999389648438,224.39999389648438,0.0,224.63999938964844,223.7301025390625,224.41400146484375,0.0,10211270
2026-09-02 20:00:00+00:00,224.06,224.06,0.0,233.4137,215.6948,224.41,0.0,0
2026-09-02 21:00:00+00:00,225.0199,225.0199,0.0,234.2166,215.6948,224.04,0.0,0
2026-09-02 22:00:00+00:00,224.9515,224.9515,0.0,225.19,224.55,224.9,0.0,0
2026-09-02 23:00:00+00:00,225.35,225.35,0.0,225.5,224.71,225.01,0.0,0
2026-09-03 08:00:00+00:00,225.77,225.77,0.0,226.3762,224.41,225.46,0.0,0
2026-09-03 09:00:00+00:00,225.1955,225.1955,0.0,225.78,225.0,225.77,0.0,0
2026-09-03 10:00:00+00:00,224.6664,224.6664,0.0,225.197,224.39,225.02,0.0,0
2026-09-03 11:00:00+00:00,224.4817,224.4817,0.0,224.9,224.11,224.648,0.0,0
2026-09-03 12:00:00+00:00,225.05,225.05,0.0,225.05,223.01,224.52,0.0,0
2026-09-03 13:00:00+00:00,226.01,226.01,0.0,226.3,224.76,225.0299,0.0,0
2026-09-03 13:30:00+00:00,227.38999938964844,227.38999938964844,0.0,229.07000732421875,224.75,226.02000427246094,0.0,36298079
2026-09-03 14:30:00+00:00,227.81500244140625,227.81500244140625,0.0,227.9499969482422,225.44000244140625,227.38499450683594,0.0,17066881
2026-09-03 15:30:00+00:00,227.0399932861328,227.0399932861328,0.0,228.09970092773438,226.8800048828125,227.8300018310547,0.0,10540837
2026-09-03 16:30:00+00:00,227.44000244140625,227.44000244140625,0.0,227.94000244140625,227.02000427246094,227.02999877929688,0.0,6889961
2026-09-03 17:30:00+00:00,229.50999450683594,229.50999450683594,0.0,230.39999389648438,227.39999389648438,227.44009399414062,0.0,24939705
2026-09-03 18:30:00+00:00,229.53799438476562,229.53799438476562,0.0,230.10000610351562,229.1699981689453,229.5137939453125,0.0,9640877
2026-09-03 19:30:00+00:00,228.39999389648438,228.39999389648438,0.0,229.69000244140625,228.3300018310547,229.5500030517578,0.0,9515504
2026-09-03 20:00:00+00:00,228.4972,228.4972,0.0,237.9406,218.6296,228.41,0.0,0
2026-09-03 21:00:00+00:00,228.9,228.9,0.0,237.9406,215.0322,228.49,0.0,0
2026-09-03 22:00:00+00:00,229.4523,229.4523,0.0,229.52,228.73,228.9177,0.0,0
2026-09-03 23:00:00+00:00,229.622,229.622,0.0,229.96,229.4,229.46,0.0,0
2026-09-04 08:00:00+00:00,230.8769,230.8769,0.0,230.98,228.45,230.35,0.0,0
2026-09-04 09:00:00+00:00,230.26,230.26,0.0,230.9053,229.85,230.89,0.0,0
2026-09-04 10:00:00+00:00,232.26,232.26,0.0,232.49,230.26,230.28,0.0,0
2026-09-04 11:00:00+00:00,231.1143,231.1143,0.0,232.3355,228.45,232.143,0.0,0
2026-09-04 12:00:00+00:00,231.7,231.7,0.0,232.13,230.9,231.0517,0.0,0
2026-09-04 13:00:00+00:00,231.13,231.13,0.0,231.7772,230.12,231.7772,0.0,0
2026-09-04 13:30:00+00:00,234.71609497070312,234.71609497070312,0.0,234.75999450683594,229.82000732421875,231.14199829101562,0.0,47125731
2026-09-04 14:30:00+00:00,231.78500366210938,231.78500366210938,0.0,234.74000549316406,231.64999389648438,234.72000122070312,0.0,17694038
2026-09-04 15:30:00+00:00,231.15499877929688,231.15499877929688,0.0,232.05889892578125,230.50999450683594,231.77999877929688,0.0,12153842
2026-09-04 16:30:00+00:00,230.75,230.75,0.0,232.23500061035156,230.60299682617188,231.14999389648438,0.0,10721650
2026-09-04 17:30:00+00:00,230.35000610351562,230.35000610351562,0.0,230.77999877929688,229.89999389648438,230.74000549316406,0.0,9211968
2026-09-04 18:30:00+00:00,229.8699951171875,229.8699951171875,0.0,230.72000122070312,229.85000610351562,230.35000610351562,0.0,8192578
2026-09-04 19:30:00+00:00,230.34500122070312,230.34500122070312,0.0,231.08999633789062,229.6300048828125,229.8699951171875,0.0,11049496
2026-09-04 20:00:00+00:00,230.0,230.0,0.0,230.36,229.56,230.36,0.0,0
2026-09-04 21:00:00+00:00,230.081,230.081,0.0,242.8142,216.0477,229.9844,0.0,0
2026-09-04 22:00:00+00:00,229.9397,229.9397,0.0,230.15,229.8617,230.089,0.0,0
2026-09-04 23:00:00+00:00,229.5,229.5,0.0,230.18,227.41,229.94,0.0,0
2026-09-08 08:00:00+00:00,230.808,230.808,0.0,233.0502,230.3125,231.0,0.0,0
2026-09-08 09:00:00+00:00,230.95,230.95,0.0,231.0,230.28,230.73,0.0,0
2026-09-08 10:00:00+00:00,231.7,231.7,0.0,231.9845,230.9512,230.99,0.0,0
2026-09-08 11:00:00+00:00,231.0201,231.0201,0.0,231.75,230.36,231.6427,0.0,0
2026-09-08 12:00:00+00:00,231.8,231.8,0.0,231.89,230.75,231.08,0.0,0
2026-09-08 13:00:00+00:00,233.21,233.21,0.0,233.23,231.76,231.818,0.0,0
2026-09-08 13:30:00+00:00,227.9423065185547,227.9423065185547,0.0,233.7100067138672,227.6300048828125,233.2100067138672,0.0,32088207
2026-09-08 14:30:00+00:00,226.8699951171875,226.8699951171875,0.0,227.9600067138672,226.37440490722656,227.9600067138672,0.0,17923121
2026-09-08 15:30:00+00:00,225.66000366210938,225.66000366210938,0.0,227.13999938964844,225.57000732421875,226.87159729003906,0.0,12939539
2026-09-08 16:30:00+00:00,225.64999389648438,225.64999389648438,0.0,226.36990356445312,225.4600067138672,225.6699981689453,0.0,10220505
2026-09-08 17:30:00+00:00,226.0800018310547,226.0800018310547,0.0,226.25999450683594,225.64999389648438,225.6699981689453,0.0,6210575
2026-09-08 18:30:00+00:00,225.5500030517578,225.5500030517578,0.0,226.39990234375,225.25,226.0800018310547,0.0,9408139
2026-09-08 19:30:00+00:00,225.77000427246094,225.77000427246094,0.0,225.89999389648438,224.85000610351562,225.5500030517578,0.0,11584266
2026-09-08 20:00:00+00:00,225.75,225.75,0.0,225.94,216.0287,225.78,0.0,0
2026-09-08 21:00:00+00:00,225.61,225.61,0.0,238.2209,212.9972,225.75,0.0,0
2026-09-08 22:00:00+00:00,225.9576,225.9576,0.0,226.0,225.4,225.5776,0.0,0
2026-09-08 23:00:00+00:00,225.31,225.31,0.0,225.99,225.2,225.9576,0.0,0
2026-09-09 08:00:00+00:00,226.3797,226.3797,0.0,226.4791,225.73,225.9918,0.0,0
2026-09-09 09:00:00+00:00,225.82,225.82,0.0,226.4425,225.6512,226.29,0.0,0
2026-09-09 10:00:00+00:00,224.495,224.495,0.0,225.94,223.9027,225.8,0.0,0
2026-09-09 11:00:00+00:00,224.68,224.68,0.0,224.95,224.15,224.51,0.0,0
2026-09-09 12:00:00+00:00,224.48,224.48,0.0,225.35,224.31,224.67,0.0,0
2026-09-09 13:00:00+00:00,225.31,225.31,0.0,225.3422,224.27,224.44,0.0,0
2026-09-09 13:30:00+00:00,224.88499450683594,224.88499450683594,0.0,226.17999267578125,223.5500030517578,225.27000427246094,0.0,22027814
2026-09-09 14:30:00+00:00,223.59010314941406,223.59010314941406,0.0,225.3800048828125,223.50999450683594,224.875,0.0,13475000
2026-09-09 15:30:00+00:00,223.86000061035156,223.86000061035156,0.0,224.6300048828125,223.5800018310547,223.60000610351562,0.0,7243198
2026-09-09 16:30:00+00:00,224.27000427246094,224.27000427246094,0.0,224.49000549316406,223.75,223.86000061035156,0.0,4538085
2026-09-09 17:30:00+00:00,224.19500732421875,224.19500732421875,0.0,224.4199981689453,223.89999389648438,224.27000427246094,0.0,4277313
2026-09-09 18:30:00+00:00,224.13499450683594,224.13499450683594,0.0,224.375,223.4600067138672,224.19500732421875,0.0,7081759
2026-09-09 19:30:00+00:00,223.6999969482422,223.6999969482422,0.0,224.24000549316406,223.5,224.13999938964844,0.0,8403984
2026-09-09 20:00:00+00:00,226.2547,226.2547,0.0,226.2547,223.6012,223.77,0.0,0
2026-09-09 21:00:00+00:00,223.57,223.57,0.0,230.15,223.51,223.6847,0.0,0
2026-09-09 22:00:00+00:00,223.5441,223.5441,0.0,223.67,223.46,223.6,0.0,0
2026-09-09 23:00:00+00:00,223.6699,223.6699,0.0,223.67,223.45,223.54,0.0,0
2026-09-10 08:00:00+00:00,223.4172,223.4172,0.0,223.67,222.6165,222.77,0.0,0
2026-09-10 09:00:00+00:00,223.5467,223.5467,0.0,223.599,223.05,223.4172,0.0,0
2026-09-10 10:00:00+00:00,223.2742,223.2742,0.0,223.5467,223.0,223.5467,0.0,0
2026-09-10 11:00:00+00:00,222.5975,222.5975,0.0,223.2742,222.4312,223.2742,0.0,0
2026-09-10 12:00:00+00:00,221.97,221.97,0.0,222.765,221.653,222.5025,0.0,0
2026-09-10 13:00:00+00:00,220.6912,220.6912,0.0,223.67,196.93,222.0462,0.0,0
2026-09-10 13:30:00+00:00,218.22999572753906,218.22999572753906,0.25,220.99000549316406,217.1999969482422,220.48500061035156,0.0,30316516
2026-09-10 14:30:00+00:00,218.14999389648438,218.14999389648438,0.0,218.58999633789062,217.75999450683594,218.22999572753906,0.0,12111766
2026-09-10 15:30:00+00:00,217.75,217.75,0.0,219.19000244140625,217.52999877929688,218.1436004638672,0.0,10841622
2026-09-10 16:30:00+00:00,218.69000244140625,218.69000244140625,0.0,219.1300048828125,217.63999938964844,217.75,0.0,8249653
2026-09-10 17:30:00+00:00,218.03500366210938,218.03500366210938,0.0,218.68499755859375,218.02000427246094,218.68499755859375,0.0,5185920
2026-09-10 18:30:00+00:00,218.3000030517578,218.3000030517578,0.0,218.4499969482422,217.69000244140625,218.0301055908203,0.0,7525385
2026-09-10 19:30:00+00:00,218.3800048828125,218.3800048828125,0.0,218.94000244140625,218.20010375976562,218.30990600585938,0.0,10386026
2026-09-10 20:00:00+00:00,218.4275,218.4275,0.0,223.67,218.13,218.4,0.0,0
2026-09-10 21:00:00+00:00,218.7685,218.7685,0.0,233.7118,208.1399,218.4275,0.0,0
2026-09-10 22:00:00+00:00,218.3985,218.3985,0.0,218.9,218.31,218.7685,0.0,0
2026-09-10 23:00:00+00:00,217.76,217.76,0.0,218.478,217.68,218.3985,0.0,0
2026-09-11 08:00:00+00:00,220.099,220.099,0.0,220.3,217.79,218.15,0.0,0
2026-09-11 09:00:00+00:00,220.2992,220.2992,0.0,220.56,219.84,220.099,0.0,0
2026-09-11 10:00:00+00:00,220.1995,220.1995,0.0,220.5,220.11,220.2992,0.0,0
2026-09-11 11:00:00+00:00,219.987,219.987,0.0,220.275,219.58,220.1979,0.0,0
2026-09-11 12:00:00+00:00,219.7467,219.7467,0.0,220.05,219.1,219.987,0.0,0
2026-09-11 13:00:00+00:00,221.15,221.15,0.0,221.89,218.34,219.6,0.0,0
2026-09-11 13:30:00+00:00,221.60000610351562,221.60000610351562,0.0,222.0,219.03070068359375,221.25,0.0,26775878
2026-09-11 14:30:00+00:00,220.1800994873047,220.1800994873047,0.0,221.58999633789062,219.3000030517578,221.58999633789062,0.0,11889757
2026-09-11 15:30:00+00:00,219.16000366210938,219.16000366210938,0.0,220.3000030517578,219.08999633789062,220.17999267578125,0.0,7545284
2026-09-11 16:30:00+00:00,219.25,219.25,0.0,219.42999267578125,218.64999389648438,219.16000366210938,0.0,6628515
2026-09-11 17:30:00+00:00,219.50999450683594,219.50999450683594,0.0,219.55990600585938,219.0,219.25599670410156,0.0,4305551
2026-09-11 18:30:00+00:00,218.41000366210938,218.41000366210938,0.0,220.00999450683594,218.36000061035156,219.5050048828125,0.0,7589886
2026-09-11 19:30:00+00:00,218.1999969482422,218.1999969482422,0.0,218.85000610351562,218.14999389648438,218.4199981689453,0.0,7856725
2026-09-11 20:00:00+00:00,218.3987,218.3987,0.0,230.14,218.05,218.19,0.0,0
2026-09-11 21:00:00+00:00,218.3597,218.3597,0.0,232.0498,214.971,218.3987,0.0,0
2026-09-11 22:00:00+00:00,218.2295,218.2295,0.0,218.39,218.111,218.3597,0.0,0
2026-09-11 23:00:00+00:00,218.26,218.26,0.0,218.32,218.17,218.23,0.0,0
2026-09-14 08:00:00+00:00,212.878,212.878,0.0,215.02,212.831,213.94,0.0,0
2026-09-14 09:00:00+00:00,211.45,211.45,0.0,213.1562,211.0,212.878,0.0,0
2026-09-14 10:00:00+00:00,212.009,212.009,0.0,212.18,211.44,211.4982,0.0,0
2026-09-14 11:00:00+00:00,213.289,213.289,0.0,218.29,211.5112,212.009,0.0,0
2026-09-14 12:00:00+00:00,212.8195,212.8195,0.0,217.745,212.5225,213.2987,0.0,0
2026-09-14 13:00:00+00:00,211.33,211.33,0.0,218.29,211.1,212.82,0.0,0
2026-09-14 13:30:00+00:00,210.4550018310547,210.4550018310547,0.0,211.6999969482422,208.92999267578125,211.0800018310547,0.0,48209341
2026-09-14 14:30:00+00:00,211.4600067138672,211.4600067138672,0.0,211.60000610351562,210.25,210.4499969482422,0.0,12370113
2026-09-14 15:30:00+00:00,211.7899932861328,211.7899932861328,0.0,212.3300018310547,211.1999969482422,211.4499969482422,0.0,10884055
2026-09-14 16:30:00+00:00,212.5800018310547,212.5800018310547,0.0,212.58999633789062,211.50999450683594,211.77000427246094,0.0,6861214
2026-09-14 17:30:00+00:00,212.09500122070312,212.09500122070312,0.0,212.77000427246094,212.03500366210938,212.58999633789062,0.0,8080862
2026-09-14 18:30:00+00:00,212.10499572753906,212.10499572753906,0.0,212.6199951171875,212.07000732421875,212.11000061035156,0.0,9497869
2026-09-14 19:30:00+00:00,210.88999938964844,210.88999938964844,0.0,212.39999389648438,210.7899932861328,212.10000610351562,0.0,13611670
2026-09-14 20:00:00+00:00,212.398,212.398,0.0,226.5096,199.969,210.94,0.0,0
2026-09-14 21:00:00+00:00,212.539,212.539,0.0,226.5096,199.969,212.398,0.0,0
2026-09-14 22:00:00+00:00,212.3877,212.3877,0.0,212.62,212.18,212.51,0.0,0
2026-09-14 23:00:00+00:00,212.04,212.04,0.0,212.4,212.01,212.3877,0.0,0
2026-09-15 08:00:00+00:00,211.4952,211.4952,0.0,212.61,210.96,211.81,0.0,0
2026-09-15 09:00:00+00:00,211.7465,211.7465,0.0,211.75,211.2,211.4952,0.0,0
2026-09-15 10:00:00+00:00,212.378,212.378,0.0,212.44,211.5437,211.7465,0.0,0
2026-09-15 11:00:00+00:00,212.2792,212.2792,0.0,212.64,212.15,212.302,0.0,0
2026-09-15 12:00:00+00:00,212.2882,212.2882,0.0,220.91,212.01,212.2792,0.0,0
2026-09-15 13:00:00+00:00,213.49,213.49,0.0,213.49,211.1696,212.2882,0.0,0
2026-09-15 13:30:00+00:00,212.74009704589844,212.74009704589844,0.0,213.94000244140625,211.9600067138672,213.08999633789062,0.0,25731598
2026-09-15 14:30:00+00:00,212.25999450683594,212.25999450683594,0.0,213.05999755859375,211.6300048828125,212.74000549316406,0.0,10375655
2026-09-15 15:30:00+00:00,211.97000122070312,211.97000122070312,0.0,212.47000122070312,211.80499267578125,212.2510986328125,0.0,6559427
2026-09-15 16:30:00+00:00,211.3300018310547,211.3300018310547,0.0,212.19500732421875,211.16000366210938,211.9600067138672,0.0,6306099
2026-09-15 17:30:00+00:00,212.10000610351562,212.10000610351562,0.0,212.1999969482422,211.3300018310547,211.33990478515625,0.0,5992184
2026-09-15 18:30:00+00:00,212.1363983154297,212.1363983154297,0.0,212.3300018310547,211.8800048828125,212.10000610351562,0.0,5336035
2026-09-15 19:30:00+00:00,212.1699981689453,212.1699981689453,0.0,212.3000030517578,211.75,212.11000061035156,0.0,6423537
2026-09-15 20:00:00+00:00,212.5995,212.5995,0.0,212.69,212.1112,212.14,0.0,0
2026-09-15 21:00:00+00:00,212.3682,212.3682,0.0,224.9013,200.674,212.5995,0.0,0
2026-09-15 22:00:00+00:00,212.488,212.488,0.0,212.6788,210.7,212.37,0.0,0
2026-09-15 23:00:00+00:00,212.3705,212.3705,0.0,212.4888,212.17,212.488,0.0,0
2026-09-16 08:00:00+00:00,213.636,213.636,0.0,213.9185,212.17,213.83,0.0,0
2026-09-16 09:00:00+00:00,213.07,213.07,0.0,213.6975,213.05,213.636,0.0,0
2026-09-16 10:00:00+00:00,213.2487,213.2487,0.0,213.41,213.01,213.0987,0.0,0
2026-09-16 11:00:00+00:00,213.2092,213.2092,0.0,213.52,213.0,213.2487,0.0,0
2026-09-16 12:00:00+00:00,214.2987,214.2987,0.0,214.3,213.161,213.2092,0.0,0
2026-09-16 13:00:00+00:00,214.22,214.22,0.0,214.8852,208.58,214.28,0.0,0
2026-09-16 13:30:00+00:00,215.02000427246094,215.02000427246094,0.0,215.3000030517578,213.30999755859375,213.72000122070312,0.0,21158669
2026-09-16 14:30:00+00:00,215.85000610351562,215.85000610351562,0.0,216.3000030517578,214.8415069580078,215.0399932861328,0.0,10585531
2026-09-16 15:30:00+00:00,215.8699951171875,215.8699951171875,0.0,216.75999450683594,215.50010681152344,215.85499572753906,0.0,7874787
2026-09-16 16:30:00+00:00,215.44000244140625,215.44000244140625,0.0,216.19000244140625,215.22999572753906,215.8699951171875,0.0,5713306
2026-09-16 17:30:00+00:00,215.52760314941406,215.52760314941406,0.0,216.44500732421875,214.72000122070312,215.4499969482422,0.0,8501796
2026-09-16 18:30:00+00:00,213.35000610351562,213.35000610351562,0.0,215.75860595703125,212.5,215.52000427246094,0.0,14172018
2026-09-16 19:30:00+00:00,213.91000366210938,213.91000366210938,0.0,214.4499969482422,213.1999969482422,213.3350067138672,0.0,11079331
2026-09-16 20:00:00+00:00,214.3895,214.3895,0.0,227.095,201.9537,213.91,0.0,0
2026-09-16 21:00:00+00:00,214.7382,214.7382,0.0,227.095,208.18,214.3895,0.0,0
2026-09-16 22:00:00+00:00,214.9182,214.9182,0.0,215.25,214.35,214.6787,0.0,0
2026-09-16 23:00:00+00:00,215.68,215.68,0.0,215.8,214.85,214.9182,0.0,0
2026-09-17 08:00:00+00:00,216.7587,216.7587,0.0,216.7595,213.9,216.29,0.0,0
2026-09-17 09:00:00+00:00,217.317,217.317,0.0,217.4,216.57,216.7587,0.0,0
2026-09-17 10:00:00+00:00,217.1087,217.1087,0.0,217.56,216.8,217.317,0.0,0
2026-09-17 11:00:00+00:00,216.7987,216.7987,0.0,217.38,216.3317,217.1087,0.0,0
2026-09-17 12:00:00+00:00,218.0975,218.0975,0.0,218.18,207.75,216.75,0.0,0
2026-09-17 13:00:00+00:00,218.4,218.4,0.0,219.0,217.9992,218.05,0.0,0
2026-09-17 13:30:00+00:00,219.50999450683594,219.50999450683594,0.0,219.85000610351562,217.14500427246094,218.38800048828125,0.0,27701988
2026-09-17 14:30:00+00:00,219.22999572753906,219.22999572753906,0.0,219.8699951171875,218.7700958251953,219.5050048828125,0.0,9644722
2026-09-17 15:30:00+00:00,218.92999267578125,218.92999267578125,0.0,219.27999877929688,218.6199951171875,219.24989318847656,0.0,6992686
2026-09-17 16:30:00+00:00,218.89500427246094,218.89500427246094,0.0,219.19000244140625,218.47999572753906,218.9250030517578,0.0,6983295
2026-09-17 17:30:00+00:00,219.5500030517578,219.5500030517578,0.0,219.8249969482422,218.75999450683594,218.89999389648438,0.0,6514957
2026-09-17 18:30:00+00:00,219.58999633789062,219.58999633789062,0.0,219.85499572753906,219.30999755859375,219.5500030517578,0.0,5681030
2026-09-17 19:30:00+00:00,219.39999389648438,219.39999389648438,0.0,219.89999389648438,219.22000122070312,219.5800018310547,0.0,8562627
2026-09-17 20:00:00+00:00,219.2792,219.2792,0.0,222.3682,211.4094,219.36,0.0,0
2026-09-17 21:00:00+00:00,219.4685,219.4685,0.0,230.3812,206.172,219.2792,0.0,0
2026-09-17 22:00:00+00:00,219.179,219.179,0.0,219.48,219.02,219.42,0.0,0
2026-09-17 23:00:00+00:00,219.2308,219.2308,0.0,219.3482,219.1,219.179,0.0,0
2026-09-18 08:00:00+00:00,221.5377,221.5377,0.0,222.0,219.34,221.7,0.0,0
2026-09-18 09:00:00+00:00,221.1197,221.1197,0.0,221.67,221.08,221.47,0.0,0
2026-09-18 10:00:00+00:00,220.9497,220.9497,0.0,221.15,220.5922,221.1197,0.0,0
2026-09-18 11:00:00+00:00,220.1475,220.1475,0.0,221.2,219.34,220.9497,0.0,0
2026-09-18 12:00:00+00:00,219.2178,219.2178,0.0,220.34,219.09,220.1475,0.0,0
2026-09-18 13:00:00+00:00,219.09,219.09,0.0,222.58,218.55,219.2475,0.0,0
2026-09-18 13:30:00+00:00,219.52000427246094,219.52000427246094,0.0,220.88999938964844,218.0399932861328,219.36000061035156,0.0,35875935
2026-09-18 14:30:00+00:00,219.8350067138672,219.8350067138672,0.0,219.9149932861328,218.85000610351562,219.5,0.0,12077072
2026-09-18 15:30:00+00:00,219.5395965576172,219.5395965576172,0.0,219.91009521484375,219.14999389648438,219.8300018310547,0.0,7105913
2026-09-18 16:30:00+00:00,220.0,220.0,0.0,220.2653045654297,219.4250030517578,219.5399932861328,0.0,8273841
2026-09-18 17:30:00+00:00,219.38999938964844,219.38999938964844,0.0,220.0,219.3000030517578,220.0,0.0,4911873
2026-09-18 18:30:00+00:00,219.47999572753906,219.47999572753906,0.0,219.9499969482422,219.27999877929688,219.39999389648438,0.0,8957043
2026-09-18 19:30:00+00:00,222.08999633789062,222.08999633789062,0.0,222.72999572753906,219.36000061035156,219.47999572753906,0.0,19279616
2026-09-18 20:00:00+00:00,221.9667,221.9667,0.0,222.3,221.31,222.0782,0.0,0
2026-09-18 21:00:00+00:00,222.298,222.298,0.0,234.6997,216.0477,221.9667,0.0,0
2026-09-18 22:00:00+00:00,222.2992,222.2992,0.0,230.32,222.05,222.298,0.0,0
2026-09-18 23:00:00+00:00,222.53,222.53,0.0,222.58,222.27,222.2992,0.0,0
2026-09-21 08:00:00+00:00,223.9867,223.9867,0.0,224.0,223.0832,223.2,0.0,0
2026-09-21 09:00:00+00:00,224.737,224.737,0.0,224.7975,223.86,223.9867,0.0,0
2026-09-21 10:00:00+00:00,224.3987,224.3987,0.0,224.9,224.25,224.737,0.0,0
2026-09-21 11:00:00+00:00,224.1682,224.1682,0.0,224.55,223.85,224.3512,0.0,0
2026-09-21 12:00:00+00:00,223.7292,223.7292,0.0,224.67,223.6535,224.1682,0.0,0
2026-09-21 13:00:00+00:00,222.96,222.96,0.0,223.89,222.55,223.7292,0.0,0
2026-09-21 13:30:00+00:00,223.63999938964844,223.63999938964844,0.0,224.92999267578125,221.55999755859375,222.93499755859375,0.0,23842057
2026-09-21 14:30:00+00:00,224.86000061035156,224.86000061035156,0.0,225.5,223.55999755859375,223.64500427246094,0.0,14289308
2026-09-21 15:30:00+00:00,225.5800018310547,225.5800018310547,0.0,225.79849243164062,224.85000610351562,224.875,0.0,10317129
2026-09-21 16:30:00+00:00,227.1999969482422,227.1999969482422,0.0,227.24000549316406,225.59500122070312,225.59500122070312,0.0,10793515
2026-09-21 17:30:00+00:00,227.44000244140625,227.44000244140625,0.0,227.6699981689453,226.7532958984375,227.19000244140625,0.0,8568223
2026-09-21 18:30:00+00:00,227.39500427246094,227.39500427246094,0.0,228.5,227.22999572753906,227.44000244140625,0.0,10222710
2026-09-21 19:30:00+00:00,227.25,227.25,0.0,227.67999267578125,226.94000244140625,227.39999389648438,0.0,9743315
2026-09-21 20:00:00+00:00,226.9497,226.9497,0.0,227.49,226.298,227.24,0.0,0
2026-09-21 21:00:00+00:00,226.999,226.999,0.0,229.1204,223.1792,226.9497,0.0,0
2026-09-21 22:00:00+00:00,227.269,227.269,0.0,227.38,226.96,226.999,0.0,0
2026-09-21 23:00:00+00:00,227.2938,227.2938,0.0,227.44,227.1,227.269,0.0,0
2026-09-22 08:00:00+00:00,225.9975,225.9975,0.0,227.528,225.8635,226.02,0.0,0
2026-09-22 09:00:00+00:00,226.4672,226.4672,0.0,226.878,225.87,226.0,0.0,0
2026-09-22 10:00:00+00:00,227.2965,227.2965,0.0,227.4782,226.32,226.4672,0.0,0
2026-09-22 11:00:00+00:00,226.8395,226.8395,0.0,227.67,226.81,227.2965,0.0,0
2026-09-22 12:00:00+00:00,226.9372,226.9372,0.0,227.06,226.5,226.8395,0.0,0
2026-09-22 13:00:00+00:00,226.92,226.92,0.0,226.94,225.5607,226.8327,0.0,0
2026-09-22 13:30:00+00:00,228.22999572753906,228.22999572753906,0.0,229.60000610351562,226.5,226.91000366210938,0.0,23815783
2026-09-22 14:30:00+00:00,228.81500244140625,228.81500244140625,0.0,229.11000061035156,227.63999938964844,228.22000122070312,0.0,10803332
2026-09-22 15:30:00+00:00,228.67999267578125,228.67999267578125,0.0,229.07000732421875,228.16000366210938,228.80999755859375,0.0,6586836
2026-09-22 16:30:00+00:00,229.47000122070312,229.47000122070312,0.0,229.97999572753906,228.59500122070312,228.6750030517578,0.0,8029657
2026-09-22 17:30:00+00:00,229.42999267578125,229.42999267578125,0.0,229.54739379882812,228.74110412597656,229.47000122070312,0.0,6394369
2026-09-22 18:30:00+00:00,229.6885986328125,229.6885986328125,0.0,229.80499267578125,229.1699981689453,229.43499755859375,0.0,7178904
2026-09-22 19:30:00+00:00,228.8300018310547,228.8300018310547,0.0,229.9199981689453,228.60000610351562,229.67999267578125,0.0,8360065
2026-09-22 20:00:00+00:00,228.1877,228.1877,0.0,228.95,212.9972,228.81,0.0,0
2026-09-22 21:00:00+00:00,228.1497,228.1497,0.0,267.9975,198.1862,228.1877,0.0,0
2026-09-22 22:00:00+00:00,228.3295,228.3295,0.0,228.5,228.1401,228.1497,0.0,0
2026-09-22 23:00:00+00:00,228.56,228.56,0.0,228.65,228.2812,228.3295,0.0,0
2026-09-23 08:00:00+00:00,229.187,229.187,0.0,229.25,228.14,228.84,0.0,0
2026-09-23 09:00:00+00:00,229.3292,229.3292,0.0,229.35,228.9,229.187,0.0,0
2026-09-23 10:00:00+00:00,229.1072,229.1072,0.0,229.39,228.8015,229.3292,0.0,0
2026-09-23 11:00:00+00:00,227.9072,227.9072,0.0,229.178,227.702,229.1072,0.0,0
2026-09-23 12:00:00+00:00,227.6985,227.6985,0.0,228.87,227.3017,227.9072,0.0,0
2026-09-23 13:00:00+00:00,228.07,228.07,0.0,228.12,227.28,227.6985,0.0,0
2026-09-23 13:30:00+00:00,225.60499572753906,225.60499572753906,0.0,228.9499969482422,225.02000427246094,228.0800018310547,0.0,20711328
2026-09-23 14:30:00+00:00,225.3699951171875,225.3699951171875,0.0,226.64990234375,225.2301025390625,225.61990356445312,0.0,10163210
2026-09-23 15:30:00+00:00,224.52000427246094,224.52000427246094,0.0,225.6699981689453,224.42999267578125,225.3699951171875,0.0,8086577
2026-09-23 16:30:00+00:00,224.4499969482422,224.4499969482422,0.0,224.85000610351562,224.02000427246094,224.52000427246094,0.0,8139060
2026-09-23 17:30:00+00:00,225.53500366210938,225.53500366210938,0.0,225.6300048828125,224.37010192871094,224.44549560546875,0.0,5331674
2026-09-23 18:30:00+00:00,225.10000610351562,225.10000610351562,0.0,225.5570068359375,225.0299072265625,225.53500366210938,0.0,4911038
2026-09-23 19:30:00+00:00,225.50999450683594,225.50999450683594,0.0,225.8000030517578,224.72500610351562,225.10000610351562,0.0,8732049
2026-09-23 20:00:00+00:00,225.3485,225.3485,0.0,226.2547,225.11,225.54,0.0,0
2026-09-23 21:00:00+00:00,225.1877,225.1877,0.0,228.2,225.0,225.3485,0.0,0
2026-09-23 22:00:00+00:00,225.2592,225.2592,0.0,225.51,225.05,225.1877,0.0,0
2026-09-23 23:00:00+00:00,225.0409,225.0409,0.0,225.3475,225.04,225.2592,0.0,0
2026-09-24 08:00:00+00:00,222.9057,222.9057,0.0,225.51,222.7,224.15,0.0,0
2026-09-24 09:00:00+00:00,222.9085,222.9085,0.0,223.165,222.3157,222.9057,0.0,0
2026-09-24 10:00:00+00:00,222.8462,222.8462,0.0,223.1,222.28,222.9085,0.0,0
2026-09-24 11:00:00+00:00,222.9377,222.9377,0.0,223.64,222.7,222.8462,0.0,0
2026-09-24 12:00:00+00:00,223.4952,223.4952,0.0,223.7467,222.5525,222.9377,0.0,0
2026-09-24 13:00:00+00:00,222.09,222.09,0.0,223.5,221.7,223.4952,0.0,0
2026-09-24 13:30:00+00:00,222.46499633789062,222.46499633789062,0.0,223.2299041748047,221.09080505371094,222.64999389648438,0.0,16949609
2026-09-24 14:30:00+00:00,221.9499969482422,221.9499969482422,0.0,222.72000122070312,221.3699951171875,222.46499633789062,0.0,8303010
2026-09-24 15:30:00+00:00,223.3563995361328,223.3563995361328,0.0,223.92999267578125,221.69000244140625,221.9600067138672,0.0,7081490
2026-09-24 16:30:00+00:00,224.1300048828125,224.1300048828125,0.0,224.6300048828125,223.1699981689453,223.35000610351562,0.0,7843168
2026-09-24 17:30:00+00:00,223.9600067138672,223.9600067138672,0.0,224.38999938964844,223.32000732421875,224.11500549316406,0.0,5612926
2026-09-24 18:30:00+00:00,223.75999450683594,223.75999450683594,0.0,224.47889709472656,223.64999389648438,223.9499969482422,0.0,5071913
2026-09-24 19:30:00+00:00,224.5399932861328,224.5399932861328,0.0,224.89999389648438,223.42999267578125,223.75,0.0,9608381
2026-09-24 20:00:00+00:00,223.9907,223.9907,0.0,224.6272,222.3682,224.49,0.0,0
2026-09-24 21:00:00+00:00,224.028,224.028,0.0,233.7118,215.33,224.01,0.0,0
2026-09-24 22:00:00+00:00,224.0987,224.0987,0.0,224.15,223.7,224.028,0.0,0
2026-09-24 23:00:00+00:00,223.82,223.82,0.0,224.1,223.7506,224.0987,0.0,0
2026-09-25 08:00:00+00:00,225.9382,225.9382,0.0,226.0,224.3337,224.53,0.0,0
2026-09-25 09:00:00+00:00,226.4282,226.4282,0.0,226.4985,225.6732,225.9382,0.0,0
2026-09-25 10:00:00+00:00,226.2382,226.2382,0.0,226.5,226.0097,226.4282,0.0,0
2026-09-25 11:00:00+00:00,226.1782,226.1782,0.0,226.3,225.3355,226.2382,0.0,0
2026-09-25 12:00:00+00:00,225.9782,225.9782,0.0,226.3788,225.82,226.1782,0.0,0
2026-09-25 13:00:00+00:00,225.13,225.13,0.0,225.98,224.58,225.9782,0.0,0
2026-09-25 13:30:00+00:00,223.27000427246094,223.27000427246094,0.0,226.94000244140625,223.21299743652344,225.25,0.0,21521468
2026-09-25 14:30:00+00:00,224.16000366210938,224.16000366210938,0.0,224.6750030517578,223.13290405273438,223.27999877929688,0.0,8696789
2026-09-25 15:30:00+00:00,225.02999877929688,225.02999877929688,0.0,225.8699951171875,223.30999755859375,224.17999267578125,0.0,10513612
2026-09-25 16:30:00+00:00,225.05999755859375,225.05999755859375,0.0,225.35000610351562,224.41000366210938,225.02000427246094,0.0,6670894
2026-09-25 17:30:00+00:00,224.35499572753906,224.35499572753906,0.0,225.17999267578125,224.30999755859375,225.05999755859375,0.0,5737329
2026-09-25 18:30:00+00:00,223.79429626464844,223.79429626464844,0.0,224.7100067138672,223.5500030517578,224.35000610351562,0.0,6963025
2026-09-25 19:30:00+00:00,225.0800018310547,225.0800018310547,0.0,225.5299072265625,223.66009521484375,223.7899932861328,0.0,11243345
2026-09-25 20:00:00+00:00,225.0687,225.0687,0.0,234.8373,221.6373,225.08,0.0,0
2026-09-25 21:00:00+00:00,225.1887,225.1887,0.0,234.8373,219.415,225.0687,0.0,0
2026-09-25 22:00:00+00:00,225.1092,225.1092,0.0,225.2,225.0201,225.1887,0.0,0
2026-09-25 23:00:00+00:00,225.0,225.0,0.0,225.11,224.9,225.1092,0.0,0
2026-09-28 08:00:00+00:00,223.1957,223.1957,0.0,224.3967,222.8712,224.15,0.0,0
2026-09-28 09:00:00+00:00,224.9,224.9,0.0,225.07,222.75,223.1957,0.0,0
2026-09-28 10:00:00+00:00,224.2592,224.2592,0.0,224.9085,224.1072,224.9085,0.0,0
2026-09-28 11:00:00+00:00,227.6,227.6,0.0,229.48,223.69,224.2592,0.0,0
2026-09-28 12:00:00+00:00,228.8312,228.8312,0.0,229.2685,224.508,227.5977,0.0,0
2026-09-28 13:00:00+00:00,229.74,229.74,0.0,230.0,228.75,228.8787,0.0,0
2026-09-28 13:30:00+00:00,231.27000427246094,231.27000427246094,0.0,233.2100067138672,229.49749755859375,229.6999969482422,0.0,50717064
2026-09-28 14:30:00+00:00,230.2292938232422,230.2292938232422,0.0,231.6699981689453,228.46499633789062,231.23500061035156,0.0,19181065
2026-09-28 15:30:00+00:00,231.8695068359375,231.8695068359375,0.0,232.35000610351562,229.52000427246094,230.25,0.0,13946310
2026-09-28 16:30:00+00:00,230.06900024414062,230.06900024414062,0.0,231.91419982910156,230.02999877929688,231.85000610351562,0.0,11228775
2026-09-28 17:30:00+00:00,229.85000610351562,229.85000610351562,0.0,230.6199951171875,229.71080017089844,230.06900024414062,0.0,8224980
2026-09-28 18:30:00+00:00,229.3249969482422,229.3249969482422,0.0,230.24000549316406,229.15499877929688,229.85000610351562,0.0,9151959
2026-09-28 19:30:00+00:00,228.8800048828125,228.8800048828125,0.0,229.36500549316406,228.0399932861328,229.32000732421875,0.0,11418634
2026-09-28 20:00:00+00:00,228.7877,228.7877,0.0,241.1661,220.9158,228.87,0.0,0
2026-09-28 21:00:00+00:00,229.1875,229.1875,0.0,242.3185,215.0513,228.7877,0.0,0
2026-09-28 22:00:00+00:00,229.3487,229.3487,0.0,229.559,228.7012,229.1875,0.0,0
2026-09-28 23:00:00+00:00,229.48,229.48,0.0,229.75,229.3,229.3487,0.0,0
2026-09-29 08:00:00+00:00,230.9292,230.9292,0.0,231.5087,227.9027,230.34,0.0,0
2026-09-29 09:00:00+00:00,230.3662,230.3662,0.0,231.08,230.15,230.9007,0.0,0
2026-09-29 10:00:00+00:00,230.7962,230.7962,0.0,231.49,230.2,230.3662,0.0,0
2026-09-29 11:00:00+00:00,230.2992,230.2992,0.0,231.0,230.25,230.7962,0.0,0
2026-09-29 12:00:00+00:00,230.5277,230.5277,0.0,231.15,226.7629,230.2992,0.0,0
2026-09-29 13:00:00+00:00,231.02,231.02,0.0,231.07,228.86,230.5277,0.0,0
2026-09-29 13:30:00+00:00,230.49000549316406,230.49000549316406,0.0,232.82000732421875,229.22000122070312,230.875,0.0,25657126
2026-09-29 14:30:00+00:00,229.9250030517578,229.9250030517578,0.0,231.47970581054688,229.6300048828125,230.47999572753906,0.0,12504047
2026-09-29 15:30:00+00:00,230.35000610351562,230.35000610351562,0.0,231.0,229.8800048828125,229.9550018310547,0.0,7484030
2026-09-29 16:30:00+00:00,229.22000122070312,229.22000122070312,0.0,230.4199981689453,228.82200622558594,230.33999633789062,0.0,9384737
2026-09-29 17:30:00+00:00,227.8607940673828,227.8607940673828,0.0,229.27499389648438,227.69200134277344,229.2299041748047,0.0,8926113
2026-09-29 18:30:00+00:00,228.0,228.0,0.0,228.58999633789062,227.70150756835938,227.86000061035156,0.0,7936690
2026-09-29 19:30:00+00:00,227.3000030517578,227.3000030517578,0.0,228.15980529785156,227.02499389648438,228.0,0.0,9617812
2026-09-29 20:00:00+00:00,227.8182,227.8182,0.0,234.7265,215.2615,227.3,0.0,0
2026-09-29 21:00:00+00:00,227.8195,227.8195,0.0,234.7265,215.2615,227.8182,0.0,0
2026-09-29 22:00:00+00:00,227.999,227.999,0.0,228.12,227.79,227.8195,0.0,0
2026-09-29 23:00:00+00:00,228.368,228.368,0.0,228.39,227.96,227.999,0.0,0
2026-09-30 08:00:00+00:00,228.7765,228.7765,0.0,229.3225,227.21,228.37,0.0,0
2026-09-30 09:00:00+00:00,228.338,228.338,0.0,228.83,227.9,228.7765,0.0,0
2026-09-30 10:00:00+00:00,228.143,228.143,0.0,228.4967,227.79,228.338,0.0,0
2026-09-30 11:00:00+00:00,227.8462,227.8462,0.0,228.2,227.21,228.143,0.0,0
2026-09-30 12:00:00+00:00,227.8987,227.8987,0.0,228.15,227.19,227.8462,0.0,0
2026-09-30 13:00:00+00:00,229.23,229.23,0.0,229.73,227.21,227.8987,0.0,0
2026-09-30 13:30:00+00:00,231.05499267578125,231.05499267578125,0.0,232.3699951171875,228.8000030517578,229.0,0.0,26635405
2026-09-30 14:30:00+00:00,230.34500122070312,230.34500122070312,0.0,231.2100067138672,230.05999755859375,231.05499267578125,0.0,9350906
2026-09-30 15:30:00+00:00,230.30999755859375,230.30999755859375,0.0,231.27999877929688,230.2100067138672,230.36500549316406,0.0,8487112
2026-09-30 16:30:00+00:00,230.1999969482422,230.1999969482422,0.0,231.0,230.05999755859375,230.32989501953125,0.0,7591679
2026-09-30 17:30:00+00:00,230.7899932861328,230.7899932861328,0.0,230.8699951171875,229.7949981689453,230.19000244140625,0.0,7394666
2026-09-30 18:30:00+00:00,230.7050018310547,230.7050018310547,0.0,230.89999389648438,230.26499938964844,230.78759765625,0.0,7999514
2026-09-30 19:30:00+00:00,228.2899932861328,228.2899932861328,0.0,230.8800048828125,228.19000244140625,230.69000244140625,0.0,15571710
2026-09-30 20:00:00+00:00,229.0587,229.0587,0.0,243.4738,215.6948,228.29,0.0,0
2026-09-30 21:00:00+00:00,228.6957,228.6957,0.0,243.4738,215.6948,229.0587,0.0,0
2026-09-30 22:00:00+00:00,229.4385,229.4385,0.0,229.58,228.38,228.6957,0.0,0
2026-09-30 23:00:00+00:00,229.5517,229.5517,0.0,229.8,229.323,229.4385,0.0,0
2026-10-01 08:00:00+00:00,229.967,229.967,0.0,232.219,228.38,230.315,0.0,0
2026-10-01 09:00:00+00:00,230.9977,230.9977,0.0,231.0,229.5,229.9557,0.0,0
2026-10-01 10:00:00+00:00,230.8475,230.8475,0.0,231.07,230.0,230.9977,0.0,0
2026-10-01 11:00:00+00:00,230.089,230.089,0.0,231.1,228.38,230.8475,0.0,0
2026-10-01 12:00:00+00:00,230.2975,230.2975,0.0,230.4,229.83,230.089,0.0,0
2026-10-01 13:00:00+00:00,230.0177,230.0177,0.0,230.93,228.38,230.2975,0.0,0
2026-10-01 13:30:00+00:00,229.86000061035156,229.86000061035156,0.0,231.91000366210938,228.3800048828125,229.9499969482422,0.0,23815863
2026-10-01 14:30:00+00:00,230.5449981689453,230.5449981689453,0.0,230.75100708007812,228.16000366210938,229.86900329589844,0.0,13684069
2026-10-01 15:30:00+00:00,230.368896484375,230.368896484375,0.0,230.6199951171875,229.0500030517578,230.55999755859375,0.0,7957048
2026-10-01 16:30:00+00:00,230.83999633789062,230.83999633789062,0.0,231.39999389648438,229.86399841308594,230.36000061035156,0.0,8608246
2026-10-01 17:30:00+00:00,231.1999969482422,231.1999969482422,0.0,231.55499267578125,230.14039611816406,230.85000610351562,0.0,8752228
2026-10-01 18:30:00+00:00,231.42999267578125,231.42999267578125,0.0,232.28500366210938,231.02999877929688,231.21499633789062,0.0,9432509
2026-10-01 19:30:00+00:00,230.9600067138672,230.9600067138672,0.0,232.0800018310547,230.60000610351562,231.4199981689453,0.0,9091510
2026-10-01 20:00:00+00:00,231.199,231.199,0.0,237.9406,218.3371,231.0,0.0,0
2026-10-01 21:00:00+00:00,231.1097,231.1097,0.0,237.9406,169.8531,231.199,0.0,0
2026-10-01 22:00:00+00:00,231.4585,231.4585,0.0,231.459,231.0901,231.1097,0.0,0
2026-10-01 23:00:00+00:00,231.4909,231.4909,0.0,231.68,230.86,231.4585,0.0,0
2026-10-02 08:00:00+00:00,232.668,232.668,0.0,232.89,230.86,232.0075,0.0,0
2026-10-02 09:00:00+00:00,233.6577,233.6577,0.0,233.69,232.5822,232.668,0.0,0
2026-10-02 10:00:00+00:00,233.7155,233.7155,0.0,233.98,233.272,233.6577,0.0,0
2026-10-02 11:00:00+00:00,234.6682,234.6682,0.0,235.53,230.86,233.7155,0.0,0
2026-10-02 12:00:00+00:00,235.2352,235.2352,0.0,235.44,234.4015,234.63,0.0,0
2026-10-02 13:00:00+00:00,236.04,236.04,0.0,236.8,234.6,235.2352,0.0,0
2026-10-02 13:30:00+00:00,237.4199981689453,237.4199981689453,0.0,237.8699951171875,234.52999877929688,236.05499267578125,0.0,49614608
2026-10-02 14:30:00+00:00,234.86000061035156,234.86000061035156,0.0,237.43499755859375,234.22999572753906,237.4199981689453,0.0,19170704
2026-10-02 15:30:00+00:00,236.09429931640625,236.09429931640625,0.0,236.60000610351562,234.55999755859375,234.8699951171875,0.0,12737713
2026-10-02 16:30:00+00:00,234.3000030517578,234.3000030517578,0.0,236.2698974609375,234.19000244140625,236.10000610351562,0.0,11628532
2026-10-02 17:30:00+00:00,234.64999389648438,234.64999389648438,0.0,234.8699951171875,234.21080017089844,234.3000030517578,0.0,6637567
2026-10-02 18:30:00+00:00,233.77000427246094,233.77000427246094,0.0,234.66000366210938,233.60000610351562,234.64999389648438,0.0,8907795
2026-10-02 19:30:00+00:00,233.99000549316406,233.99000549316406,0.0,234.5500030517578,233.67999267578125,233.75,0.0,8419851
2026-10-02 20:00:00+00:00,233.9272,233.9272,0.0,249.1383,233.63,233.95,0.0,0
2026-10-02 21:00:00+00:00,233.91,233.91,0.0,249.1383,233.88,233.9216,0.0,0
2026-10-02 22:00:00+00:00,233.8767,233.8767,0.0,233.95,233.8,233.9091,0.0,0
2026-10-02 23:00:00+00:00,234.2218,234.2218,0.0,234.3488,233.85,233.8767,0.0,0
